Symbol,Total Cash,Debt Growth (QoQ),Net Cash,Total Debt,Net Cash Growth,Debt Growth (3Y),Debt Growth (YoY),Debt Growth (5Y),Cash / M.Cap,ROE,ROCE,ROIC (5Y),ROA,ROE (5Y),Rev / Employee,ROIC,ROA (5Y),Prof / Employee,Asset Turnover,F-Score,Inv. Turnover,Z-Score,Stock Price,Volume,RSI,RSI (W),RSI (M),EPS
AAPL,141368000000,-9.22%,44569000000,96799000000,-30.94%,-7.62%,-10.40%,-2.22%,1.58%,145.30%,62.96%,50.85%,27.90%,135.78%,2413171,58.75%,25.74%,586280,1.15,7,31.54,8.38,190.42000,117183840,38.27,33.81,46.84,6.30
MSFT,71555000000,1.21%,9331000000,62224000000,,-0.95%,-29.59%,-4.12%,0.34%,33.40%,27.36%,27.50%,18.10%,41.06%,1148254,26.33%,18.70%,406798,0.51,6,63.46,9.04,381.35000,37488366,48.87,40.56,51.75,12.42
NVDA,43210000000,0.30%,33228000000,9982000000,119.24%,-5.12%,-7.81%,31.36%,1.26%,115.40%,90.08%,37.99%,78.80%,59.88%,3624917,79.11%,37.34%,2024444,1.41,6,4.25,54.03,107.57000,432498057,46.37,43.04,59.97,2.94
GOOG,95657000000,-5.75%,73083000000,22574000000,-15.59%,-4.85%,-7.22%,8.86%,3.89%,32.50%,33.25%,22.10%,23.50%,26.76%,1909297,27.01%,19.04%,546129,0.82,7,,11.63,155.37000,34754488,42.97,37.87,50.66,8.05
AMZN,101202000000,-2.82%,-29698000000,130900000000,,3.99%,-3.47%,15.67%,-1.55%,23.70%,15.92%,9.45%,10.30%,18.80%,409999,14.23%,6.56%,38077,1.11,7,9.66,5.20,181.22000,67499898,42.12,37.78,52.32,5.53
GOOGL,95657000000,-5.75%,73083000000,22574000000,-15.59%,-4.85%,-7.22%,8.86%,3.89%,32.50%,33.25%,22.10%,23.50%,26.76%,1909297,27.01%,19.04%,546129,0.82,7,,11.61,152.82000,47048260,42.30,37.35,50.21,8.04
META,77815000000,0.03%,28755000000,49060000000,2.08%,52.35%,31.76%,36.58%,2.07%,38.20%,29.14%,22.14%,25.30%,27.98%,2220976,26.43%,20.16%,841940,0.67,7,,11.15,546.29000,27819437,42.51,42.82,59.04,23.86
BRK.B,47729000000,0.20%,-77033000000,124762000000,,2.97%,-2.74%,3.83%,-7.08%,14.50%,,8.97%,7.90%,11.46%,1081121,11.91%,5.96%,226797,0.38,5,11.25,,515.46002,6152131,51.66,61.28,68.42,41.27
BRK.A,47729000000,0.20%,-77033000000,124762000000,,2.97%,-2.74%,3.83%,-6.90%,14.50%,,8.97%,7.90%,11.46%,1081121,11.91%,5.96%,226797,0.38,5,11.25,,773055.00000,598,51.71,61.01,68.23,61884.47
TSLA,36563000000,6.72%,28350000000,8213000000,18.80%,6.32%,57.04%,-9.35%,3.49%,10.40%,9.95%,14.52%,6.10%,19.34%,777384,6.93%,10.12%,56428,0.84,5,6.26,11.83,252.40000,179050976,46.49,40.15,49.60,2.04
AVGO,9307000000,-1.46%,-57272000000,66579000000,,19.00%,-12.28%,8.29%,-7.01%,14.80%,12.21%,14.35%,6.00%,31.82%,1473757,9.48%,10.06%,272243,0.32,7,10.06,5.83,172.30000,51037273,46.42,44.32,59.77,2.08
WMT,9037000000,-2.65%,-51077000000,60114000000,,1.60%,-1.97%,-3.66%,-7.01%,22.50%,17.24%,12.52%,7.50%,18.44%,324279,14.75%,5.92%,9255,2.64,7,9.19,6.09,90.61000,30026775,54.58,53.03,69.99,2.41
TSM,75779382586,2.41%,45663029451,30116353135,95.06%,9.65%,4.28%,44.15%,29.58%,29.90%,-4.07%,21.43%,19.10%,30.36%,1164819,20.90%,19.04%,472184,0.47,7,4.71,3.56,151.13000,24422033,38.12,33.92,51.81,6.96
LLY,3423200000,8.11%,-30221000000,33644200000,,25.84%,33.37%,17.04%,-4.42%,77.30%,25.19%,21.87%,14.60%,80.80%,958355,22.14%,12.56%,225319,0.62,6,1.26,7.77,720.91000,3417688,31.88,40.12,52.09,11.71
V,17446000000,-1.09%,-3163000000,20609000000,,-0.50%,-0.45%,4.31%,-0.50%,50.70%,39.35%,25.49%,21.60%,39.98%,1164620,33.63%,17.64%,632025,0.40,7,,8.65,324.61000,6905604,43.55,51.41,62.82,9.92
JPM,469317000000,-11.64%,-281829000000,751146000000,,11.02%,15.02%,7.80%,-44.88%,16.60%,,5.39%,1.40%,14.14%,559702,6.06%,1.12%,179263,0.04,2,,,227.11000,16279876,42.90,44.99,58.13,19.75
UNH,29113000000,-1.42%,-47791000000,76904000000,,18.68%,22.97%,13.58%,-8.74%,15.90%,11.90%,15.83%,4.90%,23.78%,1000695,14.26%,7.54%,36013,1.37,5,,3.65,594.40000,8607948,78.49,62.40,57.88,15.51
MA,11138000000,-0.72%,-7088000000,18226000000,,9.45%,16.23%,16.41%,-1.57%,180.10%,55.09%,46.05%,28.60%,151.20%,797932,53.22%,25.48%,364703,0.63,5,,10.31,499.34000,4105194,39.09,43.31,56.34,13.89
XOM,23187000000,-1.97%,-18523000000,41710000000,,-4.38%,0.33%,-2.33%,-4.27%,13.40%,12.65%,10.01%,7.70%,12.68%,5740312,11.58%,6.62%,553038,0.80,5,10.91,4.06,99.93000,33801423,32.54,37.50,44.44,7.84
COST,13158000000,0.07%,5119000000,8039000000,476.46%,-4.56%,-14.78%,-0.01%,1.22%,31.90%,28.40%,18.46%,10.70%,28.70%,835715,21.83%,9.10%,24117,3.72,8,12.87,9.74,964.31000,4182620,54.04,53.14,65.97,17.13
NFLX,9583739000,-2.49%,-5999065000,15582804000,,0.41%,7.15%,1.09%,-1.56%,38.30%,24.92%,17.07%,17.10%,29.94%,2785783,22.58%,11.44%,622259,0.77,7,,10.24,921.17000,5109076,48.21,53.81,72.43,19.83
PG,10230000000,-4.05%,-24457000000,34687000000,,-0.91%,2.89%,4.27%,-6.38%,30.40%,22.84%,17.83%,12.60%,30.72%,780981,18.52%,12.02%,143333,0.69,6,5.79,5.84,163.56000,8278954,44.32,44.94,51.83,6.28
ORCL,17823000000,8.63%,-78453000000,96276000000,,7.08%,9.43%,13.25%,-20.95%,97.30%,13.11%,14.67%,8.20%,9.46%,350836,13.47%,8.28%,76478,0.38,5,,2.11,133.35000,12286033,40.44,37.00,50.72,4.26
JNJ,24522000000,2.47%,-12112000000,36634000000,,2.77%,24.89%,5.75%,-3.38%,19.90%,13.44%,17.28%,7.90%,29.22%,643164,16.22%,11.62%,101854,0.50,6,2.33,4.04,148.69000,13704173,34.51,40.98,45.02,5.79
HD,1659000000,-1.72%,-60631000000,62290000000,,10.42%,19.23%,10.75%,-17.25%,317.30%,31.91%,31.74%,16.00%,2863.10%,339319,23.83%,20.18%,31495,1.73,5,4.78,6.10,353.62000,3970245,44.66,37.90,49.37,14.91
ABBV,5555000000,-5.54%,-61589000000,67144000000,,-4.33%,13.07%,0.12%,-20.76%,70.90%,6.09%,16.38%,3.00%,64.02%,1024255,14.96%,5.24%,77782,0.40,6,4.08,1.71,174.20000,11649147,25.81,40.96,50.67,2.39
KO,14571000000,-3.77%,-29951000000,44522000000,,1.35%,5.84%,0.81%,-9.99%,41.00%,19.55%,12.70%,10.40%,41.86%,675194,11.72%,10.12%,152525,0.46,4,4.00,4.44,70.76000,17405016,53.63,61.71,61.23,2.46
SAP,15611174102,62.60%,-4270643030,19881817132,,-6.42%,10.65%,-4.22%,-1.43%,7.30%,7.60%,8.78%,4.40%,11.68%,323716,11.61%,6.42%,29591,0.48,7,,7.12,258.49000,2406614,45.63,52.06,72.74,2.76
TMUS,9788000000,-1.93%,-100492000000,110280000000,,1.32%,0.89%,22.43%,-34.46%,18.10%,9.65%,4.75%,5.40%,8.90%,116286,8.12%,2.78%,16199,0.39,7,18.05,1.96,256.12000,5404155,48.19,59.14,72.37,9.66
BAC,571195000000,-10.21%,-87233000000,658428000000,,9.89%,6.51%,8.89%,-31.92%,8.60%,,3.64%,0.80%,8.84%,478343,3.41%,0.80%,119732,0.03,2,,,35.85000,89285335,34.13,34.25,45.96,3.21
NVO,3947907667,80.42%,-11476814296,15424721963,,56.83%,280.61%,87.10%,-4.61%,85.00%,-12.93%,52.95%,26.40%,78.68%,523633,41.38%,27.94%,182094,0.76,5,1.23,4.86,61.21000,9930221,28.89,28.07,33.93,3.16
ASML,14369867864,-0.10%,9117160607,5252707258,116.52%,0.75%,1.21%,8.56%,3.56%,48.00%,30.08%,34.91%,17.80%,52.00%,668692,31.88%,18.16%,179142,0.66,6,1.40,6.41,649.55000,2934532,44.60,39.07,43.95,20.04
CRM,14032000000,-0.28%,2640000000,11392000000,64.38%,-6.61%,-9.50%,14.19%,1.09%,10.50%,9.92%,3.35%,6.50%,6.24%,495664,8.27%,3.94%,81056,0.40,6,,4.33,255.12000,9367188,39.25,36.39,48.63,6.36
CVX,6785000000,-5.03%,-17756000000,24541000000,,-7.86%,17.78%,-1.87%,-7.52%,11.20%,12.83%,9.51%,6.80%,11.00%,4476842,10.23%,6.60%,389885,0.78,7,17.12,3.65,134.98000,20887590,30.87,36.27,43.14,9.72
BABA,61969786041,14.47%,30316494634,31653291407,-50.55%,18.36%,39.54%,13.60%,12.15%,12.40%,-11.04%,7.07%,6.70%,12.32%,656391,8.04%,6.88%,80469,0.55,6,,2.89,104.18000,44172966,30.92,47.85,51.62,6.84
PM,4216000000,-7.17%,-41479000000,45695000000,,18.01%,-4.62%,8.04%,-17.65%,-68.00%,28.86%,36.96%,10.90%,-78.78%,455812,27.66%,17.06%,84922,0.58,7,1.32,3.87,151.17000,7794216,47.83,66.57,69.40,4.52
TM,178122559128,8.92%,-113045904316,291168463444,,16.94%,17.00%,15.02%,-52.03%,14.50%,-0.17%,3.99%,5.50%,11.18%,784910,4.46%,4.28%,85601,0.51,5,8.49,1.63,167.22000,721357,40.88,41.78,44.54,24.43
CSCO,19927000000,-2.97%,-11111000000,31038000000,,39.35%,167.45%,14.18%,-4.94%,20.20%,13.99%,20.05%,7.50%,27.92%,638115,12.61%,11.60%,108210,0.44,5,6.16,2.49,56.59000,31453499,40.82,45.17,54.52,2.29
MCD,1085000000,-2.74%,-50863000000,51948000000,,1.73%,-2.15%,1.78%,-23.63%,-176.50%,23.09%,17.62%,15.00%,-125.12%,172800,19.34%,13.44%,54820,0.47,5,199.47,5.08,306.78000,5231666,50.56,55.38,59.11,11.39
ABT,7967000000,-5.70%,-6158000000,14125000000,,-7.85%,-3.77%,-4.88%,-2.86%,32.20%,11.26%,13.43%,17.80%,20.22%,367982,21.03%,10.22%,117561,0.56,6,2.93,5.62,124.50000,11085166,40.95,52.21,56.29,7.64
IBM,21064000000,-2.88%,-37332000000,58396000000,,1.93%,-2.57%,-3.04%,-17.74%,24.30%,7.23%,7.76%,4.40%,24.08%,232161,9.09%,3.80%,22283,0.46,7,22.20,3.34,229.55000,4545953,40.10,48.61,62.47,6.43
PLTR,5229987000,-6.16%,4990768000,239219000,44.88%,-2.75%,4.28%,-9.59%,2.43%,10.70%,9.05%,-14.50%,8.40%,97.30%,728025,5.66%,-13.74%,117426,0.52,5,,99.47,88.59000,123826122,51.94,57.07,88.35,0.19
WFC,203361000000,-4.09%,-78523000000,281884000000,,13.05%,-5.14%,-3.26%,-38.71%,10.30%,,3.71%,1.00%,7.84%,379244,4.32%,0.76%,85742,0.04,3,,,63.11000,25379563,36.42,40.17,53.69,5.37
LIN,4850000000,-2.87%,-16773000000,21623000000,,15.03%,11.61%,9.15%,-8.24%,17.00%,13.45%,7.76%,8.10%,11.36%,505522,10.84%,5.74%,100553,0.41,7,8.44,3.98,431.88000,4229490,40.94,41.46,53.15,13.62
AZN,5654000000,-4.01%,-24641000000,30295000000,,-0.53%,5.85%,10.70%,-6.17%,17.80%,13.69%,8.47%,6.80%,13.66%,582056,11.40%,4.32%,75727,0.52,6,1.91,4.66,64.87000,9170086,29.80,35.89,45.23,2.25
PEP,9266000000,-1.57%,-35040000000,44306000000,,3.18%,0.46%,6.68%,-17.62%,50.40%,18.87%,15.68%,9.60%,50.66%,287944,16.64%,8.94%,30025,0.92,6,7.85,3.76,144.14000,10973742,43.10,38.76,34.55,6.95
MRK,13689000000,-2.67%,-23422000000,37111000000,,3.88%,5.87%,7.09%,-12.05%,39.20%,23.89%,12.98%,15.10%,27.68%,855573,20.51%,10.10%,228227,0.57,7,2.44,3.65,77.55000,14943153,27.19,28.12,30.51,6.74
NVS,13457000000,-2.36%,-17944000000,31401000000,,0.33%,18.77%,1.37%,-8.77%,28.30%,19.91%,11.18%,12.00%,25.64%,681602,16.87%,11.40%,157361,0.52,6,2.20,,103.40000,4207292,37.72,45.44,50.79,5.87
GE,14601000000,-3.25%,-4672000000,19273000000,,-18.18%,-6.10%,-26.67%,-2.42%,30.30%,9.58%,4.63%,4.90%,11.66%,730226,12.42%,,123698,0.29,6,2.69,2.61,181.51000,7091130,41.98,48.23,63.03,5.99
T,3298000000,-3.70%,-137625000000,140923000000,,-10.39%,-9.02%,-5.29%,-72.86%,10.30%,6.37%,3.76%,2.70%,5.26%,867693,5.52%,1.38%,76218,0.31,7,22.14,0.86,26.39000,44532052,44.24,62.47,67.91,1.49
VZ,4194000000,-3.35%,-164163000000,168357000000,,-1.83%,-3.76%,4.81%,-91.91%,18.10%,9.12%,8.53%,4.60%,22.34%,1353293,8.33%,5.10%,175763,0.35,6,25.14,1.23,42.92000,31429821,45.87,52.67,51.56,4.14
SHEL,39110000000,,-37968000000,77078000000,,26.86%,-28.64%,39.50%,-20.80%,8.80%,11.47%,6.43%,4.10%,8.40%,3010719,7.42%,3.66%,167646,0.73,6,11.12,2.23,59.78000,11789835,31.38,36.52,45.06,5.06
ACN,8495500000,-1.06%,435170000,8060330000,-77.88%,31.40%,155.19%,18.77%,0.25%,26.80%,23.88%,24.69%,13.40%,30.16%,91707,20.80%,14.38%,10482,1.17,5,,6.01,285.22000,4577033,34.26,28.54,43.08,12.12
ISRG,4013300000,,4013300000,,-23.16%,,,,2.29%,15.30%,15.64%,12.04%,13.50%,13.68%,556806667,12.49%,11.94%,154840000,0.48,5,2.01,49.26,489.52000,4036778,46.55,44.22,59.52,6.42
AXP,40640000000,-7.12%,-10449000000,51089000000,,7.68%,3.93%,-4.49%,-6.20%,34.30%,,10.33%,3.70%,29.00%,809108,12.45%,3.34%,134874,0.22,6,,,246.89000,4780650,41.40,37.65,53.47,14.01
MS,105386000000,-1.87%,-205035000000,310421000000,,8.48%,12.31%,8.41%,-120.94%,12.50%,,3.40%,1.00%,11.14%,772013,3.30%,0.94%,160000,0.05,5,,,106.58000,9423452,40.68,39.97,51.45,7.95
RTX,5578000000,-1.95%,-37315000000,42893000000,,8.98%,-5.19%,-0.66%,-21.95%,7.90%,7.02%,2.68%,2.90%,3.92%,434075,5.19%,1.68%,25667,0.50,7,5.32,2.12,127.07000,5117886,47.75,54.04,63.09,3.55
NOW,5762000000,1.47%,3484000000,2278000000,34.36%,0.95%,-0.26%,15.03%,2.13%,16.00%,14.45%,6.76%,7.60%,12.00%,417754,9.41%,5.14%,54197,0.59,6,,10.23,783.49000,1686632,44.03,36.92,51.45,6.84
INTU,3849000000,1.74%,-2984000000,6833000000,,-1.55%,6.38%,57.86%,-1.85%,16.60%,16.14%,13.72%,9.40%,22.38%,943242,12.59%,12.94%,166868,0.53,8,,8.84,577.47000,2282598,45.82,42.65,50.44,10.71
TMO,5570000000,-11.43%,-25705000000,31275000000,,-3.56%,-10.43%,11.99%,-15.94%,13.20%,9.98%,9.95%,6.40%,16.76%,343032,8.22%,8.08%,50680,0.44,6,5.00,3.62,427.44000,3367757,29.42,23.98,37.90,16.53
HSBC,267674000000,,23162000000,244512000000,,5.68%,-3.33%,2.92%,13.60%,12.40%,,3.79%,0.80%,8.22%,311655,5.39%,0.50%,108455,0.02,3,,,48.22000,4779970,30.59,42.73,55.46,6.20
PGR,154000000,0.02%,-6739000000,6893000000,,12.06%,0.06%,9.36%,-4.19%,34.60%,,17.49%,8.40%,22.62%,1136833,26.78%,5.62%,127647,0.75,5,,,273.18000,4326044,50.39,57.61,70.66,14.40
RY,85095743784,1.20%,75277773412,9817970372,-1.57%,-22.49%,-51.54%,-13.34%,48.42%,14.10%,,12.31%,0.80%,14.38%,460279,14.02%,0.82%,135042,0.03,2,,,109.95000,1562415,42.73,35.05,51.54,8.53
GS,182092000000,-1.64%,-691396000000,873488000000,,6.98%,3.77%,11.09%,-451.94%,11.20%,,1.56%,0.80%,11.42%,1150796,1.43%,0.86%,290860,0.03,3,,,489.80000,4632427,38.45,38.56,52.84,40.54
HDB,24177468758,,-68764724375,92942193133,,181.10%,319.42%,205.47%,-41.58%,12.60%,,7.22%,1.80%,15.68%,104165,4.66%,1.92%,34986,0.05,2,,,65.03000,2596021,55.21,56.82,53.04,3.18
BX,2176192000,3.35%,-10110506000,12286698000,,12.01%,-0.06%,0.72%,-6.01%,38.30%,,25.80%,6.70%,32.76%,2702751,24.44%,6.92%,567213,0.32,6,,,127.45000,8213713,39.81,35.70,48.03,3.62
DIS,5486000000,-1.11%,-39822000000,45308000000,,-5.76%,-4.99%,-1.18%,-26.22%,5.60%,5.60%,2.01%,2.90%,1.96%,411120,4.61%,0.96%,24956,0.47,7,29.46,1.92,85.23000,14415418,34.25,31.44,40.94,3.08
AMGN,11973000000,-0.50%,-48126000000,60099000000,,21.74%,-6.99%,14.98%,-31.83%,67.20%,11.29%,15.07%,4.50%,112.16%,1193714,9.76%,8.66%,146071,0.37,6,1.56,1.36,281.41000,4676829,34.67,42.82,49.58,7.56
ADBE,7435000000,8.37%,872000000,6563000000,-68.11%,12.05%,60.62%,6.86%,0.58%,47.70%,40.15%,26.66%,22.50%,37.30%,717607,33.72%,19.58%,219838,0.73,7,,8.97,350.05000,5651193,34.06,28.87,38.14,15.17
UBER,9694000000,-21.20%,-282000000,9976000000,,-3.51%,-10.92%,6.08%,-0.19%,66.00%,11.62%,-4.34%,22.00%,-21.34%,1414084,21.35%,-5.08%,316913,0.98,5,,3.70,70.94000,20054969,48.32,49.77,57.03,4.56
UL,8361780860,1.26%,-27536981785,35898762645,,6.23%,8.70%,,-18.65%,30.20%,16.35%,14.75%,7.40%,36.80%,527263,12.58%,8.56%,49844,0.78,6,9.25,,59.91000,3292595,54.86,56.36,58.51,2.39
QCOM,14305000000,-0.39%,-272000000,14577000000,,-2.55%,-5.83%,-1.77%,-0.18%,41.30%,25.80%,29.09%,19.50%,79.52%,830510,24.57%,20.18%,215408,0.75,8,2.85,5.54,134.40000,14622085,38.72,34.22,43.78,9.35
BKNG,16164000000,2.16%,-917000000,17081000000,,14.84%,15.54%,13.45%,-0.62%,-147.00%,71.20%,24.14%,21.00%,-124.18%,976914,46.66%,11.22%,242058,0.85,7,,6.72,4494.64000,412557,46.89,46.64,60.68,172.69
SONY,15441341045,-2.04%,-16490389531,31931730575,,17.48%,-7.68%,21.15%,-11.88%,14.70%,-0.11%,9.33%,3.30%,14.88%,817526,8.72%,3.14%,69842,0.39,6,5.00,1.14,22.92000,8912481,43.67,54.46,60.09,1.29
SPGI,1686000000,0.03%,-10247000000,11933000000,,37.34%,-0.56%,21.17%,-7.37%,11.30%,9.83%,24.76%,6.40%,250.02%,335490,9.37%,11.62%,90956,0.24,8,,4.67,457.76000,1677537,38.58,38.55,51.05,12.35
AMD,5132000000,-1.16%,2920000000,2212000000,5.42%,49.58%,-26.34%,26.42%,2.07%,2.90%,3.41%,17.29%,2.40%,22.76%,920893,2.58%,13.84%,58607,0.38,7,2.59,7.99,88.70000,64053441,40.96,31.97,39.33,1.00
TXN,7580000000,-2.14%,-6016000000,13596000000,,20.65%,21.14%,18.56%,-4.24%,28.10%,18.71%,29.58%,13.60%,52.78%,460029,15.77%,26.94%,141147,0.44,4,1.54,8.02,156.60000,15721579,39.42,34.53,40.79,5.20
TJX,5335000000,0.50%,-7443000000,12778000000,,0.71%,1.88%,2.19%,-5.23%,61.10%,30.38%,17.07%,15.60%,48.40%,154835,22.33%,10.96%,13363,1.81,4,6.32,6.51,127.47000,6368306,62.67,60.51,71.05,4.26
CAT,6889000000,1.34%,-31520000000,38409000000,,0.54%,1.40%,0.40%,-22.81%,58.60%,25.11%,12.77%,12.70%,42.76%,574039,18.15%,8.96%,95589,0.76,7,2.48,3.61,289.16000,4102017,34.55,31.70,46.04,22.05
NEE,1487000000,-0.52%,-80846000000,82333000000,,14.51%,12.46%,14.10%,-59.39%,14.00%,5.78%,5.02%,3.80%,11.70%,2661613,5.38%,3.16%,746882,0.13,4,4.58,1.09,66.72000,12801287,42.12,39.31,44.97,3.37
BSX,414000000,-1.28%,-10332000000,10746000000,,5.83%,18.06%,1.43%,-7.52%,9.00%,7.86%,4.22%,4.90%,5.30%,315981,6.49%,2.84%,34962,0.44,5,1.99,5.50,92.64000,11582192,40.55,48.33,68.41,1.25
MUFG,761838295780,,90492542481,671345753299,,34.41%,16.75%,37.73%,70.18%,8.00%,,0.60%,0.30%,3.84%,24644,1.19%,,6266,0.01,2,,,11.10000,14227341,33.81,43.00,56.29,0.73
SCHW,80304000000,-18.89%,35177000000,45127000000,118.60%,23.83%,-23.62%,43.45%,26.36%,12.00%,,6.62%,1.20%,11.62%,610779,6.35%,0.96%,170654,0.04,6,,,73.85000,9834339,44.84,47.53,52.37,2.99
BLK,12762000000,0.30%,-1460000000,14222000000,,15.14%,46.59%,23.48%,-1.10%,15.10%,,10.62%,4.90%,14.82%,1030657,9.59%,4.00%,321667,0.16,5,,,858.78000,1077731,39.45,38.91,50.49,42.01
SYK,4493000000,-12.19%,-9104000000,13597000000,,2.90%,4.63%,4.16%,-6.97%,15.00%,9.88%,8.65%,7.20%,14.82%,426321,9.24%,6.58%,56472,0.55,7,1.70,5.11,348.39000,2668956,39.44,37.83,53.55,7.76
UNP,1036000000,-0.71%,-31081000000,32117000000,,1.02%,-5.05%,3.79%,-23.65%,41.10%,16.11%,15.05%,10.00%,44.46%,747557,15.21%,9.86%,207990,0.36,6,7.82,3.74,219.32000,4897740,39.66,39.43,46.07,11.09
DHR,2078000000,-8.67%,-13927000000,16005000000,,-10.30%,-13.03%,-5.93%,-10.86%,7.60%,6.96%,7.17%,4.90%,11.20%,378968,6.23%,6.36%,61889,0.30,7,3.93,4.11,180.76000,5340461,35.99,26.26,34.37,5.29
CMCSA,7322000000,-2.24%,-91771000000,99093000000,,-0.31%,2.06%,-1.59%,-72.25%,19.20%,10.20%,7.81%,6.10%,14.22%,679841,10.76%,4.60%,88967,0.47,8,,1.42,33.68000,31641152,40.08,37.47,40.27,4.14
GILD,9991000000,14.89%,-16720000000,26711000000,,0.02%,6.90%,1.67%,-13.24%,2.60%,3.55%,8.82%,0.90%,16.44%,1633750,2.51%,5.34%,27273,0.52,7,3.58,2.91,101.40000,14149200,34.66,53.42,62.85,0.38
HON,10953000000,0.88%,-20146000000,31099000000,,16.64%,52.13%,14.21%,-16.17%,32.90%,15.27%,14.39%,8.00%,30.44%,377431,13.22%,8.32%,55931,0.54,6,3.78,3.26,193.39000,5746327,39.70,36.38,44.84,8.71
LOW,2133000000,-0.11%,-37545000000,39678000000,,10.53%,-1.16%,10.81%,-30.33%,-49.70%,42.99%,32.02%,15.60%,-102.46%,309904,31.26%,15.28%,25767,1.88,5,3.25,3.60,221.20000,3458823,41.80,35.18,47.14,12.23
TTE,32758000000,-9.77%,-21463000000,54221000000,,-5.83%,7.34%,-2.98%,-16.90%,13.40%,14.96%,6.96%,5.60%,11.48%,1901212,8.21%,4.48%,153158,0.69,5,6.69,2.19,54.72000,2810045,32.80,35.91,42.84,6.69
PDD,54684021738,3.62%,53233869301,1450152437,44.73%,-5.97%,4.34%,9.79%,170.15%,42.20%,-15.20%,13.39%,25.20%,20.80%,3100049,28.36%,11.82%,885019,0.88,6,,3.42,88.35000,22458934,24.14,37.59,45.05,10.41
PFE,20477000000,-4.95%,-43874000000,64351000000,,18.74%,-10.48%,4.29%,-35.83%,8.90%,4.70%,11.30%,3.70%,18.12%,785519,5.28%,7.84%,99148,0.29,8,1.70,1.82,21.59000,71559406,24.13,26.54,28.43,1.41
VRTX,6115900000,-2.68%,4458700000,1657200000,-57.51%,23.15%,128.67%,21.62%,3.65%,-3.30%,1.47%,18.05%,-2.40%,21.20%,1806574,,15.94%,-87803,0.50,3,1.57,13.43,475.49000,2252101,41.82,52.49,60.93,-2.08
SNY,8345024892,-24.61%,-11736417886,20081442778,,-10.09%,-15.59%,3.86%,-9.64%,7.30%,7.34%,8.50%,4.30%,11.16%,556616,6.25%,6.30%,69882,0.34,8,1.44,,49.66000,2657832,30.90,41.51,47.79,2.31
DE,6601000000,-1.25%,-57780000000,64381000000,,10.82%,1.92%,7.47%,-47.93%,27.30%,,10.50%,5.90%,34.92%,633760,10.24%,7.28%,82032,0.45,5,3.43,,444.19000,1956516,43.92,49.54,55.60,22.59
BUD,11395000000,-7.71%,-60774000000,72169000000,,-13.55%,-9.78%,7.14%,-52.86%,7.30%,8.86%,4.58%,2.70%,5.70%,415387,6.69%,1.96%,40692,0.28,8,4.60,1.38,60.71000,4045485,50.89,58.08,51.92,2.86
ADP,2216400000,-54.21%,-2066400000,4282800000,,8.54%,28.28%,12.61%,-1.75%,80.30%,56.83%,39.67%,6.80%,70.32%,310991,42.72%,5.76%,61464,0.34,6,,2.33,292.21000,3248550,45.58,49.38,59.53,9.60
BA,26282000000,-6.57%,-27582000000,53864000000,,-2.49%,2.98%,14.56%,-24.03%,,-15.98%,-13.65%,-8.30%,47.84%,386727,-21.52%,-4.82%,-69041,0.47,1,0.82,1.03,155.52000,9175237,45.06,45.43,42.37,-18.36
C,276532000000,-4.56%,-314028000000,590560000000,,7.63%,-1.93%,5.12%,-277.80%,6.10%,,1.94%,0.50%,6.92%,354319,1.60%,0.58%,55380,0.03,2,,,61.59000,23689619,35.45,38.38,48.99,5.94
FI,1236000000,-1.76%,-23604000000,24840000000,,5.36%,7.45%,2.55%,-20.68%,11.20%,9.03%,5.84%,3.70%,7.38%,538316,9.40%,2.74%,82395,0.24,7,,2.31,204.38000,3419139,41.62,48.39,62.83,5.38
BHP,10093000000,-2.17%,-12398000000,22491000000,,-5.60%,27.97%,-4.86%,-22.48%,26.20%,22.69%,21.49%,11.30%,30.06%,1266618,19.19%,13.90%,269052,0.53,6,,2.50,43.49000,5234267,36.70,31.81,37.13,4.48
SPOT,8331441010,12.04%,6093093338,2238347672,116.32%,3.96%,17.98%,26.33%,5.50%,25.70%,21.09%,-4.06%,10.90%,-8.54%,2122746,15.39%,-2.52%,154130,1.50,6,,10.88,553.02000,1988433,48.47,56.62,76.28,5.73
CB,2549000000,-5.95%,-15780000000,18329000000,,0.83%,3.93%,2.02%,-13.85%,14.80%,,10.03%,3.80%,12.44%,1296581,12.39%,3.38%,215628,0.23,5,,,282.34000,1821677,44.69,52.16,59.79,22.70
MMC,13674000000,47.93%,-8188000000,21862000000,,18.43%,41.63%,8.98%,-7.21%,30.70%,16.57%,12.71%,8.00%,29.54%,271756,12.37%,8.14%,45111,0.48,6,,3.06,228.77000,1792598,45.90,54.14,60.29,8.18
AMAT,8213000000,0.02%,1953000000,6260000000,1.19%,4.70%,12.55%,3.33%,1.75%,34.00%,32.11%,30.77%,19.00%,45.58%,774090,25.83%,22.26%,177675,0.83,6,2.59,8.78,138.24000,16035693,43.15,34.94,42.86,7.65
PANW,3987800000,-12.54%,3091000000,896800000,89.40%,-39.03%,-58.95%,-13.15%,2.77%,22.90%,9.47%,3.82%,6.30%,-12.92%,614461,12.86%,1.30%,89941,0.43,5,,5.26,168.27000,6337197,45.40,44.03,56.85,1.78
SHOP,6703000000,-1.31%,5577000000,1126000000,19.32%,-1.37%,-2.09%,49.32%,5.22%,20.30%,18.62%,-1.42%,16.60%,3.40%,1096296,7.68%,3.12%,249259,0.73,5,,28.88,84.63000,16070199,41.40,42.74,51.45,1.55
LMT,2483000000,4.91%,-17787000000,20270000000,,20.21%,16.10%,9.88%,-16.59%,81.00%,20.05%,30.82%,9.70%,87.98%,587132,22.35%,11.80%,44099,1.29,5,19.41,3.43,463.70000,1565797,56.84,46.33,48.65,22.31
IBN,18873298854,,-5178289547,24051588401,,8.75%,-3.00%,,-9.55%,18.90%,,20.75%,2.00%,14.42%,150821,25.77%,1.44%,28278,0.11,2,,,30.80000,5902208,52.53,56.72,64.66,1.49
ETN,2080000000,-2.53%,-7741000000,9821000000,,3.28%,0.19%,2.56%,-7.34%,19.90%,15.37%,9.75%,9.80%,15.20%,263418,13.80%,7.24%,40172,0.64,6,3.86,4.73,270.72000,4494935,45.91,38.67,50.35,9.50
COP,6114000000,32.89%,-18210000000,24324000000,,6.86%,28.45%,10.31%,-17.29%,17.30%,13.06%,13.39%,9.00%,17.52%,4826525,11.18%,9.14%,783475,0.56,5,19.24,2.72,83.29000,13025141,34.88,34.35,36.40,7.81
ARM,2671000000,1.16%,2410000000,261000000,10.55%,,18.10%,,2.26%,13.80%,8.32%,,10.00%,,520575,8.43%,,113585,0.46,5,,32.54,100.46000,8591897,41.78,37.64,52.75,0.76
MDT,7922000000,-6.07%,-18685000000,26607000000,,1.89%,5.66%,0.79%,-17.70%,8.70%,7.62%,6.02%,4.70%,8.12%,349463,6.01%,4.54%,44842,0.37,6,2.03,2.79,82.54000,6313354,35.65,40.60,46.34,3.29
BMY,10859000000,-0.21%,-38790000000,49649000000,,3.68%,24.83%,1.22%,-38.61%,-53.40%,-12.20%,1.78%,-9.40%,-1.52%,1416422,-12.70%,0.94%,-262405,0.51,4,5.35,1.32,50.46000,20616280,25.62,40.42,43.36,-4.41
TD,75240126922,75.21%,-210400809482,285640936404,,57.63%,18.40%,72.64%,-210.87%,9.00%,,5.21%,0.50%,13.18%,388496,1.98%,0.74%,78627,0.03,2,,,56.64000,2933631,39.67,46.36,46.12,4.09
ELV,34681000000,15.04%,3449000000,31232000000,-69.34%,10.69%,24.33%,9.23%,3.49%,14.20%,11.92%,10.41%,5.20%,15.48%,1698762,9.47%,5.64%,57390,1.55,4,,3.15,436.37000,1600886,56.88,55.48,46.74,25.68
MELI,13900000000,8.32%,7050000000,6850000000,52.47%,19.82%,28.45%,46.43%,7.37%,49.60%,30.22%,9.41%,8.80%,27.44%,1136473,18.46%,,104529,0.96,5,41.95,4.30,1933.99000,383576,46.49,49.30,57.99,37.69
AMT,2108200000,-1.85%,-41845900000,43954100000,,-5.45%,-5.08%,7.19%,-43.40%,60.40%,7.45%,6.10%,3.50%,43.22%,2158857,8.21%,3.32%,480708,0.16,5,,1.33,208.32000,3564787,47.24,52.91,50.33,4.82
SO,1070000000,1.84%,-65207000000,66277000000,,6.11%,4.39%,6.36%,-66.88%,12.40%,6.28%,5.12%,3.10%,10.46%,934406,5.82%,2.64%,153881,0.19,5,4.44,1.00,88.89000,7047362,48.85,56.03,60.93,3.99
SBUX,3957200000,0.27%,-21914300000,25871500000,,2.90%,5.76%,4.63%,-22.81%,-44.90%,23.28%,18.82%,11.50%,-41.24%,100135,19.70%,11.14%,9743,1.18,5,6.57,2.72,84.60000,14534995,35.29,38.16,44.56,3.10
SAN,-174996415706,-1.93%,-660322093586,485325677880,,21.22%,48.61%,11.20%,-699.62%,12.50%,0.44%,3.05%,0.67%,5.76%,526704,1.70%,0.32%,64436,0.05,2,,0.29,6.23000,11454739,46.01,59.97,66.79,0.84
MO,3127000000,-0.91%,-21799000000,24926000000,,-3.85%,-4.98%,-2.33%,-23.09%,-325.60%,55.67%,33.95%,32.10%,-67.12%,3873871,40.86%,16.86%,1816774,0.69,7,8.41,4.84,56.38000,13144209,47.04,57.62,59.48,6.54
RIO,8914000000,,-5644000000,14558000000,,-18.51%,3.87%,,-6.32%,21.00%,17.97%,20.88%,11.20%,25.92%,965749,16.61%,13.06%,207916,0.52,4,7.42,2.91,54.87000,4345751,34.25,34.59,39.96,7.07
CME,101901000000,-0.55%,-422400000,102323400000,,-14.09%,9.30%,20.18%,-0.46%,12.70%,13.26%,1.76%,2.60%,10.30%,1630346,2.36%,1.86%,925931,0.05,6,,0.70,258.39000,2816310,50.43,68.20,67.13,9.67
ANET,8303473000,,8303473000,,65.81%,,,,9.04%,32.10%,28.86%,23.56%,23.30%,27.94%,1587295,25.73%,19.86%,646431,0.57,5,1.33,16.41,72.65000,12184041,40.39,35.72,49.99,2.23
CRWD,4323295000,-0.39%,3534394000,788901000,31.79%,0.61%,-0.50%,,3.95%,-0.70%,1.49%,-4.19%,-0.30%,-9.44%,390752,,-3.04%,-1905,0.52,3,,10.66,368.61000,4377585,52.16,52.38,60.91,-0.08
WM,414000000,43.52%,-23486000000,23900000000,,21.26%,47.27%,12.11%,-26.10%,35.70%,10.59%,10.75%,7.50%,29.42%,357585,10.03%,6.78%,44506,0.61,5,70.62,2.74,226.45000,1585771,49.68,57.03,61.93,6.81
WELL,3711457000,3.73%,-13046899000,16758356000,,4.52%,3.97%,1.72%,-14.19%,3.20%,,2.28%,2.00%,2.70%,11665866,3.18%,1.44%,1389314,0.17,5,,,141.81000,2692104,40.71,54.37,67.22,1.57
DUK,314000000,0.24%,-84916000000,85230000000,,7.78%,5.93%,6.33%,-93.60%,8.90%,5.09%,4.66%,2.40%,5.98%,1149320,5.18%,1.68%,166660,0.17,5,3.78,0.70,116.84000,4151582,47.05,55.89,59.72,5.71
ENB,1354841108,6.69%,-71336137866,72690978975,,10.36%,25.21%,9.37%,-78.32%,7.70%,6.21%,4.24%,2.50%,7.06%,2560967,4.41%,2.54%,242002,0.26,5,19.58,0.73,41.82000,5464074,39.43,48.02,55.72,1.63
KKR,15367953000,0.39%,-34279303000,49647256000,,8.77%,4.58%,12.94%,-37.09%,13.50%,,2.49%,0.90%,14.72%,4526003,1.21%,1.36%,636377,0.06,6,,,101.87000,11494021,41.03,36.23,49.14,3.28
APP,741411000,1.32%,-2814994000,3556405000,,2.44%,11.93%,24.36%,-3.06%,175.10%,39.37%,10.25%,28.90%,50.42%,3012955,40.42%,5.08%,1008995,0.86,7,,13.83,263.83000,10321805,45.84,48.27,66.98,4.53
PLD,1318591000,-4.37%,-29560672000,30879263000,,20.35%,6.48%,20.06%,-33.87%,7.00%,,4.69%,3.90%,6.96%,3034262,4.98%,4.02%,1378377,0.09,5,,,94.89000,17176647,32.76,31.83,40.54,4.01
ICE,2948000000,-3.79%,-17755000000,20703000000,,13.47%,-9.64%,20.65%,-20.05%,10.20%,9.00%,6.71%,2.00%,11.04%,889502,6.86%,1.62%,208289,0.09,6,,0.84,155.19000,4471428,30.99,44.89,57.33,4.78
CI,8215000000,-2.53%,-23757000000,31972000000,,-1.71%,3.37%,-3.09%,-27.21%,8.30%,6.50%,8.85%,2.20%,12.68%,3362190,8.99%,3.80%,46721,1.59,6,35.85,2.50,327.27000,2018296,56.45,57.59,53.57,12.12
ADI,2721454000,-0.20%,-4845360000,7566814000,,6.56%,8.25%,6.61%,-5.56%,4.40%,4.49%,6.30%,3.20%,7.82%,359140,4.18%,5.20%,60149,0.19,5,2.64,4.75,178.36000,8475472,40.24,36.90,42.77,3.14
UBS,242232000000,,-188222000000,430454000000,,-11.95%,50.91%,-13.90%,-217.08%,6.00%,,1.58%,0.30%,16.26%,489583,1.08%,0.84%,46092,0.03,4,,,27.53000,3993429,35.06,35.23,50.09,1.52
KLAC,3780405000,-11.29%,-2101982000,5882387000,,19.53%,-0.18%,11.59%,-2.44%,94.30%,36.99%,34.01%,21.00%,86.90%,712210,36.82%,21.20%,210661,0.71,6,1.44,6.71,656.76000,2674403,44.95,43.00,52.50,23.77
CVS,10993000000,0.26%,-71927000000,82920000000,,2.95%,4.45%,-1.41%,-81.87%,6.20%,5.42%,5.61%,1.80%,8.98%,1242697,4.01%,2.72%,15380,1.48,4,17.79,2.16,68.97000,11440571,58.72,61.72,50.88,3.66
INTC,22062000000,-0.45%,-27949000000,50011000000,,9.49%,1.51%,11.51%,-32.74%,-17.90%,-6.81%,4.83%,-9.50%,8.20%,487612,-7.82%,4.48%,-172231,0.27,3,3.07,1.07,19.88000,128154573,42.07,43.11,37.05,-4.38
BTI,7525536308,-7.99%,-40334802173,47860338481,,-8.04%,-14.35%,,-46.11%,6.20%,4.33%,1.29%,2.60%,2.68%,433330,2.89%,1.22%,51396,0.22,7,0.86,1.13,40.55000,14093561,51.01,59.52,59.50,1.70
SMFG,580127949578,,232760646908,347367302670,,25.83%,15.58%,,285.47%,6.40%,,-1.34%,0.30%,5.24%,210352,-1.34%,0.26%,46520,0.02,2,,,12.46000,3980804,31.32,37.16,52.48,0.87
MDLZ,1351000000,-10.05%,-17021000000,18372000000,,-2.74%,-7.89%,-0.49%,-20.25%,16.60%,12.79%,7.63%,6.30%,14.60%,404900,10.62%,5.80%,51233,0.50,8,5.96,2.68,65.98000,10701382,52.20,53.42,48.91,3.42
LRCX,5665379000,-0.03%,683095000,4982284000,4.41%,-0.08%,-0.03%,2.43%,0.81%,50.70%,33.75%,32.43%,22.50%,58.92%,942389,30.45%,23.02%,249626,0.85,7,1.93,8.56,66.43000,19866136,41.85,39.31,44.91,3.29
MCK,1131000000,35.16%,-8626000000,9757000000,,6.78%,28.25%,-4.05%,-10.15%,-115.00%,33.03%,22.32%,4.00%,-117.32%,6756529,44.69%,1.22%,55412,4.88,5,14.45,5.95,679.33000,988853,56.89,73.52,69.71,21.82
GEV,8205000000,,8205000000,,429.01%,,,,9.62%,16.70%,11.97%,,3.10%,,454883,3.07%,,20208,0.71,6,3.43,2.18,309.95000,4101064,48.84,49.96,0.00,5.58
RELX,154366630,0.72%,-8334500812,8488867442,,7.60%,-5.15%,6.82%,-9.20%,55.70%,26.58%,17.67%,12.90%,52.52%,323082,21.34%,10.90%,66233,0.63,8,10.68,,49.02000,1334871,50.14,54.31,65.85,1.29
AJG,14987300000,57.21%,1502100000,13485200000,,26.94%,62.14%,22.21%,1.78%,10.60%,6.43%,8.81%,2.40%,11.68%,206338,5.67%,2.82%,26120,0.19,6,,1.83,325.72000,1570169,47.32,58.41,66.28,6.50
BN,15051000000,-5.05%,-224500000000,239551000000,,9.95%,0.71%,10.18%,-320.97%,1.40%,,2.27%,0.10%,3.36%,430030,2.14%,,3205,0.17,6,6.84,,46.93000,5357306,39.58,38.22,50.75,0.31
SHW,210400000,-1.53%,-11702900000,11913300000,,1.20%,0.88%,2.70%,-14.42%,69.40%,22.99%,16.67%,11.30%,67.48%,361535,18.55%,9.96%,41969,0.98,6,5.16,4.36,329.91000,2366284,43.46,41.67,52.04,10.55
HCA,1933000000,0.01%,-42961000000,44894000000,,7.31%,8.19%,4.97%,-52.59%,-291.80%,21.85%,18.81%,9.90%,-483.02%,223427,18.79%,10.50%,18228,1.21,6,22.31,2.53,334.99000,2126352,51.49,52.17,54.29,22.00
CTAS,243428000,-5.44%,-2448414000,2691842000,,-3.85%,0.99%,-1.55%,-3.02%,41.30%,30.21%,20.26%,19.10%,34.08%,218139,25.45%,14.74%,38244,1.09,7,11.65,13.39,202.73000,2581188,53.23,52.43,64.06,4.32
UPS,6318000000,-2.25%,-19334000000,25652000000,,0.16%,-4.03%,-1.85%,-23.81%,34.30%,15.49%,20.01%,8.40%,58.40%,185857,15.53%,11.22%,11800,1.32,6,,3.07,96.56000,6104368,32.30,26.67,30.07,6.75
NKE,10393000000,-1.28%,-1518000000,11911000000,,-2.00%,-1.57%,12.34%,-1.89%,32.00%,19.40%,19.38%,11.90%,38.96%,602242,16.19%,13.82%,56776,1.26,5,3.52,4.16,54.40000,51804594,31.54,28.18,30.94,3.01
AON,1304000000,-0.57%,-16397000000,17701000000,,20.31%,49.50%,16.40%,-20.36%,58.70%,16.11%,20.03%,5.60%,264.02%,313960,12.58%,6.20%,53080,0.33,5,,1.68,369.02000,1416353,33.88,45.96,55.09,12.49
ORLY,130245000,2.78%,-7790605000,7920850000,,10.53%,1.02%,6.21%,-9.91%,-165.00%,49.43%,38.06%,16.40%,50309.72%,179570,38.90%,16.98%,25650,1.15,5,1.67,4.29,1373.36000,694696,51.79,64.44,70.53,40.66
MU,8215000000,4.04%,-6739000000,14954000000,,25.25%,4.46%,20.15%,-8.71%,10.10%,10.20%,4.84%,6.70%,5.70%,652563,7.41%,4.32%,97333,0.45,7,2.34,3.75,70.05000,44599775,37.29,36.59,41.76,4.18
APH,3335400000,25.56%,-3550700000,6886100000,,12.78%,58.76%,13.81%,-4.54%,26.30%,18.50%,15.54%,12.70%,26.34%,121782,15.32%,11.78%,19392,0.80,7,4.28,6.03,64.13000,13077242,48.33,46.03,59.64,1.92
TRI,2003000000,-1.89%,-1162000000,3165000000,,-8.96%,-21.29%,-3.02%,-1.55%,19.00%,14.71%,11.00%,11.90%,20.68%,288016,14.72%,12.46%,87698,0.39,7,,8.52,167.27000,692402,45.20,49.51,59.81,4.89
MCO,2974000000,-2.23%,-4772000000,7746000000,,-0.96%,4.46%,4.71%,-6.30%,55.50%,24.65%,18.76%,13.40%,82.20%,447531,19.39%,13.12%,129941,0.46,7,,6.52,423.03000,1330390,40.36,40.61,51.62,11.26
BAM,404000000,,-75000000,479000000,,1.28%,292.62%,,-0.10%,24.80%,,16.67%,15.40%,,1592000,20.55%,,867200,0.28,5,,,46.08000,3045581,42.18,40.63,54.40,1.28
TT,1590100000,-9.47%,-3180200000,4770300000,,-0.50%,-0.20%,-3.06%,-4.17%,35.60%,24.39%,16.91%,12.70%,26.56%,440849,22.87%,9.22%,57064,0.99,7,6.19,5.92,338.33000,1712170,48.92,43.03,59.87,11.24
RACE,3841110733,9.89%,16881901,3824228832,-89.50%,8.58%,37.06%,10.16%,0.02%,46.00%,,19.13%,16.90%,41.82%,1279644,21.99%,13.64%,291681,0.74,6,3.27,,423.81000,616383,45.98,44.55,57.51,8.81
RSG,74000000,1.21%,-12639000000,12713000000,,9.99%,-0.83%,7.91%,-16.76%,18.40%,10.50%,9.44%,6.40%,15.50%,391024,11.22%,5.42%,49829,0.50,8,,3.31,240.23000,1684685,55.06,69.13,73.25,6.49
EQIX,3608000000,-1.18%,-15353000000,18961000000,,8.14%,8.63%,7.37%,-20.44%,6.30%,4.52%,3.48%,2.40%,5.82%,642952,3.37%,2.20%,59900,0.26,5,,2.33,770.74000,696109,37.78,31.19,45.58,8.50
DASH,5531000000,0.75%,4995000000,536000000,36.44%,10.34%,2.68%,23.84%,6.71%,1.70%,1.93%,-8.17%,1.00%,-12.74%,555544,-0.35%,-7.70%,6373,0.89,7,,9.45,178.52000,4375508,46.96,52.47,63.47,0.29
CL,1096000000,-5.77%,-6853000000,7949000000,,3.14%,-7.02%,0.26%,-9.28%,1155.60%,39.74%,32.20%,17.50%,901.68%,591206,39.80%,14.86%,84971,1.22,7,4.05,7.20,91.80000,6464802,51.10,49.43,53.69,3.51
NOC,4353000000,-0.12%,-12137000000,16490000000,,4.70%,5.18%,3.21%,-16.25%,28.50%,16.00%,10.60%,8.60%,33.94%,423021,11.44%,9.70%,43031,0.85,5,25.48,2.96,516.09000,1071532,60.88,57.91,57.59,28.34
FTNT,4066500000,0.05%,3072200000,994300000,112.15%,0.20%,0.20%,,4.21%,273.50%,35.93%,98.97%,20.30%,-1600.52%,421262,62.34%,15.16%,123440,0.69,6,2.89,6.81,96.32000,6798591,49.11,52.53,64.42,2.26
PBR,1266665546,,-8873215757,10139881303,,,-20.16%,,-26.05%,10.90%,-310.85%,18.86%,3.80%,25.96%,1858615,15.31%,9.56%,153055,0.46,4,7.34,4.71,11.30000,50022158,29.00,35.79,41.53,1.16
PBR.A,2629789394,,-7959739491,10589528884,,,-28.15%,,-12.06%,33.60%,231.94%,17.51%,12.30%,26.58%,2082119,19.00%,9.70%,505927,0.51,4,6.10,5.54,10.60000,9605390,31.31,36.17,41.91,1.16
BBVA,188682184094,-0.76%,106179181010,82503003084,-1.89%,,,,146.91%,15.65%,,,,,293149,,,77681,,2,,,12.54000,3999026,40.59,56.48,64.35,1.83
GD,1697000000,-5.45%,-7065000000,8762000000,,-8.65%,-5.39%,-5.99%,-9.75%,17.10%,12.78%,12.18%,6.80%,18.98%,407829,12.96%,6.44%,32325,0.85,6,4.41,3.61,271.82000,1836773,56.98,51.69,54.71,13.63
TDG,2459000000,0.68%,-22590000000,25049000000,,8.13%,14.50%,6.38%,-31.03%,-36.30%,19.28%,11.46%,7.30%,-28.40%,491386,15.40%,4.68%,99036,0.36,6,1.81,2.29,1298.20000,359095,45.58,49.40,62.42,28.36
PH,395507000,-11.26%,-8645734000,9041241000,,2.27%,-23.31%,-1.49%,-12.10%,25.40%,19.76%,11.47%,10.80%,20.96%,317356,14.16%,7.40%,50351,0.68,8,4.31,5.07,560.18000,1028813,42.40,39.66,53.74,24.17
MMM,7728000000,-1.36%,-5884000000,13612000000,,-9.26%,-18.45%,-8.45%,-8.28%,96.70%,17.39%,4.55%,9.30%,27.92%,399593,23.16%,6.36%,67854,0.55,7,3.78,3.65,132.97000,4756846,39.31,46.64,52.53,7.55
MSTR,39897000,69.75%,-7208181000,7248078000,,48.09%,223.04%,133.95%,-10.08%,-17.10%,-7.35%,-19.47%,-9.80%,-1289.34%,302123,-7.27%,-13.98%,-760535,0.04,1,,5.29,272.34000,19009798,46.07,47.20,59.96,-6.06
ABNB,10611000000,0.05%,8616000000,1995000000,6.63%,-6.21%,0.20%,36.60%,12.26%,32.30%,30.85%,2.49%,11.30%,-5.70%,1520822,19.50%,-0.16%,362740,0.47,6,,4.53,113.91000,6926613,41.64,40.97,42.96,4.11
APO,17112000000,7.96%,6524000000,10588000000,-32.03%,-8.20%,30.85%,23.33%,9.17%,27.50%,,5.44%,1.30%,23.78%,10281102,21.45%,1.82%,1763780,0.07,3,,,123.93000,10677901,42.74,40.50,53.03,7.33
BP,39592000000,4.47%,-31955000000,71547000000,,0.83%,13.43%,-1.57%,-46.39%,0.60%,5.28%,0.78%,0.10%,0.12%,2138780,0.55%,-0.04%,4187,0.71,5,6.18,,26.23000,14054349,25.91,34.27,36.31,0.14
CDNS,2644030000,-12.35%,167847000,2476183000,-53.26%,92.42%,281.51%,48.23%,0.24%,24.70%,19.35%,21.68%,13.60%,28.36%,365454,14.29%,16.50%,83109,0.60,5,2.95,12.07,254.02000,2603390,49.54,43.36,49.83,3.85
MSI,2102000000,-0.25%,-4322000000,6424000000,,2.27%,-0.02%,2.69%,-6.24%,144.90%,23.00%,23.97%,11.40%,-102.88%,515095,26.52%,11.28%,75095,0.78,7,6.66,4.80,414.87000,1061376,44.01,42.88,58.72,9.23
CMG,1452757000,1.28%,-3087861000,4540618000,,8.85%,12.07%,9.75%,-4.53%,42.80%,25.02%,13.37%,17.30%,35.18%,8669619,17.84%,12.66%,1175563,1.27,4,188.01,9.64,50.27000,12420007,49.90,41.06,50.64,1.11
CP,528302049,3.24%,-15644603563,16172905611,,3.97%,0.57%,20.90%,-23.53%,8.30%,6.99%,7.31%,4.40%,15.98%,510248,5.72%,6.52%,130421,0.17,7,11.44,2.09,71.21000,6462966,47.01,37.75,44.51,2.76
WMB,327000000,-0.73%,-26584000000,26911000000,,4.36%,1.79%,3.84%,-39.46%,17.90%,8.59%,6.47%,4.20%,15.48%,1801853,6.59%,3.72%,381197,0.20,6,15.54,1.09,55.07000,10283517,41.47,51.03,66.54,1.82
INFY,3321000000,,2319000000,1002000000,,,63.73%,,3.31%,32.10%,37.06%,24.22%,19.90%,29.12%,58511,24.18%,19.40%,9983,1.17,5,,10.61,16.98000,25884796,36.30,28.09,42.13,0.76
ITW,948000000,-5.79%,-6915000000,7863000000,,0.76%,-3.69%,0.27%,-10.48%,110.00%,43.73%,26.08%,22.50%,91.50%,353289,30.09%,18.44%,77511,1.02,6,5.35,8.26,226.81000,1805303,36.70,33.80,43.88,11.71
SE,14327962000,-6.65%,10217329000,4110633000,113.49%,-1.13%,-7.58%,20.96%,15.24%,6.00%,7.10%,-9.63%,2.10%,-33.62%,268259,3.08%,-8.46%,7086,0.81,7,71.58,3.50,115.28000,4722258,43.35,51.70,58.69,0.74
ECL,1256800000,-0.35%,-6883600000,8140400000,,-3.44%,-5.42%,3.97%,-10.48%,25.00%,16.11%,9.94%,9.70%,11.38%,327946,13.73%,4.20%,44008,0.72,7,6.01,4.81,232.55000,1213830,33.57,38.68,52.67,7.37
GSK,5036788882,5.77%,-16951105220,21987894102,,-11.10%,-5.73%,-11.05%,-25.16%,18.40%,8.83%,14.81%,4.40%,48.36%,571479,10.89%,9.06%,46901,0.54,6,1.62,1.48,33.60000,8185890,29.32,37.24,42.00,1.56
ZTS,1987000000,-0.16%,-4757000000,6744000000,,0.00%,-0.16%,0.40%,-7.25%,49.70%,30.93%,19.82%,17.40%,48.16%,670725,23.22%,15.30%,180145,0.65,7,1.12,6.98,147.00000,3509575,35.70,32.11,40.64,5.47
SCCO,3503400000,0.22%,-3494300000,6997700000,,-2.13%,-0.46%,-2.61%,-5.35%,39.60%,34.79%,18.60%,18.80%,33.96%,708696,21.67%,15.40%,209310,0.64,7,2.23,6.52,81.84000,2080968,37.55,37.05,45.66,4.34
BMO,57008366333,14.27%,-101946238579,158954604912,,5.19%,13.03%,3.65%,-157.21%,9.80%,,3.34%,0.60%,11.70%,511135,2.64%,0.70%,121314,0.02,2,,,88.98000,1012559,37.74,40.64,48.46,7.37
CEG,3958000000,,-4454000000,8412000000,,0.87%,-9.17%,,-6.86%,30.80%,10.94%,8.80%,7.20%,9.32%,1652271,16.68%,2.22%,262830,0.45,3,11.72,1.97,204.49000,4021044,45.92,43.35,54.83,11.89
NGG,5517345040,,-55476658184,60994003224,,26.92%,52.86%,,-86.36%,7.70%,5.40%,4.60%,2.40%,12.34%,809824,4.27%,3.54%,93426,0.21,5,22.09,1.24,65.59000,1089000,55.34,58.91,51.96,3.96
SNPS,3809369000,-2.84%,3144332000,665037000,421.04%,4.63%,-0.73%,-4.98%,5.08%,25.50%,20.41%,14.05%,17.30%,19.60%,303588,12.18%,12.10%,105498,0.50,5,3.10,12.32,406.89000,1537456,41.03,34.16,42.71,13.52
EPD,1372000000,-0.03%,-30524000000,31896000000,,2.60%,10.95%,2.92%,-48.68%,20.90%,11.80%,10.59%,7.90%,19.20%,7207564,11.31%,7.36%,756026,0.76,6,13.42,,28.95000,7398744,23.67,35.06,49.97,2.69
COF,43230000000,-7.67%,-2321000000,45551000000,,1.87%,-8.63%,-3.94%,-3.71%,7.40%,,6.17%,0.90%,10.42%,520837,4.46%,1.38%,84506,0.06,4,,,162.16000,5776416,43.75,42.53,54.14,11.59
NTES,19231282111,10.98%,17558844077,1672438034,16.94%,-17.38%,-37.80%,-6.70%,29.02%,22.50%,-21.02%,13.51%,15.60%,20.42%,495194,16.56%,12.86%,139665,0.56,6,62.34,,94.30000,1581681,39.89,47.82,50.17,6.29
MAR,396000000,5.39%,-14845000000,15241000000,,10.70%,19.44%,5.21%,-24.18%,-104.20%,21.94%,17.69%,9.10%,-169.20%,60048,23.18%,6.82%,5682,0.97,6,,3.35,222.92000,3602872,39.24,34.25,48.34,8.33
EQNR,27322000000,,-2772000000,30094000000,,42.01%,-21.04%,58.59%,-4.53%,19.40%,33.86%,13.39%,6.40%,22.64%,4211436,12.14%,6.98%,357372,0.76,6,17.03,,22.56000,3835701,38.55,41.70,40.91,3.11
AZO,300905000,0.82%,-12064834000,12365739000,,12.21%,4.54%,8.61%,-19.95%,-55.70%,42.32%,38.18%,14.90%,-90.44%,148195,37.74%,15.38%,20689,1.07,6,1.39,2.80,3615.24000,173061,49.69,61.51,68.67,148.94
PNC,46251000000,-9.40%,-15422000000,61673000000,,26.06%,-15.21%,0.46%,-25.69%,10.30%,,5.93%,1.00%,11.32%,390602,5.68%,1.10%,100192,0.04,4,,,152.16000,4218675,32.56,28.53,44.87,13.74
PYPL,17786000000,-0.97%,7907000000,9879000000,-23.82%,7.07%,2.10%,14.75%,13.06%,20.30%,16.03%,11.90%,5.00%,19.30%,1303156,13.68%,5.16%,169959,0.38,6,,1.85,60.56000,14312145,38.03,32.53,39.74,3.99
CNI,286474203,1.44%,-14885228147,15171702350,,18.36%,13.14%,8.42%,-24.77%,22.30%,13.09%,12.69%,8.10%,23.04%,493826,11.23%,9.52%,128859,0.31,5,14.21,2.50,95.81000,1634461,45.12,32.36,37.81,4.87
WDAY,8017000000,-0.03%,4655000000,3362000000,3.06%,16.93%,2.00%,16.45%,7.79%,6.20%,5.13%,-0.24%,3.20%,2.16%,414020,2.76%,1.34%,25784,0.51,5,,4.84,224.74000,2599363,38.58,37.35,46.08,1.95
DEO,1485000000,,-21304000000,22789000000,,35.27%,29.73%,,-36.20%,38.90%,14.50%,12.17%,8.60%,38.98%,852617,13.70%,8.48%,128606,0.45,7,1.04,2.37,107.04000,1840251,50.08,39.20,33.48,6.91
ROP,188200000,-9.00%,-7434800000,7623000000,,-1.27%,20.42%,7.64%,-12.69%,8.50%,8.10%,5.57%,5.10%,13.66%,386769,5.94%,7.44%,85126,0.23,5,18.05,3.91,549.60000,935941,42.22,47.19,53.49,14.35
MFG,513184249886,,96855800523,416328449362,,14.24%,68.60%,,172.11%,9.70%,,0.56%,0.40%,3.32%,395130,1.58%,,92412,0.02,2,,,4.54000,7456956,33.65,42.11,55.30,0.48
REGN,9012500000,0.01%,6308100000,2704400000,-22.52%,0.06%,0.06%,30.52%,10.64%,15.50%,14.30%,20.32%,12.10%,27.30%,940156,11.49%,19.84%,292109,0.39,4,0.70,6.67,546.39000,1347126,27.11,22.25,34.84,38.34
APD,1963000000,1.47%,-13162600000,15125600000,,27.04%,18.70%,35.26%,-22.48%,24.10%,14.19%,8.39%,10.10%,17.96%,523248,7.22%,8.56%,166796,0.32,4,11.21,3.07,262.04000,1854413,34.76,36.24,45.88,17.22
CNQ,93508644,87.65%,-13339614830,13433123474,,8.60%,74.27%,-2.15%,-24.38%,15.40%,12.04%,13.61%,7.80%,17.08%,2467475,12.41%,8.46%,422549,0.46,4,7.49,2.17,26.17000,7878009,37.23,32.94,40.02,1.98
USB,56502000000,-6.40%,-17018000000,73520000000,,18.73%,10.13%,2.85%,-29.67%,10.30%,,5.36%,0.90%,10.78%,357187,4.79%,0.94%,84098,0.04,4,,,37.25000,20951869,34.20,30.24,42.00,3.79
EOG,7092000000,23.16%,2025000000,5067000000,75.48%,-1.79%,22.87%,-1.79%,3.53%,21.90%,19.98%,16.59%,14.00%,20.52%,7523175,18.30%,12.48%,2032698,0.52,4,7.99,3.96,104.61000,8306065,31.84,32.21,40.59,11.25
BNS,189602896441,-3.99%,53529734019,136073162422,-6.46%,8.26%,2.32%,2.10%,94.80%,7.60%,,3.46%,0.40%,10.96%,264171,2.43%,0.62%,47668,0.02,4,,,45.48000,2531119,37.80,28.05,43.29,3.38
NEM,3640000000,-1.40%,-5332000000,8972000000,,12.50%,-4.92%,5.59%,-9.26%,11.40%,10.49%,0.10%,6.00%,3.10%,841532,8.21%,1.78%,150811,0.33,7,1.99,2.02,50.94000,20153397,65.35,60.87,55.95,2.92
KMI,88000000,-0.44%,-31802000000,31890000000,,-1.45%,-0.70%,-1.50%,-55.45%,8.60%,7.76%,4.03%,3.70%,6.16%,1381140,5.56%,2.70%,239001,0.21,6,14.34,1.07,25.79000,15084142,37.27,46.48,61.82,1.17
AFL,6229000000,-6.02%,-1269000000,7498000000,,-1.96%,1.82%,2.68%,-2.27%,21.70%,,14.57%,4.40%,17.96%,1491019,16.70%,3.40%,428785,0.15,5,,,104.68000,2694827,46.18,50.23,61.42,9.63
BDX,830000000,-6.72%,-17928000000,18758000000,,2.49%,16.44%,-0.68%,-31.68%,6.70%,5.37%,4.29%,3.10%,6.10%,282740,4.85%,2.82%,23658,0.37,7,3.16,2.12,199.12000,2469207,27.85,30.44,37.08,5.94
CPRT,3797451000,2.16%,3678054000,119397000,44.10%,-38.98%,3.33%,-25.47%,6.53%,18.80%,19.30%,21.29%,16.90%,26.02%,385163,15.66%,20.72%,124303,0.52,5,48.87,41.89,58.66000,7325397,63.00,56.80,61.92,1.49
CRH,3759000000,0.19%,-11548000000,15307000000,,3.39%,17.55%,11.90%,-20.45%,16.60%,12.87%,8.62%,7.10%,13.72%,445764,10.51%,6.16%,43759,0.73,5,5.06,3.02,83.26000,7569658,39.60,38.86,53.87,5.02
EMR,2834000000,-0.83%,-4789000000,7623000000,,-4.52%,-29.80%,4.90%,-8.52%,11.50%,8.51%,9.58%,5.40%,34.66%,240411,8.19%,13.20%,33027,0.39,8,3.60,4.17,99.73000,3563067,39.12,35.27,46.90,4.20
MNST,1533287000,-40.42%,1048443000,484844000,-66.84%,154.23%,427.93%,73.88%,1.86%,23.10%,30.05%,21.27%,17.80%,23.10%,1142530,22.73%,18.94%,230108,0.88,6,4.03,22.72,57.77000,5723172,57.31,64.25,57.43,1.49
AEM,926431000,-20.63%,-355751000,1282182000,,-8.91%,-36.04%,-6.98%,-0.63%,9.40%,10.35%,6.46%,6.40%,8.48%,514483,9.46%,5.40%,117701,0.28,7,2.11,4.44,111.55000,7413513,64.94,71.08,76.08,3.78
SPG,1400345000,-4.45%,-23384433000,24784778000,,-1.36%,-6.54%,0.08%,-48.46%,80.90%,,8.64%,7.10%,68.90%,1987933,11.05%,6.06%,789186,0.18,5,,,147.69000,2287409,37.54,33.94,49.11,7.26
TRV,699000000,,-7334000000,8033000000,,3.29%,0.02%,4.14%,-13.18%,19.00%,,11.00%,3.80%,13.52%,1365382,14.81%,2.84%,147029,0.35,5,,,245.17000,1573105,43.37,50.45,59.68,21.47
DELL,8937000000,-1.82%,-15630000000,24567000000,,-3.04%,-5.49%,-13.94%,-28.68%,-193.70%,18.82%,16.79%,5.70%,143.70%,884880,24.50%,3.98%,42519,1.18,5,14.38,1.68,78.94000,10441951,39.25,35.77,43.32,6.38
BK,103336000000,-6.25%,57892000000,45444000000,-29.72%,5.92%,-1.73%,0.90%,105.17%,10.50%,,4.72%,1.00%,7.90%,359440,5.74%,0.76%,83707,0.04,3,,,76.61000,4570318,40.45,46.68,61.54,5.80
AEP,461400000,3.49%,-45301400000,45762800000,,7.67%,4.94%,8.43%,-78.79%,11.20%,5.32%,5.44%,3.00%,10.42%,1207673,6.00%,2.70%,181696,0.20,4,6.67,0.90,103.20000,3932680,46.39,57.16,58.26,5.58
ADSK,1886000000,-0.74%,-673000000,2559000000,,-5.80%,-2.55%,0.11%,-1.23%,45.10%,24.36%,24.56%,10.90%,150.34%,400719,21.00%,11.20%,72680,0.60,7,,4.63,256.92000,2228189,46.07,42.85,50.82,5.12
ET,321000000,0.82%,-60236000000,60557000000,,6.20%,13.78%,3.09%,-110.20%,12.50%,7.52%,8.16%,3.60%,10.38%,5088072,8.59%,3.06%,270433,0.68,6,22.34,,15.91000,18413740,32.28,35.92,50.62,1.28
COR,3224260000,85.70%,-4924287000,8148547000,,6.84%,70.52%,14.35%,-9.10%,193.90%,13.56%,-8.16%,2.10%,108.52%,6591148,18.78%,0.60%,30353,4.55,4,14.97,5.00,279.15000,2181812,62.08,70.82,70.06,7.05
CM,47563498560,2.29%,-503523580167,551087078726,,6.59%,8.50%,9.42%,-947.86%,12.50%,,0.80%,0.70%,11.48%,367225,0.91%,0.64%,100227,0.03,2,,,56.41000,1881700,46.33,38.00,54.48,5.35
CHTR,459000000,-1.36%,-94546000000,95005000000,,1.24%,-2.84%,3.74%,-198.55%,37.30%,8.76%,8.14%,3.40%,33.80%,582910,8.96%,3.10%,53788,0.37,7,,0.70,335.47000,1631581,41.17,44.54,45.82,34.97
ITUB,5413346866,,-25583016155,30996363021,,-21.42%,55.39%,,-46.17%,18.50%,,8.44%,1.40%,17.62%,267184,8.84%,1.34%,71030,0.05,2,,,5.37000,39967304,47.95,51.70,51.25,0.63
CSX,1005000000,-2.79%,-17498000000,18503000000,,4.18%,-0.16%,2.65%,-33.37%,27.40%,13.64%,13.39%,8.10%,27.98%,618723,12.89%,8.66%,147660,0.34,6,17.66,2.11,27.82000,16003812,39.16,29.91,39.31,1.79
PAYX,1650100000,0.10%,786400000,863700000,-12.85%,-0.83%,-0.59%,-1.95%,1.53%,44.30%,42.02%,33.15%,16.30%,43.36%,327681,34.63%,13.78%,104819,0.51,7,,6.03,144.41000,3099555,44.54,50.21,59.01,4.80
TEAM,2469233000,-0.04%,1224707000,1244526000,259.75%,-2.09%,-2.07%,1.46%,2.33%,-31.40%,-2.93%,-0.43%,-6.70%,-119.40%,394420,-5.62%,-12.48%,-28473,0.93,4,,7.50,198.03000,3552011,39.79,40.37,48.26,-1.34
RCL,388000000,-3.41%,-20432000000,20820000000,,-1.36%,-5.92%,12.15%,-39.44%,44.70%,16.39%,-1.62%,7.90%,-22.52%,155509,14.47%,-5.38%,27142,0.45,7,33.73,1.74,192.51000,3658781,42.24,42.77,57.22,10.94
JD,32997607492,2.01%,20724998291,12272609201,17.31%,38.02%,31.18%,36.75%,36.83%,18.20%,-3.43%,5.75%,6.40%,13.54%,306971,10.09%,5.10%,10956,1.79,4,12.39,,35.58000,24265292,37.00,44.10,47.75,3.68
LYG,81250615486,,-62209425875,143460041361,,-2.50%,-5.53%,30.37%,-115.20%,8.40%,,3.78%,0.40%,7.80%,699864,2.76%,0.42%,80090,0.04,2,,,3.58000,51982269,48.87,60.29,64.78,0.31
ING,55787568190,,-93176075641,148963643831,,-17.14%,-7.64%,,-173.15%,9.80%,,2.54%,0.60%,8.94%,344596,2.65%,0.46%,89534,0.02,2,,,17.42000,4716452,39.27,49.74,56.07,1.40
CARR,3969000000,-1.30%,-8741000000,12710000000,,7.53%,-13.10%,66.24%,-17.18%,41.40%,23.85%,7.97%,14.10%,35.12%,468458,6.58%,9.56%,116750,0.57,4,8.01,3.04,59.05000,7081231,40.43,36.15,49.26,6.15
ALL,704000000,0.02%,-7381000000,8085000000,,0.45%,1.80%,4.04%,-14.54%,22.90%,,28.30%,4.10%,7.92%,1209547,40.10%,1.62%,85849,0.58,7,,,190.79000,1895459,41.66,48.54,60.54,16.99
HLT,1376000000,-0.64%,-10510000000,11886000000,,7.25%,18.81%,5.65%,-21.18%,-46.70%,19.86%,13.37%,9.50%,-46.28%,61735,25.06%,4.70%,8481,0.69,6,,2.28,209.92000,3198332,38.24,34.63,52.92,6.14
JCI,1237000000,5.27%,-8756000000,9993000000,,7.48%,-5.81%,6.53%,-17.40%,11.00%,7.22%,5.99%,4.10%,8.82%,237064,6.94%,3.44%,18617,0.52,7,6.02,1.94,76.23000,6264529,44.22,46.22,55.20,2.61
HWM,564000000,-2.33%,-2751000000,3315000000,,-7.82%,-10.55%,-11.01%,-5.43%,26.50%,17.45%,10.98%,11.00%,14.78%,310489,17.33%,5.52%,48266,0.71,8,2.84,6.86,124.19000,3076255,47.78,55.23,72.09,2.81
MFC,18422267020,7.10%,8306414398,10115852622,53.00%,6.08%,11.17%,1.46%,17.54%,10.30%,,8.46%,0.50%,8.10%,654531,10.99%,0.46%,88090,0.04,5,,,27.30000,3938563,38.87,39.23,55.07,1.97
WCN,198173000,-1.06%,-8209831000,8408004000,,17.14%,19.48%,13.02%,-16.57%,7.70%,6.08%,5.72%,3.20%,8.40%,373924,5.36%,3.70%,25890,0.46,6,,3.39,191.82000,1599748,50.48,57.28,62.64,2.39
FDX,5135000000,-0.65%,-31896000000,37031000000,,-0.29%,-1.29%,2.06%,-64.24%,14.50%,8.45%,6.16%,4.60%,15.74%,166002,5.83%,4.48%,7406,1.02,6,53.30,2.48,206.40000,2806137,34.55,30.61,39.57,15.90
NU,9185742000,2.68%,7120605000,2065137000,56.99%,125.55%,48.81%,,14.72%,27.20%,,3.27%,4.20%,-0.42%,1498448,20.31%,0.52%,256585,0.25,2,,,10.25000,45583954,44.34,41.46,48.78,0.40
PSA,447416000,-1.27%,-8905618000,9353034000,,7.76%,2.74%,37.51%,-18.31%,19.20%,,11.74%,9.50%,22.46%,757357,11.44%,12.88%,302046,0.24,5,,,278.07000,1226341,39.82,36.82,45.49,10.64
DLR,3870891000,-1.76%,-14137705000,18008596000,,6.38%,-5.06%,10.73%,-29.96%,2.70%,,1.49%,1.30%,4.14%,1411323,1.10%,1.96%,142725,0.13,5,,,142.29000,1799380,41.96,34.69,47.12,1.61
NSC,1641000000,0.04%,-15565000000,17206000000,,7.53%,0.16%,7.13%,-31.85%,19.60%,10.30%,10.51%,6.10%,18.76%,618520,10.18%,6.40%,133776,0.28,6,12.45,1.97,215.46000,1519822,38.93,35.24,44.71,11.57
OKE,733000000,14.00%,-31344000000,32077000000,,32.68%,48.05%,20.32%,-62.52%,18.10%,9.11%,8.29%,5.90%,20.72%,4191230,7.64%,5.98%,586247,0.43,5,19.68,1.36,81.24000,4095158,32.83,37.35,49.18,5.17
MPLX,1519000000,-5.11%,-19691000000,21210000000,,4.04%,2.53%,1.10%,-40.21%,32.10%,12.62%,11.74%,11.40%,22.52%,2146223,15.17%,7.72%,771583,0.32,7,28.34,,47.41000,2181075,30.68,42.72,59.15,4.21
MET,20068000000,-0.94%,877000000,19191000000,-25.30%,1.79%,-1.41%,1.47%,1.81%,14.80%,,7.49%,0.60%,10.08%,1577467,9.52%,0.64%,93911,0.10,6,,,71.11000,5134020,37.88,38.06,47.92,5.94
O,444962000,0.31%,-25782032000,26226994000,,19.31%,21.87%,27.12%,-53.39%,2.20%,,2.78%,1.20%,2.84%,11263124,2.87%,1.60%,1811737,0.08,5,,,54.15000,7973973,42.20,43.36,44.99,0.98
AIG,1302000000,-11.26%,-7620000000,8922000000,,-33.37%,-15.88%,-24.07%,-15.64%,-3.30%,,5.52%,-0.50%,6.82%,1081389,,0.54%,-56587,0.11,5,,,81.35000,4402285,48.38,58.36,60.45,-2.17
SNOW,4637671000,3.45%,1952401000,2685270000,-45.13%,135.23%,832.45%,66.28%,4.12%,-35.20%,-22.31%,-16.91%,-16.30%,-20.86%,462905,-25.61%,-12.96%,-164110,0.46,3,,3.86,144.45000,4037348,44.45,44.63,45.70,-3.86
BCS,272657104348,0.52%,-626915198742,899572303090,,2.98%,1.09%,5.75%,-1293.32%,7.40%,,0.88%,0.30%,6.48%,360054,0.99%,0.28%,71452,0.02,2,,,13.56000,16878335,37.79,44.89,59.66,1.74
TRP,571758962,-17.97%,-41804074407,42375833369,,4.01%,-6.07%,3.54%,-89.35%,15.50%,8.35%,4.96%,3.60%,9.10%,1279015,6.16%,2.52%,426679,0.11,6,6.10,0.74,45.41000,3807221,42.06,47.38,53.41,3.08
LNG,3345000000,-3.79%,-22242000000,25587000000,,-7.13%,-2.80%,-3.92%,-46.70%,66.70%,12.87%,14.96%,7.60%,96.16%,9161610,15.68%,5.68%,1897316,0.37,5,16.66,1.83,212.84000,2861936,45.88,50.75,63.47,14.20
NWG,120477120178,6.21%,-56344177406,176821297583,,-3.78%,4.41%,-6.81%,-124.55%,11.10%,,1.90%,0.60%,6.90%,295954,2.66%,0.36%,85266,0.02,2,,,11.27000,7556496,45.38,56.13,68.07,0.03
KDP,590000000,4.28%,-15005000000,15595000000,,9.05%,17.19%,1.13%,-31.61%,5.80%,5.84%,5.64%,2.70%,6.92%,522143,4.90%,3.34%,49014,0.29,7,5.59,1.46,34.75000,14391515,57.38,58.77,52.89,1.05
PCAR,9839600000,2.42%,-6055400000,15895000000,,15.07%,11.67%,7.21%,-12.97%,23.50%,16.50%,11.54%,9.90%,21.40%,1118399,12.93%,8.60%,138272,0.80,4,10.55,3.12,88.77000,4133093,36.62,32.02,46.80,7.90
TFC,39768000000,11.33%,-24393000000,64161000000,,15.91%,0.65%,1.50%,-52.25%,7.10%,,2.63%,0.80%,5.84%,297587,-0.53%,0.70%,116578,0.02,2,,,35.64000,15788292,34.29,32.61,42.60,3.36
GWW,1036000000,-0.75%,-2147000000,3183000000,,4.84%,15.66%,7.52%,-4.66%,57.30%,39.56%,27.66%,22.00%,56.00%,660308,30.74%,18.54%,73423,1.98,4,4.55,10.93,960.69000,311998,43.45,37.94,54.71,38.71
MRVL,948300000,-0.76%,-3115500000,4063800000,,-3.68%,-2.45%,23.08%,-6.80%,-6.40%,-3.96%,-2.76%,-4.40%,-3.94%,818986,-4.12%,-2.80%,-125675,0.29,5,3.57,4.21,52.87000,34169850,35.20,30.72,42.59,-1.02
ROST,4730744000,-0.91%,-951685000,5682429000,,0.36%,-1.14%,10.25%,-2.13%,40.10%,25.24%,13.84%,14.20%,32.94%,197469,17.52%,10.44%,19540,1.43,6,6.58,5.46,138.89000,4722614,61.83,48.70,52.80,6.32
KMB,1021000000,-0.11%,-6422000000,7443000000,,-4.61%,-6.78%,-0.80%,-14.08%,236.50%,35.42%,25.36%,15.00%,413.90%,6686000000,31.71%,12.08%,848333333,1.18,7,6.82,4.32,137.49000,2281749,47.33,51.90,52.53,7.55
EXC,898000000,1.24%,-45751000000,46649000000,,-8.16%,6.00%,4.30%,-100.48%,9.30%,4.67%,4.12%,2.30%,7.74%,1150595,5.40%,1.96%,122914,0.22,5,18.29,0.76,45.12000,13449164,54.92,68.59,61.66,2.45
FICO,184254000,9.46%,-2257727000,2441981000,,13.18%,23.74%,19.58%,-4.97%,-59.40%,56.17%,36.82%,31.80%,39.52%,513874,48.07%,24.80%,157532,1.04,7,,15.64,1850.06000,191994,52.59,49.45,65.10,21.79
FCX,4811000000,-7.55%,-4137000000,8948000000,,-1.80%,-5.03%,-1.85%,-9.26%,10.90%,9.59%,13.21%,3.40%,17.18%,893158,11.08%,4.96%,66281,0.47,6,2.31,1.94,31.35000,25628564,38.84,35.78,40.75,1.30
KR,3959000000,-15.78%,-21123000000,25082000000,,7.06%,30.32%,3.44%,-47.15%,23.10%,10.32%,8.78%,4.90%,21.98%,359714,9.22%,4.50%,6516,2.70,6,16.08,4.39,67.90000,14323561,55.79,69.34,71.30,3.67
SLB,4669000000,-6.57%,-7405000000,12074000000,,-5.25%,0.91%,-4.62%,-17.00%,21.10%,16.79%,1.73%,9.10%,-0.74%,326928,14.04%,1.48%,40189,0.74,7,6.58,2.74,32.54000,34589516,31.51,30.14,36.92,3.11
D,746000000,-2.96%,-41004000000,41750000000,,0.95%,-5.63%,5.26%,-92.65%,7.80%,4.64%,3.23%,2.10%,6.12%,983605,4.11%,1.66%,144490,0.14,5,4.78,0.64,51.93000,5825903,42.18,40.72,44.41,2.44
CVNA,2836000000,-1.61%,-3210000000,6046000000,,1.55%,-9.84%,30.19%,-7.40%,31.30%,11.99%,-6.40%,2.80%,-396.78%,785805,13.81%,-3.56%,12069,1.82,8,7.83,5.87,203.66000,6445876,50.93,49.97,60.46,1.59
AMP,9966000000,-6.72%,4494000000,5472000000,30.49%,1.74%,-4.92%,2.12%,10.21%,65.40%,,28.92%,1.90%,57.50%,1269412,34.24%,1.68%,250074,0.10,6,,,456.52000,891928,42.66,40.78,54.57,33.05
TAK,3641486038,-2.83%,-35396551980,39038038017,,4.10%,3.53%,-0.17%,-80.50%,2.80%,-0.15%,3.47%,1.40%,4.04%,594096,2.77%,1.68%,27002,0.30,6,1.31,1.05,13.87000,2876048,33.70,46.92,46.71,0.41
SRE,1589000000,4.32%,-34259000000,35848000000,,13.30%,15.36%,6.79%,-79.49%,9.40%,4.78%,4.02%,3.00%,9.94%,433988,4.10%,3.34%,92722,0.14,5,13.63,0.91,66.90000,5999964,41.44,33.77,40.39,4.42
GM,73499000000,1.47%,-56233000000,129732000000,,5.85%,6.56%,4.66%,-127.78%,10.70%,5.13%,4.36%,2.50%,14.42%,1157049,4.65%,3.28%,44377,0.66,8,10.57,1.22,43.73000,15451415,40.18,40.45,49.14,6.37
FAST,255800000,-7.86%,-229600000,485400000,,-8.65%,-9.27%,-3.85%,-0.53%,32.60%,37.78%,27.31%,24.80%,32.82%,318370,28.09%,23.50%,48544,1.63,7,2.62,28.42,75.79000,7479311,50.13,51.89,58.38,2.00
ALC,1829000000,0.31%,-3311000000,5140000000,,4.64%,-0.10%,6.12%,-7.74%,4.80%,5.16%,1.85%,3.40%,2.10%,387164,4.06%,1.48%,39767,0.33,8,1.92,,87.00000,1899747,45.01,46.99,51.79,2.05
COIN,10382381000,0.84%,5848190000,4534191000,97.38%,4.99%,49.01%,103.38%,14.16%,29.10%,20.70%,7.19%,1.10%,13.40%,1740198,13.65%,3.88%,683392,0.03,6,,3.60,169.62000,11121793,42.09,37.60,47.64,9.48
ARES,2735465000,-8.83%,-10412502000,13147967000,,1.71%,-16.55%,8.95%,-36.94%,18.80%,,3.02%,1.80%,18.58%,1213994,4.18%,1.50%,137800,0.16,8,,,135.77000,3933881,43.64,38.36,50.75,2.04
AXON,986349000,0.13%,264677000,721672000,-56.60%,228.06%,1.55%,,0.63%,18.40%,10.97%,-0.85%,9.50%,7.30%,507933,1.90%,3.60%,91960,0.53,5,3.14,13.09,551.25000,639014,51.13,51.53,67.32,4.80
TGT,4762000000,0.63%,-14760000000,19522000000,,6.39%,1.06%,7.22%,-34.95%,28.50%,15.34%,15.66%,7.20%,34.10%,242195,12.66%,8.44%,9298,1.87,7,6.21,2.92,92.71000,11071730,34.50,22.08,32.39,8.86
AMX,4907297518,,-25696683444,30603980962,,18.03%,-15.98%,,-60.32%,20.60%,-1.69%,11.28%,4.80%,31.76%,273246,11.63%,5.72%,25486,0.51,6,10.48,1.76,13.92000,3394157,45.98,41.40,33.87,0.45
SU,2494899563,-2.31%,-8023923537,10518823101,,-7.16%,-4.66%,-3.95%,-19.98%,13.50%,13.50%,9.57%,6.70%,11.26%,2144566,12.53%,5.36%,252312,0.57,6,4.03,,32.21000,6037502,34.21,36.35,44.63,3.28
NXPI,3292000000,6.60%,-7562000000,10854000000,,0.88%,-2.87%,8.06%,-18.01%,27.60%,15.85%,12.40%,10.60%,25.48%,381088,14.24%,8.86%,75831,0.53,5,2.45,2.77,165.59000,6156825,38.32,31.55,37.69,9.73
KVUE,1070000000,-1.08%,-7537000000,8607000000,,,3.87%,,-18.01%,10.00%,9.03%,6.49%,3.90%,,702500,7.33%,,46818,0.58,7,3.77,2.40,21.87000,16963369,37.53,47.92,46.12,0.54
CCI,290000000,-0.08%,-29323000000,29613000000,,3.12%,2.77%,4.35%,-71.01%,-92.60%,-9.64%,2.85%,-10.60%,-5.20%,1684103,-9.97%,0.58%,-1000769,0.18,5,,-0.17,95.16000,4907146,40.98,45.63,42.01,-8.98
HLN,2907637912,16.32%,-10408051443,13315689356,,,0.50%,,-24.15%,8.80%,7.31%,5.17%,4.20%,5.96%,571689,6.40%,3.54%,73389,0.33,7,3.77,2.74,9.63000,20520081,41.55,46.97,57.74,0.39
HMC,55776395452,10.37%,-28608684127,84385079579,,15.05%,25.05%,9.39%,-69.96%,8.10%,-0.13%,3.17%,3.40%,7.08%,713451,3.90%,3.02%,34195,0.72,4,7.05,1.63,26.61000,1405448,43.71,43.94,41.43,4.20
MSCI,409351000,0.50%,-4222618000,4631969000,,2.42%,0.09%,7.44%,-10.43%,-144.20%,39.94%,27.71%,20.40%,-147.08%,465774,33.86%,18.06%,180875,0.52,5,,6.44,527.77000,523823,41.85,39.98,48.21,14.05
FLUT,3639000000,-2.59%,-3644000000,7283000000,,,-3.32%,,-9.14%,0.40%,1.92%,,0.20%,,513732,5.24%,,1572,0.57,8,,2.97,229.65000,2009883,45.35,43.65,53.52,0.24
YUM,616000000,1.25%,-10717000000,11333000000,,0.26%,1.23%,1.42%,-26.59%,-19.40%,43.77%,57.54%,23.00%,-16.98%,188725,51.00%,22.80%,37150,1.17,5,,2.57,145.50000,4604474,41.73,53.69,56.76,5.22
PEG,125000000,4.26%,-22880000000,23005000000,,5.17%,11.94%,6.88%,-56.50%,11.10%,5.62%,4.32%,3.30%,8.72%,788687,5.84%,2.62%,135817,0.19,4,6.29,1.26,81.23000,4328558,48.29,45.96,57.48,3.54
NDAQ,807000000,-3.79%,-9061000000,9868000000,,16.66%,-9.23%,21.56%,-22.41%,10.20%,8.29%,7.70%,3.70%,15.52%,807684,6.57%,5.06%,121917,0.24,6,,2.09,70.30000,5692846,41.03,40.57,53.50,1.93
EW,3975900000,-0.95%,3275900000,700000000,245.67%,0.47%,2.17%,0.62%,8.18%,49.00%,37.63%,16.98%,36.40%,28.96%,344272,12.43%,20.26%,264215,0.47,4,1.12,11.39,68.26000,5169415,41.92,43.16,43.92,6.97
VRSK,291200000,-0.39%,-2954600000,3245800000,,-3.19%,4.86%,-0.92%,-7.31%,344.60%,44.97%,19.24%,21.20%,135.06%,369449,29.05%,13.38%,122846,0.64,7,,9.81,285.78000,1386636,45.67,51.74,61.22,6.71
LHX,615000000,-5.22%,-11621000000,12236000000,,16.05%,-6.77%,9.61%,-29.04%,7.90%,6.58%,4.70%,3.60%,6.94%,453723,5.72%,3.62%,31957,0.51,6,11.28,1.90,213.51000,2745635,55.72,48.04,49.19,7.87
DFS,8499000000,-10.58%,-7754000000,16253000000,,-7.03%,-23.81%,-8.76%,-19.46%,27.10%,,10.62%,2.90%,25.68%,619000,13.20%,2.84%,211714,0.09,6,,,158.62000,1492385,45.97,44.58,56.16,17.72
CTVA,3169000000,-52.71%,466000000,2703000000,84.19%,34.26%,8.60%,85.82%,1.19%,3.70%,5.10%,4.04%,2.20%,4.18%,768545,4.69%,2.50%,41227,0.40,7,1.55,2.08,57.94000,4041501,40.67,45.74,50.86,1.30
PSX,1738000000,0.32%,-18324000000,20062000000,,11.56%,3.63%,11.27%,-47.04%,7.30%,6.13%,8.17%,2.80%,12.08%,11022424,6.19%,4.58%,160379,1.94,4,35.18,3.33,96.99000,4512043,31.14,29.24,40.67,4.99
E,18016775283,,-23302368928,41319144212,,15.05%,16.21%,23.77%,-59.63%,5.00%,6.14%,5.28%,1.80%,7.14%,2924245,2.42%,2.38%,84123,0.63,5,11.16,1.34,25.47000,843279,31.94,35.20,41.41,1.63
XEL,179000000,1.36%,-30029000000,30208000000,,6.89%,9.79%,8.12%,-76.55%,10.40%,4.39%,5.94%,2.80%,10.54%,1181107,6.06%,2.82%,170123,0.20,4,10.59,0.92,68.41000,3465865,46.72,53.54,55.28,3.44
HES,1171000000,-0.53%,-8289000000,9460000000,,1.15%,-1.44%,3.59%,-21.07%,26.10%,18.47%,6.34%,10.70%,6.28%,7244296,16.07%,2.72%,1540902,0.50,7,13.32,2.91,127.16000,2354508,32.69,38.59,45.78,8.98
PWR,741960000,-10.55%,-3736997000,4478957000,,3.82%,0.34%,22.02%,-9.71%,13.30%,11.00%,7.24%,5.20%,11.36%,405356,8.40%,4.80%,15494,1.37,5,92.52,4.09,262.70000,1525853,50.82,44.05,55.07,6.03
CMI,2264000000,-6.96%,-4795000000,7059000000,,19.28%,5.42%,24.43%,-12.28%,40.30%,25.37%,12.44%,12.50%,24.58%,489971,15.98%,8.08%,56695,1.08,6,4.49,3.84,281.75000,1089506,35.64,30.40,48.49,28.37
DB,217022088694,,73252502165,143769586529,,-22.36%,-17.61%,-11.12%,180.50%,6.40%,,1.95%,0.30%,6.10%,344406,2.24%,,50393,0.02,2,,,21.50000,5657692,43.68,56.98,67.74,1.93
TEL,1254000000,0.05%,-2951000000,4205000000,,1.65%,0.17%,1.14%,-7.75%,15.40%,15.93%,12.36%,8.40%,16.98%,182184,11.48%,8.76%,22046,0.70,6,3.83,4.40,127.35000,1780219,37.22,35.22,42.57,6.28
CPNG,6030000000,-7.36%,2305000000,3725000000,-17.94%,20.65%,33.66%,23.89%,6.16%,3.80%,9.19%,1.72%,1.00%,0.24%,388051,1.53%,-3.88%,1974,1.96,6,11.39,3.85,21.00000,6135160,41.16,40.86,46.17,0.08
URI,457000000,0.55%,-14038000000,14495000000,,12.04%,16.77%,3.92%,-37.05%,30.70%,16.42%,12.03%,9.30%,28.70%,550000,13.36%,8.10%,92294,0.55,5,45.41,2.87,579.94000,1101273,41.58,34.54,47.97,38.69
MPC,3210000000,-2.17%,-25548000000,28758000000,,2.25%,0.90%,-1.19%,-67.85%,17.00%,8.92%,9.62%,4.20%,21.00%,7672787,11.61%,6.10%,188251,1.71,5,13.37,3.12,121.53000,3970382,35.62,34.56,41.85,10.08
CCEP,2025615385,-6.76%,-10620251243,12645866629,,26.35%,-4.84%,11.97%,-27.16%,17.50%,9.28%,6.91%,4.80%,16.68%,519258,8.02%,4.48%,36687,0.68,6,8.85,2.14,84.99000,3288479,51.25,59.83,69.94,3.21
ED,1324000000,5.83%,-26501000000,27825000000,,3.14%,11.26%,4.30%,-68.86%,8.40%,5.18%,5.18%,2.70%,8.26%,1010532,4.57%,2.60%,120554,0.22,6,14.86,,108.30000,2401130,55.35,65.75,60.59,5.24
RBLX,2409545000,3.08%,733123000,1676422000,35.32%,12.34%,1.51%,,1.96%,-619.00%,-25.35%,-20.62%,-14.00%,-304.32%,1455933,-56.03%,-17.22%,-378086,0.54,4,,2.55,56.12000,7457808,46.41,49.89,55.57,-1.44
OTIS,2300000000,14.21%,-6322000000,8622000000,,4.25%,19.92%,82.58%,-17.21%,-33.20%,53.80%,53.20%,16.00%,-28.32%,198069,50.16%,12.46%,22847,1.38,5,17.12,3.06,94.32000,3937604,37.59,43.83,51.84,4.07
DHI,3069000000,-13.86%,-2028700000,5097700000,,-1.01%,-3.64%,6.15%,-5.47%,18.90%,,17.84%,13.20%,25.62%,2484661,14.72%,16.52%,315184,1.04,4,1.09,,117.87000,3200482,39.11,32.91,44.18,14.14
VST,1222000000,8.98%,-16261000000,17483000000,,17.51%,17.80%,9.25%,-42.55%,44.30%,14.36%,3.10%,6.50%,6.78%,2514453,14.20%,0.92%,360146,0.45,5,8.52,1.51,109.26000,8095023,42.50,42.35,56.64,7.00
FIS,834000000,3.39%,-10456000000,11290000000,,-17.83%,-40.82%,-10.98%,-28.40%,8.60%,7.81%,2.52%,4.20%,-12.30%,202540,5.07%,-5.84%,29000,0.29,8,,0.78,69.51000,3422693,42.42,36.10,44.54,2.61
VALE,850552296,,-2782999042,3633551337,,-12.19%,-13.24%,39.52%,-7.36%,16.90%,364.43%,23.96%,7.10%,33.66%,589011,17.56%,13.44%,95434,0.44,4,5.60,,8.90000,70871568,38.98,39.37,37.21,1.44
NET,1862442000,0.86%,399229000,1463213000,64.36%,4.20%,1.95%,168.39%,1.11%,-8.50%,-2.62%,-7.68%,-2.60%,-23.08%,391655,-6.17%,-8.16%,-18485,0.55,4,,10.05,105.50000,3580464,41.15,45.63,54.66,-0.23
F,90198000000,0.80%,-68324000000,158522000000,,4.71%,6.23%,0.41%,-191.81%,13.40%,4.67%,1.76%,2.10%,12.30%,1081825,2.09%,1.88%,34380,0.66,5,11.08,1.07,9.14000,163356357,42.65,38.18,40.94,1.46
EA,3155000000,,1272000000,1883000000,4.01%,0.09%,0.11%,13.61%,3.48%,14.10%,14.09%,14.74%,8.00%,18.26%,536277,10.52%,11.38%,76569,0.56,6,,5.42,139.39000,3831023,50.23,49.22,51.08,3.93
AME,373999000,-10.99%,-1705722000,2079721000,,-6.50%,-37.23%,-5.56%,-4.71%,14.70%,14.16%,11.53%,9.30%,15.56%,322846,12.56%,9.14%,64006,0.47,6,4.15,6.34,157.42000,1688887,36.34,36.04,47.05,5.93
BKR,3364000000,-0.22%,-2659000000,6023000000,,-3.62%,0.05%,-1.88%,-7.32%,18.60%,13.53%,-10.86%,8.00%,-11.68%,479810,12.38%,-3.10%,51362,0.74,7,4.38,1.96,36.66000,12787734,37.49,39.86,51.55,2.98
PCG,1213000000,-2.81%,-57130000000,58343000000,,8.11%,1.06%,1.43%,-156.85%,9.10%,4.57%,4.87%,1.90%,3.14%,859521,5.47%,0.76%,87117,0.19,5,18.06,0.50,16.47000,25205356,46.87,40.66,47.20,1.15
TTWO,1312200000,-0.21%,-2791500000,4103700000,,156.17%,16.38%,87.83%,-7.89%,-63.10%,-34.12%,-1.70%,-28.70%,-2.14%,440587,-33.93%,-1.46%,-295506,0.43,4,,2.19,204.41000,2246789,48.27,59.17,65.74,-21.37
GRMN,2500738000,22.81%,2365852000,134886000,27.54%,24.41%,19.33%,22.33%,6.58%,19.10%,20.87%,16.52%,15.50%,18.66%,288849,16.62%,14.80%,64745,0.69,7,1.84,14.69,186.83000,1060918,38.82,42.11,58.05,7.30
HOOD,9454000000,,9454000000,,-2.50%,,,,26.62%,19.30%,13.16%,-7.07%,3.60%,-27.76%,1283043,17.53%,,613478,0.08,3,,1.52,40.51000,63826786,47.54,50.42,63.21,1.56
OXY,2132000000,-4.19%,-24358000000,26490000000,,-4.47%,31.24%,-7.93%,-71.19%,7.20%,7.12%,4.43%,3.00%,1.08%,2017564,5.22%,1.94%,178413,0.33,6,8.85,1.27,36.47000,22904686,29.27,27.29,31.06,2.44
GLW,1768000000,-2.66%,-5443000000,7211000000,,0.78%,-4.19%,-1.41%,-15.41%,4.60%,4.63%,5.01%,1.80%,6.54%,233002,3.94%,2.66%,8988,0.47,7,3.28,2.81,41.69000,6662659,39.46,40.76,52.31,0.58
FANG,164000000,0.40%,-12811000000,12975000000,,24.73%,95.38%,19.29%,-35.94%,12.20%,6.84%,5.08%,6.70%,8.00%,5580434,6.99%,4.62%,1683308,0.22,4,35.77,1.19,123.16000,4367196,33.91,32.02,34.97,15.53
TRGP,157300000,-0.56%,-14017300000,14174600000,,29.04%,9.42%,12.62%,-39.40%,49.50%,12.59%,6.47%,5.90%,12.50%,4860979,12.43%,0.94%,379555,0.76,5,33.66,2.27,162.43000,3295992,35.87,41.64,59.63,5.74
ABEV,5054409389,,4469533232,584876157,,3.06%,-27.95%,-15.06%,12.54%,16.30%,-18.28%,19.69%,9.80%,16.98%,314746,16.23%,10.12%,50798,0.61,8,4.52,3.35,2.26000,29166583,50.78,56.61,46.47,0.14
TCOM,10878118805,-13.29%,5392029530,5486089275,141.99%,-7.90%,-11.68%,-4.61%,15.05%,12.70%,-7.16%,2.15%,7.10%,3.70%,201400,6.76%,2.06%,64497,0.22,4,,,54.19000,8805223,34.18,40.74,53.73,3.39
WPM,818166000,-8.70%,812995000,5171000,50.47%,21.64%,-16.99%,-64.20%,2.30%,7.40%,8.79%,8.55%,7.20%,9.44%,31332659,7.02%,9.18%,12905854,0.18,7,,129.71,77.90000,3137686,60.39,68.43,70.22,1.17
HUM,20435000000,-9.37%,8311000000,12124000000,-10.74%,-1.84%,0.96%,15.53%,23.87%,7.20%,7.72%,11.04%,2.50%,16.62%,1792951,6.70%,5.88%,18377,2.40,6,,4.58,290.25000,2004958,66.87,52.93,41.32,9.98
PRU,18497000000,-1.97%,-9869000000,28366000000,,-1.63%,5.33%,-2.10%,-28.25%,9.60%,,3.08%,0.40%,5.36%,1843256,4.81%,,71395,0.10,5,,,98.48000,2764592,38.21,34.22,42.69,7.50
HEI,165467000,5.57%,-2188164000,2353631000,,114.91%,-5.87%,32.85%,-7.23%,15.90%,11.36%,11.88%,7.50%,14.80%,399153,11.87%,8.26%,56737,0.53,7,2.13,6.61,249.41000,724403,45.82,51.09,60.22,4.05
ETR,859703000,-0.29%,-28059183000,28918886000,,2.21%,10.18%,7.85%,-81.20%,7.10%,4.42%,5.69%,1.70%,10.80%,975581,4.43%,2.36%,86687,0.19,5,4.04,0.96,80.28000,5161751,41.18,55.62,65.24,2.45
CBRE,1221000000,-16.97%,-4473000000,5694000000,,10.70%,17.99%,7.47%,-12.79%,11.50%,9.04%,7.87%,4.00%,15.26%,255479,7.58%,5.88%,6914,1.50,5,,3.62,116.65000,2613104,36.66,40.93,54.39,3.14
KHC,1334000000,-1.10%,-18535000000,19869000000,,-3.07%,-0.81%,-7.44%,-53.78%,5.60%,2.18%,4.21%,3.10%,3.78%,717944,7.83%,2.08%,76222,0.29,7,4.83,0.93,28.84000,11330256,43.22,40.30,37.09,2.26
CTSH,2243000000,-20.56%,763000000,1480000000,-42.20%,-3.40%,12.55%,-2.56%,2.22%,15.90%,18.36%,14.19%,11.60%,16.58%,58599,13.81%,11.34%,6651,1.02,3,,6.47,69.50000,4427280,41.40,42.40,49.13,4.51
VLO,4657000000,-3.17%,-5806000000,10463000000,,-8.97%,-9.21%,1.58%,-16.94%,10.90%,9.00%,13.51%,4.50%,19.42%,13090204,8.59%,7.30%,279178,2.11,5,16.30,4.27,109.01000,4823679,35.86,34.11,41.44,8.58
VEEV,5150227000,5.68%,5074452000,75775000,27.76%,11.55%,35.86%,6.69%,14.96%,13.30%,15.47%,11.75%,10.90%,14.94%,376714,9.09%,11.78%,97948,0.42,6,,15.75,210.64000,1984312,34.53,43.76,49.94,4.32
SYY,793000000,2.09%,-12897000000,13690000000,,4.95%,5.56%,7.46%,-37.83%,94.50%,20.14%,12.35%,7.70%,70.40%,1119036,15.64%,5.12%,26838,3.20,6,13.45,5.27,69.68000,4374676,41.85,41.41,43.33,3.89
ACGL,979000000,0.04%,-1749000000,2728000000,,0.04%,0.07%,2.98%,-5.10%,20.60%,,14.23%,6.30%,17.42%,2422222,17.79%,5.06%,593333,0.26,5,,,90.58000,2025948,47.06,44.99,53.48,11.19
BRO,685000000,6.36%,-3328000000,4013000000,,22.13%,0.96%,18.42%,-9.90%,16.10%,13.16%,9.90%,6.00%,15.20%,297486,11.00%,5.88%,61478,0.29,6,,2.88,117.26000,2472387,49.48,61.97,68.66,3.46
WEC,9800000,5.27%,-20317200000,20327000000,,9.25%,8.13%,9.80%,-61.23%,12.60%,6.03%,5.60%,3.40%,11.98%,1228557,5.74%,3.36%,218171,0.19,5,6.40,1.12,105.51000,3276004,49.56,63.96,61.44,4.83
STZ,73700000,-0.15%,-11505400000,11579100000,,3.87%,-1.02%,-1.29%,-35.15%,7.70%,5.68%,5.01%,2.80%,6.70%,960726,5.78%,,64745,0.42,6,2.40,2.77,184.75000,5987922,56.12,41.13,36.87,3.72
ODFL,108676000,0.00%,48689000,59987000,-86.24%,-15.65%,-24.99%,5.92%,0.15%,28.00%,31.47%,27.93%,21.70%,29.90%,265577,27.31%,22.62%,54171,1.06,5,,19.06,156.75000,2180142,42.61,37.33,43.53,5.48
ARGX,3378826000,15.00%,3339773000,39053000,53.19%,,214.28%,,10.09%,17.40%,1.58%,-108.10%,15.50%,-15.92%,2832,-411.72%,-12.62%,520976,0.00,3,0.72,28.71,546.22000,427890,35.81,39.33,57.54,12.78
HSY,730746000,-3.56%,-4371405000,5102151000,,0.48%,5.99%,3.64%,-13.13%,52.10%,29.27%,23.80%,17.60%,56.30%,559274,26.51%,15.72%,110896,0.89,6,4.55,4.57,164.09000,1491508,45.17,44.44,39.66,10.92
XYZ,12094659000,11.29%,4228926000,7865733000,38.62%,12.99%,30.71%,48.89%,12.86%,14.60%,4.95%,-0.20%,7.90%,5.50%,2121092,6.39%,,254753,0.66,6,,2.51,52.91000,8920365,40.65,34.18,41.30,4.56
HIG,234000000,0.02%,-4132000000,4366000000,,-4.06%,0.09%,-2.07%,-12.45%,19.10%,,11.99%,3.90%,14.44%,1389267,15.72%,3.04%,161780,0.33,5,,,114.79000,1929970,44.16,51.20,61.63,10.35
IMO,699397118,-2.53%,-2166059308,2865456426,,-8.15%,-2.93%,-5.02%,-7.04%,20.30%,18.96%,12.93%,11.10%,15.50%,7016885,17.54%,8.20%,652233,1.20,6,15.20,3.78,60.27000,583250,34.83,37.36,48.11,6.27
GOLD,4074000000,0.08%,-655000000,4729000000,,-2.80%,0.06%,-3.10%,-1.98%,9.00%,8.66%,7.54%,4.60%,7.04%,561826,9.78%,3.54%,93217,0.28,6,1.72,1.89,19.24000,29576527,55.92,57.88,54.47,1.22
FERG,764000000,6.79%,-5257000000,6021000000,,12.78%,13.84%,20.70%,-16.36%,29.40%,21.95%,18.06%,9.90%,33.58%,854229,15.33%,11.10%,46857,1.80,6,5.05,4.87,161.75000,2230109,44.02,34.28,43.89,8.13
DDOG,4189059000,90.06%,2346879000,1842180000,39.65%,31.63%,104.16%,98.07%,7.33%,7.40%,5.38%,-0.87%,3.90%,0.26%,412965,1.07%,0.20%,28269,0.57,5,,7.48,93.18000,5603046,38.56,32.37,42.95,0.52
VICI,524615000,-0.06%,-16208274000,16732889000,,52.75%,0.05%,28.42%,-51.28%,10.30%,,6.94%,6.00%,9.14%,142563148,8.15%,5.30%,99215185,0.09,3,,,30.08000,10978012,40.08,44.71,48.04,2.56
FER,5407803007,-0.28%,-7510215237,12918018244,,,-2.52%,,-24.08%,65.80%,,,11.70%,,373678,16.90%,,132307,0.33,7,6.42,,44.32000,108998,49.00,53.71,70.27,4.66
WTW,1890000000,-0.95%,-4039000000,5929000000,,2.72%,-0.08%,-2.55%,-13.06%,-1.10%,2.37%,4.67%,-0.30%,12.88%,206875,-4.71%,4.08%,-2042,0.35,6,,1.46,316.64000,690471,42.31,50.89,61.53,-0.96
SLF,9902636801,1.70%,4046568732,5856068069,9.61%,-1.63%,2.54%,15.23%,12.98%,12.30%,,11.80%,0.90%,12.58%,789270,10.76%,0.94%,72589,0.09,5,,,54.26000,548476,44.06,43.93,52.43,3.65
GIS,521300000,-2.30%,-13666000000,14187300000,,4.96%,13.37%,0.81%,-43.99%,27.60%,14.93%,12.06%,7.90%,26.68%,5777735,12.21%,7.86%,752559,0.61,6,6.98,2.61,57.17000,5030494,41.74,37.59,36.63,4.55
CAH,3810000000,47.29%,-3796000000,7606000000,,10.46%,61.04%,-0.84%,-12.17%,-41.10%,15.99%,3.89%,2.90%,-137.60%,4543149,29.93%,-1.44%,26789,4.91,6,12.14,5.26,128.88000,2925302,46.15,57.91,66.18,5.36
VMC,600800000,52.06%,-5228000000,5828800000,,8.83%,32.92%,12.94%,-16.62%,11.70%,8.54%,7.69%,6.10%,10.72%,648627,8.16%,5.42%,79739,0.50,5,8.35,3.30,235.58000,1318597,48.06,41.79,50.10,6.85
HEI.A,204161000,-4.43%,-2185488000,2389649000,,59.90%,216.66%,33.84%,-7.15%,13.90%,10.11%,12.91%,6.50%,15.98%,351111,10.06%,9.14%,44329,0.51,7,2.38,6.71,199.58000,233777,50.69,53.91,62.62,4.04
LULU,1984336000,4.07%,408545000,1575791000,-51.40%,21.39%,12.29%,16.32%,1.38%,43.80%,44.70%,24.31%,25.70%,35.86%,271490,29.92%,21.02%,46529,1.50,5,3.12,9.03,256.62000,3700688,33.53,33.44,41.04,14.64
CNC,16685000000,5.27%,-1848000000,18533000000,,-0.54%,3.95%,6.19%,-6.05%,12.20%,10.31%,4.00%,4.00%,7.96%,2695388,5.47%,2.64%,54628,1.97,4,,2.82,62.39000,5910049,57.96,50.35,44.32,6.31
IDXX,288266000,-1.22%,-677143000,965409000,,-1.53%,-7.84%,-1.76%,-2.21%,55.80%,51.27%,37.44%,26.50%,103.00%,354319,35.25%,27.98%,80715,1.16,6,3.98,15.56,381.83000,1271476,39.00,34.22,41.15,10.67
CSGP,4681000000,3.60%,3530600000,1150400000,-14.00%,0.85%,3.60%,47.75%,11.29%,1.90%,2.41%,3.03%,1.50%,4.60%,415016,0.04%,3.66%,21037,0.30,5,,12.31,75.42000,3889616,46.02,48.63,48.04,0.34
RMD,521944000,-1.24%,-317792000,839736000,,0.11%,-39.65%,-9.70%,-1.02%,25.00%,24.71%,16.99%,17.80%,22.90%,493665,20.83%,13.90%,125121,0.70,8,2.26,12.69,210.55000,1040693,41.98,38.28,48.49,8.47
ZS,2880240000,0.08%,1641898000,1238342000,33.91%,7.76%,0.38%,104.72%,5.39%,-1.10%,0.34%,-11.86%,-0.30%,-39.22%,329603,-3.54%,-9.62%,-2113,0.52,3,,5.69,195.36000,3905991,48.79,50.00,52.47,-0.11
IT,1933147000,-3.83%,-866547000,2799694000,,-3.96%,-5.79%,-1.48%,-2.88%,132.40%,33.26%,21.83%,15.90%,560.04%,309701,25.12%,10.88%,61952,0.80,5,,4.85,392.03000,605109,35.52,29.54,45.67,16.00
CHT,1817981780,-66.46%,1479589379,338392401,13.95%,-34.16%,-3.93%,-0.60%,4.92%,9.80%,-2.24%,8.92%,7.10%,9.56%,218575,9.46%,6.98%,35377,0.44,6,12.42,5.50,38.80000,177728,48.94,52.69,51.38,1.47
LYV,6106109000,1.01%,-2165632000,8271741000,,3.50%,-1.97%,11.47%,-7.24%,842.20%,8.08%,0.34%,3.20%,-88.66%,719119,19.53%,-3.02%,19820,1.16,6,,2.16,129.23000,3102509,53.86,53.21,62.10,2.74
FMX,10223762248,,-3152563468,13376325715,,102.22%,37.37%,,-15.76%,23.20%,-3.21%,5.70%,8.20%,10.20%,105444,8.46%,3.68%,9857,0.88,6,8.53,2.79,96.74000,1012725,49.63,52.26,47.36,1.93
TW,1341302000,25.04%,1305554000,35748000,-21.28%,13.68%,-27.16%,2.92%,4.37%,8.90%,,6.39%,6.80%,6.30%,1222343,8.49%,4.86%,355175,0.24,6,,,125.37000,1353002,32.59,45.74,58.38,2.33
ALNY,2694504000,-0.44%,1398456000,1296048000,23.32%,9.12%,-0.72%,33.66%,4.75%,,-7.71%,-41.02%,-6.80%,-78.70%,1070592,-12.98%,-20.82%,-132456,0.55,3,3.86,2.77,226.28000,1654901,39.40,42.82,51.75,-2.18
EXR,138222000,6.49%,-12889639000,13027861000,,28.15%,15.77%,19.61%,-46.15%,6.10%,,7.29%,3.00%,17.84%,406503,4.72%,5.70%,106675,0.12,4,,,131.84000,1823635,32.86,29.96,41.95,4.03
EBAY,5890000000,0.01%,-1855000000,7745000000,,-5.86%,-4.50%,-1.18%,-6.51%,35.30%,19.08%,15.35%,9.70%,80.58%,894174,15.62%,19.54%,171739,0.51,7,,5.00,62.47000,6543349,42.70,47.65,57.09,3.94
MLM,670000000,30.90%,-5134000000,5804000000,,1.60%,22.81%,12.23%,-17.89%,22.00%,16.11%,9.38%,11.90%,14.86%,695319,13.64%,7.62%,212234,0.39,3,4.43,3.39,475.27000,439649,45.87,36.99,47.54,32.50
EQT,345674000,-30.17%,-9425022000,9770696000,,6.87%,63.35%,11.75%,-32.60%,1.30%,1.89%,1.82%,0.70%,1.98%,3609383,2.06%,1.02%,157821,0.16,5,,1.37,48.49000,8099452,44.68,53.78,60.13,0.45
VTR,957233000,-1.04%,-12783321000,13740554000,,3.97%,0.40%,2.06%,-44.57%,0.80%,,2.54%,0.30%,0.94%,10132235,4.55%,0.38%,166981,0.20,6,,,65.60000,2766511,46.80,57.64,61.53,0.21
WAB,715000000,-0.92%,-3265000000,3980000000,,-0.64%,-2.19%,-2.12%,-11.29%,10.20%,10.73%,5.82%,5.60%,6.82%,352102,8.63%,3.70%,35797,0.55,7,3.05,3.40,168.67000,1085069,41.22,40.47,56.31,6.04
FNV,1457200000,,1457200000,,2.48%,,,,4.81%,9.30%,12.24%,6.02%,8.90%,6.44%,24746667,8.66%,6.24%,12268889,0.18,5,4.77,55.46,157.48000,1765227,60.32,67.42,63.03,2.87
IR,1541200000,-0.58%,-3216300000,4757500000,,11.41%,74.68%,24.18%,-11.19%,8.30%,8.12%,4.88%,4.80%,5.84%,344524,6.63%,3.48%,39933,0.42,6,3.95,3.21,70.94000,7486430,36.16,28.28,44.12,2.06
WIT,6626861705,1.41%,4256958244,2369903461,,,,,14.46%,15.50%,-0.74%,12.23%,10.00%,17.14%,45255,10.45%,11.18%,5992,0.76,6,608.64,5.77,2.84000,9114216,36.31,32.98,46.30,0.14
LEN.B,3609065000,-20.80%,1367558000,2241507000,697.78%,-27.55%,-41.81%,-24.91%,4.98%,15.70%,,13.14%,10.70%,17.02%,2697045,14.35%,10.46%,312396,0.93,5,1.43,,98.87000,79280,36.13,28.16,41.68,13.70
A,1467000000,-0.80%,-1896000000,3363000000,,7.20%,31.62%,6.44%,-6.65%,20.90%,15.80%,13.92%,11.00%,21.30%,364972,13.36%,10.84%,70335,0.57,5,2.96,4.23,99.95000,4977802,29.46,24.98,38.69,4.36
GEHC,2889000000,-13.21%,-6062000000,8951000000,,523.10%,-5.20%,,-21.75%,24.90%,12.87%,12.75%,6.10%,,371170,11.91%,,37604,0.60,5,5.88,1.73,62.28000,7319785,27.32,25.50,39.80,4.34
K,694000000,-2.14%,-5648000000,6342000000,,-6.38%,-2.82%,-5.62%,-19.92%,38.70%,17.85%,11.74%,8.70%,34.74%,531208,15.10%,6.84%,55958,0.82,8,6.81,3.45,82.14000,3527739,49.20,69.81,71.38,3.88
AWK,125000000,5.09%,-13988000000,14113000000,,8.45%,13.40%,8.13%,-49.96%,10.30%,7.42%,5.14%,3.30%,12.06%,699104,5.22%,3.50%,156866,0.15,5,17.28,1.13,143.15000,1982943,52.91,59.02,53.82,5.39
QSR,1334000000,-0.28%,-14399000000,15733000000,,2.96%,9.82%,3.52%,-72.22%,33.00%,8.81%,11.11%,4.20%,35.00%,223564,9.19%,3.92%,27154,0.34,5,26.31,1.31,61.36000,4450198,40.24,40.99,42.39,3.18
CQP,463000000,-3.14%,-14649000000,15112000000,,-4.36%,-4.99%,-3.08%,-52.81%,-370.10%,21.03%,21.10%,14.40%,-94.30%,5078180,22.46%,12.86%,1464411,0.50,5,31.59,,57.03000,154222,38.99,47.73,53.00,4.25
LEN,2306415000,-2.08%,95143000,2211272000,-95.54%,-21.89%,-21.87%,-22.90%,0.35%,14.20%,,13.98%,9.70%,17.50%,2695821,13.92%,11.18%,281397,0.93,5,1.85,,104.49000,2184657,35.31,27.77,40.55,13.72
AVB,267076000,-3.51%,-7983455000,8250531000,,-0.08%,1.42%,2.10%,-29.30%,9.20%,,3.88%,5.20%,8.90%,975153,4.43%,4.98%,362113,0.14,5,,,193.59000,1300708,36.20,35.52,45.85,7.60
TSCO,251491000,1.70%,-5172926000,5424417000,,11.44%,7.71%,14.90%,-18.96%,49.00%,19.60%,15.94%,11.30%,50.74%,286216,14.86%,12.30%,21178,1.53,5,3.46,5.29,51.32000,5802839,43.93,43.81,52.23,2.04
TPL,369835000,,369382000,453000,-48.98%,-32.07%,-61.28%,-33.05%,1.36%,40.20%,48.18%,41.55%,36.30%,45.88%,7129525,37.32%,39.92%,4585455,0.56,4,,145.24,1186.67000,118286,43.86,48.40,58.93,19.72
RJF,13580000000,-4.22%,9723000000,3857000000,-5.45%,6.86%,5.56%,6.17%,35.71%,18.90%,,11.63%,2.60%,16.46%,741389,13.75%,2.20%,120278,0.16,6,,,132.23000,2280728,39.66,38.68,51.41,10.24
HUBS,2069495000,-1.66%,1324079000,745416000,120.53%,1.49%,-5.38%,4.15%,4.88%,0.30%,1.46%,-4.47%,0.10%,-9.42%,342887,-0.41%,-3.76%,604,0.76,4,,9.39,518.87000,1133399,36.85,34.67,47.02,0.09
EFX,169900000,-8.43%,-4840600000,5010500000,,-1.82%,-12.27%,8.17%,-17.73%,12.70%,10.42%,8.01%,5.00%,16.72%,386469,7.95%,5.76%,41095,0.47,8,,3.84,217.73000,1150332,38.88,37.95,45.04,4.84
BIDU,19022079431,2.54%,8177319024,10844760407,-50.49%,-4.65%,-6.23%,1.53%,28.44%,9.30%,-18.88%,4.37%,5.70%,7.80%,507975,5.22%,4.52%,90663,0.32,4,,2.26,78.47000,6888254,33.67,40.56,39.72,9.03
BR,289900000,1.94%,-3365700000,3655600000,,-4.19%,0.07%,14.61%,-12.59%,34.20%,15.27%,12.75%,9.30%,33.50%,457733,14.75%,8.50%,51993,0.82,6,,4.56,228.38000,780195,43.10,47.71,59.62,6.39
DTE,250000000,-6.29%,-22991000000,23241000000,,8.39%,10.83%,5.71%,-85.94%,12.30%,5.31%,5.87%,2.90%,11.40%,1251960,6.13%,2.78%,141106,0.26,5,7.06,0.95,128.75000,1842227,40.49,52.85,56.76,6.77
OWL,152089000,2.58%,-2826760000,2978849000,,33.12%,48.88%,,-10.67%,5.80%,,4.63%,1.10%,-6.40%,2086752,8.22%,-21.42%,99622,0.23,6,,,17.19000,9382486,39.19,38.07,48.27,0.20
DXCM,2579400000,-0.16%,50500000,2528900000,-73.24%,6.38%,-0.26%,17.16%,0.19%,26.30%,20.49%,9.85%,8.80%,23.48%,391553,10.53%,8.86%,55942,0.62,6,2.89,5.19,67.30000,8911058,43.94,39.31,39.51,1.42
ROL,129931000,-3.21%,-682597000,812528000,,26.36%,-0.47%,10.50%,-2.65%,36.90%,30.26%,21.92%,16.90%,33.50%,178063,22.69%,16.96%,24506,1.23,6,43.98,12.65,54.11000,2727193,57.12,66.55,64.94,0.96
XYL,1121000000,1.10%,-895000000,2016000000,,-6.16%,-11.73%,-2.74%,-3.41%,8.50%,7.99%,6.99%,5.50%,9.86%,372261,6.53%,4.48%,38696,0.53,6,5.31,3.95,107.68000,2165358,34.93,35.82,44.57,3.65
NOK,9970211295,,2790943249,7179268046,,4.41%,-11.16%,93.93%,10.75%,6.20%,6.83%,3.32%,3.20%,4.82%,255257,5.69%,2.52%,16960,0.49,6,4.70,1.65,4.82000,21596084,40.45,53.30,56.02,0.32
AEE,7000000,2.52%,-18715000000,18722000000,,11.21%,13.43%,13.83%,-71.62%,10.10%,4.68%,4.96%,2.80%,10.40%,848792,4.59%,2.88%,131611,0.18,5,6.04,0.91,96.72000,2098079,45.55,58.35,61.03,4.43
ROK,471000000,-1.40%,-3468000000,3939000000,,-3.49%,7.85%,9.21%,-13.44%,26.80%,16.36%,18.89%,8.20%,60.92%,279072,13.70%,11.78%,31769,0.72,5,3.67,3.90,230.16000,1496180,36.49,31.88,40.63,8.03
ANSS,1497517000,-0.22%,656373000,841144000,10850.50%,-0.66%,-1.55%,7.34%,2.53%,10.10%,10.77%,8.67%,7.60%,10.84%,391509,8.31%,7.94%,88568,0.34,7,,9.86,296.50000,640982,38.56,34.52,44.89,6.55
MTB,20782000000,-3.69%,7117000000,13665000000,-56.29%,56.98%,1.09%,14.16%,27.89%,8.60%,,8.04%,1.20%,9.02%,387805,7.24%,1.12%,109555,0.04,4,,,157.85000,1695912,35.00,31.41,47.43,14.64
VRT,1227600000,0.44%,-1872000000,3099600000,,0.13%,0.52%,-2.22%,-7.13%,27.60%,15.17%,9.30%,5.90%,-2.18%,258445,16.11%,1.70%,15994,0.95,7,4.77,3.79,67.73000,11759016,40.04,36.23,48.44,1.28
CUK,833000000,-1.68%,-27558000000,28391000000,,-7.80%,-11.32%,14.51%,-148.60%,24.30%,10.06%,-5.81%,4.20%,-31.02%,221087,10.20%,-9.10%,17843,0.52,7,29.93,0.90,15.82000,2206730,39.58,37.33,47.74,1.55
STLA,42585309123,15.47%,808596015,41776713108,-96.94%,41.25%,37.10%,15.52%,3.21%,6.70%,2.59%,11.91%,2.70%,20.58%,658285,4.41%,7.12%,22966,0.77,3,7.14,,8.91000,35346665,32.41,22.71,32.04,1.92
CHD,964100000,-0.32%,-1240500000,2204600000,,-4.90%,-8.37%,1.34%,-4.85%,13.80%,11.25%,12.27%,6.70%,19.18%,1062104,9.51%,8.50%,101791,0.70,7,5.41,5.52,103.77000,2262711,41.88,45.36,53.06,2.37
DAL,3711000000,-2.16%,-18569000000,22280000000,,-12.71%,-15.31%,-0.61%,-71.37%,25.80%,11.70%,0.02%,4.80%,-11.04%,619340,11.89%,-0.78%,36600,0.82,6,22.51,1.17,39.36000,20008941,38.24,30.04,44.09,5.64
WRB,1974747000,1.42%,-939577000,2914324000,,-3.75%,2.39%,1.82%,-3.73%,21.70%,,13.01%,4.50%,17.36%,1584796,16.39%,3.56%,204057,0.35,5,,,67.11000,2073547,55.69,60.55,63.95,4.36
IQV,1843000000,3.33%,-12313000000,14156000000,,4.41%,1.87%,3.29%,-47.84%,21.00%,11.75%,7.08%,5.10%,16.96%,175057,8.93%,3.98%,15602,0.58,5,,1.87,143.22000,3282628,27.69,22.76,34.77,7.49
PPL,306000000,1.85%,-16500000000,16806000000,,14.45%,7.70%,-6.12%,-65.61%,6.30%,4.91%,4.59%,2.20%,3.44%,874625,4.48%,1.08%,91783,0.21,4,13.23,1.00,34.20000,6395737,43.20,52.96,58.56,1.20
NUE,4139000000,0.16%,-2811000000,6950000000,,6.93%,1.58%,9.66%,-11.14%,9.90%,8.91%,19.96%,5.90%,27.50%,939878,8.10%,15.26%,61988,0.90,5,4.99,3.88,109.44000,2843218,38.92,35.70,39.90,8.46
EQR,160166000,-2.83%,-8266476000,8426642000,,-0.88%,9.41%,-2.10%,-33.87%,9.40%,,4.13%,5.10%,9.02%,1192043,4.47%,4.78%,413110,0.15,5,,,64.27000,2520563,37.30,38.01,44.85,2.72
TEF,9030179752,,-43709340669,52739520422,,-11.03%,-15.49%,11.19%,-177.85%,-0.20%,,1.45%,,12.88%,426653,-0.17%,,-506,0.40,6,10.01,,4.41000,803987,42.55,49.35,50.50,-0.06
TKO,525556000,1.56%,-2509821000,3035377000,,,0.28%,,-21.11%,0.20%,2.36%,,0.10%,,2157185,1.07%,,7237,0.22,6,,2.07,145.09000,1100400,45.80,52.49,77.67,0.02
PUK,5772000000,-3.12%,1050000000,4722000000,-82.66%,-31.58%,-7.77%,-13.54%,4.29%,12.90%,,7.73%,1.30%,2.74%,783286,10.95%,0.26%,148261,0.07,7,,,19.13000,2052252,43.33,54.06,45.23,1.68
IP,1170000000,-0.08%,-6803000000,7973000000,,0.25%,-0.56%,-13.40%,-27.74%,6.60%,1.89%,6.37%,2.40%,10.72%,477410,7.60%,3.44%,14282,0.81,7,7.28,2.56,46.20000,5000583,37.82,37.04,50.34,1.57
TTD,1921489000,6.48%,1609274000,312215000,40.62%,3.14%,32.35%,10.51%,6.58%,15.50%,13.23%,8.82%,7.30%,13.48%,688297,10.15%,5.74%,110663,0.46,6,,5.83,49.27000,11561300,37.21,24.18,37.24,0.78
DD,1856000000,0.01%,-5315000000,7171000000,,-12.71%,-8.06%,-16.29%,-22.12%,3.00%,4.66%,2.89%,1.90%,8.76%,516083,3.09%,5.24%,29292,0.33,7,3.68,0.76,57.66000,5563479,28.98,24.35,37.77,1.67
TYL,767978000,-0.54%,129610000,638368000,,-22.81%,-8.40%,94.04%,0.54%,8.20%,7.63%,6.20%,5.40%,7.72%,288892,6.35%,4.84%,35544,0.44,6,,9.25,557.59000,414004,43.34,43.79,57.79,6.05
IRM,155716000,1.47%,-15898196000,16053912000,,11.95%,10.75%,9.09%,-66.39%,-82.20%,6.16%,5.82%,1.00%,26.80%,213168,4.85%,2.26%,6245,0.34,5,,0.82,81.63000,2345941,42.61,36.10,48.54,0.61
GDDY,1089000000,-0.31%,-2782700000,3871700000,,-1.29%,-0.89%,8.39%,-11.65%,231.20%,16.68%,32.20%,11.70%,-1117.66%,828779,31.68%,6.36%,169790,0.57,7,,2.37,169.00000,1683306,41.06,43.64,61.45,6.45
CCL,833000000,-1.68%,-27558000000,28391000000,,-7.80%,-11.32%,14.51%,-121.80%,24.30%,10.06%,-5.81%,4.20%,-31.02%,221087,10.20%,-9.10%,17843,0.52,7,29.93,0.97,17.60000,46890263,39.76,38.06,47.95,1.50
RKT,1289321000,-13.98%,-9901316000,11190637000,,-16.56%,39.38%,-5.94%,-41.33%,4.40%,,11.00%,0.10%,13.28%,359211,3.29%,0.34%,2068,0.21,4,,,11.88000,15829880,40.08,42.85,46.62,0.21
ATO,589406000,8.13%,-7920727000,8510133000,,2.27%,12.86%,14.50%,-33.51%,8.90%,5.90%,5.30%,4.30%,8.80%,795194,5.53%,3.92%,205981,0.17,5,4.43,1.64,149.29000,747021,47.85,57.54,64.16,6.98
WDS,4108000000,57.19%,-8030000000,12138000000,,,61.99%,,-34.95%,10.20%,8.41%,,6.10%,,2793345,7.90%,,757312,0.23,5,9.15,1.10,12.10000,2034180,32.99,32.47,27.09,1.87
CNP,585000000,5.44%,-20997000000,21582000000,,8.27%,12.27%,6.16%,-89.02%,9.80%,5.17%,4.79%,2.40%,6.46%,572346,5.18%,1.64%,67479,0.21,5,7.03,0.84,36.19000,10449330,56.65,72.57,67.39,1.58
NTR,853000000,-13.21%,-11954000000,12807000000,,5.70%,1.92%,2.89%,-51.45%,2.70%,4.60%,8.76%,1.30%,10.64%,1051498,3.62%,5.04%,27287,0.49,5,2.95,1.47,48.32000,3145447,42.14,46.16,42.65,1.36
FCNCO,31490000000,-0.13%,-7202000000,38692000000,,172.55%,-18.06%,114.62%,-34.97%,12.60%,,10.24%,1.20%,20.64%,541688,4.43%,1.90%,149871,0.04,4,,,21.00000,7307,24.56,30.03,39.55,57.47
MPWR,862946000,,862946000,,-22.15%,,,,3.64%,72.90%,17.24%,26.87%,61.10%,32.96%,549440,53.47%,26.94%,444785,0.76,3,2.46,32.72,484.71000,2088645,39.76,32.85,42.00,36.59
CHKP,1371900000,,1371900000,,-10.33%,,,,5.92%,30.20%,25.51%,25.47%,15.10%,27.16%,384615,27.32%,14.72%,126811,0.46,5,,9.15,213.78000,1171573,42.53,56.25,67.80,7.46
EXE,479000000,181.61%,-5201000000,5680000000,,35.60%,180.08%,,-22.40%,-5.90%,-2.90%,-19.29%,-4.10%,422.20%,2823333,-3.45%,-5.40%,-476000,0.25,2,,1.56,99.55000,4254271,39.64,51.64,57.64,-4.55
FE,154000000,1.34%,-23869000000,24023000000,,0.24%,-3.56%,2.73%,-102.38%,7.90%,7.89%,3.69%,1.90%,10.86%,1095730,3.75%,2.10%,79545,0.26,5,16.09,0.81,40.09000,6776144,53.14,49.38,51.11,1.70
KEYS,2060000000,-0.49%,40000000,2020000000,,0.10%,-1.85%,0.69%,0.18%,12.00%,11.67%,14.28%,6.60%,21.52%,323742,8.43%,10.76%,39419,0.54,5,1.82,5.44,133.41000,1306411,37.44,37.34,43.76,3.50
VRSN,599900000,0.02%,-1192400000,1792300000,,0.12%,0.12%,0.05%,-5.19%,-43.00%,-880.58%,123.70%,51.50%,-51.10%,1671030,-491.31%,45.04%,843026,1.02,7,,-5.50,242.87000,760456,50.73,71.90,63.07,8.00
SBAC,1396494000,8.50%,-14359700000,15756194000,,2.75%,8.94%,4.14%,-64.46%,-14.40%,12.48%,9.12%,7.20%,-7.58%,1557927,13.07%,3.84%,435777,0.26,5,,0.51,212.20000,1529306,46.26,48.77,45.37,6.94
STT,116102000000,11.36%,79309000000,36793000000,17.76%,34.33%,51.00%,20.55%,349.15%,9.90%,,5.24%,0.70%,9.32%,282609,4.35%,0.74%,53978,0.04,2,,,79.00000,2496419,35.87,35.20,46.43,8.21
GIB,1296798587,2.78%,-1132146852,2428945440,,-6.64%,13.30%,7.84%,-5.13%,18.80%,19.88%,12.84%,10.50%,19.26%,114648,13.29%,9.50%,13437,0.90,6,,4.21,98.21000,452347,41.14,34.53,45.65,5.26
LVS,3775000000,-1.86%,-9977000000,13752000000,,-2.41%,-1.97%,1.94%,-44.12%,41.30%,16.02%,1.32%,6.90%,5.18%,280347,12.62%,1.58%,35881,0.54,7,146.25,1.85,31.72000,6649597,27.16,24.36,35.06,1.96
ERIC,6173674278,,1547101661,4626572617,,16.68%,15.40%,,7.05%,,-0.63%,5.92%,,,238251,0.03%,,19,0.84,6,5.02,1.78,7.11000,42454425,35.46,41.16,50.34,0.00
FITB,3014000000,1.62%,-15977000000,18991000000,,13.23%,-2.28%,3.18%,-70.75%,11.00%,,6.06%,1.00%,10.74%,426998,5.99%,1.02%,115761,0.04,4,,,33.83000,9234824,31.97,28.18,44.08,3.14
LPLA,2684052000,23.70%,-2810672000,5494724000,,24.99%,47.15%,15.71%,-11.66%,40.40%,,16.51%,8.90%,40.88%,1376123,15.04%,8.76%,117624,1.04,5,,,301.53000,1202540,40.24,42.85,55.14,14.03
DRI,224200000,-4.05%,-5855000000,6079200000,,8.58%,14.57%,2.99%,-26.17%,48.70%,13.35%,11.13%,8.80%,31.24%,62771,14.49%,6.74%,5624,0.99,5,29.63,2.45,192.03000,1286857,45.16,55.38,61.94,8.86
FOX,3322000000,0.01%,-3878000000,7200000000,,-3.27%,-14.74%,1.29%,-17.84%,19.80%,16.29%,8.91%,9.80%,13.14%,1459712,11.13%,6.36%,210096,0.68,7,8.72,2.76,46.01000,1251657,40.08,48.60,61.49,4.66
FOXA,3322000000,0.01%,-3878000000,7200000000,,-3.27%,-14.74%,1.29%,-18.15%,19.80%,16.29%,8.91%,9.80%,13.14%,1488333,11.13%,6.36%,214216,0.68,7,8.72,2.74,49.52000,4496147,41.72,51.98,63.74,4.68
MKL,4192248000,-0.59%,-138093000,4330341000,,-0.24%,14.57%,4.15%,-0.62%,16.60%,,9.00%,4.50%,10.52%,755489,13.57%,2.98%,123228,0.28,4,,,1763.13000,51623,44.52,50.91,60.12,199.32
LI,15423134869,4.17%,13188570784,2234564085,7.53%,27.74%,20.65%,57.05%,112.20%,12.30%,-2.76%,1.55%,5.30%,4.16%,626414,6.95%,1.68%,34830,0.94,5,15.25,,22.25000,10874176,38.60,43.18,46.21,1.04
ONC,2627410000,-1.96%,1547544000,1079866000,-30.96%,15.84%,16.09%,31.24%,5.94%,-19.10%,-15.67%,-26.87%,-11.10%,-32.80%,346386,-12.88%,-22.34%,-58617,0.66,3,1.30,4.68,208.31000,915321,30.79,46.53,51.68,-0.47
IX,8655783905,4.27%,-36391177000,45046960905,,9.05%,8.78%,7.63%,-856.87%,10.00%,,3.55%,2.40%,8.92%,554332,3.97%,2.06%,75406,0.18,3,7.37,,18.75000,314866,35.57,37.24,45.19,2.35
PPG,1358000000,-12.02%,-5037000000,6395000000,,-5.03%,-3.09%,1.82%,-22.48%,14.70%,12.71%,9.48%,5.30%,18.36%,344457,10.15%,5.66%,24261,0.75,7,4.90,3.88,98.53000,2992783,38.56,27.68,32.78,4.75
BNTX,18968576735,229.40%,17021642277,1946934457,-5.60%,5.21%,159.17%,83.19%,77.87%,-3.40%,-3.21%,22.67%,-3.00%,39.98%,423173,-6.21%,28.06%,-102336,0.12,2,1.69,5.84,93.12000,1152606,43.99,39.78,44.10,-2.89
FCNCA,22178000000,-0.90%,-15889000000,38067000000,,177.36%,-1.74%,95.68%,-72.52%,12.20%,,9.30%,1.20%,20.52%,533734,4.61%,1.90%,155422,0.04,4,,,1639.64000,163030,38.56,34.42,49.70,189.41
FTS,157542452,5.11%,-23942872242,24100414695,,9.10%,12.22%,7.80%,-105.82%,7.00%,3.11%,4.73%,2.30%,6.66%,868659,4.75%,2.22%,121226,0.17,4,10.05,0.69,45.25000,782527,51.14,57.53,56.67,2.25
CBOE,1030600000,-0.32%,-548800000,1579400000,,3.40%,-0.67%,11.55%,-2.51%,18.40%,17.76%,10.65%,9.00%,14.94%,2486035,13.23%,7.52%,462052,0.48,6,,5.42,210.02000,1493329,44.95,53.22,62.42,7.21
VLTO,1101000000,-1.52%,-1498000000,2599000000,,,-1.14%,,-6.87%,46.70%,23.23%,,13.70%,,324563,19.98%,,52063,0.86,7,7.14,4.84,88.70000,1722667,34.67,27.88,52.34,3.34
DOV,1844877000,-13.51%,-1084525000,2929402000,,-2.13%,-15.34%,-0.94%,-4.96%,46.60%,30.89%,13.97%,22.60%,28.96%,309836,16.12%,12.24%,107885,0.65,6,4.18,5.54,159.56000,1443006,37.23,31.71,45.78,19.45
BEKE,8814469615,4.49%,5717231116,3097238499,-3.88%,44.49%,25.96%,11.67%,81.15%,5.80%,-1.61%,3.45%,3.30%,2.74%,110039,4.01%,1.46%,4802,0.75,5,,1.50,18.08000,10482643,36.84,45.31,48.89,0.49
CVE,2381321412,6.98%,-5214051082,7595372494,,-11.65%,6.93%,4.30%,-26.06%,10.60%,9.92%,5.85%,5.70%,7.64%,6284155,9.47%,3.76%,363779,0.98,5,10.20,,11.10000,10183606,33.28,29.37,31.52,1.16
FTV,813300000,-3.95%,-2894000000,3707300000,,-2.17%,1.68%,-10.63%,-13.55%,8.00%,7.60%,6.02%,4.80%,10.08%,346211,7.07%,5.58%,46272,0.36,6,4.62,3.16,63.77000,5580373,31.81,28.83,41.84,2.36
ERIE,343001000,,343001000,,51.72%,,,,1.79%,32.10%,36.30%,22.18%,21.80%,26.06%,558023,26.98%,16.38%,88268,1.38,7,,16.58,414.85000,176850,51.66,49.19,57.29,11.48
RYAAY,4613875225,,1537510416,3076364809,,-8.83%,-34.77%,,34.24%,28.90%,19.29%,6.36%,11.40%,7.86%,656432,17.92%,3.00%,93608,0.80,6,1698.19,1.88,42.44000,2298791,45.19,44.59,48.31,3.64
HPQ,2894000000,0.23%,-6797000000,9691000000,,11.15%,0.32%,14.82%,-31.53%,-231.20%,32.43%,56.11%,7.00%,-172.82%,928931,36.85%,10.16%,46862,1.40,6,5.48,1.69,22.87000,9443296,30.87,22.81,34.15,2.78
TDY,649800000,-5.33%,-1999200000,2649000000,,-13.55%,-18.36%,25.51%,-9.38%,8.70%,7.68%,7.29%,5.70%,9.86%,380537,7.09%,5.88%,54980,0.39,6,3.53,4.14,458.93000,328678,40.38,46.70,53.17,17.43
TSN,2292000000,0.19%,-7514000000,9806000000,,1.55%,1.32%,-3.50%,-36.49%,5.80%,5.79%,7.14%,2.80%,10.08%,388500,4.71%,4.76%,7623,1.43,7,9.75,3.15,60.13000,3125406,48.18,51.56,49.37,2.96
CMS,178000000,2.47%,-16388000000,16566000000,,9.92%,5.90%,4.57%,-77.67%,12.30%,7.31%,5.06%,2.90%,14.56%,899354,4.80%,3.10%,118837,0.22,4,5.05,0.95,71.55000,2777170,41.51,53.41,57.92,3.33
ADM,8069000000,1.67%,-3469000000,11538000000,,2.93%,20.24%,3.16%,-16.46%,8.00%,8.95%,6.93%,3.40%,12.32%,1941966,3.58%,5.12%,40869,1.61,5,6.78,2.95,44.48000,5104817,42.30,36.59,32.95,3.65
STE,155178000,-3.33%,-2164715000,2319893000,,-12.80%,-33.89%,12.98%,-10.15%,7.30%,8.23%,6.10%,4.50%,6.90%,280276,7.59%,4.16%,25722,0.49,7,3.83,4.79,217.12000,694674,48.29,49.74,50.93,4.72
EIX,193000000,3.17%,-37568000000,37761000000,,8.54%,6.94%,18.08%,-179.13%,8.30%,4.45%,4.55%,1.50%,5.88%,1255905,5.43%,1.18%,91629,0.21,6,19.49,0.63,55.40000,2895474,46.32,32.77,39.91,3.31
IOT,713016000,-6.60%,632738000,80278000,35.38%,-17.88%,-19.31%,,2.93%,-15.70%,-11.91%,-9.16%,-8.30%,-36.04%,356914,-16.53%,-19.60%,-44259,0.67,5,9.76,13.06,37.40000,4498725,44.53,42.88,50.58,-0.28
ZM,7791709000,-0.49%,7754303000,37406000,12.15%,-23.94%,-22.57%,-10.40%,36.12%,11.70%,14.48%,10.56%,9.50%,17.22%,629443,6.96%,11.74%,136298,0.44,5,,8.32,69.61000,2969025,39.50,41.22,43.13,3.21
TU,667112837,2.94%,-20600501549,21267614386,,12.40%,8.46%,9.90%,-94.88%,6.30%,2.90%,5.22%,1.70%,8.48%,130479,4.78%,2.54%,6356,0.36,5,13.73,,14.42000,8665069,47.31,43.62,39.07,0.47
VOD,14620291891,-2.17%,-47745823932,62366115824,,4.99%,-26.24%,7.33%,-226.48%,4.20%,2.33%,1.54%,1.80%,5.04%,381472,2.70%,,29427,0.23,7,25.33,-0.70,8.45000,18984617,38.66,43.10,39.94,1.04
CPAY,5779345000,3.01%,-2216735000,7996080000,,10.18%,18.94%,9.68%,-10.46%,32.90%,19.12%,11.21%,5.90%,30.16%,354874,11.56%,6.38%,89620,0.24,4,,2.12,299.74000,576698,37.54,36.13,49.73,13.97
GFI,860200000,,-2085600000,2945800000,,7.65%,50.61%,35.16%,-9.97%,25.70%,,16.24%,13.60%,20.48%,792927,15.78%,10.66%,189787,0.57,5,3.32,,23.40000,6621616,63.83,69.24,66.74,1.38
SW,855000000,-2.33%,-12740000000,13595000000,,,262.82%,,-60.90%,2.70%,2.63%,,1.10%,,211090,1.85%,,3190,0.71,4,7.12,1.20,40.27000,4715308,43.82,36.42,0.00,0.82
MCHP,586000000,5.08%,-6163500000,6749500000,,-4.98%,18.51%,-6.77%,-29.55%,4.90%,4.56%,14.04%,2.00%,20.58%,213314,3.86%,7.74%,13848,0.30,5,1.50,2.43,38.81000,23779577,37.19,28.66,30.40,0.57
PBA,100970390,-0.55%,-9438225098,9539195488,,3.65%,19.55%,3.96%,-46.06%,10.20%,7.12%,6.84%,4.90%,8.80%,1921236,8.06%,4.26%,447785,0.21,6,12.83,,35.16000,1892592,30.32,38.65,46.95,2.08
MTD,59362000,-3.06%,-1954526000,2013888000,,6.19%,-3.22%,9.30%,-9.66%,-582.50%,53.67%,43.83%,26.40%,1894.50%,223836,48.83%,24.32%,49892,1.18,7,4.25,9.56,997.69000,380264,32.59,29.24,39.62,40.48
NVR,2664667000,0.56%,1644182000,1020485000,-25.30%,-13.76%,0.61%,8.34%,7.91%,39.70%,,29.64%,26.10%,41.56%,1470346,32.29%,24.36%,240275,1.60,5,3.92,,6998.83000,25347,44.29,34.56,47.97,506.69
CINF,983000000,0.11%,108000000,875000000,227.27%,-0.82%,0.11%,-0.23%,0.52%,17.20%,,11.40%,6.50%,13.38%,2015825,15.76%,5.08%,407539,0.32,5,,,131.60000,778498,40.15,44.58,53.76,14.53
BBD,24721730469,,-2636445998,27358176468,,66.98%,20.23%,,-11.93%,10.30%,,-8.71%,0.90%,11.94%,137527,-4.07%,1.08%,30466,0.04,2,,,2.11000,40614643,46.29,45.69,41.57,0.23
BBDO,24649820945,,-2628777215,27278598161,,66.98%,20.23%,,-13.22%,10.30%,,-8.71%,0.90%,11.94%,137527,-4.07%,1.08%,30466,0.04,2,,,1.96000,131762,42.90,42.88,41.49,0.26
UAL,14475000000,0.82%,-19158000000,33633000000,,-6.44%,-8.45%,10.46%,-93.28%,28.70%,11.42%,0.23%,4.30%,-10.72%,531808,8.31%,-1.26%,29348,0.78,7,13.38,1.29,62.75000,13472996,40.34,35.86,50.20,9.45
GPN,2538416000,-4.63%,-14205358000,16743774000,,11.81%,-3.18%,11.79%,-68.84%,7.00%,6.15%,2.89%,3.20%,3.54%,374292,5.03%,1.78%,58162,0.20,7,,1.05,83.24000,3732172,36.12,28.91,37.47,6.16
ES,26656000,2.01%,-29088196000,29114852000,,12.92%,8.82%,13.33%,-142.04%,5.50%,4.44%,4.61%,1.40%,5.84%,1114308,3.58%,1.76%,75997,0.20,5,12.25,0.66,55.69000,3404759,36.74,37.62,40.15,2.27
ZBH,525500000,-3.82%,-5679100000,6204600000,,-4.25%,7.57%,-5.47%,-27.68%,7.20%,6.63%,3.93%,4.20%,3.88%,451682,6.01%,2.24%,53165,0.36,6,0.95,2.79,102.26000,3078284,30.80,39.91,41.60,4.43
MKC,102800000,-0.79%,-4204900000,4307700000,,-7.10%,-3.35%,-0.61%,-21.07%,13.30%,11.21%,8.19%,5.50%,15.00%,477057,8.67%,5.44%,50674,0.52,7,3.48,2.71,75.54000,2518155,40.75,45.84,47.54,2.90
MKC.V,166300000,0.18%,-4298500000,4464800000,,-6.49%,-8.20%,-0.90%,-21.43%,13.00%,10.53%,8.43%,5.20%,16.20%,474000,8.17%,5.62%,47475,0.52,7,3.40,2.65,75.23000,2609,41.38,45.98,47.79,2.90
FWONA,2956000000,4.19%,-1592000000,4548000000,,-37.46%,7.70%,-21.72%,-6.25%,-14.50%,-15.12%,2.00%,-7.40%,-0.82%,3085304,,-0.74%,-1742399,0.13,6,,3.40,71.40000,127210,34.84,36.50,52.14,-0.13
PHG,2758854674,,-5766586609,8525441283,,,10.17%,,-27.86%,-5.80%,2.99%,-1.32%,-2.40%,2.76%,276777,-7.24%,1.28%,-10782,0.62,6,3.31,,22.61000,1461929,36.32,36.49,44.88,-0.78
SMCI,1430002000,-15.48%,-479033000,1909035000,,82.14%,408.22%,141.48%,-2.40%,25.50%,19.01%,15.02%,14.70%,21.26%,3662891,17.58%,11.18%,254157,2.12,4,6.01,7.49,33.68000,37753898,45.07,45.56,47.58,2.30
WBD,5312000000,-1.75%,-34193000000,39505000000,,38.85%,-9.54%,20.70%,-171.97%,-30.60%,-10.37%,-1.88%,-10.30%,-7.00%,1123457,-13.64%,-2.58%,-323171,0.36,6,,0.07,8.10000,61537984,37.33,39.21,40.17,-4.62
KOF,1542183625,,-2126542830,3668726455,,46.14%,0.94%,19.72%,-108.41%,15.50%,-4.15%,9.96%,7.10%,12.50%,138951,11.86%,5.70%,11076,0.89,5,11.98,2.23,94.13000,272698,58.43,65.91,60.51,5.47
TME,3721375350,0.36%,2894114430,827260920,31.57%,3.54%,-1.53%,111.49%,31.95%,12.40%,-30.60%,6.61%,9.20%,9.12%,750347,8.41%,6.84%,202666,0.34,6,1169.71,3.12,12.49000,9458144,42.07,50.48,55.95,0.67
MT,6484000000,,-5079000000,11563000000,,-24.59%,-6.16%,42.32%,-26.21%,2.60%,5.99%,8.17%,1.50%,10.96%,497871,2.54%,5.80%,10676,0.68,5,3.93,1.99,25.48000,3121145,40.17,48.07,49.96,1.69
CRWV,1398477000,431.08%,-9221800000,10620277000,,,,,-61.49%,,-3.56%,,-8.20%,,2174150,,,-1064432,0.17,3,,0.25,42.20000,9301435,0.00,0.00,0.00,-2.64
LII,422300000,4.61%,-1066300000,1488600000,,1.17%,-2.53%,1.90%,-5.45%,126.60%,47.83%,35.27%,24.80%,39.04%,423913,35.58%,20.70%,64040,1.64,7,5.08,8.87,550.29000,390779,44.85,41.43,58.92,22.54
AU,1135000000,,-1036000000,2171000000,,-7.43%,5.90%,,-5.32%,7.30%,6.52%,7.22%,3.70%,11.78%,138093,5.49%,5.38%,9112,0.56,7,4.39,3.36,38.85000,3809303,65.98,68.38,69.46,0.71
FWONK,2956000000,4.19%,-1592000000,4548000000,,-37.46%,7.70%,-21.72%,-6.35%,-14.50%,-15.12%,2.00%,-7.40%,-0.82%,,,-0.74%,,0.13,6,,3.36,78.37000,1927276,35.99,39.38,53.76,-0.12
INVH,419693000,-8.95%,-7782609000,8202302000,,0.84%,-4.02%,-0.63%,-40.54%,4.60%,,4.04%,2.40%,3.74%,1496538,5.03%,1.96%,259381,0.14,5,,,31.64000,3461617,37.77,41.30,44.72,0.74
KB,20557984262,,-82575835964,103133820226,,48.86%,68.65%,31.33%,-437.00%,8.40%,,3.12%,0.70%,8.76%,462464,7.22%,0.66%,146195,0.02,2,,,50.94000,209452,41.02,35.37,48.39,8.73
NTRA,968276000,-62.03%,791326000,176950000,76.40%,-23.26%,-58.88%,3.35%,4.12%,-20.60%,-13.60%,-34.81%,-12.20%,-67.60%,382704,-16.20%,-32.88%,-42947,1.09,4,15.76,24.00,143.28000,1839011,49.42,48.88,62.58,-1.53
CDW,717700000,-3.19%,-5274200000,5991900000,,-5.24%,3.15%,11.68%,-27.14%,47.80%,17.93%,15.84%,7.70%,75.32%,1390642,14.86%,8.64%,71377,1.50,6,25.75,2.78,146.70000,2785553,36.59,27.36,36.37,7.97
EXPE,5874000000,-0.35%,-657000000,6531000000,,-9.50%,-0.55%,3.61%,-3.56%,106.00%,20.49%,1.01%,5.10%,0.20%,829758,12.97%,-0.90%,74788,0.57,7,,1.28,149.52000,2806047,39.99,41.38,51.03,8.95
DOW,2189000000,-1.48%,-15456000000,17645000000,,3.03%,7.28%,-1.63%,-80.20%,6.20%,4.95%,8.94%,1.90%,16.44%,1193444444,4.67%,4.52%,31000000,0.73,4,6.08,1.82,27.29000,13573006,31.06,16.13,24.89,1.57
BCE,1409758647,1.06%,-27546054856,28955813503,,10.93%,11.96%,9.02%,-142.43%,0.90%,5.00%,6.53%,0.20%,9.26%,379975,3.30%,3.04%,2537,0.33,5,31.23,0.47,20.98000,5052153,31.93,30.49,24.18,0.13
TOST,1417000000,-11.11%,1393000000,24000000,27.68%,-37.65%,-27.27%,,7.27%,1.40%,1.38%,-0.14%,0.90%,-27.96%,870175,0.88%,-22.58%,3333,2.24,7,31.95,15.06,33.36000,7159551,47.19,46.92,52.47,0.03
EL,2586000000,-6.26%,-6797000000,9383000000,,5.65%,-8.02%,3.58%,-35.46%,-13.80%,-1.76%,9.66%,-3.30%,26.76%,291398,-2.97%,7.16%,-13441,0.71,6,1.77,2.45,53.30000,5792274,34.12,30.53,28.61,-1.95
DG,932576000,-0.59%,-16530809000,17463385000,,7.02%,-3.47%,8.35%,-86.26%,15.50%,7.06%,10.04%,3.60%,31.68%,209126,5.39%,7.44%,5794,1.30,6,4.17,2.17,87.13000,6454425,55.14,53.22,35.02,5.11
TROW,2649800000,-3.36%,2371100000,278700000,34.87%,3.80%,-9.66%,13.76%,12.61%,20.80%,,21.35%,15.80%,25.70%,869527,16.47%,18.88%,257428,0.53,6,,,85.94500,3008237,39.62,28.45,37.43,9.15
VG,3931000000,8.80%,-25881000000,29812000000,,,172.38%,,-136.96%,66.90%,6.42%,,4.10%,,3314667,4.20%,,983333,0.14,4,19.70,0.74,7.81000,8830749,33.54,0.00,0.00,0.57
WSO.B,478864000,1.09%,69654000,409210000,,16.29%,-24.31%,4.86%,0.34%,22.80%,19.87%,22.28%,12.70%,24.14%,1000427,20.04%,12.90%,70359,1.80,4,3.26,11.69,507.10000,2,60.58,54.93,65.02,13.29
PHM,1653680000,-0.11%,-491812000,2145492000,,-6.86%,-12.85%,-7.05%,-2.60%,27.00%,,19.59%,18.30%,27.34%,2641977,21.04%,16.34%,453888,1.07,6,1.04,,93.68000,2408966,37.85,32.29,47.27,14.69
CTRA,2277000000,71.10%,-1258000000,3535000000,,4.19%,63.58%,23.71%,-6.71%,8.60%,7.08%,12.17%,5.40%,17.68%,5965027,6.95%,10.34%,1225137,0.26,5,36.29,2.30,24.70000,7975901,34.67,43.33,47.07,1.50
WSO,781940000,4.46%,334477000,447463000,,6.57%,10.54%,3.25%,1.66%,20.40%,19.52%,22.94%,12.10%,24.68%,1044320,19.21%,13.40%,73514,1.72,4,4.08,11.72,499.13000,353692,50.25,51.80,60.64,13.30
RYAN,540203000,21.56%,-2923995000,3464198000,,27.20%,60.75%,38.94%,-32.11%,15.60%,5.80%,8.00%,1.10%,-470.82%,479183,6.82%,1.28%,18031,0.30,5,,1.05,71.95000,1265913,53.46,58.32,65.86,0.71
HBAN,13332000000,0.30%,-3241000000,16573000000,,30.59%,27.35%,5.88%,-17.59%,9.10%,,5.55%,0.90%,8.52%,349438,5.39%,0.88%,90357,0.04,4,,,12.89000,28744911,35.39,31.75,45.07,1.22
MOH,8987000000,23.29%,5869000000,3118000000,-12.69%,9.24%,30.73%,16.26%,31.58%,25.40%,22.07%,16.60%,7.60%,28.56%,2258333,16.63%,7.18%,65500,2.62,5,,4.70,342.68000,778989,61.08,59.05,54.43,20.42
WY,684000000,0.04%,-4392000000,5076000000,,-0.15%,0.14%,-4.46%,-23.43%,4.00%,4.47%,10.99%,2.40%,12.96%,754661,4.29%,7.54%,41949,0.43,4,10.01,2.42,25.82000,3731752,33.98,32.94,40.88,0.54
WAT,325355000,-10.63%,-1376987000,1702342000,,2.06%,-30.30%,-0.83%,-7.50%,41.80%,22.44%,28.45%,14.20%,-17.78%,389261,19.78%,18.70%,83926,0.66,5,2.42,8.54,314.66000,858226,36.66,36.81,48.25,10.71
GFS,3386000000,-21.20%,1490000000,1896000000,46.65%,-4.07%,-21.13%,,7.97%,-2.40%,-0.20%,1.27%,-1.50%,0.68%,519231,-1.69%,0.18%,-20385,0.38,5,3.28,1.41,33.81000,2064433,42.83,38.45,37.32,-0.48
MAA,56761000,2.15%,-4924196000,4980957000,,3.32%,9.71%,2.26%,-27.33%,8.70%,,5.37%,4.50%,8.28%,865330,5.95%,4.38%,206894,0.19,4,,,154.87000,1533306,37.63,45.34,50.04,4.49
SSNC,570800000,-2.62%,-6613900000,7184700000,,4.94%,3.84%,-0.86%,-36.25%,11.60%,9.23%,7.05%,4.20%,11.48%,219478,8.34%,4.06%,28377,0.33,6,,1.72,74.98000,1665316,38.06,44.04,55.05,3.00
RDDT,1840809000,-0.98%,1814107000,26702000,52.78%,,3.71%,,9.87%,-24.70%,-22.46%,,-22.50%,,582268,-25.98%,,-216872,0.61,5,,53.76,102.01000,7281940,41.96,41.34,0.00,-3.33
NRG,974000000,1.00%,-10017000000,10991000000,,9.87%,0.18%,11.26%,-53.79%,35.50%,13.80%,11.47%,4.30%,31.38%,1798938,13.98%,4.14%,67660,1.14,5,40.74,2.07,92.89000,2570061,47.42,48.96,63.67,4.99
HUBB,345000000,-18.81%,-1223100000,1568100000,,2.76%,-26.74%,-0.04%,-6.81%,25.00%,19.86%,14.22%,11.40%,22.70%,317994,17.56%,9.82%,43944,0.82,6,4.45,5.46,341.84000,869092,47.99,36.93,48.47,14.37
LH,1518700000,-5.78%,-5754100000,7272800000,,4.67%,22.15%,0.46%,-30.60%,9.30%,7.75%,8.28%,4.20%,13.82%,185841,5.52%,6.56%,10657,0.74,7,19.39,2.74,218.61000,2023109,35.81,37.42,49.36,8.84
WSM,1212977000,2.42%,-134338000,1347315000,,1.61%,-3.11%,-3.65%,-0.72%,52.90%,42.19%,30.65%,21.80%,61.50%,393446,31.04%,21.60%,57411,1.49,5,3.20,6.48,147.89000,2881897,41.02,39.69,54.27,8.79
IFF,469000000,-1.99%,-9042000000,9511000000,,-7.64%,-11.22%,16.76%,-50.47%,1.70%,2.38%,-1.12%,0.80%,-3.24%,512679,1.59%,-1.66%,10848,0.39,8,3.19,1.22,71.38000,2548823,36.59,27.54,36.51,0.95
DGX,549000000,-0.65%,-6376000000,6925000000,,14.14%,28.98%,5.38%,-35.14%,13.10%,9.62%,11.21%,5.80%,19.28%,176286,7.48%,9.00%,15554,0.66,4,35.07,2.88,163.85000,2073262,44.43,54.67,58.64,7.69
UI,133088000,-25.32%,-305147000,438235000,,-7.94%,-57.63%,-7.80%,-1.69%,296.80%,79.53%,81.54%,37.70%,457.18%,1401095,67.58%,46.54%,289822,1.82,6,2.12,16.49,299.74000,96363,44.06,46.67,56.61,7.36
SYF,14711000000,-1.09%,-751000000,15462000000,,2.15%,-3.25%,-4.89%,-4.14%,21.60%,,9.84%,2.90%,20.34%,469600,10.87%,2.76%,171350,0.08,4,,,46.63000,5487840,39.01,33.82,48.95,8.55
HPE,17202000000,-2.02%,-675000000,17877000000,,8.30%,39.70%,5.20%,-3.75%,11.80%,7.03%,5.17%,4.20%,8.64%,511902,5.31%,2.96%,45328,0.48,5,2.87,0.94,13.74000,22995025,37.71,32.06,38.37,2.07
DVN,846000000,-0.10%,-8357000000,9203000000,,10.97%,42.68%,15.19%,-47.18%,21.60%,14.80%,10.31%,10.40%,12.52%,6930435,13.90%,8.02%,1256957,0.57,4,29.37,2.01,27.75000,14543974,33.88,33.17,34.13,4.56
RPRX,1770996000,0.07%,-5841430000,7612426000,,2.37%,24.08%,4.06%,-43.22%,8.50%,6.39%,7.33%,4.90%,8.60%,22864404,7.20%,4.40%,8676596,0.13,4,,1.60,31.21000,6513334,51.97,59.68,52.30,1.91
L,541000000,-6.19%,-8403000000,8944000000,,-0.50%,-0.66%,-4.96%,-47.35%,8.40%,,4.50%,1.70%,5.40%,1425896,6.84%,1.08%,115147,0.21,6,,,84.37000,875421,44.17,50.78,61.25,6.41
LDOS,943000000,2.94%,-4348000000,5291000000,,-2.25%,1.79%,9.82%,-24.35%,28.30%,19.42%,8.67%,9.60%,17.08%,347125,14.07%,5.48%,26125,1.28,7,44.36,3.41,139.67000,1579371,51.30,44.50,53.15,9.22
IBKR,3633000000,-3.93%,-12922000000,16555000000,,11.39%,43.25%,19.51%,-18.61%,18.80%,,10.94%,0.50%,15.44%,1729486,12.84%,0.36%,251835,0.04,5,,,164.31000,3322531,45.39,45.54,59.99,6.93
NI,198600000,2.54%,-13761700000,13960300000,,12.51%,-1.19%,7.68%,-76.94%,9.00%,5.19%,4.84%,2.40%,6.98%,736082,5.32%,1.94%,99811,0.18,4,2.54,0.72,38.01000,6311158,42.35,53.77,66.16,1.62
EC,3250610876,,-20977328907,24227939782,,121.83%,176.72%,,-122.27%,26.00%,-0.02%,13.07%,7.20%,24.28%,1880551,14.87%,7.76%,276598,0.49,4,11.12,1.53,8.23000,5030869,34.79,39.95,40.37,2.64
PINS,2512869000,-1.97%,2361505000,151364000,0.47%,-10.22%,-5.76%,-2.68%,13.19%,53.30%,3.25%,4.17%,45.80%,10.94%,781433,23.75%,9.42%,399080,0.90,4,,19.56,26.23000,11401434,36.62,36.54,42.79,2.67
PODD,953400000,-1.32%,-426500000,1379900000,,2.70%,-2.54%,9.22%,-2.43%,40.60%,13.40%,7.04%,14.40%,16.14%,531179,16.61%,4.88%,107256,0.71,8,1.50,7.19,251.47000,880598,46.78,49.79,54.63,5.78
OKTA,2523000000,-0.83%,1571000000,952000000,67.84%,-21.96%,-24.80%,-2.71%,9.52%,0.50%,0.74%,-7.13%,0.30%,-16.38%,441326,-0.61%,-6.58%,4735,0.29,6,,3.26,101.63000,4262703,47.21,55.70,52.88,0.06
STLD,737275000,-12.29%,-2493732000,3231007000,,1.33%,5.21%,3.39%,-14.16%,17.00%,15.85%,22.41%,10.10%,33.62%,1349261,12.46%,17.98%,118241,1.16,4,4.91,5.04,117.49000,2060196,45.22,45.35,50.09,9.84
HAL,2618000000,-1.07%,-5984000000,8602000000,,-5.56%,-2.35%,-5.41%,-34.20%,24.70%,18.28%,8.48%,9.90%,9.56%,478000,15.54%,4.20%,52104,0.91,5,5.95,3.14,20.27000,13670241,34.30,29.48,34.23,2.83
LYB,3388000000,-0.41%,-9180000000,12568000000,,-1.78%,-0.58%,-1.09%,-51.87%,10.30%,7.19%,12.18%,3.70%,25.80%,2015100,6.18%,7.90%,68000,1.10,4,7.59,2.33,54.34000,7046900,28.83,15.24,25.54,4.15
ESS,75846000,3.66%,-6578244000,6654090000,,1.53%,6.11%,2.48%,-38.52%,13.50%,,3.94%,5.80%,9.06%,1034665,4.33%,4.08%,432374,0.14,5,,,262.85000,737038,32.24,38.34,47.33,11.54
RBA,708800000,-0.12%,-3489500000,4198300000,,34.03%,-7.97%,45.21%,-19.89%,7.20%,7.48%,9.01%,3.10%,13.84%,538216,6.06%,5.46%,46822,0.36,5,15.83,2.48,94.79000,968414,46.52,54.07,62.54,2.01
ESLT,266681000,-14.29%,-1103629000,1370310000,,-1.97%,-6.56%,2.11%,-6.22%,10.40%,9.03%,8.13%,3.00%,10.10%,346381,9.38%,2.86%,16291,0.64,7,2.05,2.63,396.26000,92679,62.00,75.61,82.77,7.18
VIK,2489672000,4.89%,-3082791000,5572463000,,,0.42%,,-17.92%,-7.60%,11.22%,,1.60%,,444490,18.09%,,12694,0.57,7,42.64,0.74,39.22000,3181272,46.53,44.49,0.00,0.36
CCJ,429750596,-28.19%,-485602350,915352946,,-1.96%,28.70%,19.83%,-2.88%,2.80%,4.90%,0.74%,1.70%,1.46%,898358,4.47%,0.92%,49234,0.32,8,3.12,4.96,38.68000,4304495,39.84,37.42,47.29,0.27
CLX,290000000,7.21%,-2802000000,3092000000,,-1.42%,-1.18%,-0.29%,-16.31%,417.40%,18.77%,17.16%,8.10%,131.96%,895625,25.69%,8.38%,57125,1.27,7,6.37,3.60,140.90000,1436314,40.82,34.62,44.65,3.66
PTC,196338000,-10.90%,-1523543000,1719881000,,1.47%,-29.83%,4.97%,-8.81%,12.60%,12.91%,9.21%,6.30%,14.88%,308410,9.72%,6.52%,52283,0.37,6,,4.58,143.76000,978740,37.62,31.39,42.29,3.25
NTRS,45422300000,-4.43%,29428800000,15993500000,23.54%,27.22%,-7.21%,6.30%,173.40%,15.80%,,5.93%,1.30%,11.86%,355940,7.06%,0.88%,85378,0.05,2,,,87.94000,2048061,35.61,35.06,46.49,9.77
RF,10712000000,-13.61%,4219000000,6493000000,-5.64%,39.21%,178.67%,-8.14%,24.55%,10.00%,,9.45%,1.10%,10.76%,335777,7.67%,1.18%,90307,0.04,3,,,19.00000,16347209,34.47,29.09,44.20,1.93
GFL,95651981,5.31%,-7443625739,7539277720,,3.19%,13.64%,6.17%,-41.07%,-10.40%,-1.52%,-0.77%,-3.50%,-9.00%,279986,,-3.22%,-25737,0.39,5,,1.09,47.50000,2475707,53.50,59.20,64.20,-1.47
XPEV,5269600383,-5.15%,3270524711,1999075672,-20.80%,65.28%,7.73%,,18.39%,-17.50%,2.64%,-16.62%,-7.40%,-24.08%,413146,-15.79%,-12.36%,-58538,0.52,3,6.32,1.23,17.97000,18280678,40.98,56.09,55.41,-0.84
EME,1339550000,-1.98%,996728000,342822000,119.02%,-14.07%,2.44%,-9.68%,5.79%,36.40%,38.77%,17.60%,14.00%,21.94%,360547,29.98%,8.42%,24929,2.02,6,114.33,5.70,375.20000,581889,47.39,42.59,57.90,21.52
DKNG,1330193000,-0.57%,-4889000,1335082000,,0.41%,-0.82%,77.81%,-0.03%,-48.10%,-22.47%,-40.47%,-12.20%,-76.18%,1135166,-25.96%,-31.78%,-120782,1.15,4,,1.70,34.73000,10598870,45.44,43.98,50.44,-1.05
CYBR,819776000,,819776000,,94.68%,,,,4.86%,-7.00%,-2.87%,-5.92%,-3.70%,-9.68%,830491,-3.07%,-4.04%,-77561,0.40,3,,10.66,342.22000,998608,50.50,52.71,67.74,-2.12
STM,6184000000,-5.20%,3231000000,2953000000,2.38%,5.16%,0.89%,7.34%,19.29%,9.00%,7.88%,16.24%,6.20%,22.16%,267509,6.84%,13.72%,31390,0.53,5,2.93,3.33,18.93000,11350688,37.66,33.24,32.62,1.66
SNA,1970800000,0.88%,703000000,1267800000,106.28%,0.89%,1.04%,1.32%,4.16%,19.60%,20.15%,15.33%,13.40%,19.90%,392954,15.64%,12.56%,80300,0.65,6,2.52,7.12,322.36000,334724,45.63,46.80,57.22,19.51
TS,3572213000,8.04%,2796638000,775575000,126.56%,0.08%,9.51%,-3.13%,16.53%,20.26%,21.04%,10.34%,16.37%,10.26%,486347,18.27%,8.21%,121041,0.70,5,2.17,5.38,30.98000,2707381,28.08,32.22,46.20,3.62
YUMC,1844000000,-11.31%,-148000000,1992000000,,-5.04%,-5.64%,1.72%,-0.87%,15.60%,14.34%,8.90%,8.00%,13.36%,32294,10.82%,7.20%,2603,0.99,5,22.62,3.87,44.82000,4665990,34.33,45.45,48.44,2.33
UMC,3514343937,-13.76%,1365354906,2148989030,-44.54%,5.78%,9.83%,1.34%,8.38%,12.80%,-2.97%,13.06%,8.20%,18.10%,360509,9.65%,11.06%,73266,0.40,6,4.38,3.21,6.54000,22042458,49.45,46.05,44.12,0.58
NTAP,2261000000,0.05%,267000000,1994000000,-49.24%,-8.87%,-16.60%,1.63%,1.56%,114.80%,29.39%,31.22%,12.20%,135.26%,551525,36.58%,10.54%,96356,0.70,7,9.58,,82.28000,3401306,38.75,31.80,41.88,5.40
ASX,2618207610,4.56%,-3928153825,6546361435,,-1.93%,11.22%,-0.93%,-21.98%,10.60%,-0.68%,8.59%,4.60%,16.74%,191911,6.06%,6.52%,10436,0.85,6,8.01,2.20,7.86000,21297921,36.16,32.96,42.84,1.11
DECK,2240923000,-0.62%,1983894000,257029000,44.09%,5.39%,-6.19%,-1.50%,11.92%,41.70%,41.57%,24.66%,27.30%,31.18%,1025748,30.83%,19.50%,196297,1.43,7,3.73,11.28,109.63000,3160510,41.75,27.72,44.44,6.17
BIIB,2375000000,-0.31%,-4255300000,6630300000,,-4.46%,-9.65%,0.81%,-25.64%,10.20%,8.46%,11.61%,5.90%,18.58%,1272308,6.99%,9.00%,214622,0.35,6,0.93,2.49,113.38000,2194706,26.51,23.77,23.68,11.18
FNF,3479000000,3.00%,-1227000000,4706000000,,10.27%,9.93%,29.74%,-7.44%,16.80%,,13.46%,1.40%,19.38%,581354,12.15%,2.56%,53967,0.15,5,,,60.17000,1760149,43.49,51.62,59.30,4.65
NTNX,1742847000,109.80%,285812000,1457035000,-1.67%,1.80%,7.66%,18.06%,1.74%,,-1.65%,-146.38%,-2.20%,210.40%,324225,,-28.60%,-7743,0.92,5,,1.44,62.04000,2486023,41.42,46.23,57.16,-0.33
PKG,787000000,0.63%,-1984500000,2771500000,,0.48%,-12.66%,0.27%,-12.14%,19.10%,14.12%,12.64%,9.10%,20.84%,544370,11.61%,9.56%,52279,0.95,6,6.17,4.48,185.45000,1100176,38.19,31.44,48.98,8.93
BSBR,6296032376,,-34788691497,41084723873,,42.68%,86.41%,,-104.33%,11.40%,,10.89%,1.10%,12.20%,1325473,8.89%,1.36%,240188,0.06,2,,,4.47000,515735,44.74,46.57,42.83,0.29
AER,1401582000,-6.32%,-43892929000,45294511000,,-3.37%,-2.56%,8.96%,-262.07%,12.40%,,4.10%,2.90%,6.50%,11440120,5.91%,1.52%,3002335,0.11,7,,,90.37000,2959752,38.70,42.95,58.59,10.79
CASY,394815000,15.23%,-2725133000,3119948000,,18.86%,90.61%,17.91%,-16.76%,16.60%,10.93%,10.59%,7.40%,16.86%,342780,9.02%,7.24%,11800,2.16,6,26.59,4.79,438.01000,386108,58.45,60.66,74.55,14.35
PFG,4211900000,3.47%,103900000,4108000000,-85.48%,-1.96%,2.91%,1.42%,0.64%,14.10%,,12.75%,0.50%,16.80%,814530,10.49%,0.66%,79343,0.05,6,,,71.96000,2037471,37.17,36.08,45.27,6.68
HRL,866414000,-0.05%,-1990979000,2857393000,,-4.86%,-13.71%,55.21%,-12.25%,9.50%,8.70%,8.70%,5.60%,12.44%,595635,6.90%,7.50%,37838,0.88,6,6.41,3.94,29.51000,5015521,48.30,45.84,39.37,1.37
TPG,821192000,-3.59%,-460792000,1281984000,,42.35%,35.65%,,-2.85%,3.20%,,,0.20%,,1842148,0.14%,,12359,0.34,5,,,43.80000,2757706,40.36,33.44,46.63,-0.42
GRAB,6060000000,10.98%,5696000000,364000000,25.96%,-44.89%,-54.10%,,36.56%,-1.70%,-1.83%,-4.55%,-1.20%,-100.12%,222585,-1.08%,-22.84%,-8356,0.32,5,30.06,1.33,3.97000,40053721,42.58,41.44,46.50,-0.03
ULTA,703201000,-10.17%,-1220033000,1923234000,,1.36%,0.64%,-0.16%,-7.67%,50.80%,37.42%,24.67%,20.60%,48.70%,194753,26.97%,18.26%,20709,1.94,4,3.72,6.06,354.95000,1069532,48.45,41.29,43.27,25.34
NMR,33112484301,,-194571482941,227683967242,,14.00%,20.57%,5.03%,-1298.40%,5.10%,,0.52%,0.30%,5.44%,384247,0.48%,0.34%,40802,0.03,4,,,5.07000,1401329,31.16,34.92,47.52,0.35
BF.A,599000000,-10.62%,-2264000000,2863000000,,7.15%,-15.94%,4.50%,-14.30%,27.30%,20.08%,17.56%,12.10%,33.56%,709649,16.15%,13.08%,173509,0.49,5,0.66,4.56,33.13000,187048,46.69,37.61,26.63,2.09
Z,3052000000,1.04%,1201000000,1851000000,-22.72%,-9.40%,-0.75%,10.89%,8.07%,-3.50%,-2.01%,-0.99%,-2.40%,-5.64%,292445,-4.14%,-3.48%,-23191,0.30,3,,4.42,61.81000,3685608,35.71,39.53,51.07,-0.48
TECK,5420149067,1.35%,1503810964,3916338102,,-12.09%,-27.82%,2.55%,9.56%,-1.80%,1.69%,3.96%,-0.90%,4.90%,520259,-0.03%,2.38%,-26802,0.17,8,2.69,,31.75000,5720586,36.45,30.93,39.28,0.54
KGC,621700000,-15.55%,-813700000,1435400000,,-4.83%,-35.71%,-5.22%,-4.84%,14.60%,15.58%,7.46%,8.90%,8.92%,804500,12.26%,5.18%,148250,0.48,7,2.73,2.61,13.69000,23745248,69.59,70.28,77.95,0.77
BF.B,599000000,-10.62%,-2264000000,2863000000,,7.15%,-15.94%,4.50%,-14.41%,27.30%,20.08%,17.56%,12.10%,33.56%,709649,16.15%,13.08%,173509,0.49,5,0.66,4.55,33.61000,3200698,49.10,39.88,29.69,2.09
KSPI,1384552337,2.46%,1164735753,219816584,-18.36%,,-29.89%,,7.36%,77.20%,,,13.80%,,501314,64.62%,,205846,0.34,6,,,83.38000,355029,34.83,34.03,42.50,10.36
FDS,358791000,-1.44%,-1193118000,1551909000,,21.96%,-12.45%,13.04%,-7.63%,28.40%,20.50%,17.26%,13.40%,35.90%,184214,16.30%,15.12%,44013,0.55,7,,6.46,416.69000,294851,40.60,36.57,45.17,14.07
IHG,1015000000,,-2673000000,3688000000,,36.50%,-12.54%,,-16.84%,-29.50%,39.01%,31.47%,13.10%,-19.22%,666441,52.46%,7.60%,85014,1.03,5,764.22,,103.02000,347079,37.45,35.39,52.37,3.85
GWRE,1168961000,-9.92%,283184000,885777000,-16.84%,24.42%,102.65%,15.78%,1.78%,-1.30%,-1.30%,-5.78%,-0.70%,-5.60%,312647,,-3.66%,-4859,0.46,4,,7.96,187.59000,738121,45.54,49.53,61.73,-0.20
SHG,23860442971,,-71544171825,95404614796,,,25.62%,,-467.91%,8.40%,,2.42%,0.60%,8.78%,618681,2.37%,0.64%,148476,0.03,2,,,30.73000,272758,46.25,36.79,46.38,6.21
GPC,479991000,-4.13%,-5262745000,5742736000,,21.54%,17.53%,6.55%,-33.47%,20.10%,11.83%,10.18%,4.70%,22.08%,391443,9.37%,5.14%,15068,1.22,5,2.94,2.53,113.29000,1970103,42.31,37.85,39.84,6.47
NWS,1751000000,-27.87%,-1088000000,2839000000,,-4.94%,-31.29%,2.22%,-7.03%,5.10%,5.77%,0.12%,2.50%,0.26%,410669,4.47%,,17322,0.59,8,15.94,2.12,29.58000,870632,45.99,46.39,58.39,0.75
DPZ,381496000,-0.12%,-4815745000,5197241000,,-0.60%,-0.23%,3.62%,-31.49%,-14.80%,737.12%,58.29%,32.90%,-13.20%,439852,57.57%,30.78%,54595,2.65,7,37.14,2.39,453.05000,777329,48.99,50.95,52.63,16.69
SUI,63900000,0.38%,-7288900000,7352800000,,9.04%,-5.46%,16.92%,-48.13%,1.30%,,2.88%,0.50%,2.10%,488786,3.03%,1.08%,13505,0.19,5,10.15,,118.88000,754186,38.29,40.09,43.05,0.71
LNT,81000000,-2.56%,-10325000000,10406000000,,9.70%,9.43%,9.78%,-66.76%,10.00%,5.13%,6.12%,3.10%,10.78%,731533,6.10%,3.42%,126792,0.18,4,4.97,1.08,60.21000,1812990,39.94,49.47,55.69,2.69
BJ,28272000,-1.81%,-2752025000,2780297000,,-1.95%,-4.85%,-6.01%,-17.78%,31.50%,17.04%,13.09%,7.60%,90.98%,621267,12.37%,7.82%,16194,2.93,6,11.29,5.27,117.30000,3202563,61.75,68.96,74.65,4.00
DLTR,,,,,,,,,,,,,,,81871,,,-14113,,5,,,71.74000,7311839,52.47,47.62,36.42,-14.03
LUV,8725000000,-11.40%,667000000,8058000000,-70.67%,-13.10%,-12.41%,15.06%,4.51%,4.50%,3.94%,-1.32%,1.30%,-1.62%,379337,1.36%,-0.50%,6418,0.78,5,11.36,1.92,25.79000,12541224,35.63,37.68,41.83,0.76
BURL,994698000,2.52%,-4376827000,5371525000,,6.45%,11.79%,8.16%,-28.54%,43.60%,11.46%,5.09%,6.20%,21.90%,137167,8.31%,3.36%,6496,1.30,6,5.15,3.02,243.44000,1035151,53.61,47.33,53.63,7.80
CFG,11236000000,-11.16%,-1165000000,12401000000,,20.97%,-11.24%,-2.84%,-7.72%,5.70%,,4.84%,0.60%,6.82%,411986,4.04%,0.78%,79366,0.03,4,,,34.79000,9121921,33.90,30.80,45.28,3.03
DKS,1689940000,-0.03%,-2797820000,4487760000,,-0.17%,5.25%,7.68%,-18.41%,39.30%,21.31%,15.88%,11.50%,42.12%,242213,14.71%,11.90%,20997,1.33,5,2.78,4.16,190.02000,1681673,43.32,38.97,51.22,14.05
SFM,265159000,1.55%,-1414082000,1679241000,,3.64%,1.12%,-0.65%,-9.34%,29.60%,17.04%,11.07%,10.80%,28.22%,220551,12.63%,9.20%,10874,2.19,6,14.34,6.69,153.92000,1579838,56.03,58.94,75.41,3.75
COO,100900000,-1.70%,-2439000000,2539900000,,-10.44%,-8.38%,4.38%,-16.55%,5.20%,6.47%,10.61%,3.40%,13.28%,261900,4.65%,8.86%,27693,0.32,8,1.63,3.62,75.37000,2448099,38.73,30.77,39.99,2.07
EVRG,22000000,1.78%,-14047500000,14069500000,,8.01%,7.02%,7.17%,-93.27%,8.90%,5.12%,5.59%,2.70%,8.26%,1235954,5.91%,2.62%,184633,0.18,5,3.42,0.79,65.48000,2696017,43.97,55.76,57.79,3.79
KEY,1743000000,-21.19%,-12506000000,14249000000,,3.63%,-37.08%,1.03%,-84.42%,-1.90%,,3.75%,-0.20%,7.60%,253029,-0.94%,0.66%,-18146,0.02,2,,,13.74000,17582547,35.21,33.15,43.44,-0.32
WMG,802000000,-1.47%,-3422000000,4224000000,,0.48%,-1.68%,4.76%,-22.75%,103.50%,15.53%,8.33%,5.70%,316.14%,1075254,11.00%,2.76%,86780,0.71,5,35.46,1.72,28.91000,1246090,33.02,39.29,44.50,0.98
GEN,883000000,-0.61%,-7593000000,8476000000,,29.05%,-8.86%,13.04%,-50.31%,30.40%,13.46%,16.36%,4.10%,-52.38%,1144706,9.95%,12.36%,186765,0.25,6,,1.10,24.26000,5296067,37.73,37.07,49.45,1.02
EXPD,1148320000,4.81%,579383000,568937000,-41.19%,6.75%,7.81%,7.75%,3.91%,36.20%,40.67%,29.28%,16.90%,35.48%,588918,27.64%,18.20%,45004,2.21,4,,7.63,108.26000,1528672,40.59,41.76,45.40,5.72
PKX,10498333109,-0.24%,-7511647524,18009980633,,5.86%,-0.37%,4.77%,-56.58%,2.00%,-0.02%,4.66%,1.10%,5.70%,1137468,2.09%,3.08%,17134,0.70,5,4.81,2.17,43.61000,366976,39.64,39.24,38.43,2.13
SMMT,412674000,-77.79%,405456000,7218000,405.92%,37.41%,-93.20%,51.88%,2.62%,-83.00%,-53.99%,-113.33%,-60.80%,-180.24%,,-57.08%,-96.12%,-1391918,,2,,,20.15000,8377977,53.71,53.04,70.82,0.00
DOCU,963547000,-4.76%,839120000,124427000,-7.01%,-47.95%,-13.02%,-28.12%,5.67%,60.20%,11.44%,3.45%,29.50%,-7.34%,435323,40.48%,2.76%,156169,0.82,3,,4.81,73.22000,2218765,39.40,43.04,49.54,5.08
CRBG,806000000,3.15%,-11586000000,12392000000,,-7.54%,4.38%,,-78.25%,18.70%,,13.84%,0.60%,,3611731,10.28%,,428846,0.05,4,,,26.66000,3564250,36.69,37.52,49.88,3.72
CSL,753500000,-17.45%,-1137100000,1890600000,,-13.56%,-17.42%,3.50%,-7.65%,47.30%,31.66%,14.12%,20.40%,26.92%,909745,22.11%,11.16%,238509,0.78,6,7.47,6.33,336.49000,517246,48.68,38.75,49.07,27.82
STX,1238000000,0.05%,-4441000000,5679000000,,-1.05%,0.18%,6.52%,-29.39%,-81.90%,31.96%,15.97%,15.30%,127.70%,267833,27.38%,8.52%,39300,1.05,7,4.34,1.26,69.74000,5315848,32.17,32.75,41.77,5.51
ZG,2020000000,-43.30%,1360000000,660000000,25.81%,-25.62%,-63.97%,-23.46%,8.97%,-2.40%,-1.42%,-0.87%,-1.80%,-4.30%,326138,-3.58%,-2.70%,-16336,0.35,3,,9.48,60.84000,454785,38.13,41.71,51.83,-0.48
WST,484600000,-0.82%,182300000,302300000,-66.54%,-2.41%,-2.17%,-1.70%,1.27%,18.40%,19.50%,18.69%,13.70%,23.10%,272943,15.67%,16.46%,46481,0.80,4,4.67,12.17,203.75000,1253834,32.62,24.46,33.13,6.69
RS,318100000,-7.81%,-1100000000,1418100000,,-8.78%,2.96%,-4.56%,-7.45%,11.60%,13.37%,14.20%,8.40%,17.64%,870126,10.34%,11.86%,55044,1.33,5,4.78,6.29,277.61000,576222,47.80,46.70,51.55,15.56
FFIV,1150907000,12.55%,908035000,242872000,53.68%,-28.04%,3.35%,-6.63%,6.18%,19.30%,16.93%,12.21%,10.70%,15.34%,440752,16.37%,7.64%,90718,0.52,6,10.30,5.13,255.00000,647982,40.90,46.96,60.42,10.06
ON,2991300000,0.01%,-375600000,3366900000,,2.82%,0.21%,-1.40%,-2.59%,18.60%,14.88%,14.71%,11.40%,23.08%,267357,12.45%,11.90%,59373,0.51,5,1.78,3.87,34.88000,17471318,37.96,22.92,33.42,3.63
TEVA,3300000000,-6.20%,-14779000000,18079000000,,-8.32%,-10.29%,-7.94%,-101.64%,-26.10%,0.07%,-2.85%,-4.00%,-18.32%,449199,-1.35%,-3.48%,-44502,0.40,6,2.41,0.13,12.82000,20448509,26.65,33.29,46.11,-1.45
EG,1549000000,5.90%,-2038000000,3587000000,,5.11%,5.94%,41.43%,-12.37%,9.60%,,9.29%,2.50%,11.68%,5690155,8.65%,3.02%,452091,0.32,5,,,341.40000,361914,45.33,44.57,47.30,31.78
BEP,3789000000,15.14%,-34027000000,37816000000,,18.91%,15.22%,15.97%,-558.86%,-7.30%,1.96%,4.64%,-0.30%,-4.80%,1114991,,-0.32%,-48387,0.07,4,,,21.37000,651381,43.25,41.92,41.24,-0.89
OMC,4339400000,-11.50%,-2531400000,6870800000,,1.11%,5.65%,1.37%,-17.72%,38.60%,17.18%,14.59%,5.20%,40.84%,2241300000,14.91%,5.00%,211514286,0.56,6,8.61,1.67,73.98000,3027384,39.94,31.08,39.45,7.46
NWSA,1751000000,-27.87%,-1088000000,2839000000,,-4.94%,-31.29%,2.22%,-7.18%,5.10%,5.77%,0.12%,2.50%,0.26%,410669,4.47%,,17322,0.59,8,15.94,2.09,25.59000,3701916,42.19,40.09,51.77,0.72
AMH,350216000,10.89%,-4660546000,5010762000,,8.89%,12.31%,12.08%,-37.29%,5.60%,,2.89%,3.00%,3.72%,1002143,3.22%,2.04%,231004,0.13,6,,,34.34000,1737924,41.42,41.91,46.65,1.08
BAX,1764000000,1.33%,-11605000000,13369000000,,-9.74%,-4.65%,17.93%,-80.42%,-8.50%,-1.41%,0.88%,-2.40%,4.88%,177267,,1.98%,-10817,0.40,5,3.36,1.76,28.14000,6546402,33.36,36.75,34.70,-1.27
USFD,59000000,3.54%,-5085000000,5144000000,,-0.32%,5.11%,0.74%,-35.00%,10.40%,9.46%,4.85%,3.70%,4.68%,1262567,8.72%,1.64%,16467,2.81,5,19.43,4.30,62.62000,1874651,43.38,43.75,61.24,2.02
DUOL,880380000,0.01%,825724000,54656000,13.23%,23.35%,159.11%,42.68%,5.76%,11.30%,11.63%,0.77%,7.50%,-1.40%,901234,6.16%,-5.08%,106716,0.63,5,,19.35,316.94000,653505,49.58,50.50,61.42,1.88
UDR,35427000,-0.65%,-5973813000,6009240000,,2.35%,0.41%,4.14%,-46.32%,2.30%,,3.53%,0.80%,4.38%,1167487,2.98%,1.50%,59183,0.15,5,,,39.41000,2937039,35.58,38.13,45.49,0.26
TRMB,1036900000,0.56%,-875100000,1912000000,,10.57%,-40.03%,-0.47%,-6.16%,29.00%,26.56%,8.03%,15.40%,11.56%,286008,3.70%,5.96%,116315,0.38,6,6.26,3.76,58.04000,1736494,36.24,35.40,47.26,5.98
TRU,679500000,-1.04%,-4467700000,5147200000,,-6.84%,-3.62%,7.08%,-31.50%,6.80%,6.53%,4.71%,2.60%,13.78%,312224,5.28%,4.76%,21224,0.38,7,,2.23,72.69000,3483029,39.13,34.56,44.06,1.45
JBL,1592000000,0.43%,-1701000000,3293000000,,-1.02%,1.26%,0.98%,-11.81%,27.80%,18.32%,16.32%,2.80%,33.94%,198920,12.47%,4.46%,3507,1.57,4,5.40,2.79,132.04000,2202824,46.85,46.77,56.66,4.31
ZTO,3216901087,-5.17%,845566204,2371334883,0.19%,57.49%,12.36%,84.87%,7.94%,14.60%,-10.48%,9.58%,9.60%,12.62%,257530,11.21%,9.04%,51277,0.48,6,917.23,3.10,17.66000,4795690,37.42,38.09,41.58,1.47
J,1897596000,10.24%,-1136478000,3034074000,,-8.77%,-14.91%,13.44%,-8.07%,11.20%,13.61%,6.28%,4.60%,10.14%,239896,9.12%,4.34%,10273,1.08,6,,3.05,114.85000,1548958,40.24,34.11,46.83,4.85
EQH,7464000000,6.71%,1515000000,5949000000,-56.39%,5.12%,5.61%,7.67%,10.76%,57.90%,,22.12%,0.40%,31.20%,1554625,25.42%,0.40%,153375,0.04,6,,,45.80000,3569148,40.47,44.56,57.97,3.78
CNH,3866000000,-1.48%,-23078000000,26944000000,,8.84%,-1.92%,1.63%,-166.44%,16.20%,,6.77%,2.80%,19.34%,553305,6.98%,3.22%,34756,0.45,6,2.59,,11.19000,17728879,40.85,42.85,45.14,0.99
ONON,1188419004,8.98%,702969169,485449835,103.54%,28.84%,64.32%,,5.05%,19.10%,16.53%,2.32%,11.50%,-1.06%,791607,10.22%,-0.72%,82736,1.10,5,2.35,8.98,43.02000,6671466,46.09,38.31,52.21,0.82
FMS,1807568162,-0.43%,-13093745800,14901313962,,-0.04%,-7.87%,-0.70%,-95.21%,3.80%,4.42%,4.08%,1.60%,6.02%,180621,2.84%,2.26%,5025,0.58,6,6.87,1.62,23.82000,454170,48.15,55.18,52.95,0.95
TLK,1821810726,,-2217740311,4039551037,,56.12%,1.56%,36.09%,-15.86%,18.40%,0.00%,16.78%,8.70%,19.42%,420093,16.08%,8.62%,68770,0.53,5,50.21,2.65,14.12000,488835,44.15,36.75,29.75,1.35
YPF,1401180,,-7628441,9029621,,298.18%,12.72%,254.45%,-0.07%,22.80%,-0.02%,2.53%,8.60%,3.60%,750379,14.31%,1.44%,91323,0.71,6,10.16,1106.73,27.58000,2545019,33.01,38.11,56.11,5.99
BAH,453539000,-0.37%,-3142753000,3596292000,,4.87%,-1.03%,8.28%,-23.28%,76.70%,27.56%,14.27%,12.90%,48.88%,344348,20.59%,8.64%,25446,1.75,7,,4.62,108.81000,2990152,47.68,34.68,41.91,6.70
WES,1090464000,0.01%,-6847215000,7937679000,,4.75%,0.46%,-0.05%,-50.80%,47.30%,17.20%,11.22%,12.20%,34.16%,2385985,13.82%,8.68%,1017185,0.28,8,,,35.89000,1555511,33.17,38.24,52.93,4.02
BAP,9125930285,,-1147215190,10273145475,,30.48%,16.34%,80.05%,-8.37%,15.80%,,4.82%,2.10%,13.00%,120498,6.98%,1.60%,35374,0.07,3,,,172.07000,237858,36.15,40.76,53.03,16.50
PSTG,1534373000,-4.61%,1253607000,280766000,-1.51%,-32.49%,4.81%,-13.99%,9.13%,7.70%,6.24%,-5.76%,2.80%,-14.08%,528027,3.88%,-4.18%,17790,0.83,5,22.36,3.83,41.92000,3297446,37.96,35.18,46.18,0.31
BLDR,153624000,-0.10%,-4179201000,4332825000,,8.40%,16.68%,22.20%,-31.46%,23.90%,18.12%,20.93%,9.90%,35.34%,565534,14.36%,14.58%,37169,1.51,4,9.03,3.47,119.94000,1732337,41.26,31.26,45.43,9.06
VIV,1133066567,,-2380138520,3513205087,,37.39%,56.71%,49.74%,-17.17%,8.00%,-47.32%,7.10%,4.50%,7.38%,230246,7.88%,4.44%,22874,0.46,6,36.24,,8.51000,1066297,44.69,46.25,47.47,0.50
ARCC,860000000,1.56%,-12899000000,13759000000,,7.30%,15.45%,14.17%,-94.37%,12.10%,,6.98%,5.80%,11.78%,93437500,7.71%,5.38%,47562500,0.11,4,,,19.84000,6966167,37.61,35.74,45.02,2.44
CHWY,596664000,-1.61%,94260000,502404000,-84.45%,7.00%,-4.81%,20.18%,0.70%,97.30%,18.78%,-0.05%,12.80%,11.60%,658963,38.16%,1.20%,21819,3.87,5,10.79,6.09,32.58000,6295561,46.25,49.04,51.25,0.91
KIM,689731000,1.84%,-7888644000,8578375000,,4.12%,11.02%,9.66%,-59.92%,3.50%,,2.84%,1.90%,7.96%,3086385,3.08%,3.98%,569270,0.10,5,,,19.77000,7221185,39.16,32.67,43.95,0.55
JBHT,46983000,-3.56%,-1430719000,1477702000,,4.33%,-6.24%,2.66%,-10.65%,14.00%,12.64%,15.46%,6.80%,21.52%,359246,11.38%,9.88%,16967,1.44,6,157.39,4.92,134.34000,1363239,37.33,26.26,35.73,5.56
RCI,640998187,3.74%,-33359744172,34000742359,,27.75%,5.39%,19.04%,-257.10%,16.20%,8.56%,5.81%,2.50%,14.24%,650379,5.96%,3.00%,54735,0.29,6,,,23.54000,2034233,25.83,18.58,28.00,2.22
PNR,118700000,1.20%,-1529300000,1648000000,,22.61%,-17.12%,9.88%,-11.43%,18.10%,14.54%,13.62%,9.50%,19.86%,418749,13.42%,9.64%,64144,0.62,6,3.86,4.44,80.84000,2390710,41.21,34.57,50.34,3.74
BSS,,,,,,,,,,,,,,,,,,,,7,,,23.40000,0,,,,
SNAP,3376279000,0.08%,-867617000,4243896000,,17.28%,-2.33%,27.96%,-6.49%,-31.50%,-9.72%,-16.79%,-9.30%,-37.88%,1091712,-11.76%,-14.18%,-142101,0.71,4,,0.18,7.83000,42266684,40.17,33.60,38.86,-0.42
GLPI,462632000,4.84%,-7579006000,8041638000,,5.80%,16.91%,6.31%,-58.33%,18.70%,,9.12%,6.40%,19.76%,80607684,9.16%,6.12%,41295789,0.12,4,,,46.89000,1354835,36.33,40.64,46.91,2.87
LINE,175000000,-1.53%,-6641000000,6816000000,,,-37.92%,,-49.40%,-9.70%,-1.88%,,-3.50%,,205385,-2.34%,,-25538,0.28,3,19.99,0.98,52.22000,1099846,40.11,30.95,0.00,-3.70
TPR,1003000000,-53.36%,-3103600000,4106600000,,7.43%,-56.03%,1.41%,-23.52%,31.90%,19.25%,9.55%,6.60%,21.64%,364323,18.39%,6.70%,42780,0.56,7,1.94,2.54,63.92000,5703885,37.56,46.19,57.96,3.45
CG,2096900000,2.70%,-7399400000,9496300000,,3.77%,2.60%,6.38%,-56.14%,19.20%,,8.06%,4.60%,22.32%,2359043,7.61%,5.02%,443652,0.24,4,,,36.63000,4270148,38.09,32.12,45.22,2.77
RPM,241895000,2.73%,-2152205000,2394100000,,-5.72%,-3.13%,-3.14%,-16.79%,24.40%,16.37%,11.26%,9.70%,25.80%,424178,13.85%,7.54%,37400,1.10,6,4.05,4.41,102.44000,1389243,33.52,27.04,45.46,4.99
AVY,329100000,-0.21%,-2823100000,3152200000,,0.51%,-2.84%,10.20%,-21.85%,30.70%,19.32%,15.58%,8.40%,35.66%,250163,15.09%,8.72%,20140,1.05,8,6.56,3.62,166.58000,1220718,36.94,27.49,36.83,8.73
BSY,64009000,-2.21%,-1362629000,1426638000,,-1.41%,-9.17%,43.59%,-11.29%,23.50%,12.18%,11.51%,7.00%,32.86%,246017,9.79%,7.76%,42560,0.40,7,,3.61,41.60000,1272512,49.98,39.03,41.24,0.72
FSLR,1792959000,4.85%,1183181000,609778000,-23.28%,36.47%,8.83%,5.27%,9.00%,17.40%,14.38%,12.62%,11.40%,9.10%,519295,14.91%,6.38%,159512,0.37,6,1.92,3.55,122.19000,3714726,40.79,26.90,41.27,12.02
GGG,675336000,2.88%,634521000,40815000,27.89%,-42.71%,-2.41%,-26.95%,4.97%,19.70%,21.66%,22.48%,16.50%,25.52%,491469,17.91%,18.14%,113043,0.72,6,2.35,16.18,77.92000,1320323,39.75,38.86,47.37,2.82
TWLO,2384399000,-1.17%,1274252000,1110147000,-55.33%,-4.50%,-4.26%,11.64%,9.65%,-1.30%,-0.98%,-6.35%,-1.00%,-8.12%,805427,-0.59%,-6.86%,-19766,0.43,4,,3.82,85.73000,2463128,36.62,41.98,48.02,-0.66
MAS,634000000,-0.22%,-2537000000,3171000000,,0.42%,-1.09%,1.56%,-19.94%,-702.60%,34.95%,33.36%,15.60%,-998.06%,434889,34.93%,15.66%,45667,1.49,6,5.10,3.95,61.70000,2713063,34.73,27.39,44.75,3.76
MDB,2336577000,-96.86%,2300077000,36500000,176.64%,-68.64%,-96.92%,-47.59%,17.71%,-7.50%,-4.31%,-14.64%,-4.00%,-196.32%,361001,-7.67%,-11.70%,-23223,0.63,4,,12.57,161.10000,2331141,36.90,31.95,38.24,-1.73
UNM,162800000,7.76%,-3577000000,3739800000,,2.80%,9.02%,2.37%,-27.45%,16.70%,,10.32%,2.80%,12.32%,1164901,13.18%,1.94%,160815,0.21,4,,,73.82000,1575123,42.19,52.32,64.97,9.46
AFRM,1737157000,5.36%,-5726829000,7463986000,,23.12%,20.43%,,-43.62%,-7.20%,,-12.57%,-2.00%,-17.62%,1289821,-3.62%,-10.26%,-91632,0.28,4,,,40.74000,8989107,41.22,41.13,48.72,-0.65
AMCR,445000000,-4.93%,-6954000000,7399000000,,1.21%,-2.18%,2.00%,-53.73%,20.60%,10.89%,8.70%,4.80%,18.84%,330244,9.12%,4.88%,19463,0.82,8,5.06,1.89,9.02000,57540942,38.15,35.59,41.58,0.55
DT,1007707000,-6.69%,932496000,75211000,31.64%,-41.10%,1.24%,-32.59%,7.23%,22.00%,6.95%,2.10%,14.00%,-8.88%,347737,14.81%,-1.22%,102622,0.48,4,,7.41,43.38000,2598830,35.82,35.31,43.00,1.60
BALL,885000000,-2.27%,-4788000000,5673000000,,-9.83%,-33.80%,-6.21%,-36.91%,59.90%,34.72%,7.55%,21.30%,28.64%,737188,6.40%,7.28%,250500,0.63,7,6.22,3.08,45.96000,3882420,32.94,31.38,36.94,13.00
RIVN,7700000000,-22.98%,2880000000,4820000000,-37.57%,44.21%,1.37%,,22.55%,-69.40%,-33.62%,-12.32%,-31.30%,-19.28%,334432,-41.21%,-32.10%,-319427,0.33,3,2.53,-1.23,11.46000,25111194,47.13,46.03,32.09,-4.69
DOC,184305000,1.48%,-8838964000,9023269000,,12.28%,27.39%,7.95%,-69.53%,2.80%,,2.26%,1.20%,5.72%,6977904,1.78%,2.46%,626315,0.13,5,,,18.17000,5538865,32.10,34.59,39.93,0.36
ARE,559847000,-3.52%,-11684527000,12244374000,,11.67%,8.21%,12.56%,-91.32%,1.70%,,2.74%,0.80%,3.28%,5486609,2.46%,1.64%,544991,0.08,6,,,74.57000,2974583,23.58,24.99,30.06,1.80
CNA,472000000,0.03%,-2501000000,2973000000,,2.27%,-1.91%,2.10%,-19.39%,9.40%,,7.63%,1.50%,9.10%,2265079,7.89%,1.48%,152222,0.22,5,,,47.73000,631275,45.27,47.13,53.86,3.52
BIP,2740000000,-3.82%,-51134000000,53874000000,,18.36%,10.65%,18.36%,-403.19%,0.80%,4.32%,3.93%,0.10%,2.78%,87154,4.81%,0.28%,236,0.20,6,32.46,,27.48000,1220010,40.31,35.45,42.26,0.04
BCH,2489618877,,-12984322757,15473941635,,53.16%,43.45%,36.32%,-101.15%,23.90%,,5.11%,2.50%,20.44%,262132,6.42%,1.98%,127965,0.05,3,,,25.44000,381663,44.89,54.24,59.45,3.09
HOLX,1972700000,-0.38%,-567700000,2540400000,,-6.35%,-1.46%,-3.85%,-4.43%,15.10%,13.56%,16.26%,8.40%,29.90%,577825,10.09%,13.38%,106438,0.46,7,2.68,3.63,57.16000,4496117,34.87,25.12,32.58,3.16
ELS,24576000,-7.76%,-3180060000,3204636000,,-0.71%,-8.92%,5.88%,-26.24%,24.20%,,9.15%,6.50%,20.92%,381542,10.61%,5.60%,91750,0.27,5,,,63.74000,1596562,40.33,39.95,44.59,1.96
PRMB,614400000,294.58%,-5064800000,5679200000,,48.28%,40.07%,29.65%,-40.81%,-0.80%,3.64%,0.14%,-0.30%,-3.26%,376095,-3.83%,-1.36%,-1197,0.95,5,18.16,1.35,33.47000,3919258,50.41,63.93,0.00,-0.07
BBY,1578000000,-0.30%,-2475000000,4053000000,,0.96%,1.78%,-0.08%,-19.89%,30.70%,19.95%,21.51%,6.00%,46.20%,488565,13.13%,9.20%,10906,2.67,6,6.40,3.99,59.75000,7007419,34.96,26.42,37.38,4.28
IEX,620800000,-5.56%,-1339400000,1960200000,,18.09%,47.86%,18.21%,-10.68%,13.60%,11.19%,12.04%,7.90%,16.86%,363200,9.34%,9.70%,56111,0.51,5,4.29,4.42,166.97000,807815,35.04,28.45,37.83,6.64
UTHR,3267000000,-25.00%,2967000000,300000000,29.33%,-27.89%,-57.14%,-18.80%,23.42%,20.30%,23.87%,12.74%,17.30%,16.66%,221338462,15.86%,13.24%,91930769,0.42,7,2.30,11.25,278.89000,588664,32.94,32.57,48.60,24.64
REG,61884000,0.29%,-4591677000,4653561000,,5.75%,5.76%,2.35%,-37.00%,5.70%,,4.10%,3.10%,5.16%,2907808,4.52%,2.88%,773476,0.12,5,,,68.42000,1314382,43.91,45.58,52.64,2.11
WPC,640373000,0.83%,-7398629000,8039002000,,5.78%,-1.29%,5.84%,-59.43%,5.40%,,4.34%,2.60%,6.54%,7798118,4.47%,3.18%,2270143,0.09,4,,,56.76000,1434255,35.29,45.46,44.81,2.09
JKHY,25653000,7.14%,-124347000,150000000,,-14.52%,-41.18%,,-1.00%,21.50%,22.48%,20.81%,14.10%,22.86%,319284,18.46%,13.98%,56911,0.79,5,,10.96,170.14000,739720,43.30,46.48,49.49,5.54
ACI,202300000,0.05%,-14007900000,14210200000,,0.18%,-3.48%,-0.72%,-113.11%,34.40%,8.68%,9.23%,3.90%,53.14%,280459,8.16%,4.24%,3640,3.03,7,11.19,3.58,21.36000,5051530,49.73,59.09,52.91,1.78
MNDY,1461606000,16.42%,1355570000,106036000,28.49%,,73.41%,52.09%,11.12%,3.40%,-1.90%,7.87%,2.10%,8.48%,387558,-1.74%,-23.72%,12907,0.63,5,,11.92,243.65000,1239753,46.74,46.96,52.74,0.62
ACM,1580656000,-0.57%,-1429915000,3010571000,,1.73%,10.48%,-6.51%,-11.54%,21.40%,14.40%,7.56%,4.00%,6.76%,318033922,12.44%,1.34%,9311176,1.37,7,,2.34,93.17000,1225467,45.00,37.35,49.68,3.51
EBR,3325874847,,-7291498344,10617373191,,37.59%,25.56%,,-45.17%,4.40%,12.96%,7.06%,1.80%,7.20%,916206,16.27%,2.78%,120367,0.14,6,22.94,0.99,7.03000,1965223,51.61,58.43,49.51,0.40
TAP.A,458400000,-0.10%,-5759300000,6217700000,,-8.98%,-5.66%,-9.29%,-45.32%,8.20%,7.34%,2.38%,4.10%,1.62%,711440,6.32%,0.78%,64536,0.45,6,8.27,1.62,59.24000,82,41.19,48.11,47.33,5.35
DVA,930889000,-1.08%,-11135947000,12066836000,,0.25%,8.55%,1.55%,-90.74%,181.20%,11.78%,10.12%,5.40%,92.80%,168626,13.04%,4.56%,12320,0.74,7,61.93,1.73,153.36000,568510,54.13,50.36,56.96,10.73
PPC,2053378000,0.34%,-1349537000,3402915000,,-0.83%,-4.00%,6.04%,-11.06%,27.80%,19.42%,7.91%,10.50%,13.98%,290232,15.17%,4.72%,17637,1.74,7,8.26,4.01,51.53000,1089940,49.64,55.48,68.55,4.57
AS,345400000,-46.79%,-1137800000,1483200000,,,-77.73%,,-9.24%,1.70%,5.52%,2.73%,0.90%,,386813,3.39%,,5418,0.62,8,1.99,2.94,22.04000,6730650,35.75,41.46,50.37,0.14
SJM,47200000,-5.31%,-7889900000,7937100000,,20.58%,-9.09%,7.35%,-65.79%,-3.40%,2.35%,5.60%,-1.30%,7.38%,976444,,3.46%,-28522,0.45,6,5.12,1.18,114.37000,1439884,51.29,52.03,45.48,-2.39
CAG,49400000,-3.76%,-8095700000,8145100000,,-3.83%,-6.13%,-4.06%,-66.16%,3.80%,4.14%,5.86%,1.60%,9.70%,631016,3.98%,3.64%,17694,0.56,6,4.21,1.66,25.48000,6896792,44.95,41.87,37.82,0.67
TAP,969300000,-1.52%,-5176800000,6146100000,,-4.97%,-1.25%,-7.42%,-43.75%,8.50%,7.60%,3.42%,4.20%,2.96%,692083,6.96%,1.46%,66810,0.44,6,9.27,1.66,59.95000,1873116,49.61,54.01,52.53,5.35
THC,3019000000,2.35%,-10154000000,13173000000,,-5.57%,-12.19%,-2.24%,-83.25%,85.70%,21.16%,13.30%,11.00%,34.12%,210969,23.97%,3.92%,32653,0.71,6,,1.95,127.52000,1160275,48.76,46.30,55.76,32.70
WDC,2291000000,-0.46%,-5075000000,7366000000,,0.26%,-12.24%,-5.61%,-41.36%,10.80%,9.90%,1.46%,4.90%,-0.86%,294358,7.73%,-0.44%,22717,0.64,7,3.07,2.09,34.87000,15069529,37.49,36.37,41.66,3.43
SGI,1709700000,51.38%,-2759100000,4468800000,,16.04%,36.82%,20.69%,-22.64%,82.60%,12.70%,15.54%,7.80%,35.96%,410908,9.43%,10.58%,32025,1.00,5,5.92,3.38,58.09000,4267754,48.85,51.63,58.78,2.16
COKE,1437034000,0.39%,-469964000,1906998000,,26.66%,159.41%,10.27%,-3.90%,46.10%,21.46%,20.84%,12.30%,37.98%,405866,20.46%,9.06%,37243,1.34,6,12.71,4.33,1379.94000,57716,56.40,57.23,68.67,69.94
RL,2143200000,0.63%,-521400000,2664600000,,-4.59%,-2.67%,0.34%,-4.34%,28.80%,19.46%,7.79%,10.40%,15.76%,296991,13.31%,5.66%,30111,1.02,7,2.16,4.78,194.67000,1746006,39.12,38.64,53.92,10.98
UHAL,1017398000,1.96%,-5929132000,6946530000,,8.24%,6.84%,8.33%,-55.65%,6.00%,,7.84%,2.30%,13.54%,165923,3.64%,4.60%,13076,0.29,4,23.39,,60.86000,101850,39.35,36.20,31.93,2.11
FIX,549939000,1.38%,269497000,280442000,,-17.29%,20.70%,-1.26%,2.26%,34.00%,31.63%,19.54%,12.10%,26.04%,384015,29.59%,9.80%,28548,1.63,5,88.99,4.88,337.40000,588585,48.68,43.93,55.94,14.60
PAYC,402000000,3.24%,318600000,83400000,46.08%,41.96%,9.88%,20.64%,2.69%,34.00%,33.40%,23.54%,10.90%,26.52%,257761,29.57%,7.50%,68711,0.41,4,239.00,2.88,210.22000,593275,47.44,51.99,46.45,8.92
CF,1614000000,-0.12%,-1632000000,3246000000,,-4.41%,0.43%,-5.20%,-14.01%,23.10%,12.84%,22.27%,8.90%,32.94%,2120000,17.15%,11.02%,435000,0.43,4,12.66,2.60,69.97000,3846153,33.67,35.31,43.58,6.74
CW,385042000,1.09%,-812082000,1197124000,,0.55%,2.41%,5.74%,-7.02%,16.60%,14.57%,9.67%,8.40%,14.82%,354681,11.24%,6.98%,46020,0.65,6,3.74,5.00,313.21000,227880,45.98,44.10,60.72,10.55
PFGC,10700000,36.01%,-7850200000,7860900000,,16.62%,56.02%,20.96%,-66.16%,9.40%,6.22%,1.44%,2.70%,4.16%,1624341,3.20%,1.26%,10468,4.16,5,14.63,4.54,75.45000,995293,50.61,46.39,55.85,2.48
ALGN,1043887000,-8.52%,955673000,88214000,9.12%,-4.93%,-9.03%,15.21%,8.18%,11.00%,14.58%,21.62%,6.80%,22.94%,190929,10.67%,15.08%,20118,0.64,6,4.35,4.58,160.14000,1788488,43.86,29.46,37.37,5.62
SYM,903034000,,903034000,,33.79%,,,,7.60%,-7.20%,-1.92%,-54844.16%,-0.90%,,1473022,-59.15%,,-10869,1.21,4,13.42,5.59,20.02000,1299211,45.50,40.80,43.58,-0.13
INSM,1433826000,12.93%,123882000,1309944000,,28.86%,-3.61%,26.97%,1.06%,-1066.20%,-47.76%,-46.43%,-51.90%,-353.70%,286158,-55.05%,-44.10%,-718939,0.21,4,0.94,0.64,64.81000,2628593,30.92,41.24,58.60,-5.57
TXT,1441000000,0.17%,-2147000000,3588000000,,-1.61%,-7.38%,-1.19%,-18.53%,11.80%,8.35%,7.86%,5.00%,10.98%,391486,8.43%,4.56%,23543,0.83,5,2.81,2.40,64.52000,1263293,37.43,31.80,38.50,4.33
CPT,32209000,0.98%,-3453382000,3485591000,,3.21%,-6.19%,6.67%,-30.04%,3.40%,,4.03%,1.80%,7.32%,944595,4.16%,3.78%,98369,0.17,5,,,108.06000,1832051,33.31,40.16,46.74,1.50
TER,599666000,-3.58%,523045000,76621000,-29.04%,-25.40%,-7.25%,-30.13%,4.47%,19.70%,19.63%,26.13%,14.90%,30.16%,433828,18.48%,19.80%,83442,0.78,6,3.85,9.95,72.29000,6248779,36.24,27.75,38.06,3.32
PAA,348000000,-3.78%,-7586000000,7934000000,,-6.02%,-1.13%,-4.67%,-64.93%,5.10%,6.33%,2.16%,1.90%,-0.42%,11922143,5.46%,-0.34%,122381,1.85,7,61.79,,16.60000,7021771,31.27,38.40,50.30,0.73
SBS,562237312,,-2746036611,3308273923,,32.37%,47.50%,,-22.75%,12.30%,63.13%,8.74%,5.90%,10.94%,470093,9.47%,5.12%,64773,0.43,4,205.19,2.58,17.66000,1396779,50.41,57.74,62.32,1.06
GMAB,3161278540,4.26%,3007117334,154161206,-26.65%,34.28%,33.64%,41.56%,26.27%,23.80%,107.32%,16.31%,19.50%,20.28%,1121072,15.21%,17.76%,408515,0.54,4,16.55,7.58,18.01000,1863254,37.11,35.93,34.38,1.69
UHS,125983000,-2.97%,-4829446000,4955429000,,2.82%,-7.66%,2.83%,-41.76%,17.60%,13.57%,9.09%,8.00%,14.52%,159878,11.19%,6.68%,11536,1.11,7,42.26,3.07,178.24000,652508,46.63,43.92,50.92,16.82
MORN,551000000,-13.29%,-353000000,904000000,,19.37%,-22.08%,5.62%,-3.06%,24.70%,19.82%,9.02%,10.60%,15.08%,205241,15.00%,6.56%,33369,0.65,8,,5.47,270.70000,190832,37.16,29.58,45.19,8.58
JNPR,1384600000,-0.34%,-366000000,1750600000,,-1.45%,2.99%,-1.01%,-3.17%,6.30%,3.92%,5.80%,3.00%,7.14%,450146,4.46%,3.46%,25543,0.53,6,2.35,1.79,34.64000,2072262,38.77,38.87,50.46,0.86
SOFI,2709360000,-2.78%,-481330000,3190690000,,-8.61%,-40.35%,-8.90%,-4.16%,8.20%,,-2.24%,1.50%,15.68%,534972,5.83%,-2.10%,99733,0.08,3,,,10.52000,55651667,41.67,42.06,50.60,0.39
ICLR,538785000,-0.32%,-3027460000,3566245000,,-13.94%,-8.60%,52.94%,-26.00%,8.30%,7.86%,7.49%,4.60%,8.88%,197653,7.64%,4.72%,18890,0.49,7,,1.94,142.64000,1661030,28.57,22.59,31.93,9.53
OC,361000000,-5.72%,-5255000000,5616000000,,21.67%,71.59%,12.45%,-46.78%,12.10%,9.63%,10.49%,4.70%,15.40%,609722,7.99%,6.64%,35944,0.79,5,5.54,2.41,134.48000,1074936,40.36,29.76,45.51,7.37
POOL,77862000,2.63%,-1194061000,1271923000,,-3.78%,-6.78%,13.02%,-10.55%,31.70%,22.47%,24.56%,12.30%,55.14%,885159,18.57%,18.96%,72388,1.50,5,2.81,5.96,305.30000,543587,40.83,36.23,42.43,11.30
BNT,12243000000,-15.22%,7703000000,4540000000,1263.36%,87.11%,21.29%,,67.21%,13.50%,,5.44%,1.00%,,216969231,9.66%,,18676923,0.12,6,,,46.93000,38376,39.56,37.91,48.99,8.69
ZBRA,901000000,-0.21%,-1425000000,2326000000,,27.89%,-1.94%,11.05%,-12.33%,15.70%,11.70%,12.97%,6.90%,20.04%,503131,10.44%,8.42%,53333,0.66,7,3.43,3.48,223.37000,997271,31.67,24.13,37.36,10.18
RGA,3326000000,-0.49%,-1716000000,5042000000,,9.44%,13.89%,7.09%,-14.79%,7.00%,,6.15%,0.60%,7.72%,5391951,5.97%,0.80%,174878,0.19,5,,,173.57000,511486,37.87,35.22,46.81,10.73
XPO,246000000,-1.01%,-3871000000,4117000000,,-1.24%,0.10%,-11.33%,-34.82%,25.50%,11.06%,6.37%,5.00%,21.12%,212421,9.46%,3.84%,10184,1.04,6,,2.55,97.29000,2591297,40.25,36.44,49.79,3.23
LBRDA,163000000,0.98%,-3665000000,3828000000,,-0.19%,0.24%,46.21%,-33.60%,9.20%,7.74%,-0.03%,5.40%,8.20%,534737,0.54%,4.88%,457368,0.06,3,,1.84,75.59000,130810,40.42,47.02,47.11,6.08
RNR,1676604000,-2.54%,-210085000,1886689000,,17.32%,-3.67%,6.39%,-1.84%,17.60%,,10.46%,3.60%,8.08%,12375818,24.35%,1.74%,1941783,0.23,7,,,232.05000,531423,46.53,43.57,52.63,35.21
APTV,1574000000,-12.02%,-7190000000,8764000000,,26.10%,31.47%,13.31%,-63.34%,17.80%,12.81%,13.13%,7.40%,17.04%,139809,9.33%,7.30%,12674,0.82,5,6.83,2.20,49.42000,6132237,31.40,29.39,34.53,6.96
UHAL.B,1534544000,-2.70%,-4791850000,6326394000,,9.94%,2.59%,8.73%,-45.08%,9.00%,,7.84%,3.30%,13.54%,164014,5.42%,4.60%,18330,0.30,4,23.38,,54.03000,258677,45.90,40.89,42.06,2.11
ILMN,1220000000,-2.23%,-1323000000,2543000000,,0.99%,16.87%,6.73%,-11.72%,-41.90%,-22.69%,-13.18%,-17.20%,-17.52%,421601,-16.94%,-9.00%,-117936,0.62,6,2.66,1.80,71.26000,2912606,31.65,19.68,30.76,-7.69
SOLV,762000000,-1.22%,-7248000000,8010000000,,,,,-64.29%,14.90%,8.28%,,3.30%,,375182,7.47%,,21773,0.56,4,4.02,1.45,65.17000,1119086,36.15,39.92,0.00,2.76
FLEX,2313000000,-0.74%,-1841000000,4154000000,,-5.94%,5.54%,4.52%,-16.35%,19.90%,12.70%,8.53%,5.60%,16.54%,139070,8.90%,3.74%,5878,1.31,7,3.70,2.36,29.42000,4373364,38.99,38.04,51.55,2.46
CPB,829000000,-3.06%,-6846000000,7675000000,,15.13%,69.80%,5.69%,-61.39%,13.50%,8.29%,11.09%,3.30%,33.78%,702708,6.48%,7.80%,36181,0.65,4,5.68,1.81,37.78000,3236801,43.14,39.42,35.95,1.72
RGLD,195498000,,195498000,,,,,,1.75%,11.00%,13.18%,9.30%,10.00%,9.94%,23979833,10.76%,8.66%,11067433,0.22,7,9.15,26.80,170.97000,913254,67.42,70.26,68.54,5.04
LAMR,49461000,0.32%,-4508532000,4557993000,,2.55%,-1.83%,1.43%,-44.53%,31.20%,9.26%,9.45%,5.50%,32.30%,630601,9.37%,6.18%,103286,0.34,6,,1.42,109.68000,1344933,46.70,40.30,48.33,3.52
GME,4774900000,-11.39%,4364200000,410700000,631.63%,-14.15%,-31.87%,-19.15%,39.08%,3.40%,2.63%,-9.97%,2.60%,-19.96%,637167,-0.47%,-5.48%,21883,0.76,6,4.87,8.75,25.02000,11148921,53.54,49.69,52.19,0.33
RVTY,1163396000,-0.39%,-2138827000,3302223000,,-13.66%,-18.11%,8.26%,-19.18%,3.50%,2.85%,5.98%,2.10%,12.00%,250457,2.82%,5.92%,24580,0.21,7,3.06,2.55,93.02000,1786375,35.28,31.69,39.85,2.20
WLK,2919000000,-1.33%,-2356000000,5275000000,,-2.21%,-4.39%,6.78%,-21.12%,5.70%,5.68%,8.66%,2.90%,13.64%,781338,3.73%,6.24%,38739,0.58,6,6.14,2.38,86.98000,909574,34.74,22.50,33.77,4.64
KNSL,113213000,0.04%,-70909000,184122000,,62.77%,0.15%,61.53%,-0.64%,31.00%,,20.51%,9.20%,25.98%,2355378,25.37%,7.96%,615494,0.35,4,,,478.23000,220135,54.99,54.52,57.55,17.78
AUR,1223000000,-2.42%,1102000000,121000000,2.23%,-6.28%,-0.82%,,9.74%,-40.10%,-36.79%,-14.04%,-35.60%,-17.68%,,-39.38%,-41.90%,-415556,,2,,,6.39000,12460252,47.03,49.73,59.14,-0.46
AGI,351200000,-3.57%,64600000,286600000,-72.83%,,,,0.55%,8.70%,10.32%,1.39%,6.00%,4.08%,702242,8.22%,2.90%,148227,0.29,6,2.84,4.49,27.97000,5581470,67.34,74.97,80.41,0.69
RBRK,705144000,1.69%,382803000,322341000,,,12.30%,,3.49%,,-234.18%,,-91.00%,,277045,,,-360881,0.70,4,,-1.30,58.35000,2375392,45.06,49.17,0.00,-7.48
LBRDK,108000000,-2.59%,-3612000000,3720000000,,-7.35%,-1.17%,48.04%,-32.83%,9.60%,8.47%,-0.18%,5.50%,6.58%,515789,0.51%,4.00%,452632,0.06,3,,1.89,76.98000,560189,45.81,50.99,49.04,6.08
ULS,298000000,-5.27%,-637000000,935000000,,,-12.04%,,-5.94%,40.50%,21.89%,,11.60%,,190142,20.68%,,21598,1.02,7,,5.20,54.87000,1175243,50.31,58.05,0.00,1.62
AKAM,1596583000,-0.34%,-3038022000,4634605000,,17.47%,2.17%,11.65%,-28.44%,10.60%,7.42%,7.24%,5.00%,12.80%,373006,4.82%,6.64%,47189,0.39,5,,2.21,72.56000,2040937,38.35,34.03,35.42,3.27
OHI,548735000,-0.40%,-4290124000,4838859000,,-2.70%,-4.51%,-1.19%,-40.26%,10.20%,,5.04%,4.40%,8.58%,18445439,6.32%,3.48%,7128526,0.11,6,,,37.67000,2693366,51.87,50.47,56.67,1.55
SNN,619000000,-9.14%,-2702000000,3321000000,,31.36%,15.63%,14.26%,-24.85%,7.90%,7.29%,5.63%,4.10%,7.06%,321705,6.33%,3.60%,22813,0.57,7,0.77,3.06,25.05000,1366788,30.67,41.99,44.68,0.94
SCI,218766000,0.15%,-4616532000,4835298000,,6.83%,2.61%,6.18%,-43.68%,32.20%,5.60%,12.35%,3.00%,33.88%,167771,11.00%,3.84%,20785,0.25,4,92.53,0.84,75.13000,1522521,35.03,39.93,50.55,3.53
RTO,1198371252,-13.51%,-4124988178,5323359430,,,-23.61%,,-38.24%,7.40%,605.59%,5.84%,12.80%,9.16%,99219,5.50%,6.06%,5603,2.27,7,,3.12,21.84000,1372645,44.66,38.86,36.76,75.88
PNW,3838000,-2.36%,-11044504000,11048342000,,10.52%,7.23%,13.71%,-102.23%,9.40%,4.72%,4.75%,2.40%,9.20%,800393,4.81%,2.46%,95081,0.20,5,6.46,0.82,90.28000,1061139,42.04,52.47,57.19,5.24
TXRH,245225000,2.82%,-609247000,854472000,,4.68%,10.84%,8.98%,-5.69%,33.80%,21.46%,13.67%,14.70%,23.20%,56561,19.70%,9.82%,4564,1.82,7,109.91,6.22,161.71000,1364706,42.88,39.09,55.24,6.47
BMRN,1137706000,0.09%,542568000,595138000,,-17.99%,-45.25%,-6.84%,5.04%,8.00%,8.69%,1.83%,6.10%,7.28%,938788,6.10%,5.06%,140414,0.41,7,0.50,5.93,56.32000,2036281,27.64,31.66,35.59,2.21
MBLY,1426000000,,1426000000,,17.66%,,,,13.42%,-23.00%,-25.83%,-5.65%,-22.10%,,424103,-26.68%,,-792308,0.12,3,2.27,12.09,13.20000,7356548,42.10,38.72,41.01,-3.82
YMM,3433375897,-12.97%,3424471392,8904505,14.69%,93.43%,-22.89%,,619.03%,8.50%,17.24%,7.78%,7.60%,5.16%,202972,6.08%,-3.32%,55442,0.28,5,,1.63,10.23000,12821464,30.37,46.35,51.92,0.41
H,1384000000,18.47%,-2676000000,4060000000,,-2.36%,20.47%,14.67%,-25.21%,35.10%,17.34%,4.14%,10.40%,5.34%,127846,4.08%,1.10%,24923,0.54,5,629.53,1.95,111.25000,851936,40.19,28.97,41.63,12.65
SUZ,,14.86%,-18357821957,18357821957,,8.23%,29.96%,9.88%,-164.29%,-17.80%,-35.53%,12.37%,-4.60%,-20.70%,336401,,4.34%,-50203,0.31,5,,,8.85000,2190621,36.24,34.15,42.89,-0.83
INCY,2159714000,18.06%,2121753000,37961000,-41.47%,3.47%,16.44%,-5.69%,19.87%,0.90%,8.39%,6.56%,0.60%,7.80%,1620641,0.18%,5.98%,12463,0.76,5,0.92,4.26,55.17000,2678550,27.97,31.60,40.20,0.15
CHRW,145762000,-9.62%,-1629167000,1774929000,,-8.70%,-12.08%,1.66%,-15.45%,29.60%,22.51%,18.11%,8.50%,35.54%,1286188,15.38%,10.34%,33792,3.24,7,,7.21,90.27000,1209386,36.21,37.50,46.31,3.86
LKQ,234000000,-2.81%,-5375000000,5609000000,,9.91%,-0.51%,0.76%,-50.57%,11.20%,10.13%,9.17%,4.50%,15.72%,305426,7.39%,6.90%,14681,0.94,5,2.76,2.83,41.11000,2433859,49.48,53.96,45.24,2.63
BXP,1335196000,0.04%,-15648874000,16984070000,,8.37%,2.16%,6.78%,-166.94%,0.30%,,4.79%,0.10%,8.14%,4176126,4.56%,2.14%,17490,0.13,5,,,59.66000,2193063,32.68,30.82,38.10,0.09
WTRG,9156000,4.36%,-7763735000,7772891000,,8.37%,9.46%,20.21%,-73.48%,9.70%,5.14%,5.46%,3.40%,8.36%,633884,5.63%,2.94%,180892,0.12,4,9.28,0.93,38.35000,2298280,48.40,52.16,48.31,2.17
ALLE,503800000,-16.76%,-1495700000,1999500000,,11.51%,-0.77%,6.97%,-14.21%,40.90%,21.12%,18.49%,12.90%,49.44%,261958,19.07%,13.02%,41493,0.81,6,4.88,4.31,122.08000,1493841,40.65,38.11,47.63,6.82
HLI,800792000,0.42%,367760000,433032000,170.81%,32.11%,3.08%,22.80%,3.45%,18.60%,,17.56%,11.20%,21.46%,862534,13.30%,12.74%,137973,0.70,6,,,150.15000,594238,40.42,37.79,54.66,5.24
RDY,943772169,,711854668,231917501,,-14.66%,-9.42%,108.81%,6.72%,21.80%,-0.93%,12.41%,15.70%,15.98%,123828,17.46%,10.84%,24700,0.79,4,2.34,7.93,12.71000,3042423,43.18,38.75,45.34,0.80
AFG,1406000000,,-69000000,1475000000,,-9.10%,,0.03%,-0.66%,19.90%,,14.43%,2.90%,21.94%,956782,15.94%,2.96%,101954,0.27,7,,,124.94000,463690,45.39,42.90,47.06,10.57
CLH,789826000,0.08%,-2250939000,3040765000,,4.04%,22.12%,12.02%,-21.70%,16.30%,10.65%,8.41%,5.60%,16.42%,258377,9.00%,5.26%,17648,0.82,6,11.42,3.06,194.06000,497663,45.58,34.91,50.49,7.42
ENTG,329213000,-3.46%,-3724051000,4053264000,,59.59%,-12.76%,32.83%,-36.00%,8.20%,6.82%,9.56%,3.50%,14.24%,405151,6.29%,6.48%,36598,0.39,7,2.82,2.30,68.90000,5710242,34.81,27.08,33.72,1.93
GGAL,1091725762,,-496464798,1588190560,,,804.65%,,-7.57%,17.20%,,30.31%,3.30%,29.32%,462183,34.30%,4.92%,43949,0.34,2,,,48.92000,1837825,39.97,39.79,61.22,2.83
PEN,340131000,-1.46%,116742000,223389000,112.86%,8.78%,-4.67%,22.11%,1.12%,1.20%,1.52%,0.01%,0.90%,1.48%,265470,0.45%,1.08%,3114,0.78,6,1.11,17.88,268.57000,509509,46.14,55.77,55.79,0.36
MMYT,703842000,1.60%,471195000,232647000,31.67%,2.93%,-6.46%,54.19%,4.57%,20.70%,9.19%,-8.79%,13.60%,-5.76%,204493,13.30%,-5.26%,51991,0.54,6,1611.49,10.46,94.00000,613034,47.18,46.77,64.76,1.92
FUTU,17106068612,95.09%,16003841983,1102226629,56.82%,-8.28%,45.24%,39.12%,152.82%,20.00%,-0.75%,11.64%,4.10%,19.08%,543667,15.30%,3.22%,217749,0.10,2,,0.91,74.81000,3715673,28.47,40.45,50.82,5.00
NDSN,130424000,-1.08%,-2164770000,2295194000,,34.49%,30.71%,12.60%,-20.93%,15.80%,12.21%,13.01%,8.10%,19.22%,334019,10.17%,10.38%,56546,0.48,6,2.60,4.08,181.04000,666805,38.15,30.17,37.15,7.86
EHC,123100000,-3.06%,-2590700000,2713800000,,-7.97%,-7.47%,-4.11%,-25.46%,31.40%,15.53%,11.43%,9.30%,27.54%,134079,14.45%,7.26%,14887,0.84,7,,3.10,102.13000,1140961,55.94,58.23,67.63,4.46
PCTY,482364000,0.91%,108316000,374048000,-65.72%,73.29%,633.96%,37.20%,1.05%,20.10%,18.56%,14.22%,4.80%,18.32%,234141,13.58%,3.38%,34558,0.32,5,,2.29,183.78000,353531,44.15,45.96,49.97,3.90
CAVA,366120000,2.41%,-12588000,378708000,,,12.64%,,-0.12%,20.90%,4.19%,,12.10%,,93564,8.73%,,12652,0.90,5,109.07,13.82,88.77000,3263232,50.10,41.69,57.23,1.10
KMX,813063000,0.04%,-18402550000,19215613000,,1.13%,-1.40%,4.41%,-179.28%,7.50%,2.90%,3.66%,1.70%,16.60%,870656,2.14%,3.24%,15450,0.95,5,6.34,1.67,66.45000,20272009,37.09,36.60,42.90,2.95
SN,363669000,-17.22%,-557191000,920860000,,18.80%,6.74%,,-5.45%,25.20%,22.21%,,11.00%,,1831282,17.28%,,145315,1.39,8,3.58,4.82,72.81000,3084562,39.04,32.54,54.77,3.11
BSAC,3302791309,,-22134557858,25437349166,,56.98%,58.94%,,-86267.36%,16.30%,,3.70%,1.20%,16.36%,299521,4.14%,1.12%,98001,0.04,3,,,21.67000,710840,41.75,52.66,55.89,1.82
CART,1521000000,-7.14%,1495000000,26000000,-34.52%,,-35.00%,,14.64%,14.80%,16.91%,,11.10%,,1034609,13.02%,,137213,0.84,6,,7.94,38.60000,4256879,41.72,42.23,53.86,1.58
RBC,60600000,-8.83%,-987900000,1048500000,,-16.99%,-19.82%,81.97%,-9.67%,7.60%,8.32%,7.68%,4.60%,6.78%,304093,8.69%,4.86%,40928,0.34,8,1.40,4.75,325.25000,142587,45.15,49.49,57.04,7.29
KEP,5894105549,,-99572371585,105466477135,,40.20%,85.49%,46.56%,-987.31%,-12.60%,0.00%,-5.23%,-2.00%,-13.60%,1386950,-2.92%,-3.16%,-76462,0.37,7,11.26,0.36,7.80000,402600,56.85,53.71,50.01,-2.90
FTI,1157700000,-7.83%,-633700000,1791400000,,-14.13%,-9.03%,-19.90%,-6.23%,27.30%,20.49%,-3.47%,8.90%,-10.66%,358967,17.79%,-1.66%,33311,0.96,7,6.76,1.63,24.14000,5464440,36.47,39.03,51.12,1.91
BROS,293354000,1.54%,-649555000,942909000,,84.27%,39.36%,,-6.99%,7.10%,3.51%,,1.50%,,49270,4.71%,,1356,0.55,6,22.55,3.91,56.99000,3207759,42.97,50.28,57.32,0.34
JLL,1643900000,-41.25%,-1301500000,2945400000,,3.98%,-5.50%,1.62%,-12.92%,8.40%,8.49%,6.87%,3.30%,9.46%,220857,7.19%,3.70%,5154,1.42,7,,2.72,213.31000,542595,34.03,34.27,48.42,11.30
PSO,744716599,-8.74%,-1165079279,1909795878,,26.92%,19.67%,-7.93%,-11.11%,10.80%,10.79%,4.99%,6.40%,7.48%,260808,8.45%,4.38%,31867,0.52,6,19.45,2.89,15.50000,1346589,41.36,47.66,61.62,0.79
AVTR,261900000,-17.58%,-3793900000,4055800000,,-16.73%,-26.75%,-4.54%,-37.68%,12.80%,10.61%,8.52%,5.60%,10.00%,502489,5.31%,3.56%,52704,0.54,6,5.78,2.10,14.70000,13525691,38.72,24.28,34.35,1.04
NLY,1488027000,4.03%,-88117019000,89605046000,,13.14%,15.56%,-4.42%,-852.39%,7.10%,,0.70%,0.90%,3.00%,6274262,0.99%,0.52%,4436414,0.01,5,,,17.30000,16277648,25.04,32.03,41.16,1.62
HTHT,1536810445,-1.68%,-3309043680,4845854125,,-7.07%,-1.21%,-1.47%,-335.26%,24.80%,-14.41%,2.28%,4.90%,0.88%,121280,7.07%,0.82%,15473,0.39,7,256.89,0.79,31.82000,2945714,33.46,41.88,44.74,1.32
ITT,439300000,-20.50%,-220900000,660200000,,49.50%,241.37%,50.15%,-2.25%,19.40%,20.15%,13.16%,11.20%,14.44%,310316,14.77%,8.42%,44299,0.79,5,4.09,5.34,122.29000,1344613,44.30,39.33,50.88,6.30
PAG,72400000,-2.60%,-8196200000,8268600000,,8.90%,6.88%,-0.94%,-82.51%,18.20%,14.78%,8.02%,5.50%,24.98%,1053813,7.27%,7.16%,31796,1.83,5,5.70,3.06,148.82000,369407,48.07,44.13,49.05,13.74
AR,,-5.68%,-4033461000,4033461000,,-10.07%,-10.49%,-9.51%,-40.61%,0.80%,0.50%,2.50%,0.40%,1.98%,7161583,0.00%,0.86%,94745,0.33,6,,1.41,31.92000,9930027,36.53,45.98,52.71,0.18
LECO,377262000,-0.12%,-883813000,1261075000,,17.88%,14.10%,11.03%,-8.98%,35.30%,24.11%,20.67%,13.30%,38.54%,334056,19.29%,13.30%,38842,1.15,5,4.58,6.28,176.92000,295655,40.39,39.47,45.96,8.15
LOGI,1502832000,,1502832000,,6.38%,,,,14.41%,30.10%,30.05%,27.71%,17.90%,31.22%,624114,28.88%,18.22%,89737,1.24,6,5.57,7.50,70.37000,1553345,31.36,32.71,43.51,4.26
FTAI,,,,,,,,,,,,,,,2991209,,,-55309,,2,,,96.43000,1962476,43.28,43.12,52.91,-0.32
WWD,283726000,3.40%,-618448000,902174000,,7.30%,25.50%,-4.13%,-6.26%,16.70%,14.70%,9.61%,8.50%,11.82%,376164,13.03%,6.04%,42048,0.76,7,4.11,5.32,166.35000,569721,42.95,45.68,56.03,5.97
GL,165325000,-0.78%,-2574327000,2739652000,,10.58%,29.49%,10.70%,-26.08%,21.20%,,12.88%,3.70%,16.60%,1548250,14.58%,3.38%,286914,0.20,6,,,118.60000,746814,42.28,53.19,54.94,11.94
EWBC,5298940000,-0.03%,1673703000,3625237000,,92.67%,-23.77%,28.49%,16.99%,15.70%,,12.26%,1.60%,15.96%,787075,10.27%,1.54%,375995,0.03,4,,,71.17000,1971717,29.64,28.63,45.35,8.33
HMY,176653784,1642.57%,-2027685,172849249,,-17.16%,-51.31%,-4.20%,-0.02%,1.21%,-1.18%,0.52%,0.80%,2.28%,4675,1.31%,1.50%,711,0.03,8,0.78,6.14,16.24000,12818678,71.85,71.02,75.45,0.98
ALLY,10292000000,2.92%,-8828000000,19120000000,,3.94%,-8.37%,-13.53%,-89.88%,4.00%,,7.58%,0.30%,9.56%,764579,7.00%,0.78%,52150,0.04,4,,,31.99000,4090228,39.04,38.42,44.67,1.80
BG,3311000000,0.58%,-3808000000,7119000000,,1.44%,23.68%,4.37%,-38.57%,11.20%,11.13%,10.96%,4.50%,20.06%,2414000,7.33%,6.64%,51682,2.12,5,7.31,3.95,73.23000,1686338,48.31,39.15,37.42,7.99
GMED,890057000,0.49%,352869000,537188000,,,3.23%,,3.11%,2.60%,2.84%,5.80%,2.00%,6.74%,475350,3.00%,5.88%,19431,0.50,5,1.37,7.51,70.98000,1044675,43.70,39.79,51.75,0.75
CIB,7520114253,,506702232,7013412021,,,-12.80%,,5.61%,15.40%,,6.53%,1.80%,13.04%,145622,8.55%,1.46%,40762,0.06,2,,,36.49000,841557,37.35,48.33,55.68,5.95
STN,163206941,-12.37%,-1295870257,1459077199,,2.07%,20.10%,5.42%,-13.61%,12.60%,13.61%,7.51%,5.20%,11.32%,156693,8.66%,4.68%,9655,0.85,6,,,83.33000,219277,52.19,54.37,59.85,2.20
DOCS,844940000,-4.03%,831993000,12947000,19.68%,100.97%,-14.01%,,8.49%,21.20%,23.96%,186.10%,18.10%,,665258,16.83%,,243464,0.50,7,,43.96,51.57000,2611938,37.62,46.24,55.92,1.00
AIZ,1807700000,0.03%,-275400000,2083100000,,-1.84%,0.12%,0.75%,-2.81%,15.00%,,9.18%,2.20%,13.26%,836444,11.79%,1.86%,53535,0.35,6,,,190.32000,551617,39.39,41.62,53.81,14.46
EXEL,1111276000,-1.86%,920453000,190823000,14.29%,54.97%,0.46%,31.78%,9.83%,23.80%,26.79%,9.06%,18.20%,11.44%,1890759,18.99%,9.26%,454461,0.76,7,3.84,9.87,34.46000,2796121,40.03,52.62,63.47,1.76
JHX,731600000,-2.73%,-456500000,1188100000,,7.01%,-2.57%,-4.45%,-4.97%,22.20%,16.05%,16.85%,8.80%,28.98%,688660,13.44%,9.28%,76774,0.79,7,7.05,3.89,21.36000,4548588,32.57,24.26,39.81,1.01
MANH,266230000,-4.47%,218436000,47794000,-13.68%,27.32%,170.11%,8.07%,2.27%,82.60%,74.69%,49.58%,31.20%,65.40%,222250,61.71%,26.04%,46559,1.49,5,,15.92,157.64000,1044952,41.79,29.02,39.22,3.51
NICE,1621708000,-0.53%,1058105000,563603000,69.33%,-15.25%,-28.02%,-0.91%,11.20%,12.60%,14.29%,7.19%,8.60%,9.54%,313462,9.62%,6.10%,50721,0.53,5,,5.15,149.03000,432805,47.76,43.47,40.28,6.76
MUSA,47000000,0.92%,-2297700000,2344700000,,1.78%,4.21%,17.70%,-23.85%,61.60%,20.83%,20.19%,11.40%,63.94%,1176994,17.99%,12.92%,29215,4.58,5,51.16,7.66,482.18000,279344,56.51,49.28,62.20,24.47
ALAB,914301000,,914301000,,512.34%,,,,9.76%,-9.50%,-8.45%,,-8.70%,,900659,-12.03%,,-189593,0.42,5,2.78,63.57,58.86000,3964380,41.83,36.66,0.00,-0.64
CNM,8000000,-4.64%,-2498000000,2506000000,,15.58%,21.00%,3.14%,-27.19%,25.00%,13.91%,12.20%,6.80%,18.18%,1305439,12.69%,5.30%,72105,1.23,6,6.52,3.35,48.18000,1795338,47.59,46.02,55.14,2.13
CCK,918000000,-16.93%,-5500000000,6418000000,,-0.19%,-16.58%,-4.69%,-56.98%,16.50%,10.20%,10.79%,2.90%,16.64%,513087,10.80%,2.24%,18435,0.81,7,6.36,2.08,82.03000,1032613,40.02,40.75,46.12,3.55
HST,554000000,0.05%,-5089000000,5643000000,,1.14%,18.25%,5.10%,-54.12%,10.40%,,2.13%,5.50%,3.88%,34448485,7.00%,2.18%,4224242,0.45,5,,,13.45000,13725639,39.66,24.23,35.27,0.99
SAIL,121293000,-34.55%,-903174000,1024467000,,42.65%,147.28%,154.26%,-9.88%,,-2.78%,-7.35%,-14.40%,57.12%,314686,,-6.98%,-394587,0.12,1,,2.01,17.12000,1325952,39.51,0.00,0.00,-12.91
APG,499000000,-3.16%,-2536000000,3035000000,,17.46%,17.91%,18.26%,-26.37%,-8.10%,1.66%,2.44%,-2.80%,-8.98%,242000,,-3.42%,-7724,0.89,5,33.04,2.16,34.32000,1268428,44.09,44.72,54.26,-0.84
SQM,2503962000,,-2041117000,4545079000,,48.14%,150.04%,69.80%,-23.57%,19.80%,35.55%,16.71%,8.50%,31.94%,972076,10.30%,14.28%,120176,0.69,4,3.19,3.15,33.32000,1630215,33.62,36.61,37.94,3.23
BRBR,49600000,0.04%,-783800000,833400000,,17.91%,0.16%,1.89%,-8.21%,-132.60%,62.20%,20.38%,34.00%,-31.42%,4996905,47.02%,14.84%,665476,2.55,6,4.99,10.36,74.01000,1181583,54.44,55.57,70.57,2.12
CLS,423300000,-15.34%,-373400000,796700000,,0.10%,17.98%,2.66%,-4.13%,23.70%,19.69%,9.78%,7.30%,12.22%,359055,17.45%,3.84%,15932,1.64,7,4.46,3.46,76.48000,4841071,42.86,43.77,59.46,3.61
MRNA,7025000000,-45.55%,6315000000,710000000,-14.50%,0.24%,-41.71%,39.93%,68.03%,-30.10%,-30.22%,6.69%,-22.80%,19.26%,557931,-33.98%,7.00%,-613966,0.21,2,9.18,2.60,24.50000,12641559,33.42,29.64,31.42,-9.28
MGA,1247000000,-6.83%,-5821000000,7068000000,,7.60%,-2.15%,7.19%,-64.63%,8.60%,8.80%,5.80%,3.10%,8.94%,254976,6.16%,3.42%,6006,1.33,7,8.46,2.31,32.13000,2666801,37.56,25.94,34.43,3.52
SAIA,19473000,5.02%,-304991000,324464000,,26.48%,133.92%,6.07%,-3.34%,16.60%,16.79%,16.46%,12.10%,19.86%,209743,13.91%,13.52%,23664,1.07,4,,8.88,351.45000,671958,44.54,36.24,46.00,13.51
BEN,3645100000,-2.37%,-9132200000,12777300000,,16.58%,8.73%,62.89%,-98.31%,3.00%,,4.87%,1.20%,9.46%,949837,1.05%,4.44%,40989,0.27,7,,,17.72000,5617002,40.40,36.06,39.05,0.66
AEG,4562804075,,-589110197,5151914272,,-25.70%,-60.05%,8.26%,-6.50%,19.60%,,1.58%,0.60%,4.56%,3573853,8.23%,,141189,0.15,6,,,5.82000,18536099,39.25,41.90,50.03,1.04
ATR,226181000,24.37%,-161820000,388001000,,4.74%,-22.94%,18.58%,-1.74%,15.40%,15.28%,12.06%,8.30%,13.10%,265399,13.83%,6.40%,27744,0.80,7,4.57,4.91,140.76000,308997,41.47,36.06,48.62,5.53
X,1367000000,-1.57%,-2885000000,4252000000,,1.34%,-2.01%,1.86%,-31.18%,3.40%,3.77%,8.67%,1.90%,13.10%,709201,0.72%,6.98%,17413,0.77,5,6.55,2.12,40.87000,14517225,49.62,54.80,56.04,1.57
WBA,1132000000,-1.87%,-29002000000,30134000000,,-7.06%,-10.38%,-5.90%,-313.74%,-56.20%,-7.63%,-7.84%,-7.40%,-9.00%,459048,-17.94%,-1.02%,-17459,1.94,4,15.31,2.32,10.69000,16607496,45.05,49.23,31.21,-6.69
BWXT,76894000,-14.30%,-978576000,1055470000,,-3.90%,-12.75%,5.07%,-10.71%,27.60%,16.19%,12.99%,9.90%,38.18%,310765,12.30%,10.70%,32407,0.95,6,,5.76,101.02000,1125519,51.39,45.18,55.48,3.07
TOL,574834000,-3.07%,-2171205000,2746039000,,-5.36%,0.82%,-7.41%,-23.54%,20.00%,,10.72%,11.30%,18.34%,2195515,14.00%,9.18%,308029,0.80,4,0.77,,92.74000,2760808,32.14,27.62,44.78,14.51
DOX,349008000,0.51%,-444783000,793791000,,-3.35%,-1.31%,23.05%,-4.82%,14.20%,13.04%,12.10%,7.80%,15.48%,158653,12.37%,8.64%,16171,0.76,5,,4.68,82.21000,1089878,38.16,42.59,45.84,4.32
DTM,68000000,29.31%,-3453000000,3521000000,,4.53%,7.68%,3.48%,-37.89%,8.20%,6.77%,4.57%,3.90%,8.60%,1764388,4.33%,4.06%,636691,0.11,6,,1.46,90.05000,874162,41.35,45.36,63.69,3.60
PCOR,775395000,0.17%,701346000,74049000,17.59%,-5.92%,-9.15%,,7.61%,-8.40%,-7.45%,-8.18%,-5.30%,-14.34%,274020,-10.01%,-13.72%,-25210,0.58,5,,6.57,60.74000,1932341,40.32,39.90,45.01,-0.72
SWK,290500000,-5.99%,-5812500000,6103000000,,-2.56%,-14.96%,11.66%,-66.09%,3.30%,4.42%,6.94%,1.30%,7.68%,316819,8.05%,3.18%,6068,0.68,8,2.34,1.83,58.68000,5009339,30.22,22.72,35.25,1.95
NBIX,1076100000,81.03%,621000000,455100000,2.95%,1.10%,6.23%,-1.69%,6.87%,13.40%,15.14%,14.96%,9.70%,18.10%,1308500,13.16%,11.38%,189611,0.67,6,0.71,6.28,90.72000,1742037,30.02,29.39,38.89,3.29
CACI,175707000,56.05%,-3262573000,3438280000,,11.72%,63.84%,12.32%,-36.45%,13.50%,9.90%,8.90%,6.50%,13.38%,338852,8.00%,6.20%,20005,1.11,6,,3.18,403.42000,418550,59.60,47.74,51.98,21.31
TLN,365000000,14.44%,-2639000000,3004000000,,,6.52%,,-29.01%,44.40%,23.61%,,14.60%,,1116684,23.02%,,526927,0.31,4,4.10,2.26,196.39000,1051143,47.52,49.53,77.11,18.40
PAC,490651516,,-1526726113,2017377629,,173.38%,145.66%,,-16.56%,49.70%,-8.91%,15.03%,14.90%,32.50%,734247,18.74%,11.82%,210896,0.52,5,,4.03,181.28000,119888,45.32,48.47,54.05,11.14
AOS,276100000,51.33%,59400000,216700000,-71.47%,-0.35%,39.63%,-7.66%,0.67%,28.10%,30.21%,25.29%,16.70%,23.60%,300638,25.34%,13.46%,42016,1.20,5,4.59,7.58,62.87000,1950734,41.45,35.21,40.82,3.63
SEIC,869776000,-1.34%,837641000,32135000,-0.40%,-25.90%,26.75%,-7.56%,9.29%,25.50%,32.43%,18.99%,22.20%,25.60%,416860,18.80%,21.62%,114004,0.81,6,,15.14,71.04000,882481,39.28,38.60,50.85,4.41
DRS,598000000,-0.54%,233000000,365000000,281.97%,-2.43%,-10.10%,-12.51%,2.62%,8.70%,9.29%,9.84%,5.40%,11.34%,462000,8.09%,6.16%,30429,0.83,7,7.27,3.71,33.96000,917511,55.95,55.36,70.77,0.80
MTZ,399903000,-3.72%,-2231695000,2631598000,,4.81%,-24.72%,9.54%,-24.19%,5.90%,6.82%,5.05%,1.90%,7.50%,384483,5.98%,2.72%,5087,1.40,7,99.09,2.89,115.06000,1424553,46.23,43.60,53.10,2.06
PAAS,887300000,-1.46%,84000000,803300000,,159.70%,0.21%,20.50%,0.93%,2.40%,7.91%,0.30%,1.60%,-0.60%,454661,2.43%,-0.40%,17984,0.40,6,3.30,2.72,24.84000,5461988,51.69,56.49,58.74,0.31
FYBR,750000000,-0.04%,-10811000000,11561000000,,13.14%,2.66%,,-120.72%,-6.30%,2.50%,,-1.60%,,456692,,,-24769,0.29,4,,0.68,35.94000,3130068,52.66,65.20,67.32,-1.30
IPG,2187100000,-0.65%,-2067500000,4254600000,,-3.93%,-8.92%,-3.27%,-23.10%,18.20%,14.63%,11.42%,4.00%,23.60%,186267,10.07%,4.60%,12012,0.61,6,,1.58,24.04000,5685327,39.21,33.15,36.58,1.83
ORI,201900000,-20.10%,-1386800000,1588700000,,0.00%,-0.16%,10.28%,-15.21%,13.90%,,11.47%,3.10%,13.48%,875691,12.69%,3.40%,90713,0.30,7,,,36.58000,1284761,41.14,48.95,59.57,3.24
RKLB,423250000,-0.44%,-45171000,468421000,,53.93%,165.11%,75.33%,-0.52%,-43.80%,-21.95%,-7.19%,-16.20%,-20.44%,207721,-22.31%,-19.40%,-90560,0.37,3,2.82,5.79,19.63000,16701121,50.97,50.06,60.83,-0.38
BIRK,334011587,2.44%,-1250481284,1584492871,,,-3.85%,,-14.08%,8.30%,9.69%,,4.40%,,959056,7.40%,,112646,0.38,5,1.13,3.06,47.25000,2158446,51.70,44.07,56.00,1.22
TTAN,442513000,-30.25%,277103000,165410000,,,,,3.15%,-73.70%,-13.70%,,-21.90%,,253158,-14.20%,,-117981,0.47,6,,16.24,97.83000,243130,55.95,50.87,0.00,-8.53
BEPC,765000000,-1.29%,-13662000000,14427000000,,0.34%,-19.35%,2.86%,-365.34%,5.30%,6.30%,5.90%,0.50%,4.66%,1891970,5.33%,-0.24%,97682,0.11,4,,,25.93000,1139713,40.94,35.91,0.00,1.32
EMN,837000000,-0.73%,-4180000000,5017000000,,-0.93%,3.53%,-2.80%,-48.34%,16.00%,10.20%,9.44%,6.00%,13.92%,670143,10.33%,5.16%,64643,0.63,6,3.86,2.48,76.04000,2124256,33.86,29.01,39.93,7.67
JEF,13286026000,3.07%,-26851268000,40137294000,,7.74%,15.22%,6.00%,-306.26%,6.70%,,1.96%,1.10%,8.30%,910843,1.43%,1.48%,88481,0.11,1,,,42.53000,2291699,32.13,28.01,43.32,2.89
DSGX,236138000,13.74%,228242000,7896000,-27.31%,-11.55%,13.16%,-10.04%,2.63%,10.80%,13.47%,8.37%,9.00%,9.04%,312530,9.72%,7.58%,68782,0.41,5,,21.02,100.75000,265313,48.66,43.62,57.59,1.64
OGE,600000,4.82%,-5522000000,5522600000,,3.48%,14.11%,10.80%,-63.34%,9.70%,6.21%,6.15%,3.30%,9.82%,1303055,6.22%,3.24%,192711,0.22,6,2.72,1.31,43.29000,1609712,41.17,51.77,58.57,2.19
FHN,3075000000,21.34%,-1520000000,4595000000,,7.35%,24.22%,1.29%,-17.45%,8.30%,,7.22%,0.90%,10.72%,419195,5.89%,1.04%,101765,0.04,4,,,16.94000,8324127,37.09,38.48,47.73,1.36
WIX,1107149000,-0.18%,137203000,969946000,,-2.11%,-2.65%,16.96%,1.58%,-69.60%,25.18%,-13.78%,8.00%,37.52%,333267,10.23%,-5.82%,26182,1.02,6,,2.90,155.68000,711617,39.88,36.76,50.39,2.36
ARMK,484149000,11.75%,-5736767000,6220916000,,-9.54%,-0.72%,-3.91%,-66.08%,11.40%,8.50%,2.85%,2.70%,3.40%,65791,6.08%,0.80%,1273,1.39,7,43.80,2.14,32.81000,2638893,42.18,36.19,49.12,1.27
VTRS,734800000,-10.81%,-13312400000,14047200000,,-15.26%,-22.53%,2.00%,-155.76%,-3.30%,-0.20%,0.60%,-1.40%,-0.66%,460603,,-0.24%,-19819,0.33,5,2.49,0.80,7.26000,20379895,24.80,22.88,34.06,-0.53
QGEN,1152992000,-27.52%,-238556000,1391548000,,-9.63%,-7.83%,-4.00%,-2.76%,2.40%,3.21%,6.75%,1.40%,11.16%,331526,1.36%,5.74%,14009,0.34,7,2.98,3.79,40.05000,1384720,51.80,44.36,42.81,0.38
SWKS,1739200000,-0.55%,565500000,1173700000,,-20.70%,-0.92%,50.72%,6.90%,8.30%,7.77%,15.37%,6.40%,20.12%,400495,6.77%,14.26%,52149,0.49,5,2.94,4.70,53.84000,6665342,37.13,25.66,29.60,3.26
ROKU,2160236000,-4.23%,1647530000,512706000,14.43%,1.90%,-12.53%,5.02%,19.20%,-5.30%,-3.89%,-8.85%,-3.10%,-9.00%,1231407,-7.26%,-5.22%,-38738,0.98,4,18.43,3.80,59.27000,5501483,37.96,40.29,42.16,-0.89
CHE,178350000,-71.40%,136044000,42306000,-39.62%,-42.53%,9.50%,-20.02%,1.59%,25.50%,29.02%,27.88%,17.50%,32.40%,154908,23.86%,19.38%,19242,1.41,5,156.16,13.95,590.39000,117857,50.53,57.16,55.32,19.89
MEDP,669436000,-1.59%,543202000,126234000,425.71%,-1.22%,-11.18%,22.80%,6.24%,51.50%,45.26%,30.91%,20.50%,43.06%,357467,39.89%,16.24%,68540,1.07,6,,5.77,282.33000,750935,37.97,32.35,46.53,12.63
COHR,929641000,-3.40%,-3134578000,4064219000,,18.07%,-7.47%,10.93%,-36.27%,-1.10%,3.11%,2.79%,-0.40%,-0.76%,202851,,0.06%,-2258,0.37,5,2.68,1.56,55.44000,4833035,40.94,36.59,44.63,-0.41
CELH,890190000,246.81%,869940000,20250000,15.05%,145.30%,825.93%,16.29%,9.25%,27.20%,13.92%,-54.22%,6.30%,1.00%,1263402,27.57%,0.70%,100146,0.79,5,3.75,12.27,36.53000,9413880,63.05,56.14,47.60,0.45
ASND,626818137,8.62%,-332790767,959608905,,101.34%,32.96%,87.85%,-3.88%,,-74.03%,-56.50%,-39.40%,-2987.66%,372461,-37.12%,-46.04%,-387254,0.38,4,0.18,3.12,143.33000,673378,32.87,47.06,51.59,-6.80
DAY,579700000,-0.35%,-653200000,1232900000,,1.57%,-0.86%,11.48%,-7.54%,0.70%,2.06%,0.38%,0.20%,-0.80%,183333,1.33%,-0.22%,1885,0.19,8,,1.05,54.12000,1291521,44.01,37.56,42.24,0.11
MRNO,47491538,17.31%,-510034895,557526433,,44.19%,65.16%,,-72.73%,-37.80%,2.77%,,-12.00%,,62997,-3.76%,,-216913,0.04,3,70.62,-0.07,9.50000,4326,42.72,45.82,47.80,-1.53
SNX,541863000,10.76%,-3786102000,4327965000,,-4.99%,7.95%,6.86%,-44.27%,8.50%,9.10%,6.70%,2.40%,9.64%,2107460,7.72%,2.78%,24446,2.04,5,7.12,2.75,101.85000,1461393,37.02,37.03,46.64,8.00
LTM,2228744000,,-4921707000,7150451000,,,,,-58.90%,166.50%,20.93%,,6.50%,,331912,17.19%,,25268,0.86,6,,1.51,27.65000,305216,33.42,44.46,0.00,3.23
CUBE,77663000,3.81%,-2974551000,3052214000,,-1.68%,2.13%,9.58%,-35.15%,14.00%,,6.71%,6.30%,11.76%,343502,8.16%,5.14%,126024,0.17,6,,,37.05000,1993871,34.16,28.81,41.08,1.72
AIT,303441000,-4.18%,-268859000,572300000,,-7.43%,-4.14%,-9.60%,-3.21%,22.40%,19.81%,12.25%,13.00%,18.48%,689078,16.07%,9.08%,59394,1.51,6,6.03,7.57,220.68000,441997,45.89,42.28,57.11,9.88
PR,479343000,0.18%,-3826394000,4305737000,,72.22%,10.12%,32.11%,-44.85%,11.80%,10.21%,4.58%,6.20%,4.22%,10374967,9.94%,1.06%,2042948,0.31,6,,1.48,10.56000,12953392,34.51,31.09,40.44,1.45
CRS,162100000,0.04%,-532700000,694800000,,-0.01%,-1.80%,0.74%,-6.45%,16.50%,12.44%,0.87%,8.20%,-0.74%,625652,14.97%,,58435,0.88,7,2.72,5.38,167.76000,699158,45.17,48.48,63.63,5.30
EPAM,1287957000,-1.32%,1124703000,163254000,-41.57%,-11.95%,-5.05%,-9.13%,13.54%,12.90%,14.87%,13.96%,10.20%,16.04%,77254,11.17%,12.00%,7427,1.06,5,,7.01,146.29000,789200,29.66,26.98,37.82,7.84
BLD,400318000,-0.69%,-1177769000,1578087000,,-2.13%,-3.67%,13.92%,-14.34%,26.50%,23.03%,14.57%,12.70%,25.00%,381136,17.33%,11.28%,44522,1.09,6,9.61,4.81,284.89000,332350,44.35,36.82,46.48,20.29
SF,2678203000,-6.90%,-92282000,2770485000,,6.17%,-5.01%,3.07%,-1.09%,12.70%,,8.76%,1.80%,12.62%,552258,8.65%,1.84%,77122,0.13,5,,,80.17000,922739,35.07,31.91,47.62,6.25
CIEN,1212069000,-0.37%,-366359000,1578428000,,11.77%,-1.60%,15.75%,-4.42%,2.80%,4.62%,7.97%,1.40%,10.10%,467772,2.51%,5.86%,9123,0.72,5,2.54,2.37,58.36000,1888774,41.98,39.77,49.62,0.55
SSB,1392067000,-26.30%,485621000,906446000,2630.05%,-6.48%,-7.61%,-4.05%,5.87%,9.30%,,6.79%,1.20%,8.28%,341304,7.87%,1.00%,107257,0.04,3,,,81.55000,999993,34.74,33.41,45.89,6.97
PRI,687821000,-0.19%,37831000,649990000,,-0.56%,-0.40%,8.74%,0.46%,22.10%,,21.35%,3.20%,24.42%,1074858,23.37%,3.20%,163715,0.21,6,,,248.59000,257767,41.13,44.44,57.07,13.71
OVV,42000000,-7.23%,-6230000000,6272000000,,3.02%,-5.77%,-4.82%,-75.95%,10.80%,10.64%,4.87%,5.70%,4.98%,5638940,7.92%,3.14%,693161,0.47,6,,1.36,31.72000,5146417,34.33,33.51,38.08,4.21
ESTC,1287636000,-0.27%,699903000,587733000,41.85%,-0.37%,-1.00%,75.34%,8.55%,-16.80%,-2.94%,-22.83%,-5.90%,-33.88%,448655,-6.12%,-12.26%,-41680,0.64,4,,3.68,78.78000,1186197,37.53,37.42,45.35,-1.30
MGM,2415532000,-1.89%,-29092621000,31508153000,,8.39%,-0.07%,15.14%,-358.13%,23.10%,3.20%,3.07%,1.80%,16.84%,221033,4.28%,1.64%,9571,0.41,5,66.56,0.76,28.75000,6237568,43.38,37.00,38.30,2.40
WF,21060329622,,-50949232633,72009562255,,7.99%,48.15%,39.67%,-652.32%,8.30%,,1.67%,0.50%,9.00%,583608,1.39%,0.52%,139797,0.02,2,,,32.20000,162916,43.88,44.70,50.72,7.48
SKM,1662492168,5.92%,-5754752755,7417244923,,1.26%,1.03%,-1.41%,-70.63%,10.70%,-0.02%,5.15%,4.20%,9.12%,476941,6.25%,3.88%,33235,0.60,6,24.36,2.20,21.16000,509028,49.67,45.28,45.02,2.23
G,671605000,-22.38%,-756094000,1427699000,,-10.10%,-3.88%,-4.56%,-9.27%,21.80%,18.00%,12.32%,10.20%,22.12%,34051,13.96%,9.10%,3669,0.94,7,,3.94,46.71000,1256938,36.71,48.59,55.66,2.85
SARO,102581000,-33.17%,-2310732000,2413313000,,,,,-28.16%,0.60%,7.37%,,0.20%,,680151,1.13%,,1425,0.88,7,,2.20,24.53000,3053654,41.86,37.96,0.00,0.04
INGR,1008000000,-0.49%,-823000000,1831000000,,-3.63%,-16.32%,-1.43%,-10.19%,17.00%,15.63%,8.97%,8.80%,13.66%,663393,10.97%,6.20%,57768,1.01,6,4.28,4.08,127.51000,452119,39.53,42.37,53.91,9.71
MASI,177600000,-0.72%,-550300000,727900000,,,-16.50%,,-6.56%,-23.20%,-15.20%,5.82%,-10.50%,5.64%,581778,-14.98%,5.20%,-84694,0.72,5,2.17,4.68,151.49000,1092089,42.53,45.10,50.41,-5.72
DBX,1594200000,48.12%,-1402400000,2996600000,,8.15%,47.57%,24.38%,-17.11%,-92.90%,24.11%,12.97%,15.80%,-119.56%,1156171,19.22%,10.22%,205218,0.89,6,,1.34,27.08000,3902823,51.58,48.38,52.51,1.40
KT,2974563198,,-4802436530,7776999728,,-0.40%,51.62%,,-56.99%,6.00%,-0.01%,4.16%,2.40%,6.66%,1040366,3.82%,2.68%,38857,0.64,5,,1.66,17.02000,1371505,44.15,54.25,60.20,1.54
HESM,4300000,-0.51%,-3467600000,3471900000,,10.64%,8.11%,14.64%,-42.71%,46.20%,12.64%,19.14%,5.50%,33.00%,6797727,17.37%,2.64%,1014091,0.37,6,,,35.31000,1974496,29.29,38.95,51.12,2.49
NVT,131200000,-4.57%,-2023800000,2155000000,,29.20%,21.02%,15.15%,-24.95%,10.20%,10.55%,6.88%,5.10%,10.74%,248438,6.23%,5.64%,27421,0.46,4,4.99,2.48,49.27000,2246700,41.22,34.29,41.61,1.97
EXAS,1038026000,-0.13%,-1716732000,2754758000,,4.96%,7.83%,23.60%,-21.13%,-34.50%,-19.42%,-13.31%,-16.00%,-22.42%,394124,-20.34%,-11.20%,-146980,0.43,3,5.80,0.39,43.74000,2937908,46.87,36.42,41.02,-5.59
APPF,278249000,-2.41%,240773000,37476000,41.14%,-12.39%,-8.85%,-14.47%,2.97%,49.70%,26.68%,2.13%,39.50%,20.32%,486048,33.07%,13.68%,124889,1.54,5,,48.59,223.04000,357291,51.60,46.98,55.09,5.55
CR,306700000,-25.58%,59700000,247000000,-26.39%,,-0.60%,,0.75%,19.40%,18.69%,12.45%,11.50%,,291945,15.23%,,40370,0.83,7,3.49,7.08,140.54000,393420,39.92,37.20,56.60,5.05
MLI,1059103000,1.89%,1025345000,33758000,-16.87%,10.55%,-5.06%,-39.42%,12.47%,23.20%,28.01%,26.86%,19.40%,31.66%,729250,20.50%,22.16%,117043,1.21,4,6.47,14.01,72.61000,931860,42.99,43.87,66.63,5.31
LOAR,54066000,-53.17%,-232368000,286434000,,,-47.49%,,-2.95%,2.90%,5.76%,,1.80%,,268546,4.88%,,14821,0.32,8,2.39,13.65,85.89000,708632,68.15,60.33,0.00,0.24
WMS,488859000,1.94%,-920762000,1409621000,,13.23%,6.40%,5.68%,-11.41%,35.70%,21.90%,14.67%,13.50%,24.62%,506860,18.06%,8.62%,80592,0.85,6,4.13,4.68,103.40000,800645,43.48,34.40,41.70,5.98
VNOM,26851000,31.83%,-1056128000,1082979000,,11.72%,-0.01%,13.04%,-13.20%,27.30%,6.64%,29.47%,8.40%,11.22%,,28.30%,2.88%,,0.20,6,,4.60,36.50000,1647980,33.11,33.54,46.70,3.82
FND,187669000,-0.78%,-1498889000,1686558000,,5.82%,3.77%,9.70%,-18.61%,9.90%,6.73%,8.21%,4.20%,17.56%,325476,5.40%,6.46%,15038,0.92,7,2.26,3.24,74.24000,2833559,39.43,29.93,40.29,1.90
PLNT,463837000,-0.29%,-2112016000,2575853000,,9.62%,8.91%,6.75%,-26.93%,-76.80%,12.22%,8.00%,5.70%,-43.84%,346425,9.83%,3.04%,50437,0.39,7,104.71,1.93,94.06000,1148051,44.47,49.12,57.97,2.00
PARAA,2384000000,-0.32%,-13423000000,15807000000,,-6.44%,-8.37%,9.11%,-174.11%,-0.20%,1.68%,6.30%,-0.10%,17.88%,1616774,,4.88%,-2366,0.56,6,1.41,1.20,22.67000,7914,49.90,52.35,49.13,-9.36
MKTX,591585000,-3.23%,518931000,72654000,24.53%,-6.34%,-8.81%,-5.81%,6.74%,20.20%,,21.59%,14.70%,25.08%,917056,17.74%,17.52%,307723,0.44,5,,,210.32000,787363,50.47,42.02,43.84,7.28
EGP,17529000,-7.37%,-1486033000,1503562000,,1.18%,-10.23%,4.92%,-18.67%,7.90%,,5.08%,4.80%,9.26%,6338950,5.32%,4.76%,2254960,0.13,6,,,152.18000,613830,31.39,33.78,42.33,4.66
HII,831000000,20.85%,-2577000000,3408000000,,-0.81%,27.50%,18.64%,-32.69%,12.80%,8.07%,9.44%,4.80%,22.60%,262159,5.67%,6.18%,12500,1.01,4,51.19,2.39,200.89000,834715,54.71,49.17,44.83,13.96
TTEK,248104000,6.72%,-836289000,1084393000,,29.30%,-5.95%,13.41%,-10.66%,15.30%,14.40%,12.71%,6.30%,19.76%,179699,10.26%,8.48%,8639,1.31,7,,4.24,29.26000,2647762,46.89,27.35,40.52,0.95
ADC,6399000,4.11%,-2779022000,2785421000,,18.18%,15.53%,26.14%,-36.09%,3.40%,,3.46%,2.20%,3.60%,8227933,3.56%,2.38%,2423467,0.08,5,,,72.95000,1462122,44.57,50.96,55.96,1.78
NYT,565922000,,565922000,,25.32%,,,,7.23%,16.00%,15.57%,12.02%,10.80%,12.92%,438291,13.96%,8.12%,49801,0.95,7,,7.73,47.87000,1576655,46.63,39.59,50.36,1.77
ASR,755762997,,159246233,596516765,,159.87%,-10.85%,,1.94%,23.60%,-53.43%,14.00%,14.40%,18.00%,808981,19.23%,10.28%,319678,0.37,7,186.48,7.27,265.76000,54648,45.10,45.37,49.66,20.05
U,1517672000,0.04%,-721250000,2238922000,,9.55%,-17.44%,,-9.23%,-20.80%,-12.91%,-13.58%,-9.90%,-25.94%,363596,-13.91%,-14.06%,-133169,0.27,4,,0.78,19.08000,9174966,44.40,44.68,41.91,-1.68
TECH,177549000,-0.95%,-217578000,395127000,,3.96%,-28.90%,-3.16%,-2.84%,7.60%,8.03%,9.84%,5.80%,13.36%,392136,6.89%,9.54%,51848,0.44,5,2.23,9.34,49.26000,2662025,32.55,25.80,36.55,1.00
HSIC,122000000,-4.08%,-2748000000,2870000000,,33.11%,4.71%,23.52%,-34.82%,11.10%,8.75%,10.07%,3.80%,13.88%,506920,7.47%,5.50%,15600,1.23,6,4.78,2.99,63.56000,1925022,34.77,37.73,43.31,3.05
RRC,388969000,-0.43%,-1431789000,1820758000,,-14.86%,1.05%,-10.74%,-18.49%,6.90%,6.08%,10.88%,3.60%,15.46%,4278025,6.81%,5.82%,471398,0.33,5,,1.48,32.25000,3785913,33.66,42.09,50.02,1.09
BIO.B,,,,,,,,,,,,,,,,,,,,6,,,225.28999,105,1.21,15.85,32.69,-65.36
HLNE,327313000,34.57%,-42553000,369866000,,17.08%,33.47%,37.00%,-0.54%,36.70%,,25.95%,15.20%,39.38%,988080,24.83%,11.70%,307540,0.49,6,,,138.07000,555630,45.40,42.59,54.50,5.42
ICL,442000000,-6.45%,-1851000000,2293000000,,-8.70%,-14.66%,-2.49%,-23.99%,7.00%,8.45%,11.30%,3.60%,15.64%,523533,6.80%,7.08%,31147,0.60,5,2.75,,5.98000,869933,53.97,59.89,53.59,0.32
LAD,402200000,-1.35%,-13460000000,13862200000,,40.85%,22.37%,29.71%,-178.73%,12.30%,9.62%,8.68%,3.50%,21.30%,1206273,5.82%,7.26%,26733,1.58,3,5.74,2.48,292.51000,415867,49.75,43.57,50.30,29.65
FRT,123409000,0.01%,-4437843000,4561252000,,2.85%,-2.70%,5.43%,-57.81%,9.40%,,5.10%,3.40%,9.16%,3891430,5.41%,3.16%,929372,0.14,6,,,88.96000,1212512,38.01,28.71,38.11,3.42
WYNN,2521793000,-9.26%,-9643831000,12165624000,,0.32%,-9.01%,2.87%,-125.64%,-266.40%,10.43%,3.15%,3.70%,-1062.46%,3563980500,9.42%,-2.96%,250539000,0.53,7,53.21,1.13,72.30000,3008121,39.49,36.65,40.06,4.35
MOS,272800000,3.94%,-3951900000,4224700000,,-0.44%,12.32%,-1.75%,-50.97%,1.50%,2.90%,13.24%,0.80%,13.02%,808049,1.91%,6.46%,12706,0.49,4,3.79,1.84,24.20000,4722901,42.67,44.41,40.09,0.55
SFD,943000000,-0.93%,-1401000000,2344000000,,,,,-18.29%,14.60%,13.80%,,7.80%,,387452,10.64%,,26110,1.16,5,,3.22,19.48000,385769,46.37,0.00,0.00,2.51
LCID,4030968000,0.11%,1945933000,2085035000,9.51%,1.45%,0.11%,,25.42%,-85.60%,-31.59%,-23.24%,-34.70%,-6628.06%,118799,-50.70%,-53.00%,-450228,0.09,3,3.14,-1.22,2.52000,125447084,53.88,47.13,42.93,-1.25
HRB,341524000,39.04%,-2339399000,2680923000,,0.19%,-0.12%,-2.27%,-31.04%,-166.50%,47.73%,24.37%,18.20%,-456.02%,861987,31.44%,13.86%,126800,1.24,6,,2.96,57.07000,1521677,59.26,53.16,60.95,3.62
FSV,243686000,-0.13%,-1322562000,1566248000,,23.91%,10.54%,11.51%,-17.95%,12.00%,8.59%,8.06%,3.40%,14.00%,193218,8.05%,4.26%,4977,1.30,6,13.31,,164.44000,203759,45.14,40.35,50.32,2.97
LW,67500000,3.95%,-4177600000,4245100000,,15.86%,10.19%,13.51%,-55.23%,21.30%,12.33%,12.52%,4.90%,95.82%,596953,8.01%,10.44%,34299,0.86,5,4.02,2.58,53.91000,2059912,48.50,38.46,36.22,2.55
AM,,-1.72%,-3116958000,3116958000,,-0.06%,-3.00%,1.51%,-40.56%,18.80%,13.35%,6.06%,7.00%,12.02%,1795768,9.21%,4.62%,650799,0.19,8,,1.91,15.88000,3580555,35.09,49.13,58.80,0.83
BECN,74300000,-6.61%,-3387500000,3461800000,,18.69%,18.47%,2.12%,-44.67%,19.30%,12.42%,3.14%,5.10%,5.74%,1210114,9.09%,1.64%,44831,1.37,5,5.51,3.06,122.90000,2403993,58.37,64.59,66.16,5.68
ALSN,781000000,-0.04%,-1619000000,2400000000,,-1.48%,-4.12%,-0.96%,-21.58%,48.00%,20.41%,17.59%,14.00%,56.26%,806250,19.96%,11.16%,182750,0.62,6,5.74,2.61,88.63000,1047655,39.74,36.35,54.68,8.31
ERJ,371412736,,-67480536,438893272,,1.81%,-42.32%,2.08%,-0.89%,12.00%,-6.76%,-1.08%,3.10%,-2.76%,305630,4.49%,-0.88%,16847,0.57,6,1.95,7.06,41.04000,3205025,34.65,50.24,67.23,1.92
REXR,55971000,-0.13%,-3289991000,3345962000,,33.71%,50.32%,31.29%,-45.18%,3.20%,,2.64%,2.10%,2.78%,3455376,3.16%,1.90%,969982,0.08,5,,,31.94000,3739902,28.72,25.21,33.08,1.20
CBSH,3375910000,33.50%,449096000,2926814000,,-1.21%,0.57%,9.57%,5.98%,16.40%,,7.96%,1.70%,15.70%,353418,8.44%,1.46%,114619,0.05,4,,,56.19000,709378,34.16,35.85,48.17,3.87
CHDN,252700000,1.52%,-4654500000,4907200000,,35.60%,1.47%,27.20%,-61.85%,42.30%,13.15%,6.55%,6.00%,48.02%,308264,8.85%,5.54%,48117,0.38,7,,1.65,102.41000,669323,38.63,22.91,39.14,5.68
CX,624000000,,-7540000000,8164000000,,-12.58%,-30.75%,18.92%,-103.53%,1.60%,9.07%,2.55%,0.70%,0.60%,373960,1.18%,0.40%,3914,0.63,6,8.30,1.25,5.02000,23121722,33.14,36.43,42.17,0.04
KVYO,881848000,25.86%,828410000,53438000,20.51%,,3.60%,,10.80%,-4.70%,-4.07%,,-3.90%,,429635,-7.73%,,-21147,0.79,3,,19.66,27.37000,2071737,36.37,35.35,39.97,-0.17
BERY,1181000000,-2.30%,-7427000000,8608000000,,-4.49%,-7.09%,-6.01%,-99.63%,15.10%,8.02%,7.10%,3.00%,22.74%,267955,7.27%,3.78%,10705,0.76,6,6.33,1.73,64.50000,3200803,37.98,44.37,53.42,4.02
AGNC,1771000000,-1.92%,-75767000000,77538000000,,10.67%,26.28%,-4.76%,-1019.25%,8.00%,,-0.39%,0.90%,-1.06%,18018868,0.97%,,13792453,0.01,6,,,8.12000,70358415,22.00,27.13,39.53,0.93
DCI,189100000,-10.03%,-388300000,577400000,,-2.23%,-5.98%,-5.26%,-5.21%,27.60%,25.53%,18.35%,14.20%,28.16%,259529,19.97%,13.00%,29864,1.23,6,4.81,6.46,62.15000,768277,40.67,34.93,44.99,3.42
FRHC,1320093000,-6.24%,-1388846000,2708939000,,58.00%,-15.08%,86.93%,-18.73%,26.60%,,18.89%,3.70%,40.28%,347178,19.82%,6.68%,51956,0.25,5,,,122.33000,102352,43.23,48.51,63.77,5.35
CAE,215926449,12.66%,-2393321627,2609248076,,9.63%,13.88%,7.17%,-33.88%,-4.90%,-0.40%,2.58%,-2.10%,2.72%,243526,-1.19%,0.86%,-11474,0.44,4,5.69,1.54,22.26000,603774,39.58,46.29,50.71,-0.47
MTSI,656519000,10.40%,116583000,539936000,,-3.59%,10.34%,-4.87%,1.59%,-9.40%,-5.63%,6.77%,-5.90%,16.08%,465031,,8.36%,-60704,0.45,5,2.05,6.80,99.27000,1017520,46.22,40.33,51.20,-1.44
SKX,1234986000,-7.87%,-694149000,1929135000,,5.09%,14.57%,8.58%,-9.42%,15.00%,12.70%,10.39%,7.80%,14.02%,446236,11.83%,7.00%,31814,1.10,7,2.44,3.63,49.35000,5723040,37.97,30.04,42.40,4.16
BRX,378692000,0.02%,-4961059000,5339751000,,1.12%,8.23%,1.90%,-67.91%,11.70%,,5.33%,3.90%,9.88%,2504979,5.65%,3.28%,661353,0.15,5,,,24.05000,2468265,38.27,36.83,48.31,1.11
NIO,5712928293,-0.31%,1095434274,4617494019,-61.12%,18.89%,-2.60%,26.15%,15.32%,-167.90%,6.19%,-29.27%,-21.80%,-94.12%,274355,-55.04%,-18.30%,-94570,0.63,4,9.58,-1.19,3.28000,72822059,31.80,34.20,38.22,-1.51
BIO,1664500000,-0.96%,289800000,1374700000,39.86%,83.26%,-2.19%,16.12%,4.51%,-24.70%,-25.78%,3.43%,-17.50%,1.90%,333312,,2.04%,-239506,0.24,6,1.54,2.28,232.29000,442141,40.80,30.46,35.91,-65.36
NCLH,190765000,-2.27%,-12909725000,13100490000,,1.72%,-6.82%,14.01%,-176.76%,100.70%,10.71%,-6.31%,4.60%,-68.26%,227330,11.89%,-10.70%,21829,0.48,7,37.02,0.26,16.69000,19732439,38.02,34.82,44.43,1.89
AES,2040000000,-0.71%,-27895000000,29935000000,,16.98%,7.48%,8.21%,-380.06%,52.00%,8.30%,2.84%,3.50%,6.52%,1349231,4.25%,0.30%,184505,0.26,5,15.27,0.56,10.30000,17428115,35.58,36.54,36.79,2.36
NNN,9062000,0.03%,-4364741000,4373803000,,5.30%,0.30%,7.92%,-59.41%,9.30%,,5.64%,4.50%,7.68%,10600805,6.13%,3.90%,4839451,0.10,6,,,39.07000,2103913,37.28,39.58,43.83,2.15
PARA,2661000000,-0.94%,-12888000000,15549000000,,-6.96%,-1.95%,-5.31%,-165.16%,-34.70%,-15.42%,0.46%,-13.00%,1.26%,1570591,-17.10%,0.12%,-332796,0.61,6,1.34,0.69,10.92000,9002218,41.65,47.36,39.96,-9.34
ASTS,567534000,-18.96%,394534000,173000000,2491.36%,136.02%,137.40%,,5.39%,-109.30%,-31.88%,-74.31%,-42.00%,-69.84%,7644,-37.23%,-18.48%,-519175,0.01,2,,14.37,23.14000,9993739,46.19,48.77,61.72,-1.94
WPP,3422582558,-15.83%,-4813412164,8235994722,,-25.06%,-11.60%,5.80%,-65.10%,15.80%,79.97%,3.09%,3.90%,1.24%,160603,7.74%,0.20%,5905,1.07,7,,1.83,34.07000,464621,33.28,26.92,33.97,3.09
ENSG,526853000,-2.16%,-1447618000,1974471000,,15.99%,5.51%,7.95%,-20.03%,17.50%,10.03%,7.81%,6.60%,19.04%,108409,7.26%,6.58%,7582,0.94,6,,3.26,127.69000,307633,47.70,42.09,54.53,5.12
GPK,157000000,-4.05%,-5027000000,5184000000,,-3.64%,-3.52%,12.63%,-68.73%,22.50%,12.09%,8.47%,5.90%,20.08%,382913,10.13%,4.44%,28609,0.79,5,3.90,1.93,24.24000,1820333,36.69,36.87,45.64,2.16
EVR,2392426000,8.61%,1469109000,923317000,23.52%,8.59%,9.35%,7.22%,21.81%,24.30%,16.77%,21.96%,10.80%,34.40%,1251930,15.35%,14.02%,158941,0.85,6,,4.14,174.88000,1192732,38.61,31.47,45.47,9.08
WBS,2074434000,-18.39%,-1289027000,3363461000,,39.13%,-13.03%,-1.91%,-17.83%,8.40%,,6.04%,1.00%,9.00%,537392,6.15%,0.98%,170651,0.03,4,,,42.19000,2349201,42.18,41.11,47.42,4.37
CWST,383303000,3.87%,-824688000,1207991000,,25.16%,8.00%,15.28%,-11.60%,1.10%,2.86%,5.99%,0.50%,14.72%,305350,1.70%,3.52%,2654,0.55,5,52.15,3.16,114.00000,738673,54.23,56.75,63.36,0.23
EXP,31173000,-5.09%,-1010601000,1041774000,,5.99%,-1.85%,0.96%,-13.77%,33.90%,23.13%,15.65%,15.60%,28.30%,906816,18.81%,12.38%,189614,0.75,6,4.35,5.14,216.53000,598251,45.89,37.19,49.27,13.99
AXS,3063621000,-1.15%,1575448000,1488173000,,1.33%,-2.26%,-5.00%,21.76%,18.00%,,6.71%,3.30%,7.40%,3175720,14.26%,1.34%,560520,0.19,5,,,91.41000,674968,44.50,54.23,65.30,12.35
WCC,702600000,0.58%,-4977200000,5679800000,,3.48%,-4.76%,31.15%,-69.27%,13.30%,11.67%,7.91%,4.30%,12.20%,1090940,8.68%,3.74%,33010,1.43,5,4.84,2.99,146.84000,1391217,43.78,38.76,46.78,13.05
AYI,397900000,109.29%,-794200000,1192100000,,28.64%,104.48%,20.41%,-10.87%,17.30%,14.15%,13.48%,10.50%,16.68%,299871,11.41%,9.72%,31591,1.00,5,4.95,4.82,233.81000,468630,36.16,31.41,49.02,13.19
CORT,383334000,2.14%,376398000,6936000,2.26%,136.25%,4493.38%,14.92%,5.27%,22.70%,19.36%,20.88%,18.70%,22.52%,1350080,17.42%,19.58%,279466,0.90,5,0.68,29.35,67.73000,1649232,49.54,59.00,57.73,1.23
EXLS,358621000,-13.95%,-6205000,364826000,,1.68%,34.64%,1.79%,-0.09%,18.90%,21.12%,11.55%,12.90%,15.70%,30897,15.46%,10.80%,3333,1.19,7,,9.42,44.02000,1380814,39.67,46.30,60.61,1.21
HALO,596074000,0.11%,-909724000,1505798000,,19.76%,0.44%,30.19%,-12.76%,138.40%,29.89%,24.32%,22.20%,161.70%,2900926,23.51%,22.42%,1268831,0.51,7,1.18,4.72,57.70000,1935024,39.94,52.49,57.54,3.43
GAP,2588000000,0.16%,-2887000000,5475000000,,-4.32%,0.62%,-6.54%,-40.92%,28.10%,14.18%,2.73%,7.30%,4.40%,183976,9.45%,1.44%,10293,1.31,5,4.36,2.65,19.00000,11343761,44.71,36.66,48.39,2.20
HAS,695000000,-14.68%,-2685800000,3380800000,,-5.65%,-2.45%,-3.53%,-37.44%,32.80%,13.35%,1.81%,5.80%,-1.58%,829589,12.58%,-0.84%,77352,0.62,7,3.89,2.49,51.00000,2460460,33.34,33.24,40.99,2.75
SUN,94000000,1.89%,-7905000000,7999000000,,28.22%,94.48%,17.18%,-111.12%,25.30%,11.52%,10.73%,6.90%,43.08%,6880837,5.45%,6.64%,262583,1.80,4,21.68,,52.03000,409891,33.18,40.79,48.75,6.00
CFLT,1910563000,-0.30%,800582000,1109981000,1.70%,-0.35%,-0.32%,,11.30%,-38.20%,-15.89%,0.89%,-13.40%,-20.36%,314916,-20.24%,-27.90%,-112766,0.38,4,,2.15,21.22000,4204278,37.99,38.43,43.19,-1.07
MIDD,689533000,-0.43%,-1705534000,2395067000,,-0.27%,-1.24%,5.04%,-24.16%,12.30%,10.37%,8.45%,6.00%,15.02%,365030,8.07%,6.18%,40357,0.55,6,2.71,3.08,131.59000,1883418,36.73,38.64,46.36,7.90
GTLB,992377000,,992377000,,-4.24%,,,,13.84%,-0.90%,-9.72%,-0.69%,-0.50%,-7.90%,319684,-18.39%,-24.58%,-2664,0.57,2,,7.30,42.98000,3838504,38.76,35.16,41.89,-0.04
MTCH,970727000,0.04%,-2878256000,3848983000,,-0.69%,0.18%,5.90%,-40.90%,-565.10%,22.06%,20.05%,12.50%,-213.14%,1328005,17.03%,9.24%,210411,0.79,6,,0.52,28.08000,4730300,38.47,36.41,35.86,2.02
FOUR,1211900000,0.32%,-1669400000,2881300000,,17.83%,62.16%,35.09%,-31.12%,30.70%,-0.13%,1.95%,5.40%,10.66%,832650,6.70%,1.56%,57400,0.78,5,383.33,1.52,78.85000,1352153,41.25,40.07,50.23,3.03
RLI,39790000,,-60210000,100000000,,-20.59%,,-7.70%,-0.87%,21.70%,,22.68%,6.20%,26.24%,1610904,21.88%,7.08%,314631,0.32,5,,,76.35000,454724,51.06,49.37,55.37,3.74
UWMC,507339000,4.09%,-11691847000,12199186000,,-12.52%,54.99%,859.51%,-99.47%,11.30%,,12.53%,0.10%,135.16%,237768,4.59%,21.38%,1583,0.15,4,,,4.38000,5154281,25.76,26.30,40.51,0.13
DLB,611657000,-5.42%,567212000,44445000,-29.30%,-13.19%,-5.92%,-9.59%,8.11%,10.70%,10.60%,8.70%,8.60%,9.70%,632282,8.87%,7.96%,126282,0.43,5,4.30,8.71,72.56000,449769,34.05,36.69,42.56,2.71
TEM,449144000,-0.73%,-18950000,468094000,,,-4.11%,,-0.29%,,-102.65%,,-92.40%,,288916,-131.78%,,-310971,0.86,5,9.29,0.22,40.29000,8536176,40.28,45.16,0.00,-6.23
EDU,4882234000,1.74%,4159401000,722833000,2.28%,-20.83%,41.55%,-12.57%,597.49%,10.20%,11.60%,-0.97%,5.20%,1.70%,70921,7.40%,0.50%,5763,0.64,5,25.31,,42.57000,1277168,35.74,33.73,40.82,2.30
XP,943282167,19.38%,-17075599623,18018881790,,32.12%,47.00%,32.52%,-252.30%,22.10%,,4.65%,1.50%,23.12%,378892,4.07%,2.16%,100412,0.06,4,,,12.92000,5770561,40.30,40.33,38.56,1.22
OLLI,428669000,1.32%,-136201000,564870000,,9.45%,15.57%,9.79%,-1.95%,12.40%,11.78%,9.13%,8.20%,12.88%,197540,8.30%,8.52%,17371,0.94,6,2.56,7.13,113.25000,1956717,57.03,60.40,65.67,3.23
TFII,,-5.86%,-3003006000,3003006000,,13.46%,26.63%,11.96%,-43.79%,15.90%,11.93%,12.84%,5.80%,24.22%,325005,9.54%,9.84%,16353,1.16,4,198.98,2.80,81.26000,701838,45.09,21.88,37.98,4.96
PNFP,3435925000,-9.05%,905726000,2530199000,,20.00%,-8.74%,-2.94%,12.96%,7.30%,,6.51%,0.90%,8.66%,453219,5.30%,1.14%,128958,0.03,4,,,90.33000,887259,35.91,35.84,49.00,5.96
HQY,295948000,-2.35%,-812573000,1108521000,,3.21%,18.79%,-3.15%,-11.60%,4.60%,5.37%,1.91%,2.80%,0.86%,384543,4.20%,0.52%,30995,0.35,6,,3.87,79.94000,855534,36.28,34.29,48.37,1.09
COOP,973000000,22.91%,-10413000000,11386000000,,14.09%,52.77%,-2.08%,-153.00%,14.50%,,7.07%,4.10%,21.32%,281646,4.15%,4.62%,84684,0.14,4,,,108.56000,1337837,43.49,52.95,68.73,10.19
WAL,4096000000,63.65%,-2535000000,6631000000,,37.68%,-20.15%,68.48%,-37.79%,12.00%,,8.69%,1.00%,16.30%,855902,5.91%,1.38%,219892,0.04,2,,,63.23000,1787111,34.27,30.16,45.17,7.09
WING,336778000,62.72%,-928651000,1265429000,,39.18%,72.75%,32.41%,-13.94%,-21.80%,26.79%,28.95%,21.10%,-14.98%,468769,20.74%,15.92%,81436,1.21,5,,3.71,240.29000,714929,54.07,39.02,46.41,3.70
ROIV,5146508000,90.32%,5046194000,100314000,-18.14%,-28.75%,-80.20%,,75.27%,-4.00%,-3.68%,-29.52%,-3.40%,,107439,-18.95%,,-241446,0.02,3,,16.78,9.65000,6881169,40.28,33.54,47.63,-0.19
CFR,10234258000,7.71%,5646510000,4587748000,30.61%,15.35%,5.13%,18.90%,82.15%,15.00%,,6.48%,1.10%,13.58%,363735,6.86%,1.02%,104798,0.04,4,,,106.87000,591483,36.99,37.21,46.73,8.87
ESAB,249358000,-0.41%,-826381000,1075739000,,,5.67%,,-11.94%,15.20%,11.97%,9.60%,6.70%,,304534,12.17%,,29427,0.69,6,4.28,3.24,113.09000,783624,47.83,48.33,62.62,4.31
VNO,949619000,0.06%,-8043016000,8992635000,,0.02%,0.09%,2.61%,-127.55%,0.20%,,1.99%,0.10%,-1.86%,596691,1.40%,-0.68%,2762,0.11,5,,,32.88000,1403836,37.45,38.44,49.25,0.04
VFS,90462249,-1.65%,-3655883213,3746345463,,,6.71%,,-54.09%,,0.00%,,-42.10%,,108236,,,-181701,0.25,3,1.92,-3.39,2.92000,393703,39.86,34.68,41.18,-1.08
TIMB,551833607,,-2091782636,2643616243,,,45.58%,,-29.90%,12.00%,,9.21%,5.70%,9.96%,443966,11.58%,4.98%,55023,0.46,7,44.04,,14.45000,578607,44.50,51.00,49.78,1.05
SIRI,162000000,-3.27%,-10213000000,10375000000,,3.93%,-6.97%,4.45%,-150.96%,-38.20%,-3.87%,10.16%,-8.60%,52.08%,1577335,-7.07%,3.88%,-301904,0.45,4,,0.94,20.08000,6846396,38.59,38.53,33.35,-6.14
MDGL,931251000,0.36%,811681000,119570000,57.02%,431.36%,2.03%,181.54%,11.96%,-57.50%,-51.69%,-91.50%,-43.40%,-142.36%,341161,-56.97%,-80.30%,-882371,0.17,2,,11.46,307.35000,385163,43.37,50.22,58.16,-21.90
VIPS,3942051678,-49.74%,3525229202,416822476,-1.17%,-1.73%,38.86%,1.10%,10.05%,19.40%,-7.02%,15.08%,11.00%,19.72%,1014631,15.83%,10.78%,72432,1.54,4,15.54,7.43,13.14000,4252242,31.94,42.06,46.55,1.97
KD,1506000000,-3.59%,-2446000000,3952000000,,-4.94%,-6.22%,,-35.66%,13.20%,7.01%,-14.76%,1.30%,,188838,3.67%,,1725,1.47,7,,1.88,29.09000,1741379,36.84,39.14,53.33,0.56
LNTH,912814000,0.16%,346561000,566253000,129.26%,47.97%,0.67%,23.88%,5.12%,29.50%,25.90%,6.95%,16.00%,13.84%,1898403,20.03%,6.14%,386686,0.79,5,8.26,7.05,98.51000,1122740,52.62,53.05,60.51,4.36
PSN,453548000,1.17%,-961064000,1414612000,,21.09%,53.42%,22.98%,-14.44%,10.30%,10.18%,5.44%,4.40%,6.40%,344417,8.88%,2.94%,11993,1.27,5,,3.03,63.27000,1527020,53.59,32.81,45.10,2.12
KNTK,5914000,1.90%,-3528473000,3534387000,,14.26%,-1.86%,54.17%,-135.16%,-14.20%,7.57%,-44.34%,3.60%,2727.70%,3223759,29.36%,-11.18%,530941,0.22,6,,0.23,42.81000,1309270,35.35,36.66,51.10,1.02
CMA,6804000000,-1.67%,131000000,6673000000,,33.64%,-31.71%,-1.89%,1.93%,10.30%,,7.07%,0.80%,12.92%,403002,5.28%,1.00%,84637,0.04,3,,,51.30000,2118588,35.37,35.48,44.86,5.02
NFG,48694000,3.98%,-2840727000,2889421000,,1.11%,7.59%,4.91%,-42.63%,-0.40%,1.54%,7.74%,-0.10%,11.98%,878987,,3.44%,-4697,0.23,3,9.24,1.18,73.94000,631712,41.71,62.55,64.66,-0.11
ADT,204065000,-0.18%,-7503008000,7707073000,,-7.36%,-1.51%,-4.48%,-122.60%,13.10%,7.69%,3.76%,3.10%,-0.42%,382691,7.55%,0.12%,39145,0.31,7,4.26,0.53,7.69000,12383608,46.89,52.68,52.89,0.52
OBDC,514156000,-3.66%,-6943546000,7457702000,,1.75%,5.38%,19.67%,-103.60%,9.90%,,7.15%,4.30%,9.76%,,8.89%,4.48%,,0.12,3,,,13.09000,5416644,36.01,30.85,40.12,1.53
CVLT,243575000,-7.23%,231974000,11601000,-14.46%,-13.24%,-11.60%,-7.31%,3.45%,60.90%,14.82%,9.38%,17.70%,14.38%,327506,51.28%,3.24%,59415,0.98,5,,5.18,151.39000,340928,49.45,50.37,67.83,3.80
UGI,246000000,1.69%,-7018000000,7264000000,,0.68%,-1.57%,1.55%,-106.45%,11.90%,7.72%,4.85%,3.60%,7.04%,1379651,7.47%,2.38%,106589,0.47,5,7.91,1.35,30.96000,1694693,39.06,54.94,52.71,2.55
TTC,171300000,17.64%,-1053600000,1224900000,,1.45%,-6.77%,9.13%,-15.98%,25.80%,20.69%,17.75%,10.90%,30.08%,399241,15.83%,11.80%,35485,1.23,6,2.62,4.34,66.62000,1038497,36.18,28.39,34.96,3.91
AZEK,148134000,-0.20%,-283985000,432119000,,-2.41%,-26.15%,,-4.32%,10.60%,11.44%,4.35%,6.50%,2.62%,664773,9.80%,2.02%,65454,0.66,7,3.79,6.28,46.26000,5988474,51.13,49.93,55.47,1.00
BFAM,110327000,-2.76%,-1682274000,1792601000,,0.17%,-3.62%,-0.17%,-25.07%,10.80%,8.03%,3.84%,3.60%,6.50%,83807,5.69%,2.08%,4374,0.70,8,,2.66,115.88000,694565,41.58,44.56,51.42,2.40
BILI,2268698065,12.52%,1607547064,661151001,54.04%,-36.64%,-35.14%,7.21%,23.05%,-9.70%,1.72%,-18.60%,-4.30%,-30.08%,454445,-7.09%,-12.54%,-22811,0.85,5,,1.34,15.92000,6241121,34.63,43.15,45.13,-0.44
SRAD,390352705,-1.07%,338001560,52351146,32.86%,-52.48%,-6.83%,,5.16%,3.80%,5.20%,6.20%,1.50%,4.34%,251563,19.58%,1.42%,7764,0.49,7,,3.40,22.02500,1779401,53.90,65.10,69.21,0.10
ATI,721200000,0.63%,-1174100000,1895300000,,0.94%,-13.04%,6.26%,-18.07%,23.50%,14.41%,-3.15%,7.40%,5.34%,566506,12.69%,-0.62%,47766,0.87,6,2.66,2.81,46.38000,1733593,39.12,34.72,46.77,2.55
AXTA,596000000,-2.95%,-2825000000,3421000000,,-3.69%,-2.37%,-2.25%,-42.85%,21.40%,11.89%,7.51%,5.40%,15.86%,439667,10.44%,3.50%,32583,0.72,8,4.72,2.34,30.22000,3357128,38.56,32.20,45.13,1.78
LNW,312000000,-0.13%,-3589000000,3901000000,,-23.55%,-0.31%,-15.04%,-54.06%,43.10%,15.24%,7.02%,6.10%,517.68%,468824,11.75%,12.28%,49412,0.58,7,5.56,2.22,78.09000,1572682,37.51,41.60,49.34,3.68
KNX,365945000,-2.67%,-2911346000,3277291000,,13.57%,2.42%,24.51%,-44.14%,1.70%,2.93%,5.60%,0.90%,7.08%,209917,1.83%,4.52%,3332,0.58,5,,1.65,40.59000,3696317,37.85,31.92,39.09,0.73
ENPH,1717596000,0.17%,415216000,1302380000,3.47%,7.87%,0.67%,65.30%,6.39%,11.50%,4.98%,16.36%,3.20%,37.18%,478383,3.09%,10.06%,36914,0.41,6,3.70,2.66,49.56000,4931342,33.59,30.34,35.26,0.75
FN,934631000,77.72%,907944000,26687000,26.78%,-26.56%,9.19%,-16.47%,13.75%,18.40%,18.30%,13.91%,13.60%,15.72%,212960,15.27%,11.18%,22234,1.31,5,6.06,9.12,182.80000,1227173,43.28,40.94,48.66,8.94
LTH,27878000,-3.24%,-3959419000,3987297000,,2.02%,-6.41%,,-62.86%,6.30%,5.38%,-1.26%,2.20%,-9.02%,62405,4.06%,,3720,0.37,8,30.02,1.22,30.05000,1820656,49.44,59.10,66.20,0.74
AAON,6514000,178.20%,-148377000,154891000,,57.03%,304.12%,,-2.27%,21.40%,20.94%,18.22%,16.20%,21.14%,249509,17.42%,15.56%,35029,1.15,4,4.01,14.02,80.42000,936569,46.32,35.75,48.77,2.02
POST,875100000,1.95%,-6070500000,6945600000,,-2.38%,9.98%,1.21%,-93.72%,9.90%,6.95%,4.73%,3.10%,,690897,5.77%,,34138,0.64,7,7.16,1.60,115.58000,876171,55.21,55.27,61.89,6.07
AN,59800000,-0.06%,-4885200000,4945000000,,12.66%,6.30%,15.47%,-74.85%,29.50%,19.66%,17.26%,5.50%,40.42%,1066351,12.84%,9.74%,27578,2.11,3,6.88,3.19,166.30000,762972,47.71,45.23,52.40,16.92
WTFC,4861770000,-3.02%,623809000,4237961000,,20.44%,15.69%,18.91%,9.65%,11.30%,,6.14%,1.10%,10.00%,398071,6.57%,0.92%,113007,0.04,4,,,97.34000,554952,34.17,31.78,47.37,10.31
CRDO,379208000,0.08%,366252000,12956000,-7.87%,78.60%,11.68%,,5.64%,0.90%,2.28%,2.53%,0.80%,,655064,-0.25%,,10236,0.50,5,2.80,39.50,38.24000,5394290,42.37,40.99,53.61,0.01
KBR,350000000,-1.58%,-2447000000,2797000000,,9.68%,39.29%,14.33%,-38.53%,26.00%,13.30%,6.18%,6.00%,3.74%,203737,9.89%,0.84%,9868,1.25,7,,2.52,48.95000,1464448,46.28,35.71,40.30,2.79
RGEN,757355000,2.05%,71108000,686247000,79.93%,23.30%,-3.59%,21.12%,1.10%,-1.30%,-0.23%,3.70%,-0.90%,4.68%,356827,-1.32%,3.58%,-14350,0.22,5,2.08,5.33,115.19000,834624,37.66,34.50,40.34,-0.46
GNRC,281277000,-11.69%,-1194460000,1475737000,,3.74%,-14.87%,7.26%,-18.54%,13.10%,12.23%,12.18%,6.20%,19.94%,464967,10.46%,8.74%,34237,0.84,7,2.39,3.66,108.41000,1328858,34.27,27.04,40.69,5.39
MHK,666600000,1.43%,-1961700000,2628300000,,-1.22%,-16.56%,-1.95%,-30.80%,6.70%,6.87%,3.51%,3.90%,3.96%,258637,5.47%,2.40%,12356,0.82,8,3.22,2.83,103.02000,1230329,40.34,33.09,43.73,8.14
ALB,1192230000,-1.48%,-2323935000,3516165000,,13.67%,-15.61%,2.88%,-36.15%,-12.30%,-6.33%,4.24%,-7.40%,11.16%,647895,-13.18%,5.24%,-158566,0.30,4,2.90,1.34,54.71000,5265505,31.58,26.47,31.87,-11.20
UFPI,1210681000,-12.16%,853761000,356920000,10.49%,-6.53%,-7.12%,7.92%,13.31%,13.20%,15.08%,17.26%,10.00%,21.72%,443487,10.63%,14.18%,27637,1.60,6,7.49,7.82,105.79000,468445,47.17,38.45,48.95,6.77
WH,103000000,-0.97%,-2360000000,2463000000,,5.73%,11.90%,3.03%,-36.91%,45.70%,13.10%,9.50%,7.00%,24.46%,612174,12.49%,5.08%,125652,0.34,6,,2.01,82.50000,877635,38.04,33.68,49.79,3.61
OTEX,1122192000,-0.26%,-5537986000,6660178000,,13.97%,-24.69%,11.88%,-86.72%,15.80%,12.02%,4.43%,4.50%,7.68%,236366,5.83%,2.74%,28853,0.37,5,,1.32,24.69000,1586954,44.01,35.08,35.11,2.46
RRX,393500000,-3.64%,-5213900000,5607400000,,40.19%,-14.39%,35.89%,-77.94%,3.10%,5.04%,4.68%,1.30%,4.86%,195903,4.29%,2.72%,6370,0.41,6,3.07,1.43,96.68000,1019312,37.26,27.02,37.42,2.94
UMBF,9104445000,-13.39%,6109438000,2995007000,294.30%,-5.15%,-30.40%,8.77%,96.55%,13.20%,,6.03%,0.90%,12.64%,424002,6.83%,0.94%,119319,0.03,3,,,88.14000,484657,34.47,32.73,47.17,8.99
LLYVA,,,,,,,,,,,,,,,,,,,,1,,,66.73000,223679,48.90,54.23,73.04,-0.34
EAT,14800000,-7.91%,-1821800000,1836600000,,-6.50%,-11.77%,-6.59%,-28.94%,768.40%,18.59%,10.77%,10.30%,-69.52%,70088,16.05%,4.36%,3820,1.90,7,113.55,3.67,142.77000,1616366,47.54,54.93,69.53,5.76
SATS,5698327000,9.60%,-24116397000,29814724000,,163.43%,15.18%,64.35%,-384.30%,-0.60%,0.75%,11.14%,-0.20%,15.84%,1155147,-0.61%,8.44%,-8726,0.28,3,21.02,0.69,22.10000,1938162,36.91,41.88,50.72,-0.44
WTS,386900000,-6.99%,189900000,197000000,266.60%,11.56%,-33.96%,-8.62%,3.01%,17.70%,20.25%,14.09%,12.20%,16.54%,469208,15.46%,10.72%,60667,0.95,6,3.01,8.01,189.58000,157528,40.02,39.42,50.15,8.69
FBIN,381100000,-3.79%,-2413800000,2794900000,,1.04%,-0.66%,3.76%,-38.49%,20.00%,14.64%,11.33%,7.10%,22.12%,417444,11.02%,8.08%,42741,0.69,6,2.62,2.68,51.48000,1960923,36.65,27.42,40.00,3.75
BZ,2007124205,-15.74%,1965818990,41305216,13.85%,-0.95%,7.87%,26.07%,57.74%,10.80%,-16.30%,8.73%,8.30%,12.96%,188482,6.58%,-6.14%,40606,0.39,7,,,14.31000,5992254,30.82,44.51,44.32,0.49
ZION,4954000000,37.93%,172000000,4782000000,,35.67%,-2.82%,4.84%,2.70%,12.10%,,7.26%,0.80%,12.24%,315942,7.19%,0.88%,76144,0.04,4,,,42.47000,2337190,35.51,33.15,45.62,4.95
RVMD,2292997000,56.67%,2157154000,135843000,22.01%,26.80%,54.47%,,35.21%,-33.50%,-25.09%,-27.71%,-29.90%,-33.40%,,-28.72%,-28.60%,-1123770,,2,,,33.67000,1871350,40.40,34.60,46.84,-3.58
AGCO,612700000,-33.13%,-2163300000,2776000000,,19.68%,81.84%,13.19%,-34.83%,-10.20%,-3.17%,12.27%,-3.30%,16.98%,485913,,6.34%,-17700,0.90,3,2.84,2.34,83.91000,1465519,43.43,40.61,39.06,-5.69
AAL,7716000000,-4.16%,-29828000000,37544000000,,-6.67%,-7.67%,2.34%,-467.39%,-17.70%,8.24%,-3.67%,1.30%,37.24%,406684,5.71%,-2.88%,6347,0.85,6,9.84,0.73,9.51000,83873618,37.86,28.83,39.32,1.24
WAY,204582000,-0.17%,-1058626000,1263208000,,,-43.84%,,-17.01%,-0.70%,2.79%,,-0.40%,,629033,,,-12750,0.21,6,,2.78,36.23000,1185621,44.04,52.14,0.00,-0.13
BXSL,229606000,10.44%,-6826485000,7056091000,,8.67%,43.65%,37.15%,-110.33%,12.40%,,6.83%,5.70%,11.22%,,7.80%,5.22%,,0.11,3,,,27.34000,2534745,29.91,31.10,40.77,3.45
IDA,368865000,-1.60%,-2704797000,3073662000,,15.39%,8.78%,10.85%,-43.22%,9.10%,5.48%,5.60%,3.30%,9.26%,857574,4.93%,3.36%,135762,0.21,4,6.10,1.36,115.29000,300320,51.11,58.48,60.80,5.50
LLYVK,,,,,,,,,,,,,,,,,,,,1,,,67.87000,336393,53.51,57.05,74.71,-0.34
GIL,98799000,4.28%,-1554491000,1653290000,,32.60%,52.65%,12.28%,-25.70%,23.60%,21.48%,14.53%,10.80%,19.70%,64129,15.50%,10.88%,7860,0.88,5,2.06,3.79,40.18000,1022851,33.70,31.16,49.14,2.46
SSD,239371000,-13.93%,-221876000,461247000,,131.68%,-14.05%,75.22%,-3.59%,18.00%,18.09%,17.55%,11.60%,22.00%,380133,14.08%,14.50%,54875,0.80,5,2.11,6.55,147.83000,301036,40.37,33.81,45.83,7.60
JAZZ,2992864000,-0.57%,-3154714000,6147578000,,0.06%,6.50%,28.44%,-51.85%,14.20%,6.44%,4.70%,4.80%,3.58%,1453196,8.36%,1.52%,200043,0.35,6,0.83,1.48,102.05000,2409453,28.02,34.20,40.16,8.65
ALV,330000000,-13.26%,-1738000000,2068000000,,-1.13%,1.57%,-1.69%,-28.14%,27.80%,23.52%,10.78%,8.00%,17.80%,147795,16.69%,5.56%,9189,1.28,5,8.76,2.77,79.70000,766981,36.84,29.86,39.68,8.04
IONQ,340289000,-3.16%,322564000,17725000,-7.13%,61.46%,118.69%,91.74%,5.65%,-75.30%,-70.21%,-27.70%,-64.20%,-49.60%,105830,-57.88%,-30.94%,-814857,0.08,3,,24.37,25.89000,18608282,52.79,49.10,57.68,-1.56
FAF,1718100000,-18.46%,-702200000,2420300000,,-0.54%,10.32%,12.73%,-11.37%,2.70%,,7.95%,0.90%,10.14%,319006,3.44%,3.48%,6825,0.40,5,,,59.98000,1162446,40.55,43.51,49.40,1.26
AA,1138000000,-13.23%,-1407000000,2545000000,,13.80%,40.53%,7.17%,-22.88%,1.30%,4.51%,-11.17%,0.40%,-1.78%,855755,1.07%,-0.66%,4317,0.83,6,4.83,1.37,23.75000,11055559,31.13,27.39,40.21,0.26
BBIO,681227000,27.75%,-1528448000,2209675000,,8.58%,27.00%,88.93%,-24.87%,,-56.91%,-99.95%,-66.40%,4.34%,303975,-79.94%,-70.02%,-733921,0.28,5,,-3.75,32.31000,3097639,46.20,52.18,55.46,-2.88
PB,1972467000,-17.12%,-1449446000,3421913000,,96.92%,-15.18%,13.62%,-23.79%,6.60%,,5.94%,1.20%,7.52%,302155,4.41%,1.34%,122417,0.03,3,,,64.19000,759333,31.97,29.70,45.11,5.05
BMA,1117433378,,391691977,725741401,,704.62%,957.94%,457.24%,87.28%,32.30%,,44.95%,8.90%,32.30%,390893,48.39%,7.38%,80728,0.43,4,,,71.50000,468034,41.56,39.82,59.27,11.36
FR,51682000,1.57%,-2175229000,2226911000,,10.90%,-0.86%,8.14%,-37.10%,11.00%,,4.81%,5.50%,12.28%,4434709,5.45%,6.12%,1904331,0.13,6,,,44.72000,2512587,28.15,30.56,42.26,2.17
VERX,335223000,-0.09%,-16664000,351887000,,130.84%,425.46%,46.87%,-0.28%,-22.90%,-0.35%,-8.63%,-5.10%,66.84%,350935,,-5.34%,-27752,0.65,5,,4.17,38.18000,777547,53.35,42.62,53.37,-0.34
TAL,4142403000,9.42%,3761313000,381090000,18.00%,-24.39%,77.69%,-22.80%,20.59%,3.20%,3.70%,-3.48%,2.20%,-7.12%,137970,0.03%,-3.90%,7961,0.39,5,12.22,6.27,9.96000,12159900,28.88,41.03,46.27,0.19
SPXC,156900000,-16.68%,-457800000,614700000,,35.70%,10.10%,9.33%,-7.56%,15.20%,13.06%,6.98%,7.20%,,461372,11.80%,,46628,0.72,6,4.33,4.11,129.62000,334674,46.45,41.61,53.92,4.26
WFG,641000000,-60.00%,441000000,200000000,9.98%,-26.27%,-59.92%,-24.35%,7.72%,-0.10%,0.49%,15.52%,-0.10%,17.84%,561273,-0.01%,12.18%,-455,0.67,5,6.16,3.50,74.27000,184734,43.92,34.31,45.27,-0.07
TFX,290188000,-5.71%,-1464837000,1755025000,,-3.72%,-8.89%,-2.68%,-25.40%,1.60%,2.46%,6.11%,0.90%,8.66%,216122,2.33%,4.58%,4941,0.41,7,2.19,2.68,129.07000,1163337,35.79,25.48,31.31,1.48
LPX,340000000,,-32000000,372000000,,-1.56%,,-0.63%,-0.54%,25.40%,25.29%,40.11%,16.50%,51.62%,683953,19.68%,30.40%,97674,1.16,6,5.74,7.01,85.64000,637630,38.41,33.16,49.86,5.89
CACC,845000000,1.66%,-5507900000,6352900000,,11.23%,25.37%,6.96%,-92.74%,15.00%,,9.99%,2.90%,25.92%,889510,6.95%,6.62%,101974,0.26,4,,,495.87000,106037,50.41,51.69,50.26,19.88
HIMS,301107000,-0.11%,289762000,11345000,36.75%,27.43%,14.04%,49.58%,5.01%,31.10%,14.75%,-6.24%,22.50%,-0.94%,901963,22.29%,-7.98%,76993,2.64,5,6.98,17.29,26.81000,19319427,40.01,46.16,55.41,0.53
EPRT,44978000,-3.59%,-2072539000,2117517000,,22.01%,26.90%,23.84%,-35.62%,6.10%,,3.97%,3.80%,5.32%,9366875,4.78%,3.34%,4229250,0.08,5,,,30.03000,1948304,40.56,41.64,53.70,1.15
STWD,553995000,-3.19%,-16788670000,17342665000,,0.62%,-12.02%,8.07%,-282.11%,5.70%,,4.07%,0.60%,8.24%,6644515,5.16%,0.62%,1228440,0.03,7,,,17.59000,5324272,33.14,32.50,41.49,1.10
BBWI,674000000,-7.38%,-4285000000,4959000000,,-6.22%,-11.02%,-11.39%,-71.71%,-48.90%,36.80%,27.24%,15.90%,-57.74%,127841,27.50%,14.42%,13962,1.46,7,5.64,2.67,27.62000,6803707,41.80,36.94,41.06,3.61
CRVL,262440000,-7.56%,241251000,21189000,46.43%,-17.87%,-8.19%,-24.71%,4.06%,32.20%,34.19%,23.98%,17.70%,28.66%,178913,27.39%,14.28%,18111,1.74,6,,19.94,114.90000,186574,61.18,57.92,65.95,1.70
TREX,1292000,152.71%,-243287000,244579000,,105.31%,904.84%,48.17%,-4.17%,26.30%,31.13%,26.02%,17.60%,30.62%,626468,20.68%,21.14%,123173,0.89,4,4.24,10.65,54.94000,1857518,43.89,35.99,42.16,2.09
PATH,1629956000,-3.34%,1555726000,74230000,-14.59%,14.20%,26.43%,29.49%,26.54%,-4.00%,-3.78%,-9.09%,-2.70%,-8.42%,369613,-8.47%,-10.82%,-19052,0.52,3,,3.53,10.63000,19202101,45.48,37.24,34.42,-0.13
ONB,1227968000,-0.69%,-4183569000,5411537000,,26.85%,1.51%,13.73%,-71.56%,8.60%,,4.56%,1.00%,8.86%,436513,4.59%,1.06%,128641,0.03,4,,,18.31000,4338159,35.51,37.39,48.73,1.68
PEGA,739973000,-5.79%,204856000,535117000,,-7.61%,-5.50%,59.03%,3.51%,21.10%,21.91%,-4.23%,6.20%,-31.66%,275065,7.69%,-4.52%,18223,0.94,5,,4.32,67.71000,732949,42.59,36.98,48.65,1.11
ONTO,852328000,,852328000,,22.14%,,,,14.70%,10.80%,11.32%,8.23%,9.90%,9.10%,636571,8.89%,8.06%,130026,0.49,6,1.54,20.18,118.03000,2296174,43.50,34.71,42.89,4.06
CIGI,406319000,-14.45%,-1651669000,2057988000,,16.64%,-3.69%,17.72%,-30.06%,13.10%,7.00%,2.98%,2.80%,-5.74%,261356,7.89%,-0.96%,8766,0.83,7,,1.63,111.49000,166156,39.36,31.36,45.84,3.22
STAG,37393000,3.61%,-3027046000,3064439000,,10.82%,15.31%,13.02%,-52.49%,5.60%,,3.46%,2.90%,6.18%,8432791,4.03%,3.40%,2077341,0.12,5,,,30.90000,2424037,32.94,33.79,39.67,1.04
CCCS,398983000,-0.25%,-424963000,823946000,,-1.14%,-1.10%,-9.04%,-7.34%,1.40%,3.43%,-0.02%,0.80%,-3.72%,409004,1.89%,-1.84%,11318,0.31,7,,3.06,8.81000,8238809,42.53,29.88,40.16,0.04
LSCC,136291000,-11.95%,126858000,9433000,7.89%,-62.38%,-12.16%,-43.78%,2.25%,8.70%,4.34%,19.89%,7.30%,25.76%,458920,8.07%,16.90%,55073,0.61,4,1.67,26.88,42.18000,7675710,34.86,36.65,40.34,0.44
GLBE,474440000,-2.83%,449583000,24857000,52.87%,5.25%,6.58%,76.80%,7.77%,-8.60%,-7.42%,-14.30%,-6.50%,-12.16%,694432,-7.40%,-9.42%,-69694,0.65,5,,9.56,34.20000,2436122,44.48,39.80,47.39,-0.45
CWAN,255489000,-2.16%,183570000,71919000,-18.10%,10.09%,-0.22%,,3.09%,78.90%,-3.05%,,58.00%,,235928,1.13%,,221607,0.62,5,,26.56,23.06000,1674718,34.48,37.64,50.10,1.68
R,154000000,2.31%,-7625000000,7779000000,,5.74%,9.35%,-0.37%,-130.57%,15.90%,7.81%,6.95%,3.00%,14.92%,249231,7.39%,2.96%,9645,0.77,6,,1.39,138.64000,365010,46.06,42.36,57.08,11.06
BRKR,183400000,-8.46%,-2029800000,2213200000,,17.17%,63.18%,20.80%,-35.15%,6.70%,4.52%,10.14%,2.00%,22.82%,295402,3.50%,7.06%,9925,0.60,4,1.69,2.30,38.07000,3643309,37.41,26.57,33.28,0.76
S,721905000,,721905000,,-22.04%,,,,13.07%,-17.60%,-15.70%,-8.36%,-12.20%,-8.18%,293379,-19.73%,-19.66%,-103015,0.35,4,,3.73,17.51000,5830267,41.75,34.45,42.63,-0.92
AWI,79300000,-3.43%,-520600000,599900000,,-3.69%,-6.32%,-1.47%,-9.21%,38.30%,24.29%,17.07%,14.80%,25.66%,401583,21.05%,8.88%,73583,0.81,7,8.08,5.85,132.53000,279160,41.74,42.54,56.83,6.02
LEGN,1122753000,1.16%,772150000,350603000,-21.24%,41.80%,6.67%,124.96%,27.06%,-15.80%,-9.80%,-40.07%,-10.10%,-112.60%,240414,-9.81%,-35.38%,-67852,0.36,3,10.83,,31.28000,1082872,40.17,37.95,38.46,-0.96
LEVI,574400000,-1.50%,-1577300000,2151700000,,-1.00%,0.11%,0.71%,-27.68%,18.20%,10.06%,8.57%,5.70%,16.32%,338209,9.63%,4.88%,19053,1.01,8,2.22,2.64,14.52000,5446325,42.86,32.59,41.98,0.88
BPOP,6800586000,20.78%,5624460000,1176126000,-11.30%,0.60%,9.07%,-1.91%,98.52%,11.20%,,11.56%,0.90%,14.70%,290787,9.04%,1.08%,66385,0.04,4,,,82.33000,659161,36.21,34.12,47.74,8.56
LRN,717496000,0.19%,156246000,561250000,,-1.41%,3.56%,62.93%,2.68%,22.40%,19.83%,7.34%,13.70%,12.16%,281194,13.52%,6.58%,34583,1.12,6,67.05,7.42,133.74000,688242,59.29,65.77,80.96,6.00
CHH,115678000,-2.02%,-1766103000,1881781000,,19.74%,12.18%,16.61%,-30.74%,-425.80%,23.35%,20.19%,11.90%,21.52%,935008,19.13%,12.06%,176794,0.63,5,,3.64,122.99000,425905,40.72,38.04,48.12,6.20
TEO,326975803,,-2545053332,2872029136,,2679.15%,872.82%,210.83%,-70.99%,20.00%,0.00%,-13.79%,8.90%,-14.48%,200790,-1.22%,-6.76%,49130,0.36,3,43.31,,10.17000,95352,40.94,41.55,54.86,2.28
IVZ,986500000,3.90%,-6757200000,7743700000,,-6.33%,-14.94%,-1.41%,-117.97%,2.10%,,2.48%,1.10%,2.22%,713094,2.54%,1.00%,35402,0.22,7,,,12.69000,9640390,33.88,27.76,39.63,1.18
FCN,705387000,-4.13%,497351000,208036000,350.32%,-26.93%,-7.03%,-14.37%,8.63%,12.90%,13.42%,11.82%,8.10%,14.44%,462910,11.25%,7.98%,35055,1.07,6,,5.17,160.52000,455975,44.68,29.36,39.15,7.81
BOKF,1434701000,-20.53%,-3019478000,4454179000,,21.32%,-50.26%,-12.37%,-53.54%,9.70%,,5.21%,1.00%,10.32%,401978,5.23%,1.08%,103554,0.04,4,,,88.13000,437821,33.21,35.39,47.12,8.14
BWA,2094000000,-9.41%,-2067000000,4161000000,,-1.30%,10.08%,16.25%,-36.70%,5.70%,4.53%,6.08%,2.40%,9.28%,367781,4.24%,3.94%,8825,0.98,7,8.92,2.41,25.67000,3356896,37.70,24.54,36.59,1.50
MTG,234627000,0.06%,-410040000,644667000,,-17.47%,0.23%,-4.99%,-7.28%,14.80%,,12.98%,11.60%,14.26%,2176092,13.60%,10.26%,1374764,0.18,4,,,23.21000,2509511,43.48,43.92,56.18,2.89
STVN,111574016,19.07%,-375284539,486858555,,20.48%,8.95%,2.40%,-6.67%,8.80%,9.64%,10.58%,5.30%,17.52%,208302,6.44%,8.36%,22222,0.49,5,3.20,4.93,20.63000,490589,51.02,49.27,45.98,0.45
TMHC,487166000,-1.04%,-1712315000,2199481000,,-13.50%,4.63%,2.09%,-30.59%,15.70%,,9.80%,9.70%,15.96%,2917191,11.05%,8.40%,315468,0.89,6,1.05,,55.33000,831309,39.70,37.80,50.72,8.27
ESNT,131480000,0.06%,-362479000,493959000,,5.57%,17.07%,17.11%,-6.49%,13.40%,,13.53%,10.60%,15.04%,1988646,12.46%,11.54%,1167045,0.18,6,,,54.19000,922301,42.33,42.49,50.26,6.85
THG,435500000,0.03%,-348600000,784100000,,0.11%,0.11%,3.71%,-6.17%,15.80%,,8.08%,2.80%,9.46%,1272939,12.48%,1.92%,86939,0.42,6,,,156.04000,361397,37.32,48.92,56.87,11.68
VMI,164315000,-17.39%,-702521000,866836000,,-8.00%,-31.99%,-0.15%,-12.60%,23.40%,20.84%,10.35%,10.10%,15.46%,370930,16.27%,6.44%,31700,1.19,7,4.54,5.22,278.16000,170618,39.87,40.38,49.69,17.19
TLX,442201314,2525.88%,80240988,361960326,,,,,1.46%,13.90%,9.44%,,5.20%,,1172202,6.36%,,74712,0.82,5,,6.57,16.40000,50472,45.34,54.13,0.00,0.09
SNV,2993987000,-11.83%,1129150000,1864837000,246.02%,8.29%,-12.25%,-14.47%,19.92%,8.50%,,7.96%,0.70%,11.14%,379688,6.75%,0.92%,90092,0.03,4,,,39.57000,2796556,35.72,33.63,46.47,3.03
OPCH,412565000,-0.29%,-805408000,1217973000,,1.65%,4.42%,-2.26%,-14.64%,14.90%,12.59%,7.98%,6.30%,11.44%,617977,9.17%,4.88%,26190,1.49,5,12.04,3.88,33.69000,2287629,52.26,63.39,56.67,1.23
MSA,164560000,-8.29%,-389437000,553997000,,-4.61%,-14.27%,7.22%,-7.09%,26.70%,21.48%,9.38%,12.90%,14.60%,354537,17.59%,6.20%,55876,0.82,7,3.22,5.68,141.87000,355345,41.00,33.45,39.61,7.21
FLR,2959000000,-1.08%,1855000000,1104000000,29.72%,-2.52%,-4.66%,-8.17%,33.35%,83.40%,46.53%,-1.07%,28.80%,4.12%,607273,5.67%,3.84%,79841,2.19,6,,4.21,33.07000,2666337,40.69,33.23,42.42,12.30
FLS,675441000,17.86%,-1012147000,1687588000,,3.95%,20.15%,1.52%,-18.07%,14.20%,10.84%,7.94%,5.40%,9.98%,284863,9.89%,3.68%,17672,0.86,6,3.64,3.40,41.83000,2356560,37.09,33.42,45.94,2.14
VIRT,913991000,4.80%,-11239479000,12153470000,,19.55%,8.49%,12.33%,-367.07%,22.40%,,8.96%,2.00%,26.58%,2968988,6.94%,3.24%,285258,0.20,5,,,35.54000,968981,46.43,52.34,63.27,2.97
NXT,693543000,-0.54%,548210000,145333000,145.77%,,0.39%,,10.25%,49.00%,36.41%,,21.40%,,2639400,36.62%,,554888,1.02,6,8.23,2.99,37.75000,1798436,34.70,42.84,45.58,3.93
USM,144000000,-0.83%,-3678000000,3822000000,,0.64%,-5.16%,9.04%,-65.47%,-0.80%,1.61%,0.98%,-0.40%,1.96%,919512,-0.14%,0.90%,-9512,0.36,5,8.62,1.42,64.60000,284885,47.98,55.89,67.54,-0.46
BRFS,1670276193,,-2362947352,4033223545,,41.97%,8.79%,78.52%,-41.01%,-15.50%,-1.18%,6.25%,-3.50%,-1.62%,113889,,-0.46%,-4309,0.93,7,8.52,,3.41000,2422815,51.90,43.40,50.12,-0.31
GTLS,308600000,-8.20%,-3333000000,3641600000,,60.31%,-5.04%,35.02%,-59.92%,6.80%,8.53%,4.38%,2.10%,7.12%,348784,7.36%,3.48%,16038,0.45,7,5.20,1.49,121.74000,739915,36.75,35.97,44.78,4.10
ALK,2504000000,4.09%,-3889000000,6393000000,,16.09%,67.44%,14.79%,-71.18%,9.30%,5.26%,-1.47%,2.30%,-1.24%,345747,3.84%,-0.34%,11638,0.68,6,33.03,1.13,44.51000,3771302,37.34,35.25,47.02,3.08
CIG.C,,,,,,,,,,,,,,,,,,,,4,,,2.36000,3018,41.21,42.08,46.66,0.35
CIG,525395518,,-1200255552,1725651070,,-0.77%,-31.87%,,-38.67%,24.80%,-37.15%,13.35%,10.60%,20.54%,1538893,18.09%,7.34%,240710,0.68,4,,2.00,1.67000,2927933,36.74,37.85,45.37,0.41
OSK,204900000,-37.42%,-756900000,961800000,,5.50%,24.50%,3.26%,-14.04%,17.00%,15.71%,11.77%,7.10%,13.44%,620243,15.11%,5.90%,39387,1.12,6,3.98,2.95,84.49000,865462,38.14,36.35,42.90,10.35
GRFS,751185698,,-11649400170,12400585868,,52.62%,53.39%,,-245.09%,1.00%,3.61%,4.27%,0.30%,6.90%,308565,2.51%,2.18%,2776,0.31,8,1.41,0.84,6.52000,1204864,36.66,37.91,42.90,0.10
SLM,4874260000,6.69%,-1566085000,6440345000,,2.78%,23.20%,6.76%,-28.87%,27.20%,,9.54%,2.00%,34.24%,842418,7.07%,2.46%,345046,0.05,3,,,25.78000,2014670,38.02,44.84,59.41,2.68
MMSI,376715000,-2.99%,-417950000,794665000,,36.13%,-10.85%,8.70%,-7.78%,9.20%,8.23%,4.05%,5.10%,5.54%,183313,5.75%,3.36%,16264,0.57,6,2.34,4.66,91.54000,906089,42.65,45.39,57.01,2.03
QXO,5068504000,-13.75%,5067927000,577000,143711.78%,-36.81%,-77.97%,-23.71%,93.81%,1.00%,-1.41%,-1.83%,1.00%,-2.70%,269540,-0.77%,-1.08%,132555,0.02,4,,72.61,13.20000,2562715,48.09,38.41,41.92,-0.11
CZR,961000000,-1.41%,-24080000000,25041000000,,-1.52%,-0.03%,47.87%,-451.60%,-6.50%,7.17%,5.15%,-0.80%,-19.56%,224900,,-2.40%,-5560,0.34,5,110.40,0.54,25.45000,6108786,43.69,34.75,35.97,-1.29
SAIC,56000000,1.87%,-2337000000,2393000000,,-4.06%,6.54%,2.72%,-43.34%,22.00%,14.39%,10.22%,6.90%,19.62%,311625,11.99%,5.76%,15083,1.42,7,,3.02,112.96000,809685,56.45,48.42,48.58,7.17
BYD,321364000,2.51%,-3506977000,3828341000,,-0.17%,5.55%,-3.63%,-66.26%,34.60%,16.11%,10.82%,9.20%,26.38%,243673,13.18%,6.92%,35833,0.62,6,89.70,2.09,64.30000,1157782,42.92,39.92,49.87,6.19
TRNO,18352000,22.51%,-805085000,823437000,,4.54%,6.72%,10.87%,-14.60%,5.20%,,3.41%,4.00%,5.96%,9110024,3.30%,4.36%,4373952,0.08,4,,,53.96000,1131165,32.43,32.03,42.98,1.92
HR,68916000,-5.70%,-4890700000,4959616000,,37.21%,-6.41%,10.96%,-91.99%,-11.40%,,0.77%,-5.70%,-2.00%,23060291,,-1.04%,-11899727,0.11,4,,,15.16000,3030107,29.22,33.17,38.03,-1.81
ACIW,216394000,-6.95%,-730775000,947169000,,-5.12%,-11.24%,-7.78%,-13.67%,15.50%,13.33%,7.03%,6.40%,10.88%,513789,10.54%,4.18%,65459,0.50,7,,3.78,50.93000,768440,44.98,48.73,62.34,1.91
COLD,47652000,-2.09%,-3632746000,3680398000,,2.46%,5.38%,13.76%,-67.99%,-2.80%,,1.16%,-1.20%,-2.44%,193860,,-1.10%,-6857,0.34,4,,,18.84000,3318026,38.93,30.87,36.77,-0.33
BMI,295305000,,295305000,,53.98%,,,,5.51%,21.80%,23.85%,16.14%,15.90%,17.30%,418299,19.55%,12.84%,63230,1.05,7,3.35,18.55,182.17000,297652,39.86,36.73,52.52,4.23
CROX,183678000,-4.10%,-1517618000,1701296000,,20.86%,-14.78%,34.00%,-28.35%,55.80%,25.05%,40.24%,20.00%,130.94%,518598,30.14%,26.28%,120110,0.86,7,4.56,3.70,95.50000,1907879,43.86,39.41,44.03,15.88
VOYA,1514000000,-0.55%,-2089000000,3603000000,,1.20%,5.04%,0.48%,-38.94%,14.80%,,13.75%,0.40%,13.32%,894444,13.30%,0.48%,69556,0.05,6,,,55.99000,1278722,33.87,28.32,38.80,6.17
FCFS,840463000,-0.21%,-1209542000,2050005000,,8.92%,6.60%,17.60%,-22.60%,12.80%,10.83%,6.98%,5.90%,11.12%,169426,8.26%,5.42%,12941,0.78,7,5.44,3.14,119.37000,391069,51.93,58.36,57.77,5.73
STEP,279504000,-2.56%,-1613000,281117000,,27.32%,16.09%,,-0.03%,-40.10%,,,-3.30%,,1165567,-35.30%,,-131547,0.29,3,,,45.67000,811887,39.66,35.62,50.58,-1.67
APA,625000000,-5.15%,-5419000000,6044000000,,-6.98%,16.50%,-6.74%,-102.72%,17.50%,9.66%,18.24%,4.40%,282.48%,4224295,11.06%,4.64%,348807,0.53,5,,0.89,14.60000,23748643,31.40,29.02,29.21,2.27
MOG.B,59731000,3.10%,-888884000,948615000,,-0.69%,-1.10%,2.80%,-16.75%,11.30%,10.25%,8.11%,4.80%,9.44%,259954,9.38%,3.92%,14058,0.89,6,3.41,3.76,153.26600,55,20.59,34.38,50.05,6.56
KEX,74444000,-8.82%,-984401000,1058845000,,-7.94%,-10.93%,-7.18%,-18.70%,8.70%,8.05%,0.27%,4.90%,0.54%,603228,7.16%,0.42%,52957,0.56,7,5.19,2.84,93.22000,616014,42.58,37.52,47.74,4.91
ACT,599432000,0.05%,-143618000,743050000,,0.12%,-0.32%,,-2.72%,14.10%,,12.36%,10.70%,13.92%,2854570,12.84%,10.18%,1634366,0.19,4,,,34.84000,1639883,57.77,57.20,63.00,4.37
CRK,6799000,-0.18%,-3018958000,3025757000,,4.89%,11.57%,3.86%,-55.91%,-9.40%,-2.91%,14.13%,-3.50%,7.90%,4900215,-3.20%,2.80%,-854508,0.20,2,,1.01,18.05000,2706316,45.04,54.52,61.33,-0.76
PJT,483877000,0.34%,129357000,354520000,418.61%,31.19%,7.24%,11.64%,2.55%,82.10%,,45.50%,9.10%,72.72%,1306367,40.33%,9.34%,117579,1.01,5,,,129.36000,629651,37.20,37.96,54.91,4.92
GATX,401800000,-1.02%,-8003900000,8405700000,,10.72%,10.23%,9.94%,-152.93%,11.90%,,2.95%,2.30%,9.36%,737442,3.53%,1.90%,132186,0.13,6,,,146.70000,278747,42.23,45.70,56.49,7.78
FSK,278000000,-8.80%,-7073000000,7351000000,,-7.01%,-10.21%,11.99%,-135.20%,8.70%,,7.71%,3.90%,5.90%,,9.31%,2.80%,,0.12,6,,,18.67000,2943268,34.60,31.71,43.25,2.09
SIGI,63024000,-0.06%,-444914000,507938000,,0.12%,0.79%,-1.60%,-8.44%,6.50%,,9.25%,1.50%,10.38%,1834590,6.34%,2.64%,74646,0.38,6,,,86.03000,578186,47.48,46.05,45.18,3.23
TGTX,312298000,-0.01%,59736000,252562000,-45.42%,48.19%,130.97%,45.16%,1.06%,12.40%,10.19%,-59.76%,4.80%,-79.54%,973385,8.07%,-49.18%,69180,0.68,3,0.51,7.68,35.98000,3066366,44.17,57.95,64.08,0.15
MTN,504555000,-2.25%,-2428160000,2932715000,,-0.17%,-0.90%,6.82%,-46.40%,38.40%,14.13%,8.51%,4.60%,17.52%,55588,11.81%,3.56%,4893,0.52,7,15.71,1.48,139.79000,731139,38.79,28.34,30.32,6.90
CWEN.A,963000000,1.41%,-7823000000,8786000000,,1.85%,13.93%,7.96%,-143.03%,3.70%,2.64%,2.26%,0.60%,6.88%,21483333,1.84%,1.16%,1283333,0.09,4,9.18,0.58,25.81000,217151,41.94,50.60,50.13,0.75
NVMI,586566000,-2.17%,350470000,236096000,75.64%,2.24%,-3.30%,47.94%,6.65%,21.20%,21.58%,12.63%,14.20%,20.48%,571280,13.69%,12.90%,156127,0.52,7,1.94,9.08,177.98000,238839,41.52,40.57,51.54,5.75
ZK,1376772028,2.97%,-663909495,2040681523,,,104.14%,,-13.38%,,2.37%,19.95%,-20.30%,,596307,-202.65%,,-50358,2.40,5,13.53,0.49,20.48000,738651,37.33,41.26,0.00,-3.74
IDCC,958208000,-0.17%,486436000,471772000,22.04%,3.73%,-22.38%,1.19%,9.43%,49.50%,42.79%,12.75%,20.50%,22.42%,2019805,27.62%,8.84%,833986,0.50,6,,6.17,202.55000,359175,49.85,59.14,77.21,12.07
NEU,77476000,-10.10%,-963896000,1041372000,,-4.82%,45.90%,8.15%,-18.55%,35.50%,23.28%,16.75%,14.70%,35.66%,1352698,18.66%,13.08%,224472,0.88,5,3.95,4.33,548.41000,48894,47.76,51.28,55.18,48.22
INFA,1232411000,-0.51%,-628197000,1860608000,,-1.26%,-1.41%,,-10.54%,0.40%,4.76%,0.82%,0.20%,-5.66%,315388,0.57%,-1.76%,1910,0.32,7,,1.50,17.19000,8679133,45.12,27.78,37.15,0.03
CTRE,213822000,0.06%,-183105000,396927000,,-16.15%,-33.36%,-6.47%,-3.53%,5.60%,,6.73%,4.40%,5.28%,14108857,5.77%,3.30%,5956190,0.10,4,,,27.67000,1666743,49.73,50.57,56.75,0.80
GPI,34400000,-4.27%,-5202800000,5237200000,,22.50%,34.48%,9.47%,-99.92%,17.20%,14.15%,11.60%,5.40%,26.00%,976549,8.35%,8.38%,24401,2.15,4,7.26,3.39,399.28000,207310,46.30,46.31,60.99,36.81
JXN,3767000000,13.64%,-2164000000,5931000000,,1.68%,46.66%,17.12%,-42.19%,8.90%,,11.97%,0.30%,19.82%,823929,6.82%,0.58%,227204,0.01,5,,,71.15000,1057533,37.38,37.77,52.02,11.74
TKC,1552277407,,-665653727,2217931134,,255.57%,314.09%,167.21%,-12.71%,10.80%,-1.43%,128.44%,5.20%,15.52%,149158,135.75%,6.48%,17481,0.44,6,,2.59,6.01000,805131,40.53,41.83,51.05,0.49
QFIN,5259171919,31.30%,5071881058,187290861,9.43%,51.04%,71.55%,46.94%,184.17%,27.30%,-9.93%,25.96%,13.20%,32.02%,666703,23.33%,13.50%,243302,0.36,5,,2.65,36.73000,3544339,39.85,50.44,65.02,5.65
QRVO,769432000,-21.01%,-779798000,1549230000,,-8.87%,-23.70%,-0.31%,-15.15%,0.80%,3.02%,7.25%,0.40%,9.40%,435688,0.66%,5.92%,3102,0.60,8,3.24,2.16,55.12000,2968065,35.38,28.90,34.86,0.28
OMF,1142000000,1.42%,-20296000000,21438000000,,6.49%,8.20%,4.49%,-402.34%,15.90%,,3.74%,2.00%,25.64%,273667,2.07%,3.56%,56556,0.10,4,,,43.02000,1640976,39.59,36.74,44.92,4.24
OLED,492670000,,492670000,,-4.17%,,,,9.52%,14.30%,17.89%,14.33%,12.50%,16.04%,1420360,12.06%,12.72%,487015,0.37,6,0.84,16.51,108.11000,1488623,31.87,26.18,37.81,4.65
BPMC,627112000,-0.51%,158006000,469106000,-59.32%,61.48%,41.09%,37.36%,3.17%,-21.60%,-4.10%,-48.64%,-5.80%,-62.88%,784012,-27.62%,-22.58%,-103373,0.44,3,1.16,1.35,80.27000,1248160,37.79,39.83,48.24,-1.07
CHRD,36950000,-3.55%,-858469000,895419000,,30.05%,109.29%,,-16.88%,10.80%,10.30%,,7.30%,,6891184,8.74%,,1113684,0.45,4,26.30,1.64,85.89000,1838814,33.96,28.67,30.62,16.02
SLGN,822854000,8.63%,-3313999000,4136853000,,2.93%,20.72%,13.01%,-64.72%,14.00%,8.14%,7.74%,3.50%,20.90%,338128,6.66%,4.44%,15962,0.74,6,5.18,1.94,47.62000,687321,41.66,38.77,48.70,2.58
BCPC,49515000,-15.18%,-158529000,208044000,,20.79%,-37.02%,-4.05%,-3.15%,11.40%,12.91%,9.27%,8.10%,11.08%,700723,10.40%,7.44%,94398,0.60,7,5.14,9.10,156.09000,243200,41.19,41.43,51.02,3.93
GH,944193000,-0.40%,-362646000,1306839000,,-1.34%,-1.43%,108.39%,-7.26%,,-34.33%,-29.42%,-27.50%,137.82%,365668,-38.01%,-25.32%,-215919,0.47,3,4.36,-0.38,41.14000,2032832,45.89,55.08,52.81,-3.56
LNC,5801000000,-0.66%,-355000000,6156000000,,-2.42%,3.48%,-0.67%,-6.97%,38.90%,,9.87%,0.80%,12.42%,1885107,24.60%,0.42%,325463,0.05,4,,,29.78000,3452310,37.41,39.98,45.23,18.41
TX,4076575897,-2.30%,1738033581,2338542316,-33.92%,5.58%,110.30%,-0.24%,347.75%,5.07%,11.98%,15.22%,2.68%,15.18%,544020,10.49%,9.14%,19246,0.83,3,3.52,2.37,25.83000,289181,29.38,30.92,36.73,-0.30
DINO,800000000,-0.30%,-2216000000,3016000000,,-4.77%,-2.55%,0.62%,-43.71%,1.80%,2.76%,7.43%,1.00%,9.98%,5395507,1.78%,4.96%,33415,1.66,5,9.45,2.79,26.91000,4412552,32.24,24.37,30.24,0.91
GKOS,323648000,-34.19%,220249000,103399000,,-35.33%,-73.05%,7.32%,4.34%,-22.90%,-15.07%,-10.97%,-15.60%,-19.02%,385408,-14.06%,-11.38%,-147108,0.41,3,1.89,13.97,89.66000,857908,39.58,27.80,45.53,-2.77
MOG.A,73808000,26.31%,-1030343000,1104151000,,12.49%,20.00%,2.47%,-20.39%,11.80%,10.25%,8.03%,5.20%,9.10%,271306,9.29%,3.80%,15742,0.89,6,3.17,3.70,160.14999,246982,41.92,38.09,51.74,6.56
KNF,281134000,0.12%,-445630000,726764000,,-0.35%,0.05%,,-9.07%,14.80%,13.15%,,7.40%,,608907,10.68%,,42360,1.06,7,6.66,4.22,89.27000,476663,46.07,44.73,64.56,3.55
ARW,188807000,-4.56%,-2934954000,3123761000,,5.94%,-17.96%,1.00%,-58.53%,6.80%,8.31%,12.08%,1.90%,16.58%,1263499,6.95%,4.64%,17741,1.35,5,4.98,2.29,96.68000,1040477,41.71,32.76,38.62,7.29
DDS,1043529000,-0.41%,488206000,555323000,24.58%,-3.01%,-1.62%,-2.02%,9.96%,31.30%,26.56%,27.65%,15.60%,36.56%,222643,24.76%,16.80%,20050,1.73,5,3.46,7.22,316.80000,163757,35.75,31.42,44.62,36.82
HOMB,914072000,-37.36%,-288274000,1202346000,,9.65%,-36.15%,1.08%,-5.84%,10.30%,,7.17%,1.80%,10.12%,379811,7.79%,1.62%,157618,0.04,4,,,25.20000,1267973,36.32,38.96,49.69,2.01
SWX,363789000,-0.34%,-4694569000,5058358000,,-7.16%,-4.21%,13.59%,-93.99%,5.80%,5.22%,3.52%,1.70%,4.04%,459670,4.77%,1.26%,17876,0.43,4,,0.98,69.52000,460469,43.69,44.16,49.52,2.76
LANC,203073000,-1.73%,161545000,41528000,34.03%,36.72%,211.70%,16.08%,3.25%,16.70%,18.82%,14.24%,13.00%,15.16%,558862,14.79%,11.76%,46139,1.57,6,8.94,15.65,181.14000,189175,52.10,49.09,50.13,5.69
SITE,107100000,-1.23%,-844200000,951300000,,16.16%,10.44%,3.98%,-16.79%,7.90%,6.57%,10.60%,4.00%,16.96%,547060,5.90%,7.66%,14892,1.47,4,3.73,4.52,111.05000,785243,39.26,36.49,41.06,2.71
ELP,956626196,,-1629538315,2586164511,,91.34%,30.54%,,-132.25%,10.10%,495.93%,9.32%,4.30%,14.38%,759919,7.49%,6.26%,79945,0.41,4,108.67,1.22,7.20000,283479,48.71,55.36,49.95,0.81
ELPC,953162987,,-1623639009,2576801996,,91.34%,30.54%,,-315.12%,10.10%,621.58%,9.32%,4.30%,14.38%,740774,7.49%,6.26%,77931,0.41,4,108.67,1.14,6.37500,5535,47.93,54.67,39.98,0.53
RITM,1767186000,10.50%,-33611576000,35378762000,,3.87%,16.32%,-0.24%,-672.46%,11.20%,,3.21%,1.90%,2.96%,768247,5.48%,0.48%,127100,0.11,4,,,9.57000,9474999,26.48,30.11,43.41,1.67
RHP,576228000,0.28%,-2937285000,3513513000,,4.82%,0.21%,5.67%,-60.02%,150.30%,,5.33%,5.30%,221.36%,1590228,12.69%,-0.16%,184662,0.45,4,,,83.47000,1090756,38.47,22.66,40.41,4.38
JBTM,1228400000,93.14%,-23700000,1252100000,,22.91%,93.70%,12.36%,-0.48%,5.60%,4.01%,7.03%,2.90%,21.42%,140656,3.76%,8.52%,7000,0.59,6,4.62,3.31,95.86000,816715,27.56,34.12,42.48,2.65
GGB,1402070299,,-1124846929,2526917228,,0.56%,-18.80%,45.36%,-24.32%,8.50%,30.50%,14.51%,5.60%,20.10%,389115,7.09%,11.56%,26509,0.83,5,4.50,2.20,2.43000,14173419,34.56,32.29,35.83,0.32
NBIS,2449600000,265.05%,2412000000,37600000,,-69.75%,-97.87%,-15.84%,48.69%,-19.70%,-19.61%,-4.43%,-10.50%,1.10%,4457,-13.46%,0.52%,-24460,0.02,1,,11.55,21.04000,8645471,41.39,42.29,43.33,-1.68
SPSC,241017000,-5.33%,228549000,12468000,-12.57%,-15.32%,-11.13%,-12.18%,4.62%,10.00%,11.25%,9.09%,8.30%,10.58%,229165,7.94%,8.58%,27687,0.68,5,,18.48,130.08000,398167,45.77,30.21,39.83,2.04
CADE,220187000,8.17%,-855857000,1076044000,,25.97%,1.93%,13.49%,-17.49%,9.00%,,4.97%,1.00%,7.02%,139168,5.52%,0.80%,28712,0.05,4,,,26.97000,1685161,35.15,30.69,45.48,1.66
RMBS,481798000,-0.13%,451647000,30151000,14.30%,-46.67%,-1.81%,-31.16%,9.09%,17.20%,15.97%,6.39%,14.20%,9.86%,781775,14.29%,8.14%,252558,0.44,7,2.73,14.69,46.24000,1506608,40.78,40.38,46.47,1.65
ZWS,198000000,-0.54%,-340900000,538900000,,-0.58%,1.18%,-14.05%,-6.92%,10.00%,10.06%,6.95%,6.00%,6.76%,626600,8.85%,,64080,0.59,6,3.12,3.27,29.19000,1654321,32.28,30.22,45.91,0.92
CRL,194606000,-1.29%,-2529388000,2723994000,,-2.25%,-11.17%,6.33%,-51.52%,0.30%,3.31%,6.85%,0.10%,13.72%,201492,0.91%,5.12%,512,0.51,5,8.25,1.77,99.95000,5615887,24.00,23.26,32.58,0.20
BWIN,312769000,-0.10%,-1159695000,1472464000,,14.44%,5.95%,105.31%,-40.45%,-4.10%,4.07%,0.88%,-0.70%,-7.84%,337473,,-1.58%,-5957,0.39,5,,1.07,41.72500,744816,48.80,50.30,57.16,-0.39
SOBO,397000000,-59.54%,-5319000000,5716000000,,,,,-111.94%,11.60%,8.42%,,2.70%,,,6.76%,,,0.18,6,,0.73,22.91000,1584386,39.27,46.47,0.00,1.52
LSTR,566637000,32.53%,403297000,163340000,-1.16%,-10.56%,23.11%,-0.41%,8.42%,19.60%,21.83%,27.13%,11.10%,34.02%,3344375,15.88%,16.40%,135979,2.73,4,,9.17,138.87000,469699,35.80,26.67,34.85,5.51
TGS,306082593,,-132093816,438176409,,,931.61%,,-3.23%,2.80%,-0.43%,19.15%,1.70%,31.16%,488283,4.73%,17.04%,25360,0.32,4,70.41,5.78,23.29000,217387,41.21,43.64,59.75,0.19
REYN,137000000,-1.88%,-1642000000,1779000000,,-6.39%,-5.87%,-16.02%,-33.56%,17.10%,12.67%,9.95%,7.20%,18.08%,57734375,10.93%,6.66%,5500000,0.76,6,4.98,2.54,23.28000,899097,43.90,32.10,36.80,1.67
SRPT,1354792000,-4.86%,25195000,1329597000,-91.53%,5.31%,-3.58%,12.75%,0.52%,19.70%,8.07%,-16.97%,6.60%,-58.86%,1386282,6.88%,-13.44%,171457,0.54,5,0.44,1.12,50.31000,2902568,26.41,18.53,32.16,2.34
MAT,1387908000,1.95%,-1224617000,2612525000,,-2.91%,0.89%,-3.47%,-26.19%,25.30%,14.66%,13.08%,8.70%,37.62%,158222,11.91%,7.32%,15936,0.86,6,4.93,2.97,14.77000,6137686,26.04,29.87,39.78,1.58
RHI,537583000,-2.28%,304064000,233519000,-37.93%,-4.14%,-3.46%,-3.13%,6.19%,17.20%,22.80%,23.69%,8.60%,31.90%,394275,10.54%,15.72%,17116,1.99,4,,4.81,48.50000,1502998,38.45,26.66,31.77,2.44
KTOS,329300000,27.72%,47300000,282000000,,-6.00%,-12.26%,-3.82%,0.97%,1.20%,1.78%,6.20%,0.80%,1.26%,284075,1.09%,0.66%,4075,0.59,6,5.34,5.39,31.71000,2343786,55.80,58.74,65.22,0.11
WEX,5198300000,-4.44%,823000000,4375300000,-34.35%,7.69%,9.43%,7.28%,16.78%,18.40%,13.09%,5.30%,2.20%,,404323,8.67%,,47631,0.19,4,,0.84,124.37000,1083377,36.64,29.25,37.46,7.50
LOPE,324623000,1.45%,216105000,108518000,48.81%,21.05%,9.30%,-8.53%,4.42%,29.50%,32.10%,21.18%,22.40%,25.02%,177187,23.97%,19.60%,38805,1.02,6,,18.23,170.31000,230209,47.82,54.38,65.20,7.73
LB,37032000,37.15%,-344207000,381239000,,,196.26%,,-7.16%,2.30%,3.07%,,0.70%,,27488500,-1.48%,,1277500,0.14,4,,7.55,62.85000,414194,42.64,50.95,0.00,0.07
JHG,2074000000,-43.46%,1679000000,395000000,6.26%,8.37%,29.68%,4.55%,34.19%,9.00%,9.52%,7.95%,6.10%,8.54%,1071577,9.21%,5.86%,177166,0.37,6,,2.75,30.44000,2010473,33.16,27.73,44.23,2.56
PHI,192116652,,-5668008701,5860125353,,42.57%,38.24%,15.90%,-119.49%,29.30%,-0.42%,6.07%,5.20%,21.34%,250407,8.52%,4.00%,37309,0.35,5,7.50,0.73,21.98000,70812,45.19,43.19,42.75,2.57
NJR,1908000,1.62%,-3579883000,3581791000,,6.29%,5.94%,11.95%,-74.96%,15.00%,8.84%,5.75%,4.80%,11.68%,1324847,6.68%,3.62%,241751,0.26,6,4.93,1.35,47.62000,621271,47.66,52.04,54.19,3.33
PECO,8649000,0.23%,-2100894000,2109543000,,3.70%,7.12%,-2.17%,-48.77%,2.70%,,3.22%,1.30%,1.70%,2204640,3.89%,0.78%,208950,0.13,5,,,34.52000,1248445,43.10,41.99,48.12,0.51
GNTX,255623595,,255623595,,6.16%,,,,5.42%,16.70%,18.83%,17.02%,14.80%,17.82%,374081,15.96%,15.72%,65409,0.85,6,3.68,12.28,20.95000,3105852,30.10,22.85,30.01,1.76
ESGR,1554000000,,-279000000,1833000000,,2.72%,0.11%,9.00%,-5.64%,9.20%,,8.05%,2.70%,10.16%,1525316,8.10%,2.82%,683544,0.06,5,,,332.23000,104909,53.12,63.35,65.02,35.90
MNSO,915728895,48.26%,490578987,425149908,-36.31%,65.08%,148.27%,,41.02%,27.10%,-14.40%,32.35%,16.10%,27.96%,332422,18.75%,3.26%,51202,1.05,5,4.01,2.96,15.39000,1787649,34.96,35.30,43.03,1.15
JOBY,933613000,-1.64%,902404000,31209000,-9.97%,,1.79%,53.59%,19.07%,-68.30%,-52.62%,-22.60%,-55.20%,-25.06%,67,-63.24%,-30.54%,-299672,,1,,6.84,6.02000,11650211,46.69,44.30,47.61,-0.87
SKY,581753000,0.02%,557057000,24696000,17.71%,-19.16%,0.13%,-19.20%,11.83%,11.20%,13.24%,18.46%,8.30%,22.16%,282087,10.10%,15.28%,19169,1.22,6,5.79,8.12,82.77000,550730,33.39,38.36,50.40,2.83
MTDR,94742000,-7.53%,-3230666000,3325408000,,29.60%,50.70%,16.01%,-68.19%,18.60%,13.69%,12.74%,9.30%,17.36%,7754383,12.82%,9.00%,1958677,0.37,4,23.98,1.58,37.84000,3212359,32.96,31.73,37.98,7.14
CSWI,213754000,,213754000,,,,,,4.52%,16.00%,14.73%,12.68%,11.10%,15.80%,330235,13.22%,9.02%,51288,0.72,6,2.67,12.08,282.00000,185318,45.92,38.39,54.20,8.36
CMC,758403000,0.65%,-436367000,1194770000,,-6.75%,2.84%,0.47%,-9.38%,1.80%,2.61%,15.55%,1.10%,22.04%,594272,2.07%,11.78%,5616,1.15,5,6.15,3.54,41.85000,1830895,39.43,33.92,42.12,0.59
IBP,327600000,1.18%,-650700000,978300000,,1.43%,2.46%,9.52%,-13.91%,36.80%,22.54%,14.90%,12.60%,38.96%,272343,16.86%,11.16%,23759,1.44,5,10.89,5.11,170.37000,444938,46.61,40.35,47.84,9.10
OS,544174000,-6.36%,525580000,18594000,441.50%,-60.87%,-7.16%,-42.73%,11.49%,-94.40%,-44.73%,-21.68%,-37.30%,,326271,-78.94%,,-144134,0.84,3,,7.99,19.50000,1036084,40.82,33.77,0.00,-1.25
NXST,144000000,-2.64%,-6379000000,6523000000,,-4.37%,-4.59%,-5.14%,-138.08%,31.90%,13.50%,9.02%,6.20%,29.44%,415763,10.45%,5.76%,55517,0.46,8,,1.69,152.98000,842447,37.63,42.91,45.85,21.41
ETSY,1039500000,-0.02%,-1348213000,2387713000,,-0.01%,-0.08%,23.03%,-28.75%,-46.60%,24.22%,7.07%,12.40%,-522.88%,1170138,17.23%,6.98%,126367,1.15,6,,1.92,43.58000,4404632,42.65,35.88,36.25,2.35
AXSM,315353000,0.27%,123819000,191534000,-38.04%,56.77%,2.77%,57.23%,2.67%,-289.50%,-82.91%,-102.74%,-51.70%,-191.68%,564704,-112.88%,-65.88%,-420521,0.69,3,2.16,2.26,95.65000,1074488,28.31,45.14,54.50,-5.99
CALM,1240373000,,1240373000,,78.51%,,,,26.81%,48.70%,50.39%,13.04%,39.10%,17.00%,1238675,39.23%,13.48%,323056,1.50,6,7.96,8.25,94.68000,1485232,55.71,53.04,67.31,20.23
TXNM,4498000,4.52%,-5797839000,5802337000,,14.70%,16.91%,11.76%,-124.77%,9.90%,5.21%,6.17%,2.30%,8.10%,1162949,6.18%,1.94%,142552,0.18,4,5.88,0.62,50.06000,947024,40.72,53.19,59.54,2.67
VRNS,568418000,-0.20%,-175143000,743561000,,36.24%,146.38%,67.12%,-3.87%,-21.30%,-12.33%,-14.41%,-7.20%,-39.74%,246731,-9.81%,-12.02%,-42886,0.41,2,,1.85,41.14000,1304443,50.63,41.31,47.57,-0.86
KRYS,597517000,-2.88%,590256000,7261000,12.63%,-3.28%,-10.29%,17.36%,13.00%,10.30%,10.00%,-11.04%,9.40%,-8.12%,1056418,6.44%,-7.66%,324215,0.31,5,1.20,25.95,160.65000,407059,37.15,43.94,52.88,3.00
TIGO,756000000,-6.66%,-6013000000,6769000000,,-8.76%,-12.55%,-0.86%,-126.46%,7.30%,11.16%,1.03%,1.90%,3.00%,414571,6.30%,0.60%,19143,0.41,7,31.91,1.24,27.49000,1529751,40.80,52.25,58.61,1.46
AHR,123301000,-10.59%,-1747413000,1870714000,,-9.23%,-33.04%,,-38.84%,-1.80%,,2.17%,-0.80%,,18163754,,,-331684,0.45,5,,,28.96000,1237364,48.33,57.96,79.02,-0.29
GLOB,159185000,30.32%,-531858000,691043000,,36.62%,43.42%,41.16%,-11.53%,9.00%,9.12%,7.45%,5.80%,8.94%,77228,7.00%,6.18%,5298,0.85,5,,3.95,104.70000,1128527,31.66,26.07,33.56,3.72
PFSI,238482000,17.33%,-20313413000,20551895000,,13.69%,52.32%,23.71%,-444.00%,8.40%,,3.29%,1.40%,22.74%,357740,1.28%,3.28%,69904,0.07,3,,,89.28000,538088,31.74,37.70,50.87,5.84
VRNA,399757000,2.00%,170948000,228809000,-22.45%,240.26%,345.77%,182.89%,3.75%,-95.20%,-32.34%,-35.23%,-43.90%,-48.42%,202292,-35.68%,-32.60%,-829751,0.11,1,,8.63,53.93000,1007157,38.17,54.13,67.59,-2.16
RDN,41472000,17.62%,-2265685000,2307157000,,13.92%,50.08%,17.69%,-50.77%,13.30%,,11.04%,7.30%,14.06%,1172985,9.94%,7.74%,549491,0.16,3,,,31.55000,2797761,47.61,46.24,54.16,3.92
PAM,775561,,-569364,1344926,,205.63%,-25.78%,,-0.02%,12.90%,-0.18%,9.08%,6.40%,16.62%,860407,5.77%,7.16%,150025,0.37,4,6.18,1382.73,65.06000,187533,35.84,38.14,56.81,5.50
LYFT,2171164000,2.13%,1037755000,1133409000,17.80%,7.23%,11.55%,18.93%,22.92%,3.70%,3.49%,-51.63%,0.40%,-84.74%,1972057,-5.62%,-19.62%,7766,1.13,6,,-1.17,10.93000,15820311,43.35,37.05,41.55,0.06
MAIN,78251000,-3.51%,-2044120000,2122371000,,5.72%,17.76%,13.76%,-45.25%,19.20%,,9.01%,10.20%,14.42%,5202173,9.17%,7.44%,4885385,0.11,3,,,51.48000,605300,36.92,37.66,53.53,5.85
POR,12000000,1.86%,-4815000000,4827000000,,10.50%,8.72%,11.93%,-104.87%,8.70%,4.91%,4.93%,2.60%,7.86%,1180103,5.31%,2.30%,107376,0.29,6,17.88,0.92,41.62000,1564705,35.22,38.78,42.52,3.01
FG,2264000000,6.53%,93000000,2171000000,,29.88%,23.77%,,2.04%,16.10%,,,0.80%,,4292975,12.26%,,464873,0.07,6,,,33.79000,386849,38.10,38.93,47.80,4.88
AL,476104000,0.24%,-19733881000,20209985000,,5.89%,5.36%,8.28%,-421.87%,5.00%,,3.52%,1.20%,5.18%,16567618,3.96%,1.26%,2254988,0.09,5,,,40.72000,1414085,39.13,38.40,46.48,3.33
WSC,9001000,2.23%,-3966352000,3975353000,,11.06%,4.54%,17.43%,-87.69%,2.40%,4.84%,8.36%,0.50%,13.88%,532382,4.06%,3.78%,6251,0.39,4,23.06,0.90,24.79000,3595134,38.36,32.91,35.93,0.15
MTH,651555000,1.65%,-684323000,1335878000,,4.82%,32.50%,5.57%,-15.09%,15.90%,,14.75%,11.40%,21.46%,3369355,11.60%,13.94%,414218,0.92,4,,,63.20000,881884,35.54,30.92,43.14,10.72
KRG,133327000,-0.40%,-3093603000,3226930000,,0.80%,14.06%,22.99%,-69.47%,0.10%,,1.30%,0.10%,-0.90%,3708555,1.65%,-0.40%,17934,0.12,5,,,20.27000,2562603,37.57,32.72,42.16,0.02
UBSI,2292244000,-0.89%,1488963000,803281000,,-8.04%,-61.35%,-18.79%,32.85%,7.60%,,5.83%,1.20%,7.86%,395460,6.43%,1.24%,146101,0.03,4,,,31.75000,1152143,34.11,30.71,43.06,2.75
DAR,113552000,-4.64%,-4143534000,4257086000,,37.94%,-8.20%,19.07%,-92.09%,6.20%,5.48%,9.81%,2.60%,14.66%,368721,5.66%,6.82%,17992,0.54,5,6.64,1.82,28.67000,2112135,40.48,35.08,35.56,1.73
FSS,91100000,-2.62%,-161300000,252400000,,-6.99%,-21.30%,0.17%,-3.57%,19.30%,18.14%,11.89%,12.60%,15.68%,396064,15.82%,9.22%,46021,1.09,7,4.19,7.39,74.20000,829712,44.11,34.49,49.20,3.50
FMC,357300000,-16.81%,-3093500000,3450800000,,0.71%,-14.31%,0.69%,-68.27%,7.60%,4.93%,18.75%,2.80%,22.12%,744930,11.44%,6.68%,59842,0.35,5,1.78,1.86,36.24000,2572290,38.41,35.03,32.50,2.72
MSGS,115853000,0.83%,-986554000,1102407000,,0.21%,-4.28%,31.80%,-21.85%,-20.50%,15.66%,0.53%,4.10%,-12.92%,1086746,9.24%,1.04%,57922,0.77,8,,2.28,187.96000,171161,43.29,38.72,46.33,2.37
CRUS,563979000,-4.01%,417499000,146480000,16.47%,-6.56%,-7.48%,-0.19%,9.26%,16.20%,19.09%,13.17%,13.20%,15.50%,1134430,13.29%,11.90%,187743,0.80,5,3.31,8.71,84.85000,808831,36.28,29.85,43.63,5.51
CLBT,447223000,-10.62%,436254000,10969000,51.06%,,-22.37%,,9.68%,-199.50%,14.40%,16.89%,-47.10%,-324.44%,343790,,-2.90%,-242508,0.67,5,6.63,8.62,18.82000,991179,48.18,48.64,62.39,-1.35
VLY,1890125000,-2.44%,-1802506000,3692631000,,15.14%,-0.39%,0.61%,-40.03%,5.20%,,5.21%,0.60%,7.96%,413821,3.42%,0.90%,96169,0.03,4,,,8.04000,12083423,37.45,37.33,44.42,0.69
AMG,950000000,0.02%,-1670200000,2620200000,,1.71%,3.26%,7.87%,-37.35%,15.10%,,9.49%,5.70%,20.64%,497780,8.23%,7.20%,124780,0.23,4,,,153.53000,277792,41.78,37.28,46.51,15.13
URBN,610430000,-0.85%,-487928000,1098358000,,-2.56%,1.84%,-4.17%,-10.92%,17.40%,14.70%,7.06%,9.20%,11.94%,191402,10.58%,,13878,1.27,6,6.19,3.79,48.42000,3425205,45.86,48.38,57.25,4.26
WHR,1275000000,-9.17%,-6062000000,7337000000,,6.75%,-6.45%,4.92%,-136.01%,-11.60%,0.50%,5.70%,-1.90%,8.12%,377432,,1.36%,-7341,0.97,4,6.55,1.19,80.95000,1623707,34.00,31.35,34.22,-5.87
COTY,268600000,-13.34%,-3392300000,3660900000,,-11.18%,-8.59%,-14.44%,-75.69%,,3.37%,-0.46%,,-3.64%,536599,1.74%,-0.54%,26,0.50,7,2.85,0.31,5.14000,8915437,41.25,25.70,30.16,0.00
CYTK,1076014000,-0.12%,287337000,788677000,,42.96%,4.35%,42.11%,6.36%,,-45.16%,-68.07%,-45.60%,-264.50%,37096,-82.08%,-43.42%,-1183787,0.01,4,,-1.43,37.85000,2660946,37.42,34.64,41.54,-5.26
QLYS,381423000,-0.79%,334202000,47221000,-16.10%,-0.90%,64.29%,-1.79%,7.43%,39.50%,38.49%,25.87%,19.20%,31.66%,253155,29.55%,15.24%,72367,0.67,5,,6.70,122.78000,398962,43.80,40.01,43.68,4.65
CHX,507681000,-0.94%,-188109000,695790000,,-5.88%,4.51%,3.62%,-4.21%,18.00%,18.32%,3.75%,9.50%,-1.06%,511829,13.62%,0.26%,45108,1.08,7,4.80,3.32,23.39000,18910454,31.91,31.83,40.66,1.65
FFIN,763413000,135.85%,566394000,197019000,327.43%,-33.54%,-51.24%,-12.37%,12.64%,14.20%,,10.82%,1.70%,14.50%,357939,12.39%,1.74%,149007,0.04,4,,,31.40000,678377,30.22,33.72,44.91,1.56
VFC,1369376000,-22.05%,-4382093000,5751469000,,-3.23%,-20.96%,12.54%,-98.33%,-29.80%,-3.01%,7.22%,-4.00%,5.68%,329099,-1.29%,2.58%,-15241,0.86,7,2.42,1.24,11.44000,15135867,31.80,28.70,34.21,-1.18
ADMA,103147000,-28.25%,29592000,73555000,,-8.32%,-44.12%,-2.49%,0.67%,85.70%,32.24%,-2.78%,49.20%,-27.88%,622561,51.72%,-9.42%,288574,1.06,7,1.21,20.68,18.68000,2643804,49.70,54.82,67.58,0.81
NUVL,1118302000,,1118302000,,55.34%,,,,25.20%,-29.80%,-23.90%,-4.82%,-28.10%,-11.90%,,-26.21%,-62.24%,-1836310,,1,,,61.99000,932275,33.66,34.50,47.79,-3.93
OGS,78537000,-1.08%,-3250319000,3328856000,,-7.29%,9.17%,13.05%,-72.83%,7.70%,6.97%,4.86%,2.80%,8.60%,534246,4.89%,2.92%,57141,0.26,5,3.01,1.00,74.07000,681710,51.56,54.68,52.66,3.91
BBU,4347000000,-1.36%,-37202000000,41549000000,,23.44%,-9.50%,13.60%,-1995.43%,9.50%,4.92%,1.48%,0.70%,2.72%,647194,33.83%,,8347,0.57,3,11.43,,20.58000,16454,39.25,42.51,48.44,8.09
ITRI,1051237000,-0.16%,-216537000,1267774000,,35.68%,160.07%,4.83%,-4.89%,17.90%,10.35%,3.11%,7.50%,2.10%,484293,8.43%,1.16%,47441,0.77,5,5.78,2.71,97.22000,520088,41.86,43.15,53.71,5.18
VNT,356400000,-2.46%,-1840800000,2197200000,,-5.89%,-6.37%,94.27%,-41.57%,41.30%,16.83%,14.38%,9.80%,60.36%,372375,14.03%,10.12%,52775,0.69,7,4.90,2.57,29.73000,1362529,37.54,31.99,42.45,2.75
QTWO,448859000,-0.18%,-92260000,541119000,,-4.54%,-0.98%,2.86%,-2.08%,-7.90%,-2.89%,-7.26%,-3.10%,-18.14%,281172,-3.99%,-7.16%,-15558,0.55,5,,3.33,72.68000,752626,41.35,38.45,53.49,-0.64
ABG,83800000,-0.74%,-4977600000,5061400000,,4.66%,-3.41%,23.01%,-114.90%,12.70%,11.26%,9.76%,4.20%,28.46%,1145907,7.30%,8.58%,28687,1.68,7,7.60,2.78,223.72000,242560,44.16,42.28,49.39,21.50
NOV,1230000000,-0.62%,-1156000000,2386000000,,-0.03%,0.38%,-2.99%,-26.05%,10.00%,10.23%,-2.18%,5.60%,-4.22%,260806,7.64%,-2.14%,18671,0.78,7,3.36,1.87,11.53000,4734736,33.77,30.42,35.96,1.60
GTES,682000000,-1.02%,-1795900000,2477900000,,-2.59%,-3.29%,-4.22%,-40.93%,6.20%,7.56%,6.38%,2.80%,6.80%,241716,5.61%,2.84%,13823,0.49,7,3.10,2.07,17.18000,3430713,40.64,37.88,49.92,0.74
DY,92670000,-12.40%,-963293000,1055963000,,5.40%,19.31%,2.42%,-22.00%,19.80%,15.64%,8.08%,8.20%,13.86%,300967,11.25%,5.44%,14940,1.64,5,31.97,4.58,151.07000,419478,46.35,41.90,51.91,7.92
GBCI,848408000,-1.42%,-2945513000,3793921000,,46.87%,-14.58%,37.31%,-67.38%,6.00%,,5.02%,0.70%,9.48%,223859,2.71%,1.10%,52891,0.03,4,,,38.55000,857009,34.39,31.11,44.33,1.68
ROAD,133068000,128.48%,-1131019000,1264087000,,62.44%,174.18%,80.26%,-25.88%,9.10%,5.18%,5.87%,3.30%,8.84%,1501105,3.89%,4.28%,42295,1.16,5,14.11,2.70,78.11000,446557,55.60,50.61,62.57,1.07
ESI,359400000,-5.31%,-1464600000,1824000000,,-1.47%,-5.61%,3.70%,-33.63%,10.30%,7.68%,5.42%,4.90%,7.00%,463566,6.91%,3.40%,46075,0.50,8,5.21,1.72,18.01000,3297813,27.03,24.61,37.52,1.01
SR,11500000,4.36%,-4886700000,4898200000,,6.25%,3.07%,9.95%,-112.02%,7.00%,5.42%,4.62%,2.10%,6.82%,721007,4.92%,2.02%,66763,0.23,4,5.23,0.72,74.65000,475203,41.50,57.86,57.81,4.07
CUZ,7349000,16.32%,-3088317000,3095666000,,11.43%,25.96%,6.85%,-70.99%,1.00%,,2.45%,0.60%,3.58%,2799863,2.16%,2.24%,150203,0.11,4,,,25.91000,1342231,34.41,35.21,46.11,0.30
COLB,1878255000,-10.83%,-2022645000,3900900000,,224.96%,-18.00%,29.94%,-46.59%,10.50%,,7.87%,1.00%,11.36%,386241,5.92%,1.26%,113043,0.04,4,,,20.71000,1986466,31.05,28.11,42.24,2.55
WTM,266400000,3.23%,-296100000,562500000,,10.15%,-0.37%,14.69%,-6.74%,5.10%,,6.13%,2.30%,10.68%,2508175,8.46%,6.38%,258007,0.22,5,,,1707.94000,22058,31.77,37.79,50.71,89.79
IRT,43452000,2.05%,-2290231000,2333683000,,-4.81%,-8.46%,18.81%,-54.18%,1.20%,,1.77%,0.70%,1.68%,697966,2.17%,0.84%,42847,0.11,5,,,18.29000,1740006,31.76,39.67,49.02,0.17
MKSI,714000000,-5.47%,-4035000000,4749000000,,66.55%,-4.91%,37.99%,-95.45%,8.10%,5.94%,3.48%,2.10%,-1.64%,351569,7.43%,1.92%,18627,0.41,8,1.99,1.32,64.24000,2823978,36.56,28.30,36.41,2.81
ALKS,751668000,-79.36%,676130000,75538000,68.48%,-43.38%,-79.70%,-23.64%,15.29%,27.70%,29.00%,11.49%,17.20%,5.48%,865351,22.85%,3.48%,203928,0.73,5,1.33,5.88,26.59000,2573706,20.26,37.69,47.50,2.17
NSA,50753000,0.58%,-3421222000,3471975000,,5.40%,-5.71%,17.37%,-134.07%,8.00%,,5.51%,1.70%,6.52%,525467,6.32%,1.74%,62123,0.14,4,,,33.64000,667244,34.96,34.01,42.42,1.18
BOX,722816000,-4.24%,1500000,721316000,-90.45%,5.09%,55.13%,11.18%,0.04%,-50.00%,12.24%,120.05%,15.20%,-18.30%,387947,53.90%,3.40%,71732,0.82,5,,1.90,30.02000,2365800,43.27,42.40,51.42,1.36
CNX,55073000,-4.66%,-2237196000,2292269000,,0.29%,-3.08%,-4.86%,-52.58%,-2.10%,0.41%,2.05%,-1.10%,2.18%,2765908,,1.08%,-197585,0.15,4,31.24,0.92,28.96000,2426506,40.13,43.50,54.54,-0.60
ELAN,468000000,-0.83%,-3853000000,4321000000,,-11.90%,-25.16%,12.91%,-91.14%,5.50%,6.40%,-2.37%,2.50%,-5.50%,469735,0.55%,-2.66%,35767,0.33,6,1.21,0.89,8.71000,6171830,35.00,23.95,37.03,0.68
INSP,445546000,19.12%,415507000,30039000,-4.60%,-3.84%,20.90%,4.14%,9.70%,8.20%,8.12%,-9.67%,7.10%,-11.02%,644305,4.59%,-9.02%,42945,1.06,6,2.16,23.19,144.58000,450563,40.29,37.33,42.67,1.75
RUSHB,,,,,,,,,,,,,,,,,,,,6,,,56.37000,36562,51.31,55.19,62.62,3.72
NSIT,259234000,-20.49%,-604878000,864112000,,33.69%,-8.12%,0.11%,-14.07%,14.00%,11.75%,12.24%,3.50%,15.60%,607491,11.06%,4.64%,17432,1.22,6,45.16,2.20,134.68000,350684,35.19,32.38,42.15,6.55
OZK,928765000,3.60%,464874000,463891000,17.06%,5.33%,105.59%,3.56%,10.81%,12.30%,,9.08%,1.80%,14.64%,252524,9.22%,1.96%,101545,0.04,4,,,37.63000,1985106,31.07,33.88,44.11,2.73
INTA,285831000,-6.53%,268422000,17409000,76.72%,,18.73%,,6.24%,-5.20%,-4.08%,-20.15%,-3.00%,1.30%,376542,-5.06%,-14.06%,-17995,0.63,4,,7.55,53.77000,461511,41.32,42.61,56.70,-0.29
IONS,2297656000,-2.72%,890366000,1407290000,0.44%,4.10%,-2.59%,12.31%,21.46%,-100.30%,-13.72%,-15.21%,-15.70%,-55.00%,659624,-23.81%,-11.08%,-424600,0.24,1,1.12,0.73,26.71000,2142150,40.09,32.61,34.72,-3.04
FNB,2419000000,4.68%,-1849000000,4268000000,,24.38%,-4.67%,-1.30%,-43.59%,7.40%,,4.71%,1.00%,7.38%,354206,4.40%,0.98%,107243,0.03,4,,,11.80000,3844626,34.90,31.68,43.45,1.27
KRMN,7671230,8.16%,-435060434,442731664,,,,,-11.01%,2.40%,7.42%,,0.60%,,,30.00%,,,0.40,2,,,30.17000,1146577,44.11,0.00,0.00,0.03
TKR,373600000,-7.25%,-1773100000,2146700000,,11.65%,-13.25%,3.25%,-41.98%,12.60%,10.67%,9.79%,5.40%,15.52%,240684,8.98%,6.40%,18563,0.70,5,2.58,2.62,60.25000,1077958,33.17,25.87,38.28,4.99
MSM,41276000,2.41%,-548371000,589647000,,-12.77%,-4.16%,-4.38%,-13.06%,15.40%,17.01%,14.74%,8.60%,21.42%,505434,12.69%,11.24%,28740,1.52,4,3.33,4.76,75.72000,724652,45.61,42.06,41.94,3.79
FLG,15430000000,-29.05%,1004000000,14426000000,,-4.50%,-32.17%,-0.57%,23.75%,-13.80%,,0.12%,-1.00%,1.74%,208780,-6.10%,0.34%,-164879,0.01,2,,,10.17000,6940414,33.16,43.16,37.00,-3.49
BILL,2792604000,82.01%,1017334000,1775270000,-12.17%,-1.49%,-7.10%,,24.05%,2.00%,1.50%,-4.34%,0.90%,-5.92%,634520,-1.39%,-2.06%,37432,0.15,5,,0.73,41.35000,2529754,37.87,34.06,39.44,0.09
ENIC,738936785,14.30%,-2173520100,2912456885,,,44.04%,,-51.52%,14.80%,-0.04%,5.83%,5.30%,11.86%,2553167,7.71%,4.26%,369230,0.37,5,60.86,1.38,3.05000,675608,41.38,49.33,54.33,0.52
CE,962000000,-2.89%,-11911000000,12873000000,,45.64%,-8.11%,25.80%,-283.61%,-22.80%,-1.77%,9.18%,-6.10%,33.54%,845186,-3.99%,9.68%,-125134,0.41,5,3.41,1.30,37.58000,3819404,29.66,19.88,28.54,-13.93
AMTM,522000000,0.02%,-4158000000,4680000000,,,,,-98.39%,-1.20%,3.58%,,-0.30%,,185305,,,-539,1.09,4,,1.32,17.26000,1588988,44.02,37.76,0.00,-0.90
IEP,5239000000,-10.34%,-2943000000,8182000000,,-14.37%,-23.39%,-2.70%,-69.59%,-16.40%,,-2.21%,-2.40%,-20.82%,666356,-0.41%,-2.96%,-28995,0.56,6,8.87,,8.03000,508068,33.62,29.18,28.29,-0.94
BKH,23400000,2.76%,-4360600000,4384000000,,-1.21%,-0.39%,4.63%,-103.45%,8.00%,5.45%,5.61%,2.80%,8.60%,748926,5.63%,2.78%,96128,0.22,5,8.61,0.94,58.25000,597177,41.23,45.62,47.30,3.91
SMR,446656000,,446656000,,256.28%,,,,22.49%,-52.50%,-29.60%,-812.29%,-43.50%,,112258,-22.42%,,-414009,0.12,3,0.12,12.14,14.85000,6344378,44.88,44.70,52.77,-1.47
CBT,183000000,5.09%,-1015000000,1198000000,,-3.01%,-8.69%,1.61%,-24.19%,30.70%,21.35%,13.48%,11.60%,18.58%,928140,19.30%,5.84%,98372,1.10,7,5.23,3.77,77.35000,447000,40.25,28.74,44.90,7.52
SON,431010000,43.92%,-6867746000,7298756000,,58.16%,125.99%,30.41%,-165.68%,6.80%,4.04%,8.13%,1.80%,11.56%,189477,3.30%,3.44%,5855,0.59,4,5.14,0.96,42.49000,696888,36.06,29.60,31.29,1.65
BBAR,1182299135,-80.91%,1170877790,11421345,259.44%,-3.66%,-47.43%,14.17%,35.74%,7.44%,,14.33%,1.93%,16.06%,382770,7.39%,2.93%,24126,0.43,2,,172.77,16.06000,544777,40.42,44.64,63.46,1.64
VVV,60000000,-4.90%,-1246200000,1306200000,,-12.80%,-28.80%,-3.56%,-30.10%,186.40%,21.38%,12.09%,10.90%,810.16%,165990,15.81%,17.48%,27120,0.67,7,29.44,2.55,32.75000,1905313,38.84,33.75,42.18,2.08
ORA,205772000,1.25%,-2246058000,2451830000,,8.22%,15.92%,14.08%,-54.81%,5.20%,4.76%,3.54%,2.20%,4.66%,581782,4.07%,2.02%,81834,0.16,4,14.60,1.28,68.53000,441951,40.47,42.48,44.98,2.04
GSHD,57973000,-0.56%,-95412000,153385000,,-4.29%,7.10%,27.15%,-2.31%,58.10%,10.07%,15.98%,8.30%,-6.64%,199054,33.66%,4.42%,19257,0.86,7,,8.14,111.03000,168590,47.86,53.70,59.94,1.16
DJT,776783400,7.41%,763526200,13257200,,85.25%,-71.00%,,18.46%,-70.30%,-43.19%,,-66.60%,,124786,-20.07%,,-13822924,0.01,2,,95.66,18.79000,11254839,43.18,37.19,46.67,-2.36
PAGP,349000000,-3.78%,-7585000000,7934000000,,-6.02%,-1.13%,-4.67%,-219.56%,7.10%,3.02%,0.02%,0.40%,-0.76%,10014600,4.23%,-0.06%,20600,1.77,6,61.79,,17.74000,2944928,28.21,36.83,49.99,0.52
RRR,164383000,-0.96%,-3243097000,3407480000,,6.09%,2.40%,2.35%,-133.86%,90.00%,11.28%,12.56%,3.80%,150.32%,208496,12.66%,3.66%,16565,0.48,6,45.07,1.27,40.34000,592043,41.67,35.82,41.11,2.53
RUSHA,228131000,-10.33%,-1505959000,1734090000,,14.60%,-4.16%,-0.45%,-35.95%,14.90%,15.81%,9.15%,6.60%,16.86%,983213,9.25%,7.52%,38316,1.70,6,3.50,3.76,52.00000,670296,42.97,42.34,53.47,3.72
HXL,125400000,-12.98%,-575300000,700700000,,-5.23%,0.17%,-7.95%,-14.09%,8.40%,7.85%,4.70%,4.70%,5.32%,340429,7.12%,2.88%,23631,0.68,6,4.15,4.31,51.12000,1406270,38.31,30.58,38.85,1.59
SBRA,66339000,-2.13%,-2351309000,2417648000,,0.32%,0.15%,0.13%,-58.20%,4.60%,,3.68%,2.40%,0.70%,14064700,4.58%,0.36%,2534240,0.13,6,,,17.27000,2609058,48.79,49.36,55.76,0.54
FIZZ,149222000,9.61%,93890000,55332000,-57.09%,-14.50%,-4.86%,3.11%,2.30%,45.70%,51.21%,36.68%,30.40%,40.26%,760128,38.75%,26.46%,119167,1.94,5,8.58,17.35,43.87000,193916,62.71,51.86,47.33,1.99
LEA,1052900000,-1.28%,-1709300000,2762200000,,2.09%,-0.30%,3.49%,-41.62%,10.70%,9.37%,7.11%,3.50%,8.30%,134174,8.93%,2.76%,2917,1.60,5,12.90,2.85,76.33000,708325,33.23,25.56,30.61,8.97
PYCR,114569000,0.89%,101804000,12765000,116.07%,,-12.58%,,2.49%,-1.70%,-1.09%,-8.51%,-0.80%,-8.18%,241287,-1.43%,-3.78%,-7389,0.26,4,,1.64,22.45000,2305844,64.61,73.97,55.42,-0.12
MOD,83800000,-8.53%,-287000000,370800000,,-1.72%,11.28%,-3.70%,-7.06%,19.70%,18.78%,10.12%,8.60%,5.06%,222789,14.83%,2.24%,14053,1.36,5,5.68,5.25,77.37000,1345291,45.32,37.24,48.98,2.98
MARA,426876000,287.07%,-2046795000,2473671000,,50.31%,658.49%,359.50%,-52.94%,17.90%,9.39%,-9.23%,13.20%,-16.90%,4318276,4.10%,-6.62%,3560875,0.16,2,,1.33,11.74000,33586215,44.02,37.80,45.43,1.72
SANM,642402000,-1.33%,329294000,313108000,7.62%,-1.33%,-3.84%,-3.86%,8.17%,9.80%,10.88%,10.55%,4.90%,11.78%,240621,9.23%,5.10%,7202,1.62,7,5.01,,74.64000,415731,46.52,47.18,57.61,4.09
FELE,220540000,28.23%,28922000,191618000,,-6.81%,22.62%,6.08%,0.72%,14.50%,17.08%,13.60%,10.00%,15.84%,320848,13.07%,10.14%,28620,1.13,6,2.63,7.14,88.56000,344208,38.91,36.08,45.65,3.86
STRL,664195000,-2.20%,294921000,369274000,305.76%,-7.82%,-7.42%,-3.76%,7.32%,36.30%,29.03%,12.47%,13.20%,24.72%,705252,16.78%,7.92%,85820,1.08,7,,4.26,132.41000,882391,57.56,47.58,57.20,8.27
EEFT,1931800000,-14.01%,-151000000,2082800000,,9.55%,3.53%,7.27%,-3.77%,24.20%,20.28%,6.30%,5.10%,14.40%,376396,10.37%,3.28%,28868,0.67,7,,2.14,92.63000,416892,37.72,36.71,43.63,6.45
GXO,413000000,-6.35%,-4763000000,5176000000,,22.66%,26.68%,19.40%,-119.78%,4.50%,3.03%,2.51%,1.20%,5.04%,77033,2.52%,1.52%,882,1.07,5,,1.43,33.76000,1805727,37.98,29.94,37.20,1.12
BIPC,742000000,-8.60%,-11571000000,12313000000,,38.03%,1.52%,22.12%,-287.04%,,5.16%,-68.28%,-2.60%,17.94%,2820000,,-0.30%,-467692,0.15,5,,,33.87000,1000759,38.58,35.49,0.00,-5.11
ALGM,148962000,-6.27%,-249141000,398103000,,112.91%,44.12%,,-6.43%,-6.40%,-1.59%,10.10%,-4.40%,12.50%,168248,,10.06%,-14223,0.52,4,2.27,5.36,21.82000,3977695,39.91,42.30,43.37,-0.35
HWC,1514625000,-40.33%,547249000,967376000,,-21.91%,-36.22%,-20.65%,13.63%,11.50%,,6.35%,1.30%,9.96%,401002,9.04%,1.02%,132570,0.04,4,,,46.62000,1076212,36.86,34.51,47.25,5.28
TDS,364000000,-0.72%,-4738000000,5102000000,,8.13%,-0.80%,8.63%,-125.74%,-1.90%,2.04%,0.39%,-0.70%,-1.06%,628354,,,-12278,0.36,6,10.92,0.96,35.43000,1056186,46.21,56.75,69.40,-0.85
EXPO,258901000,0.76%,177424000,81477000,11.67%,75.90%,188.30%,27.58%,4.42%,27.30%,24.00%,21.99%,15.20%,27.12%,478180,17.60%,16.22%,93324,0.78,6,,9.67,79.00000,508698,43.39,34.88,41.64,2.11
RELY,368097000,19.01%,351811000,16286000,94.67%,38.37%,-88.61%,,8.76%,-6.10%,-3.95%,-6.43%,-3.70%,-13.10%,451415,-5.73%,-10.50%,-13206,1.26,5,,8.04,20.01000,1673579,44.71,48.16,48.37,-0.19
AGO,121000000,0.06%,-1578000000,1699000000,,0.52%,0.30%,6.59%,-39.50%,6.70%,,6.60%,3.10%,6.92%,2415512,5.72%,2.74%,1041551,0.07,4,,,79.99000,436204,39.47,39.82,55.27,6.87
PBH,50874000,-3.18%,-976258000,1027132000,,-13.03%,-15.36%,-10.00%,-24.42%,12.50%,10.22%,6.52%,6.40%,9.44%,1961816,9.05%,3.70%,375325,0.34,7,3.34,2.95,80.71000,468151,39.51,49.63,59.07,4.27
NOVT,113989000,-8.45%,-353078000,467067000,,-1.42%,16.79%,12.47%,-8.72%,8.90%,9.06%,7.49%,4.60%,10.80%,316415,7.39%,5.34%,21362,0.68,5,3.59,5.22,111.00000,568200,34.99,25.15,35.03,1.77
BLCO,316000000,3.35%,-4468000000,4784000000,,,4.87%,,-111.98%,-4.80%,1.30%,0.94%,-2.40%,,360226,,,-23835,0.36,5,1.81,0.77,11.32000,1055852,30.11,21.65,35.76,-0.90
CBZ,52487000,224.53%,-1780580000,1833067000,,76.88%,232.67%,47.18%,-44.75%,3.70%,2.45%,6.69%,1.50%,10.84%,181347,1.45%,4.48%,4104,0.66,4,,1.68,75.44000,420792,49.21,46.23,57.22,0.78
JWN,1035000000,-0.65%,-3248000000,4283000000,,-2.71%,-4.38%,-2.23%,-82.58%,30.10%,8.42%,1.05%,3.30%,-21.20%,273018,6.83%,0.46%,5345,1.70,7,4.71,1.87,23.83000,6594907,44.08,52.42,55.31,1.74
TFPM,39539000,-95.41%,37848000,1691000,,14.48%,-97.14%,,0.91%,-1.30%,-0.44%,2.53%,-1.30%,,20691615,-1.04%,,-1775692,0.15,5,43.54,73.32,20.61000,492793,68.00,71.14,71.95,-0.11
SIM,1155345634,,1155095698,249936,,6.49%,-10.49%,-26.41%,78.82%,8.80%,-3.12%,10.29%,6.40%,11.06%,545952,11.03%,8.04%,56838,0.61,4,2.97,3.51,25.85000,1735,52.80,48.17,43.85,1.64
CGNX,246050000,-9.02%,175833000,70217000,-30.62%,40.02%,-10.67%,31.33%,4.37%,7.00%,7.21%,11.71%,5.30%,12.54%,313835,5.85%,9.06%,36435,0.45,5,1.81,6.37,23.45000,4250326,28.73,23.01,32.33,0.62
ITGR,46543000,-6.18%,-1052424000,1098967000,,6.68%,4.58%,5.04%,-27.50%,7.60%,7.11%,5.32%,3.80%,6.46%,156054,6.27%,3.30%,10900,0.55,7,5.28,2.93,113.83000,753561,42.11,33.06,51.48,3.36
GDS,1075624991,-12.44%,-5002666895,6078291886,,5.57%,0.99%,21.27%,-105.52%,17.30%,74.74%,0.24%,4.30%,-3.90%,602977,1.65%,-1.42%,196930,0.13,6,,0.73,20.39000,5290842,34.18,43.70,49.75,2.51
PIPR,482834000,-33.48%,395852000,86982000,93.93%,-30.01%,-51.40%,-26.68%,9.99%,15.70%,,13.26%,9.00%,13.76%,845382,14.16%,6.82%,100340,0.76,6,,,223.48000,169397,38.67,33.25,53.33,10.24
TENB,577194000,3.09%,157464000,419730000,159.58%,-0.19%,1.55%,55.70%,4.04%,-9.50%,1.30%,-8.30%,-2.20%,-25.92%,480780,-0.84%,-5.24%,-19392,0.55,7,,1.73,32.87000,1090627,37.86,31.58,38.67,-0.31
AB,,,,,,,,,,20.40%,,17.60%,20.40%,18.44%,106415,20.84%,18.24%,97529,0.22,2,,,35.71000,413791,43.07,46.16,49.58,3.71
AMKR,1647296000,4.43%,403026000,1244270000,33.64%,-1.10%,-3.84%,-4.19%,10.23%,8.70%,9.01%,11.46%,5.10%,16.14%,220129,6.70%,8.08%,12335,0.92,6,15.30,2.75,15.99000,2689728,38.45,24.16,35.83,1.43
SNDR,250800000,99.77%,-276000000,526800000,,24.91%,74.38%,7.83%,-7.06%,4.00%,3.99%,9.90%,2.50%,11.32%,272706,3.61%,7.00%,6031,1.14,4,29.14,2.91,22.46000,997661,41.07,32.15,42.90,0.66
GHC,1156596000,-3.60%,-12720000,1169316000,,0.55%,-6.66%,1.55%,-0.32%,17.80%,18.57%,1.47%,9.80%,8.50%,223394,2.83%,4.80%,33789,0.65,7,11.21,3.45,907.38000,23503,48.76,55.82,65.22,163.40
IAG,347500000,22.46%,-805600000,1153100000,,29.58%,21.11%,19.80%,-20.37%,28.50%,21.14%,2.87%,15.90%,5.54%,441351,17.98%,3.06%,221514,0.32,6,2.72,2.23,6.88000,33590985,63.41,63.40,72.62,1.50
RDNT,740020000,-0.46%,-988843000,1728863000,,7.34%,15.94%,7.92%,-25.20%,0.30%,3.16%,2.10%,0.10%,1.22%,203296,1.29%,0.20%,310,0.57,5,,1.90,53.00000,1098633,52.95,39.99,52.84,0.04
BGC,733273000,-7.29%,-604267000,1337540000,,8.18%,13.02%,3.11%,-15.41%,14.40%,,2.67%,3.10%,10.08%,564153,5.51%,1.72%,31660,0.55,6,,,8.12000,2512613,41.36,41.94,53.77,0.25
AROC,4420000,-1.68%,-2206371000,2210791000,,12.64%,38.42%,3.53%,-56.69%,15.70%,9.79%,5.04%,5.30%,5.80%,890455,7.56%,1.94%,132485,0.36,5,5.35,0.67,22.31000,1837119,38.63,43.11,59.28,1.05
MC,413179000,5.59%,189944000,223235000,,5.17%,3.50%,2.47%,5.30%,35.50%,,24.86%,11.80%,36.08%,913261,19.60%,13.64%,103991,1.04,6,,,50.78000,1177605,34.24,28.40,44.58,1.78
AVAV,47000000,17.71%,-12185000,59185000,,-35.17%,-15.09%,43.76%,-0.31%,3.90%,3.61%,-1.07%,3.20%,-1.96%,519997,3.71%,-0.66%,23110,0.73,3,2.90,14.09,138.97000,671627,57.90,42.45,48.59,1.16
BE,950971000,-9.77%,-577822000,1528793000,,10.84%,5.17%,6.92%,-14.88%,-6.20%,1.70%,-9.62%,-1.20%,-65.80%,692927,,-10.58%,-13741,0.58,5,2.04,0.30,16.85000,8228355,33.14,40.96,49.37,-0.13
COMP,223800000,-2.14%,-273800000,497600000,,-5.02%,-6.80%,0.95%,-7.20%,-39.40%,-18.00%,-10.49%,-13.00%,-51.52%,2193726,-17.07%,-24.18%,-60171,4.75,4,,4.14,7.48000,6509763,35.23,51.72,54.33,-0.31
AVT,172136000,-12.44%,-2617155000,2789291000,,16.32%,-24.55%,7.06%,-68.64%,6.40%,8.18%,7.65%,2.60%,9.60%,1454152,7.37%,3.90%,20548,1.83,6,3.51,3.38,44.74000,1075041,42.96,34.91,42.70,3.53
SPR,537000000,4.59%,-4841000000,5378000000,,11.50%,23.44%,11.77%,-129.05%,,-55.98%,-20.68%,-31.20%,-130.28%,310093,-64.80%,-13.46%,-105047,0.92,2,4.20,0.02,32.86000,2228882,47.39,48.49,49.85,-18.32
MP,850868000,-3.09%,-63659000,914527000,,9.79%,32.77%,117.77%,-1.72%,-6.00%,-3.24%,-6.54%,-2.80%,4.78%,,-18.95%,2.76%,-81373,,2,1.64,,23.54000,3739655,45.38,57.15,53.53,-0.57
FLO,5005000,-1.85%,-1339628000,1344633000,,4.12%,0.90%,1.13%,-35.18%,17.80%,12.84%,8.24%,7.30%,13.64%,500342,9.54%,5.72%,24325,1.49,7,9.66,3.44,18.20000,1557080,44.22,37.24,32.35,1.17
RYN,342524000,-20.44%,-766688000,1109212000,,-6.75%,-18.79%,1.00%,-20.21%,20.00%,13.06%,6.93%,10.20%,9.42%,2978767,13.71%,4.62%,847045,0.36,4,24.77,2.21,24.24000,1214160,34.10,35.66,39.38,2.39
ATGE,195419000,2.52%,-669189000,864608000,,-21.95%,-3.57%,5.93%,-17.47%,15.10%,13.55%,5.49%,7.60%,7.52%,360927,10.70%,3.22%,44538,0.61,8,,4.17,102.78000,464600,54.80,60.19,76.06,5.34
MMS,72653000,18.71%,-1443265000,1515918000,,-5.28%,2.44%,47.89%,-37.79%,16.00%,13.86%,10.30%,7.00%,15.74%,135905,10.77%,7.26%,7171,1.33,7,,3.17,67.47000,819549,46.20,38.45,38.67,4.64
PLMR,80539000,,80539000,,,,,,2.13%,19.10%,,11.57%,5.60%,13.04%,2189182,16.25%,4.30%,464715,0.26,6,,,142.99000,388944,62.92,70.78,75.45,4.48
DNB,205900000,-3.53%,-3322800000,3528700000,,-1.96%,-0.47%,-1.99%,-87.00%,-0.90%,2.60%,1.95%,-0.30%,-2.32%,381255,,,-4578,0.27,6,,0.59,8.58000,17431248,40.92,33.78,36.61,-0.07
MGY,260049000,-0.58%,-132464000,392513000,,0.38%,-0.08%,0.14%,-3.53%,19.90%,18.82%,-12.83%,13.00%,-9.32%,5221770,17.60%,2.32%,1452488,0.47,6,,4.08,19.63000,3643222,34.03,35.39,42.33,1.94
FRPT,268633000,-0.07%,-155458000,424091000,,291.01%,-0.23%,45.94%,-4.08%,4.60%,4.05%,-1.71%,3.10%,-2.04%,752451,2.54%,-1.86%,36208,0.64,6,8.04,5.15,78.17000,1519410,35.40,25.61,41.20,0.93
ACHR,841300000,0.64%,762300000,79000000,70.04%,50.66%,240.52%,73.71%,19.99%,-111.10%,-57.69%,-71.15%,-81.10%,-108.64%,,-61.29%,-79.72%,-693540,,2,,,7.02000,21861901,44.72,47.98,54.54,-1.42
TNET,1773000000,-8.18%,751000000,1022000000,55.17%,23.17%,-10.11%,17.52%,19.80%,156.90%,25.31%,26.78%,4.50%,74.92%,13870,20.21%,9.40%,475,1.30,6,,1.74,76.75000,329493,48.63,41.17,41.48,3.43
ALHC,470650000,49.54%,141387000,329263000,-4.49%,27.84%,92.79%,19.00%,3.73%,-109.20%,-24.28%,-27.19%,-18.10%,-40.68%,1610221,-23.65%,-19.74%,-76257,3.83,4,,5.03,19.78000,4438851,70.26,73.35,71.28,-0.67
ESE,71284000,-5.36%,-77116000,148400000,,-12.92%,-28.55%,-2.22%,-2.02%,9.10%,10.49%,6.42%,6.10%,8.40%,321692,8.79%,5.52%,33583,0.58,8,3.02,6.07,147.00000,245710,43.35,53.03,60.85,4.26
OR,59096000,55.90%,-39587000,98683000,,-30.62%,-34.70%,-17.05%,-0.98%,1.40%,2.80%,-8.93%,1.20%,-1.70%,4778925,3.28%,-1.26%,406675,0.14,8,,12.76,21.81000,2060040,63.92,64.69,68.55,0.09
FRSH,1070065000,18.37%,1039844000,30221000,-10.42%,,12.79%,,27.43%,-8.50%,-7.54%,-12.68%,-6.20%,86.16%,163732,-11.87%,-161.80%,-21675,0.47,4,,2.45,12.57000,3408870,35.39,37.93,38.44,-0.32
BTG,336971000,83.36%,-107812000,444783000,,80.90%,131.51%,11.18%,-2.69%,-18.50%,-6.56%,8.26%,-12.50%,6.58%,859869,-6.87%,5.38%,-284761,0.38,3,2.26,1.49,3.05000,115936261,57.40,56.46,50.29,-0.48
NNI,931020000,-7.03%,-7378777000,8309797000,,-22.18%,-29.75%,-16.55%,-194.99%,5.60%,,1.62%,1.30%,9.96%,208241,1.81%,1.44%,27310,0.10,6,,,104.16000,52235,38.67,42.15,52.30,5.02
MRP,,,-24188000,24188000,,,,,-0.68%,-5.10%,,,-4.80%,,,-4.75%,,,,1,,,22.77000,1160759,40.38,0.00,0.00,2.46
LFUS,725900000,-0.34%,-190773000,916673000,,11.62%,-0.51%,5.65%,-5.00%,4.00%,5.51%,8.54%,2.50%,11.48%,136923,3.15%,6.76%,6262,0.55,5,3.15,3.27,152.72000,539426,30.39,20.28,31.30,4.00
LBTYB,2151900000,-45.35%,-7626600000,9778500000,,-15.23%,-1.71%,-19.08%,-218.07%,9.40%,9.56%,1.74%,4.30%,8.38%,636642,-0.28%,4.40%,232845,0.12,5,,1.29,10.14000,519,21.35,31.87,32.76,4.82
LBTYK,2151900000,-45.35%,-7626600000,9778500000,,-15.23%,-1.71%,-19.08%,-201.76%,9.40%,9.56%,1.74%,4.30%,8.38%,636642,-0.28%,4.40%,232845,0.12,5,,1.30,10.90000,1400285,37.81,31.08,33.61,4.82
MAC,177479000,14.71%,-4887052000,5064531000,,2.32%,14.78%,-1.98%,-136.35%,-7.70%,,1.46%,-2.50%,-5.90%,1490591,,-1.82%,-315130,0.12,5,,,14.33000,3137472,34.69,30.19,45.02,-0.88
MWA,338200000,,-111300000,449500000,,0.19%,0.47%,0.14%,-3.00%,17.20%,14.53%,8.66%,8.60%,12.08%,400765,11.35%,5.68%,40265,0.86,7,2.82,4.27,24.09000,1505422,43.38,51.02,65.66,0.86
SFBS,2376634000,28.07%,318163000,2058471000,-60.70%,5.03%,55.77%,30.91%,8.50%,14.70%,,7.62%,1.40%,17.42%,730362,6.18%,1.50%,360603,0.03,4,,,69.02000,274298,29.81,32.73,46.73,4.16
TSEM,1218245000,-6.46%,1037432000,180813000,3.24%,-16.88%,-21.92%,-10.32%,28.48%,8.10%,5.98%,10.20%,6.90%,12.50%,255856,6.43%,9.64%,37033,0.48,6,3.98,6.49,33.69000,822735,42.01,34.77,43.63,1.85
LITE,896700000,-0.51%,-1711600000,2608300000,,26.80%,-9.71%,17.47%,-45.41%,-53.60%,-9.14%,2.23%,-13.00%,-3.32%,194833,-10.98%,1.02%,-72041,0.35,4,2.58,0.84,54.47000,3172059,41.92,38.04,44.96,-7.71
AQN,34842000,-10.39%,-6663931000,6698773000,,2.55%,-10.68%,11.24%,-177.39%,-27.00%,-5.37%,3.76%,-7.70%,-1.66%,612662,,-0.12%,-367408,0.13,4,6.61,-0.08,4.88000,21398703,47.32,48.85,35.38,-1.90
CNS,182974000,0.37%,41859000,141115000,-11.00%,79.19%,0.50%,26.62%,1.11%,32.80%,,37.93%,20.10%,50.74%,1258922,20.23%,27.94%,368041,0.69,3,,,73.75000,298609,40.44,32.28,46.83,2.97
GEO,225047000,0.97%,-1586735000,1811782000,,-16.05%,-4.04%,-8.78%,-40.48%,2.40%,7.05%,6.44%,0.90%,9.34%,146891,7.61%,2.44%,1937,0.66,7,,1.97,27.44000,2987803,48.65,54.83,69.75,0.22
CVCO,430938000,-3.12%,399466000,31472000,-0.41%,8.99%,-5.45%,5.76%,10.56%,16.20%,19.24%,15.95%,12.20%,18.36%,296495,13.89%,13.50%,25945,1.40,5,6.16,10.49,466.99000,83543,39.09,47.23,59.13,20.32
ALE,32800000,0.78%,-1766600000,1799400000,,-3.10%,0.45%,2.20%,-46.89%,6.30%,4.18%,3.81%,2.70%,7.38%,946658,3.36%,2.94%,110953,0.23,4,6.66,1.25,64.61000,322165,44.49,51.25,55.73,3.10
WK,816420000,0.24%,28038000,788382000,8.70%,33.45%,0.06%,19.75%,0.74%,,-4.71%,-12.90%,-4.30%,-173.24%,261202,-10.25%,-8.20%,-19463,0.58,3,,1.74,66.59000,649183,32.14,31.22,39.74,-0.99
SLG,331638000,-4.34%,-4783117000,5114755000,,0.95%,15.61%,-2.93%,-138.92%,0.20%,,1.68%,0.10%,-0.02%,725857,1.53%,0.08%,5782,0.09,3,,,49.24000,1075800,32.66,30.77,44.25,0.08
KMPR,65400000,,65400000,,2.03%,,,,1.76%,11.70%,,0.79%,2.50%,-0.50%,626838,12.89%,0.10%,42946,0.37,5,,,58.11000,641869,34.27,38.15,48.17,4.91
BDC,370302000,-7.68%,-859848000,1230150000,,-6.85%,-3.83%,-3.83%,-23.05%,16.20%,9.84%,9.36%,6.00%,12.24%,328131,9.19%,4.44%,26458,0.74,5,4.33,2.81,92.33000,312614,40.89,33.63,49.23,4.80
LBTYA,2151900000,-45.35%,-7626600000,9778500000,,-15.23%,-1.71%,-19.08%,-201.84%,9.40%,9.56%,1.74%,4.30%,8.38%,636642,-0.28%,4.40%,232845,0.12,5,,1.30,10.57000,2058702,39.25,31.08,33.03,4.23
KBH,597973000,0.04%,-1093706000,1691679000,,0.13%,0.11%,-0.66%,-29.77%,16.50%,,10.64%,9.60%,17.50%,2875041,10.51%,9.36%,274756,1.02,3,1.02,,51.40000,1920790,32.64,29.15,43.09,8.19
CNO,1997700000,4.99%,-2522200000,4519900000,,4.15%,8.90%,3.61%,-66.43%,16.20%,,8.01%,1.10%,15.04%,1271286,8.58%,1.26%,115429,0.12,6,,,36.51000,1244580,39.10,46.65,60.02,3.74
SEE,371800000,-2.75%,-4136600000,4508400000,,6.11%,-5.80%,2.91%,-114.25%,40.00%,13.02%,12.70%,3.70%,-595.34%,328817,8.03%,6.64%,16140,0.75,6,5.04,1.61,25.26000,2570712,33.19,27.27,34.79,1.81
KAI,95946000,-11.61%,-192581000,288527000,,2.30%,160.23%,-0.84%,-5.28%,13.60%,13.90%,11.70%,7.70%,15.40%,300967,11.06%,8.46%,31885,0.73,6,3.93,6.01,312.10000,199324,40.95,39.37,52.23,9.48
ACA,187300000,36.54%,-1501600000,1688900000,,35.46%,196.98%,73.54%,-40.88%,3.90%,4.57%,4.56%,2.20%,6.42%,411184,3.50%,4.12%,14992,0.61,5,5.40,1.86,75.31000,394109,42.20,34.45,46.60,1.91
SMPL,103682000,-14.21%,-194855000,298537000,,-11.26%,25.61%,-13.72%,-5.33%,8.30%,9.51%,6.54%,6.10%,6.80%,4466351,7.72%,4.64%,460424,0.60,7,6.23,4.97,36.27000,1489985,59.97,50.88,50.21,1.44
RYTM,321029000,-2.28%,317091000,3938000,15.34%,15.57%,212.54%,2.05%,8.65%,-790.50%,-86.59%,-269.87%,-75.80%,-209.02%,459809,-1034.41%,-52.40%,-934883,0.37,3,0.98,4.64,57.83000,845903,57.02,54.87,63.32,-4.34
GRND,59757000,-1.23%,-231786000,291543000,,28.59%,-14.96%,,-6.34%,,-22.53%,16.65%,-29.00%,,2344463,,,-891163,0.76,7,,3.23,17.55000,2889027,49.91,57.90,75.47,-0.74
THO,373819000,-4.56%,-719805000,1093624000,,-20.87%,-25.92%,-11.45%,-19.95%,5.00%,6.40%,11.90%,2.90%,17.16%,425837,4.78%,7.58%,9065,1.37,6,5.16,3.43,68.67000,1285479,34.81,25.65,38.10,3.77
GOLF,53059000,4.65%,-710904000,763963000,,34.36%,8.96%,13.68%,-19.49%,25.40%,18.43%,13.54%,9.40%,18.50%,336588,16.16%,8.26%,29356,1.08,6,2.13,3.58,60.86000,816035,42.04,39.97,49.72,3.37
PVH,748000000,-3.40%,-2643100000,3391100000,,-4.98%,-4.04%,-6.13%,-75.05%,11.60%,9.59%,3.06%,5.40%,4.54%,298376,7.00%,2.36%,20638,0.78,7,2.40,2.22,69.15000,2224845,48.89,29.42,39.51,10.56
COLM,815477000,6.50%,366292000,449185000,2.70%,5.27%,10.13%,0.62%,10.08%,12.20%,13.50%,10.44%,7.90%,13.46%,344436,9.09%,8.76%,22830,1.20,5,2.34,4.66,65.65000,901179,35.59,32.32,37.03,3.82
SKT,46992000,-0.08%,-1461266000,1508258000,,0.50%,-1.12%,-1.91%,-41.38%,16.90%,,5.08%,4.30%,8.82%,1237795,6.97%,2.30%,231988,0.23,6,,,30.94000,1172457,44.06,44.33,57.38,0.88
VIST,764307000,51.32%,-779920000,1544227000,,34.26%,124.93%,26.96%,-23.19%,32.70%,20.58%,12.43%,13.90%,19.60%,3205774,15.97%,8.06%,929029,0.48,5,118.42,2.01,35.28000,1380209,30.59,32.30,47.26,4.63
GBDC,214105000,6.33%,-4676459000,4890564000,,20.00%,59.55%,16.03%,-130.33%,8.40%,,5.82%,3.90%,8.10%,892122,7.25%,3.86%,353512,0.10,2,,,13.64000,2146505,35.72,33.07,42.26,1.39
CNR,460233000,5.82%,246496000,213737000,257.36%,-31.80%,0.66%,-22.58%,6.82%,19.30%,14.95%,20.65%,10.30%,25.08%,1077221,17.15%,10.58%,137960,0.81,6,16.76,3.51,67.66000,781034,40.10,34.46,42.87,9.61
IESC,112040000,1.52%,70981000,41059000,57.32%,-24.48%,-3.02%,11.30%,1.96%,42.90%,41.03%,20.82%,19.70%,24.28%,316232,36.60%,10.58%,24719,2.52,6,20.81,7.91,180.66000,198541,52.08,46.10,56.66,10.74
UPST,976263000,47.91%,-563504000,1539767000,,24.61%,23.76%,46.04%,-15.20%,-21.10%,,-3.26%,-6.50%,-9.44%,533552,-7.95%,-2.42%,-107780,0.32,4,,,38.55000,8844623,38.27,40.07,49.47,-1.44
PCVX,1747208000,154.34%,1676098000,71110000,59.48%,61.82%,143.33%,,46.32%,-17.40%,-13.76%,-27.60%,-16.50%,-32.56%,,-16.87%,-28.06%,-1120597,,2,,,28.04000,2855137,17.61,18.82,36.27,-3.80
ASAN,467020000,-2.19%,203930000,263090000,-15.59%,0.97%,-5.32%,3.16%,5.67%,-94.80%,-51.95%,-50.47%,-27.70%,-47.16%,397953,-54.37%,-36.22%,-140482,0.79,4,,0.52,15.48000,3080637,49.45,45.31,44.46,-1.11
CLF,54000000,87.20%,-7011000000,7065000000,,10.49%,125.22%,27.29%,-201.26%,-10.80%,-3.51%,8.31%,-4.20%,16.36%,639500,-4.87%,4.06%,-25133,1.07,3,4.00,1.24,7.28000,25546291,38.63,31.68,34.17,-1.57
INGM,918401000,-11.28%,-2898121000,3816522000,,,,,-79.70%,7.30%,10.49%,,1.40%,,2041858,6.42%,,11243,2.58,6,,3.22,15.31000,1008976,32.82,22.68,0.00,1.18
BCC,713260000,-0.15%,197036000,516224000,-53.06%,-0.99%,-2.56%,-0.22%,5.47%,17.00%,18.74%,23.61%,10.70%,33.22%,889457,13.78%,17.76%,49782,1.91,4,7.12,5.56,94.68000,352564,42.29,27.97,44.32,9.57
LUMN,1889000000,-3.51%,-16270000000,18159000000,,-14.81%,-10.35%,-12.35%,-448.35%,-12.40%,3.82%,-6.65%,-0.20%,-55.20%,524320,,-5.76%,-2200,0.39,5,,-0.15,3.54000,9048159,36.49,36.47,44.39,-0.06
BCO,1840400000,1.07%,-2334400000,4174800000,,9.17%,9.95%,17.53%,-65.06%,55.30%,10.39%,4.85%,2.50%,46.34%,73596,6.62%,1.80%,2392,0.76,7,,1.58,83.06000,489150,46.62,39.81,48.55,3.63
VRN,131422657,5.19%,-2015695008,2147117665,,12.95%,-18.10%,-0.32%,-59.90%,4.10%,5.23%,0.44%,2.30%,-0.08%,3668268,4.47%,2.68%,254412,0.34,6,,-0.23,5.47000,35241730,41.18,46.83,43.37,0.31
OMAB,125979336,,-405836919,531816255,,,128.26%,,-11.38%,55.60%,-32.82%,19.94%,20.70%,33.70%,710352,27.91%,15.48%,246258,0.60,4,,5.17,78.33000,218853,50.68,55.26,54.60,6.12
SNDK,804000000,86.82%,251000000,553000000,,,,,6.86%,,,,,,,,,,,3,,,31.07500,4132783,32.99,0.00,0.00,
ANF,888948000,0.67%,-62665000,951613000,,-8.04%,-9.23%,-11.65%,-1.76%,46.50%,36.30%,10.82%,18.00%,20.26%,156107,24.10%,6.98%,17862,1.57,6,3.40,4.94,72.99000,2381591,41.43,25.54,41.86,10.69
SNEX,4554800000,9.94%,-10978100000,15532900000,,17.49%,45.50%,23.57%,-305.86%,16.70%,,1.70%,1.00%,18.72%,24055578,1.54%,1.04%,61511,3.99,4,154.24,,73.98000,487523,46.66,55.04,68.84,5.58
BVN,219790000,,-486790000,706580000,,88.13%,12.75%,,-13.52%,0.70%,4.45%,-1.31%,0.40%,1.42%,,0.18%,0.76%,,0.18,8,8.38,2.50,14.00000,830564,46.92,52.74,54.79,0.08
IBOC,352652000,-20.71%,-302079000,654731000,,-13.47%,0.72%,-8.08%,-8.65%,15.40%,,9.90%,2.60%,13.46%,343253,11.86%,2.02%,175157,0.05,4,,,56.99000,371595,36.77,37.93,50.51,6.57
YOU,612953000,,612953000,,-15.76%,,,,25.00%,104.90%,2.00%,,16.70%,12.30%,191568,955.49%,0.44%,42187,0.76,6,,2.33,25.89000,1563314,52.18,50.78,49.80,1.56
ABCB,1220377000,-11.32%,796280000,424097000,50.98%,-21.36%,-33.72%,-22.80%,22.79%,9.90%,,7.97%,1.40%,10.56%,402696,8.59%,1.36%,133291,0.04,3,,,51.12000,502102,35.13,34.63,47.84,5.19
EPR,35699000,0.17%,-3037159000,3072858000,,0.54%,0.98%,-1.64%,-87.81%,5.10%,,4.23%,2.20%,2.82%,12692145,5.50%,1.28%,2216764,0.12,4,,,46.23000,1055095,38.31,45.13,50.48,1.60
CDE,55087000,-2.50%,-534971000,590058000,,6.57%,8.21%,14.83%,-15.25%,5.50%,9.01%,-7.07%,2.70%,-2.78%,498112,4.47%,-1.34%,27836,0.48,6,3.18,0.61,5.49000,24168462,46.39,45.88,52.58,0.15
KRC,165690000,-7.87%,-4560497000,4726187000,,4.06%,-6.46%,5.30%,-134.18%,3.90%,,3.07%,1.90%,5.46%,4959079,3.31%,2.78%,921262,0.10,4,,,29.33000,1451858,35.76,35.50,37.63,1.77
SHAK,320714000,-0.49%,-476207000,796921000,,5.47%,4.97%,18.93%,-14.45%,2.20%,1.04%,-1.73%,0.60%,-2.02%,97662,0.18%,-0.72%,796,0.75,6,75.85,2.56,82.21000,1414087,42.03,33.20,45.96,0.24
CPA,915184000,,-831164000,1746348000,,17.82%,27.91%,,-23.61%,28.40%,19.63%,5.22%,10.40%,6.44%,453378,17.55%,2.02%,67423,0.70,5,15.73,2.40,84.64000,392912,37.74,38.28,44.89,12.78
GLNG,716582000,,-735673000,1452255000,,8.03%,-38.22%,-1.27%,-21.06%,-2.50%,1.44%,-57.88%,1.20%,-9.10%,549308,-4.00%,4.00%,107255,0.06,4,,1.12,33.39000,1593817,42.07,43.10,54.78,0.48
DORM,57137000,-6.84%,-529603000,586740000,,26.22%,-12.02%,81.57%,-15.22%,15.50%,15.91%,10.05%,8.20%,13.38%,530551,11.55%,7.68%,50173,0.87,8,1.79,4.16,113.87000,412646,43.05,45.47,57.45,6.14
EGO,859026000,7.47%,-71122000,930148000,,22.03%,42.40%,13.00%,-1.94%,7.70%,8.24%,-51.13%,5.30%,-0.08%,275538,5.85%,-0.12%,60234,0.24,7,3.17,1.31,18.00000,2779116,63.69,61.21,62.72,1.41
IFS,3192289786,2.08%,-475594265,3667884051,,-6.92%,-6.45%,4.64%,-13.91%,12.50%,,5.14%,1.40%,13.22%,148014,5.40%,1.40%,40804,0.05,2,,,29.73000,99918,34.89,48.89,56.33,3.05
VRRM,81154000,-0.38%,-978814000,1059968000,,-6.06%,-0.68%,3.40%,-28.18%,7.70%,10.82%,1.57%,1.80%,15.00%,467912,4.08%,2.50%,16737,0.50,5,0.99,2.31,21.73000,1263897,45.89,39.64,47.40,0.19
VCTR,126731000,-1.91%,-837131000,963862000,,-5.10%,-2.57%,0.84%,-24.43%,25.70%,,14.85%,11.30%,27.72%,1942341,15.84%,11.34%,627965,0.35,8,,,54.06000,402854,42.14,40.76,56.45,4.38
SGHC,443184059,0.07%,364324186,78859872,26.20%,52.06%,140.82%,,10.65%,20.40%,29.04%,21.02%,11.50%,-1777.92%,492493,15.01%,19.80%,32825,1.72,6,,6.26,6.82000,764210,53.25,56.40,58.66,0.23
FROG,522007000,-11.78%,508031000,13976000,-2.82%,-20.01%,-37.12%,,14.59%,-9.40%,-8.10%,-9.80%,-6.50%,-9.50%,267805,-11.57%,-6.78%,-43272,0.41,3,,5.96,30.39000,538274,41.92,43.89,46.72,-0.63
BANF,3554487000,-4.87%,3468330000,86157000,50.19%,0.07%,-3.68%,25.29%,100.57%,14.00%,,12.70%,1.70%,14.02%,291543,12.67%,1.52%,101337,0.05,4,,,103.19000,112531,39.34,40.57,52.24,6.44
SNRE,623232277,-15.29%,-7318828813,7942061090,,,-23.52%,,-221.52%,-9.20%,3.35%,,-3.00%,,1173315,,,-142213,0.25,3,,,47.98000,481932,52.74,54.74,0.00,-5.67
AUB,354074000,-37.27%,-180504000,534578000,,1.81%,-59.25%,-18.79%,-5.81%,6.60%,,6.09%,0.80%,7.76%,361096,5.69%,0.98%,92830,0.03,4,,,23.89000,2431665,25.06,23.78,36.45,2.24
DNP,,,,,,,,,,,,,,,,,,,,4,,,9.23000,1071055,44.51,48.22,46.83,
SKYW,801628000,-0.67%,-1958478000,2760106000,,-6.22%,-10.76%,-3.78%,-56.55%,14.20%,9.57%,3.37%,4.60%,4.70%,241473,7.15%,1.52%,22106,0.50,7,6.70,1.64,84.67000,424895,45.04,41.89,56.02,7.77
NWE,29017000,4.26%,-3071737000,3100754000,,6.65%,11.00%,6.59%,-90.28%,7.90%,4.81%,5.40%,2.90%,7.64%,955141,5.66%,2.68%,141395,0.19,5,3.65,0.83,55.67000,534529,48.69,54.33,52.56,3.65
HL,28045000,2.02%,-522668000,550713000,,1.83%,-16.91%,0.63%,-15.12%,1.80%,4.17%,5.24%,1.20%,-0.62%,508156,2.22%,-0.42%,19262,0.31,7,7.37,2.42,5.47000,30485929,50.84,49.51,51.11,0.06
FIVE,528791000,0.69%,-1452776000,1981567000,,15.12%,13.98%,15.89%,-43.15%,15.30%,9.45%,8.48%,6.20%,20.26%,167092,6.40%,7.82%,10932,0.94,5,4.06,2.65,61.77000,3370689,38.27,32.91,33.45,4.60
ICUI,308566000,-0.72%,-1274292000,1582858000,,,-2.82%,,-36.78%,-5.80%,0.82%,2.39%,-2.80%,0.38%,158803,,1.08%,-7846,0.56,7,2.41,2.00,138.43000,420495,44.25,39.06,46.70,-4.83
ARLP,181999000,-1.14%,-304799000,486798000,,2.85%,38.76%,-9.67%,-9.01%,19.10%,15.36%,16.80%,12.10%,19.62%,670328,16.27%,12.16%,98783,0.82,4,13.34,,26.35000,598843,51.68,51.38,57.77,2.77
IPAR,234744000,-10.85%,42550000,192194000,,1.45%,-0.09%,29.36%,1.27%,22.30%,21.98%,15.93%,11.70%,17.74%,2244706,21.02%,9.20%,254031,1.04,7,1.41,7.14,104.47000,312948,34.34,31.18,43.12,5.12
HRI,83000000,-1.55%,-4989000000,5072000000,,27.13%,13.24%,16.03%,-148.56%,15.20%,7.53%,7.57%,2.70%,22.50%,469474,6.18%,4.32%,27763,0.46,5,,1.14,117.81000,380496,40.55,33.76,44.64,7.40
GVA,726569000,0.39%,-86117000,812686000,,29.66%,13.15%,13.95%,-2.57%,13.00%,10.60%,1.08%,4.30%,2.70%,1742423,7.87%,0.84%,54933,1.38,6,32.39,3.14,77.25000,815083,52.72,45.21,60.46,2.62
MATX,266800000,14.00%,-482200000,749000000,,-10.92%,3.31%,-9.34%,-14.41%,19.10%,15.04%,19.99%,10.90%,34.90%,785537,12.88%,15.72%,109366,0.78,8,,2.94,101.93000,600147,27.23,28.98,44.93,13.93
HEES,16413000,-4.23%,-1670834000,1687247000,,6.01%,4.54%,4.60%,-49.44%,21.00%,,7.12%,4.40%,24.28%,541637,7.51%,4.04%,43922,0.54,4,13.69,,91.98000,673525,47.49,68.85,69.04,3.37
W,1372000000,-3.40%,-2439000000,3811000000,,-1.14%,-3.62%,10.83%,-72.77%,,-41.60%,-38.50%,-14.50%,19.34%,822986,-43.66%,-13.78%,-34167,3.50,4,109.63,1.32,26.29000,7784176,39.73,32.63,37.99,-4.01
PRGO,558800000,-23.88%,-3059300000,3618100000,,0.92%,-11.18%,1.44%,-92.15%,-3.80%,1.12%,1.18%,-1.60%,-2.22%,521948,,-1.00%,-20504,0.42,6,2.55,0.71,24.36000,1559200,35.08,40.76,41.18,-1.25
PAY,209411000,-9.04%,201003000,8408000,16.40%,-1.51%,-20.03%,,6.08%,9.60%,10.90%,5.49%,8.10%,5.68%,666982,7.43%,4.56%,33794,1.61,5,,24.47,26.47000,495263,47.77,46.77,55.13,0.35
GFF,151952000,-2.93%,-1504471000,1656423000,,11.36%,1.88%,4.87%,-45.44%,108.60%,22.22%,4.73%,10.00%,20.74%,492969,16.17%,2.24%,45013,1.10,7,3.49,,69.53000,593231,46.61,45.84,56.67,4.90
MDU,66904000,-9.85%,-2225706000,2292610000,,-7.18%,1.39%,-0.57%,-67.45%,9.60%,6.40%,5.09%,3.60%,11.78%,856714,5.02%,4.38%,136992,0.23,6,26.47,1.10,16.15000,1655094,41.99,44.56,57.72,1.37
NHI,24289000,0.86%,-1121752000,1146041000,,-2.67%,0.97%,-4.47%,-33.55%,10.80%,,6.08%,5.50%,9.22%,11172700,7.29%,4.62%,4595567,0.13,5,,,71.67000,227593,46.87,49.11,55.78,3.13
SOUN,198240000,-90.08%,193890000,4350000,3701.02%,-61.00%,-95.18%,,5.93%,-163.70%,-71.52%,-319.11%,-87.40%,,100586,-177.61%,,-416980,0.21,1,,1.39,8.20000,24891211,43.90,44.30,52.37,-1.04
AEIS,722086000,1.37%,50387000,671699000,131.10%,10.07%,-34.32%,8.44%,1.54%,4.60%,3.87%,8.45%,2.30%,14.08%,148204,2.11%,6.88%,5421,0.62,6,2.74,3.83,86.71000,513474,40.09,36.43,41.18,1.43
TFSL,465931000,-2.02%,-4369821000,4835752000,,12.91%,-6.44%,3.76%,-134.39%,4.30%,,1.30%,0.50%,4.42%,331430,1.20%,0.54%,88473,0.02,4,,,11.73000,597791,38.31,35.90,42.34,0.28
NMAX,82363842,-33.32%,74091317,8272525,,,,,1.16%,,-307.70%,,-66.30%,,427541,,,-180430,1.57,3,,22.04,25.49000,3352339,0.00,0.00,0.00,-0.30
AX,2673431000,3.76%,2254739000,418692000,69.19%,0.06%,-2.88%,5.54%,68.95%,18.40%,,12.43%,1.90%,17.10%,660303,14.71%,1.62%,242908,0.05,4,,,57.17000,594408,36.88,34.72,49.76,7.42
CNK,1057300000,-0.74%,-2398800000,3456100000,,-4.06%,-2.72%,0.47%,-74.57%,67.10%,10.98%,-1.06%,6.30%,-32.64%,104435,11.01%,-2.86%,10606,0.62,6,68.87,1.26,27.18000,4326530,60.75,49.25,58.29,2.06
KFY,819956000,-2.26%,254765000,565191000,28.85%,-1.10%,-3.35%,-2.51%,7.97%,14.00%,12.61%,9.28%,6.90%,12.48%,302025,10.10%,5.88%,27215,0.77,6,,2.95,62.93000,340641,40.63,40.09,48.78,4.65
OTTR,294651000,0.23%,-718698000,1013349000,,5.82%,11.91%,7.81%,-22.19%,19.00%,12.23%,11.64%,8.60%,19.18%,623792,11.66%,7.68%,141426,0.38,6,5.11,2.21,77.52000,215638,43.12,45.92,49.32,7.17
TGLS,137527000,-12.31%,28220000,109307000,,-18.11%,-35.70%,-15.90%,0.90%,27.00%,30.98%,21.06%,16.40%,31.94%,90493,21.96%,15.24%,16398,0.90,5,3.42,7.63,69.01000,586079,47.46,47.34,62.75,3.43
FUN,83174000,2.83%,-5080341000,5163515000,,26.81%,119.97%,19.00%,-156.76%,-31.10%,2.98%,-16.54%,-4.00%,6.64%,541785,-102.92%,-2.08%,-46233,0.47,4,28.69,0.56,32.29000,2155986,41.04,28.48,38.78,-3.22
HHH,998503000,-3.23%,-4134422000,5132925000,,3.27%,-0.38%,4.26%,-127.33%,7.00%,,1.99%,2.10%,-0.78%,3212273,4.00%,-0.30%,362758,0.18,6,,,64.42000,339652,30.57,34.54,42.27,3.96
AVA,30000000,2.29%,-2990000000,3020000000,,6.73%,3.04%,7.20%,-94.35%,7.10%,4.64%,5.03%,2.30%,6.92%,1009375,5.36%,2.22%,93750,0.25,5,5.19,0.87,40.14000,745554,51.17,59.97,54.05,2.29
RH,30413000,1.89%,-3861341000,3891754000,,4.76%,5.85%,17.13%,-117.88%,-33.20%,8.43%,14.00%,1.60%,-92.34%,501696,8.03%,7.90%,11421,0.72,5,1.99,1.28,172.08000,3694331,36.65,31.49,39.76,3.62
PLXS,317849000,-12.08%,72020000,245829000,,-13.12%,-48.70%,-3.67%,2.21%,9.30%,10.82%,10.06%,3.80%,11.96%,197717,9.39%,4.68%,5993,1.25,8,2.49,3.75,119.18000,242763,43.28,37.99,50.75,4.31
HGV,766000000,4.67%,-6253000000,7019000000,,17.49%,52.82%,33.57%,-194.18%,2.50%,,1.86%,0.40%,1.68%,228486,1.95%,1.16%,2156,0.44,5,1.03,,33.96000,1032102,41.52,38.03,42.17,0.45
WU,1474000000,13.69%,-1466800000,2940800000,,-0.75%,17.42%,-1.85%,-46.48%,151.90%,,26.30%,11.70%,2091.04%,462604,28.04%,9.44%,102659,0.53,4,,,9.49000,7108324,36.92,32.08,33.20,2.74
BRC,138452000,-18.12%,8297000,130155000,-88.23%,2.76%,77.42%,5.09%,0.26%,17.90%,18.96%,14.32%,12.60%,16.04%,249215,15.24%,11.44%,33941,0.92,5,4.04,6.82,67.07000,222512,41.86,38.60,53.92,4.01
MGEE,16865000,0.00%,-752117000,768982000,,6.20%,0.92%,6.52%,-23.53%,12.80%,6.36%,7.29%,4.60%,13.20%,944134,7.65%,4.68%,168158,0.26,5,6.02,2.07,87.77000,214338,38.94,45.18,53.65,3.33
ENS,463164000,5.68%,-839494000,1302658000,,2.07%,42.87%,2.98%,-26.28%,18.10%,12.24%,8.35%,8.70%,11.44%,329115,12.10%,4.98%,30388,0.95,5,3.33,3.37,81.03000,330792,35.28,33.06,43.22,8.08
M,1306000000,-2.06%,-4400000000,5706000000,,-3.72%,-4.65%,-4.22%,-137.95%,13.50%,7.39%,-2.39%,3.50%,-13.66%,244254,6.42%,-0.64%,6179,1.40,6,3.11,2.44,11.45000,10898213,39.62,30.12,37.21,2.07
BRZE,513519000,-5.04%,426079000,87440000,9.56%,,-3.50%,,13.26%,-22.80%,-18.35%,-12.91%,-12.40%,-17.74%,349270,-21.72%,-17.42%,-61061,0.71,4,,4.67,30.38000,790442,37.09,35.28,39.07,-1.02
PTCT,1139696000,-2.73%,750400000,389296000,62.53%,-10.08%,-6.20%,3.48%,23.61%,,-17.45%,-12.80%,-20.00%,-7.24%,859191,,-28.60%,-386896,0.45,3,2.13,-1.67,40.29000,839625,30.88,42.60,50.81,-4.73
CWEN,733000000,0.45%,-7016000000,7749000000,,-2.15%,-10.56%,2.03%,-127.39%,4.20%,3.12%,2.05%,0.60%,7.84%,22850000,1.49%,1.30%,1466667,0.10,4,8.42,0.62,27.55000,917345,40.50,49.31,49.48,0.75
ATAT,667784811,-0.09%,430883724,236901087,91.98%,151.11%,-11.18%,,41.15%,48.30%,-13.45%,9.42%,17.50%,,233726,25.63%,,41126,1.00,7,29.26,3.25,23.07000,2607251,28.37,39.48,54.24,1.26
SWI,259323000,-0.26%,-996628000,1255951000,,-14.07%,-0.96%,-9.07%,-31.13%,8.40%,7.71%,-3.15%,3.60%,-9.02%,378213,8.46%,-3.76%,53110,0.25,6,,1.04,18.49000,2571145,69.21,80.21,74.09,0.64
KTB,334066000,-1.43%,-457094000,791160000,,-2.32%,-6.00%,-4.66%,-14.45%,65.10%,27.24%,20.84%,14.90%,190.74%,197544,23.43%,12.24%,18621,1.59,7,3.25,4.44,57.19000,826667,39.63,30.32,45.46,4.36
OKLO,227814000,-9.92%,226790000,1024000,,,-97.78%,,7.35%,-42.00%,-26.39%,,-32.00%,,,-20.96%,,-613467,,2,,,22.72000,10703255,43.69,46.85,55.94,-0.74
UNF,180980000,-1.92%,113490000,67490000,430.60%,13.99%,0.16%,8.14%,3.74%,7.00%,7.87%,6.36%,5.50%,6.80%,152426,6.43%,5.36%,9141,0.91,6,10.39,5.70,169.99000,238703,36.16,38.15,46.49,7.82
ASB,1019604000,-13.96%,-2142207000,3161811000,,12.43%,12.59%,-5.50%,-68.28%,2.70%,,4.00%,0.30%,6.62%,238214,1.80%,0.68%,27911,0.02,4,,,19.29000,2011018,40.95,38.52,46.80,0.72
LAZ,1340684000,-7.66%,-851851000,2192535000,,-0.68%,0.79%,-1.16%,-27.10%,53.00%,,10.05%,6.00%,41.70%,935286,10.07%,5.06%,85784,0.65,6,,,34.97000,2358603,33.57,29.65,42.37,2.68
GBTG,536000000,-0.20%,-926000000,1462000000,,9.78%,1.95%,,-29.19%,-12.20%,1.51%,-15.34%,-3.70%,,127526,,,-7263,0.65,6,,1.01,6.64000,1390480,33.39,32.84,44.56,-0.30
FRO,367483000,11.58%,-3492042000,3859525000,,20.45%,61.24%,16.09%,-114.62%,25.20%,14.34%,8.56%,10.70%,17.66%,25441247,12.02%,7.42%,6994200,0.36,5,7.15,1.39,14.03000,3248591,42.82,38.45,41.49,2.23
IGT,704000000,-5.17%,-4740000000,5444000000,,-10.04%,-5.47%,-9.91%,-154.91%,21.60%,10.59%,4.21%,3.30%,0.62%,422469,5.63%,0.86%,58527,0.24,6,12.05,1.04,15.42000,1675005,41.16,32.91,36.39,1.71
ACLX,587583000,-17.22%,533503000,54080000,-12.01%,,-44.60%,,17.61%,-22.30%,-23.48%,-0.77%,-14.40%,3.46%,662184,-27.03%,-43.46%,-658577,0.14,1,,6.42,56.66000,952517,38.68,37.10,51.04,-2.00
MPW,332335000,-4.01%,-8644822000,8977157000,,-7.77%,-12.17%,4.71%,-278.41%,-41.60%,,3.53%,-15.30%,-4.84%,8436839,,-1.50%,-20426025,0.06,4,,,5.17000,12480489,39.15,51.78,42.58,-4.02
IRTC,543911000,0.21%,-192998000,736909000,,84.30%,467.62%,41.79%,-6.17%,-128.70%,-12.18%,-23.21%,-12.30%,-57.24%,295920,-13.95%,-19.98%,-56644,0.65,4,13.16,2.06,98.79000,365690,42.55,51.00,49.37,-3.63
OSIS,101633000,-3.34%,-609127000,710760000,,24.37%,55.56%,14.95%,-19.53%,16.40%,14.19%,10.10%,6.70%,14.86%,246990,10.37%,6.54%,20128,0.82,3,2.46,3.43,184.44000,273080,46.37,53.11,62.19,7.78
PCH,151551000,0.01%,-883101000,1034652000,,10.92%,0.09%,6.46%,-28.64%,1.00%,1.20%,9.32%,0.70%,12.20%,767951,2.89%,7.26%,15818,0.32,6,11.70,1.65,39.29000,423646,32.13,38.84,43.71,0.28
NSP,1124000000,,689000000,435000000,103.24%,0.11%,1.87%,5.79%,22.47%,72.20%,23.09%,28.65%,4.20%,239.82%,21109,15.88%,7.64%,292,3.01,4,,3.94,82.91000,368755,44.07,48.61,42.80,2.42
SXT,26626000,-1.56%,-606745000,633371000,,7.38%,-3.82%,0.46%,-19.63%,11.70%,10.93%,8.31%,6.20%,12.04%,387949,8.66%,6.34%,31058,0.77,7,1.75,4.65,72.71000,255015,44.62,45.24,48.33,2.94
ATHM,3224133844,,3224133844,,1.06%,,,,408.32%,7.70%,-166.35%,10.68%,6.10%,14.02%,227720,4.63%,10.82%,58827,0.24,3,,,25.41000,754149,35.51,40.26,42.16,2.13
SITM,418834000,,418834000,,-20.71%,,,,13.65%,-13.40%,-11.99%,-6.45%,-10.40%,-4.62%,513157,-16.47%,-3.30%,-236965,0.23,3,1.38,10.12,130.05000,336603,40.68,39.12,46.86,-4.05
NPO,236300000,-0.26%,-403800000,640100000,,-17.16%,-1.04%,0.34%,-13.04%,5.10%,5.90%,2.64%,2.90%,10.88%,299629,4.81%,5.50%,20829,0.42,7,4.29,3.16,145.82000,120946,38.36,38.67,49.94,3.45
RARE,610025000,18.36%,569686000,40339000,6.67%,-1.31%,-6.56%,1.75%,18.86%,-196.10%,-48.96%,-120.48%,-38.20%,-151.92%,432944,-187.06%,-34.84%,-439863,0.38,4,1.94,-2.72,33.16000,1767127,35.68,29.70,37.99,-6.29
OSCR,2151647000,0.06%,1852092000,299555000,-18.10%,,0.26%,,61.44%,2.30%,4.10%,-14.40%,0.50%,-16.06%,3823985,3.39%,-11.78%,10597,1.96,5,,1.43,12.25000,4864122,40.86,40.81,46.25,0.10
BTSG,61253000,-1.87%,-2843713000,2904966000,,5.94%,-20.86%,,-92.87%,-1.10%,4.36%,3.93%,-0.30%,-4.28%,304499,,-0.52%,-488,1.96,6,18.55,2.48,17.41000,1072295,44.99,48.12,60.30,-0.09
TBBB,220337137,10.65%,-229492910,449830047,,,-22.74%,,-7.67%,9.20%,-0.96%,,1.60%,,125716,4.46%,,732,2.80,7,17.81,4.23,26.65000,838681,51.06,45.84,57.48,0.12
CNXC,308000000,3.51%,-4593892000,4901892000,,27.85%,-2.68%,,-148.90%,6.60%,6.33%,7.68%,2.20%,11.38%,21307,5.68%,4.74%,599,0.80,6,,1.48,47.64000,1157786,48.40,47.73,40.23,3.98
PRIM,455825000,-13.23%,-612371000,1068196000,,12.04%,-12.57%,15.37%,-20.01%,13.60%,12.68%,8.15%,4.40%,13.02%,405118,9.09%,4.42%,11510,1.55,7,,2.94,56.42000,951418,41.24,40.91,54.93,3.31
CRC,372000000,0.09%,-760000000,1132000000,,24.33%,109.63%,-25.63%,-24.99%,13.40%,9.80%,20.07%,6.60%,26.20%,2063226,9.67%,10.30%,242581,0.56,4,15.80,1.57,33.49000,855503,31.65,26.28,37.32,4.62
ELF,73845000,3.19%,-228582000,302427000,,38.07%,5.55%,15.64%,-7.79%,13.80%,13.14%,8.70%,8.10%,11.32%,2741084,10.67%,6.96%,207080,1.08,7,1.79,4.92,53.79000,3274999,35.74,24.02,38.24,1.68
BOOT,152914000,4.81%,-388536000,541450000,,27.59%,24.59%,9.70%,-12.96%,17.10%,14.37%,12.68%,9.40%,22.16%,163346,10.54%,10.10%,15296,1.00,6,1.85,4.14,98.99000,1395966,40.42,31.26,46.23,5.60
BXMT,323483000,-8.77%,-15401436000,15724919000,,-4.14%,-18.47%,4.55%,-514.06%,-5.20%,,1.85%,-0.90%,3.88%,,,0.80%,,0.02,4,,,17.40000,2257753,31.56,40.98,41.83,-1.17
STNE,2615130137,32.08%,1870040303,745089835,3.04%,-10.49%,184.21%,7.71%,62.09%,-10.60%,-1.86%,16.44%,-2.90%,-0.88%,271720,,-0.14%,-31055,0.25,2,,0.88,10.98000,8012159,57.97,56.88,44.36,-0.74
UGP,,,,,,,,,,,,,,,2707961,,,52415,,5,,,2.85000,1462304,43.06,40.11,40.37,0.45
SHC,278865000,-0.30%,-2071768000,2350633000,,8.75%,1.01%,-3.77%,-69.01%,10.30%,9.67%,7.06%,1.40%,8.84%,366814,4.21%,-0.46%,14799,0.36,7,10.22,1.19,10.60000,1339322,41.60,30.98,39.12,0.16
AMED,303242000,-1.79%,-156059000,459301000,,-5.58%,-5.73%,7.09%,-5.17%,3.80%,7.51%,7.76%,2.00%,12.68%,123596,2.81%,6.24%,2275,1.11,7,,3.76,91.50000,264310,44.67,47.98,42.57,1.31
WDFC,52995000,7.70%,-69008000,122003000,,0.22%,0.67%,2.17%,-2.40%,37.10%,28.82%,21.55%,19.00%,35.20%,948191,24.51%,16.18%,132612,1.36,7,3.53,12.06,221.35000,282975,28.74,35.73,44.48,6.27
NE,247303000,-0.05%,-1732883000,1980186000,,109.29%,237.80%,,-59.58%,10.40%,8.35%,-47.82%,6.60%,,611564,8.29%,,89671,0.45,5,,1.29,18.75000,5408158,34.78,22.81,30.41,2.96
HGTY,352219000,-11.68%,204073000,148146000,-65.41%,3.02%,-18.21%,,25.90%,7.90%,-0.43%,0.51%,0.60%,25.22%,688095,11.69%,0.14%,5499,0.70,7,,0.71,8.75000,93654,36.99,33.47,44.64,0.10
ORLA,164113000,-97.75%,162767000,1346000,2129.68%,-79.76%,-98.51%,-43.14%,5.10%,19.10%,33.50%,-0.29%,15.00%,-1.24%,971520,15.97%,-0.46%,251359,0.58,6,3.55,22.94,9.88000,3405510,65.00,75.21,82.79,0.27
HAE,320846000,-0.01%,-903991000,1224837000,,16.37%,40.69%,26.93%,-30.83%,14.20%,7.92%,7.01%,5.30%,11.72%,375585,6.68%,5.14%,35566,0.56,5,1.93,2.43,59.27000,912681,36.80,33.64,39.06,2.54
AVAL,4367790312,,-11024884443,15392674755,,,19.50%,,-395.70%,4.40%,,3.78%,0.20%,11.96%,39654,1.53%,0.76%,2476,0.04,2,,,2.31000,193596,35.82,47.67,45.80,0.16
FTDR,436000000,102.16%,-783000000,1219000000,,23.70%,99.84%,4.04%,-27.13%,107.30%,20.08%,20.11%,16.60%,575.16%,869340,17.32%,11.46%,110849,1.30,6,,2.77,39.60000,1297604,45.58,33.59,49.29,3.01
OGN,675000000,1.50%,-8205000000,8880000000,,-0.94%,1.37%,163.43%,-278.29%,298.70%,12.78%,23.18%,6.90%,-311.94%,640300,15.73%,11.64%,86400,0.51,5,2.04,1.22,11.43000,4302410,30.63,26.43,33.28,3.33
BNL,14845000,-1.67%,-1898280000,1913125000,,4.23%,0.12%,-0.70%,-67.48%,5.40%,,3.55%,3.10%,4.30%,5915068,3.31%,2.38%,2225219,0.08,4,,,14.90000,2458870,35.74,38.85,44.98,0.86
CRSP,1915345000,-1.69%,1691652000,223693000,15.34%,-0.20%,-6.26%,33.61%,57.29%,-18.50%,-16.83%,-14.05%,-15.80%,-14.32%,94947,-21.64%,-12.24%,-931939,0.02,2,,5.34,34.26000,2666637,39.51,37.52,39.84,-4.34
CPK,8500000,5.44%,-1483900000,1492400000,,23.20%,6.90%,14.97%,-50.40%,8.90%,7.29%,5.73%,3.40%,10.34%,656000,5.80%,3.80%,98833,0.23,5,16.13,1.38,127.50000,238700,51.13,54.79,56.68,5.26
AKO.B,358048797,,-836516421,1194565218,,61.36%,14.44%,42.87%,-29.40%,25.00%,-0.05%,9.93%,7.50%,17.60%,200657,11.52%,5.64%,14480,1.04,6,9.09,2.57,21.33000,25305,47.32,57.90,63.54,1.55
AKO.A,395854965,,-717138822,1112993787,,262.20%,39.98%,41.04%,-25.69%,19.70%,-0.05%,9.43%,5.80%,16.48%,184278,11.11%,5.64%,12066,0.88,6,8.42,2.68,16.12000,2199,49.84,62.02,59.71,1.42
WFRD,975000000,-1.54%,-813000000,1788000000,,-11.90%,-13.20%,-6.15%,-28.05%,40.70%,23.01%,2.80%,9.90%,-23.22%,298000,22.24%,-4.72%,27351,1.07,8,4.32,2.02,40.12000,1760105,33.67,26.53,33.11,6.75
AVPT,290902000,10.27%,280993000,9909000,29.19%,,5.61%,,9.68%,-12.90%,-8.22%,-6.97%,-6.40%,-91.02%,112639,,-12.74%,-9915,0.73,5,,6.52,14.40000,839957,46.05,46.33,61.12,-0.16
AWR,26661000,-0.89%,-911574000,938235000,,14.26%,2.22%,13.42%,-30.98%,13.90%,9.02%,7.90%,5.00%,13.90%,1151758,7.92%,4.98%,230692,0.25,4,12.95,1.91,75.71000,286483,48.96,47.61,45.96,3.17
BLKB,809512000,7.06%,-299659000,1109171000,,3.19%,35.31%,14.54%,-10.11%,-63.00%,-20.58%,-4.11%,-10.60%,-13.20%,444421,-21.62%,-2.28%,-108912,0.43,6,,0.70,60.20000,404420,37.77,28.36,41.42,-5.60
KC,385607082,62.06%,-163078679,548685761,,35.45%,193.40%,87.25%,-73.97%,-43.90%,3.52%,-19.13%,-11.80%,-32.24%,86458,-19.08%,-12.10%,-21841,0.47,4,,-1.10,12.65000,2344543,40.95,53.76,61.51,-1.11
BC,286700000,-8.48%,-2199000000,2485700000,,9.53%,-3.07%,16.08%,-76.36%,6.50%,7.06%,13.24%,2.10%,23.98%,349140,5.03%,8.50%,8673,0.85,5,2.80,2.63,44.22000,1987192,32.91,17.86,34.20,1.93
MUR,423569000,-4.06%,-1642393000,2065962000,,-15.02%,-1.09%,-9.57%,-57.74%,7.70%,6.78%,4.04%,4.20%,2.86%,4037965,6.96%,1.74%,542895,0.31,5,21.06,1.87,19.97000,4902767,33.42,29.57,30.31,2.70
ST,593670000,0.04%,-2605826000,3199496000,,-9.02%,-5.88%,-0.35%,-88.85%,4.30%,2.24%,4.31%,1.70%,6.60%,206988,2.45%,,6762,0.52,7,4.18,1.71,19.44000,2906108,32.19,24.24,28.86,0.85
HIW,33677000,-0.06%,-3259882000,3293559000,,5.70%,2.50%,5.30%,-117.76%,4.30%,,6.19%,1.70%,9.22%,2359606,4.20%,3.84%,285037,0.14,5,,,26.08000,781431,34.93,33.54,42.12,0.94
MIR,175600000,-0.06%,-544300000,719900000,,-5.78%,-0.12%,,-17.79%,-2.50%,0.99%,-1.92%,-1.40%,,300979,,,-12972,0.33,6,3.33,1.92,13.59000,1851932,43.28,44.27,57.36,-0.18
RNA,1504292000,-10.52%,1497491000,6801000,155.63%,-16.61%,-30.97%,6.62%,53.30%,-25.90%,-21.99%,-29.49%,-23.40%,-32.40%,27870,-26.47%,-28.58%,-824302,0.01,2,,11.77,24.11000,1741918,34.90,32.97,46.61,-2.89
SMG,9800000,20.87%,-2681700000,2691500000,,-6.02%,-10.98%,5.46%,-95.23%,,5.81%,5.33%,-0.70%,-462.92%,671528,,0.70%,-4509,1.06,6,2.57,2.05,50.42000,1705349,36.64,30.36,39.95,-0.44
NOMD,451688484,2.16%,-1986958937,2438647421,,-0.75%,1.98%,3.03%,-68.90%,8.50%,7.13%,7.05%,3.50%,8.64%,470419,7.71%,3.48%,34464,0.48,6,4.91,1.34,18.88000,524693,44.43,53.48,51.50,1.46
BSM,2519000,,-22481000,25000000,,-34.51%,,-42.39%,-0.78%,28.20%,23.09%,33.48%,19.80%,32.90%,3771296,31.98%,21.64%,2103130,0.36,5,,,13.69000,295781,37.54,37.42,41.56,1.15
MCY,720257000,-0.06%,132549000,587708000,,12.98%,-0.04%,6.94%,4.60%,26.50%,,3.51%,5.90%,6.84%,1303722,19.46%,1.88%,111417,0.69,5,,,52.17000,397650,42.19,41.96,50.06,8.45
CDP,38284000,0.68%,-2402711000,2440995000,,1.98%,-0.38%,5.72%,-86.28%,9.30%,,4.21%,3.30%,5.16%,1764091,5.41%,1.98%,325361,0.18,5,,,25.20000,1153993,35.88,30.98,44.60,1.23
CWT,95687000,5.30%,-1286306000,1381993000,,8.04%,12.04%,7.04%,-44.58%,12.20%,6.12%,5.54%,3.80%,8.98%,811272,7.28%,2.66%,149301,0.21,5,27.50,1.00,48.50000,573960,58.67,52.98,46.45,3.25
SLNO,291437000,1644.01%,238611000,52826000,40.96%,387.13%,13008.19%,180.36%,8.66%,-75.30%,-56.25%,-114.43%,-63.90%,-94.00%,,-61.90%,-58.74%,-1911413,,2,,,62.87000,1316655,52.43,58.12,64.18,-4.38
MHO,821570000,5.04%,-214976000,1036546000,,0.75%,13.02%,6.04%,-7.61%,20.20%,,13.90%,12.80%,22.72%,2559472,13.65%,12.40%,320298,1.03,5,1.12,,106.28000,170805,38.14,33.40,46.83,19.71
HTGC,116421000,1.68%,-1670728000,1787149000,,12.85%,14.56%,6.59%,-58.35%,13.90%,,9.17%,7.10%,14.86%,4935910,10.59%,7.30%,2629660,0.13,3,,,16.83000,1518197,33.69,32.85,45.46,1.61
GPOR,59558000,2.95%,-726368000,785926000,,-11.62%,8.82%,,-25.30%,-13.20%,-10.22%,,-8.50%,,4077153,-9.48%,,-1130281,0.31,3,,2.31,160.72000,223870,39.06,45.10,57.29,-14.72
LAUR,97854000,-14.53%,-329560000,427414000,,-9.09%,-26.65%,-24.22%,-11.46%,32.00%,29.02%,5.04%,14.80%,7.10%,49265,19.31%,3.54%,9323,0.78,7,,3.65,19.01000,668124,49.27,56.63,66.67,1.92
WHD,342843000,0.26%,301127000,41716000,220.97%,7.90%,4.36%,2.06%,12.26%,18.90%,15.73%,18.73%,11.20%,16.38%,706134,20.23%,8.44%,115879,0.68,6,3.21,5.07,36.01000,1055481,30.02,25.83,39.02,2.77
FHI,641042000,3.16%,179075000,461967000,74.31%,10.11%,0.88%,15.88%,5.94%,24.70%,21.95%,18.58%,13.20%,25.60%,787690,16.33%,13.94%,129495,0.80,6,,4.47,36.89000,900774,36.87,39.94,49.29,3.23
SLAB,382161000,,382161000,,-3.06%,,,,13.58%,-17.30%,-13.65%,-4.04%,-15.10%,20.56%,309363,-15.32%,13.76%,-101117,0.46,3,1.82,13.54,88.19000,861997,29.98,30.70,39.75,-5.93
FBP,1159415000,-8.17%,597715000,561700000,40727.53%,-6.34%,-15.11%,-8.04%,20.72%,18.80%,,10.16%,1.60%,15.64%,282133,13.39%,1.34%,95960,0.05,4,,,17.58000,1892829,41.70,40.57,50.75,1.81
IAC,1798170000,-1.82%,-168677000,1966847000,,-1.79%,-2.78%,51.59%,-6.20%,-9.20%,-6.27%,-3.67%,-5.40%,-2.02%,458703,-0.06%,-0.82%,-65048,0.38,6,,0.83,34.32000,1527962,40.70,41.83,39.42,-6.49
AG,251961000,1.50%,14944000,237017000,,2.35%,-7.60%,5.92%,0.51%,-7.50%,0.09%,-2.04%,-5.20%,-4.60%,140151,,-3.14%,-25471,0.28,6,7.43,2.69,6.02000,25680952,46.55,49.82,47.46,-0.34
EBC,1006880000,32.60%,912980000,93900000,41.58%,39.92%,94.75%,-16.79%,30.04%,3.60%,,1.66%,0.50%,5.10%,332399,3.23%,0.70%,59840,0.03,4,,,14.27000,1438071,31.56,33.60,45.47,0.66
PRVA,491149000,-9.50%,485559000,5590000,27.37%,-50.65%,-32.56%,-33.54%,17.53%,2.40%,3.67%,-5.40%,1.30%,-5.06%,1523149,1.51%,-4.06%,12618,1.58,6,,5.46,23.65000,1013997,54.38,56.89,51.21,0.11
BL,885915000,-0.11%,-30687000,916602000,,-6.84%,-35.01%,18.05%,-1.07%,45.40%,9.04%,-1.21%,8.60%,-1.60%,357014,1.86%,-0.30%,88073,0.35,8,,2.27,45.25000,935471,39.66,36.39,39.90,1.45
EQX,257672000,-9.08%,-1090159000,1347831000,,35.59%,45.71%,38.54%,-36.72%,11.10%,12.04%,3.05%,5.50%,6.96%,410108,2.70%,3.98%,91898,0.25,6,1.85,1.26,6.49000,22418151,50.74,55.49,56.74,0.75
KGS,8422000,-0.51%,-2626749000,2635171000,,12.17%,44.32%,,-92.71%,3.90%,6.62%,,1.20%,,891778,4.13%,,38381,0.28,7,5.11,1.07,32.22000,1544361,37.76,40.38,57.09,0.56
UCB,519873000,41.97%,70721000,449152000,-89.59%,22.00%,38.28%,16.13%,2.50%,7.30%,,7.63%,0.90%,8.82%,302509,6.63%,1.00%,82117,0.03,4,,,23.70000,1777085,28.77,29.44,40.83,2.04
TCBI,3188808000,-8.84%,1643462000,1545346000,85.97%,-20.98%,-34.50%,-12.05%,58.52%,1.80%,,3.29%,0.20%,5.44%,475988,1.58%,0.52%,33145,0.03,4,,,61.24000,896866,30.90,33.92,46.56,1.28
VEON,1433000000,-15.85%,-2906000000,4339000000,,-24.42%,-65.51%,-17.02%,-103.02%,-353.90%,-53.70%,10.21%,-29.50%,-58.02%,224747,,-3.38%,-174125,0.38,6,6.63,,39.88000,61307,38.94,50.84,64.24,-42.75
FUL,105743000,8.42%,-2074254000,2179997000,,4.43%,19.07%,2.01%,-74.99%,6.20%,6.91%,5.97%,2.30%,9.40%,472931,5.58%,3.32%,15002,0.72,5,5.21,2.12,51.87000,915981,41.46,22.87,34.73,2.00
APAM,268218000,-1.43%,-32489000,300707000,,0.11%,-3.82%,0.03%,-1.33%,73.00%,,50.16%,16.60%,107.02%,1903771,39.38%,19.20%,444774,0.71,5,,,35.01000,798582,36.45,31.60,43.27,3.66
WNS,238908000,-14.58%,-142569000,381477000,,27.42%,1.76%,10.09%,-5.09%,17.40%,16.03%,14.20%,9.10%,18.28%,21879,13.20%,10.72%,2193,0.91,6,,5.30,64.68000,1766003,55.81,63.59,0.00,2.87
AVNT,544500000,-0.03%,-1522500000,2067000000,,2.54%,-0.62%,9.84%,-54.82%,7.30%,6.51%,4.92%,2.90%,13.72%,352217,5.70%,4.86%,18424,0.55,8,6.29,1.81,30.53000,1036094,31.77,25.15,38.12,1.84
WRD,899365370,27.48%,879812701,19552669,,,,,103.48%,-125.40%,-67.39%,,-37.80%,,16983,-30.54%,,-118120,0.05,2,,4.40,9.81000,1061306,33.99,39.56,0.00,-3.51
ZETA,366157000,0.10%,169869000,196288000,,2.25%,6.59%,1.40%,6.06%,-17.90%,-7.43%,-42.22%,-9.00%,277.76%,459039,-7.78%,-41.52%,-31844,1.29,3,,3.73,11.71000,4571615,35.19,36.62,44.01,-0.38
PRCT,333725000,-0.48%,253475000,80250000,42.39%,14.05%,1.32%,,9.05%,-31.50%,-18.14%,-11.87%,-22.00%,-45.22%,296955,-20.02%,-32.50%,-120917,0.54,3,1.82,12.16,50.73000,1125077,38.89,33.42,46.07,-1.75
ATMU,184300000,-0.64%,-408200000,592500000,,,-1.25%,,-14.69%,99.20%,32.58%,,15.80%,,371022,23.24%,,41244,1.42,6,4.67,4.62,33.62000,1018462,41.12,39.49,57.21,2.22
FULT,1063871000,-13.17%,-718177000,1782048000,,19.74%,-28.36%,0.19%,-25.88%,9.10%,,5.71%,0.90%,9.54%,342476,5.80%,0.94%,81910,0.04,4,,,15.23000,1810233,30.74,29.91,44.40,1.57
CARG,306229000,2.09%,113485000,192744000,-5.63%,39.69%,-0.85%,22.60%,4.10%,4.10%,3.37%,9.88%,2.60%,,697647,1.55%,,16359,1.11,7,464.69,8.13,26.57000,930611,37.10,33.62,48.76,0.20
AKRO,743078000,0.27%,707252000,35826000,34.91%,201.21%,38.95%,,26.20%,-32.20%,-31.47%,-38.26%,-29.50%,-39.58%,,-36.32%,-36.16%,-4000952,,1,,,34.82000,1370289,34.37,46.30,50.88,-3.75
LPL,1619803582,-2.25%,-8452964199,10072767781,,4.60%,-12.47%,1.47%,-317.18%,-35.20%,0.00%,-3.02%,-7.50%,-17.36%,695943,-2.65%,-4.02%,-67008,0.78,5,9.25,0.65,2.66000,401333,27.39,28.17,31.29,-1.89
ABM,59000000,14.29%,-1601000000,1660000000,,13.05%,14.11%,9.71%,-58.78%,4.40%,5.61%,5.48%,1.60%,,71835,3.73%,,687,1.66,5,,2.73,44.37000,1791938,39.25,33.76,45.24,1.27
GMS,59029000,-2.56%,-1676648000,1735677000,,5.60%,41.71%,7.80%,-61.84%,10.10%,9.68%,9.80%,3.80%,18.62%,733601,6.41%,6.68%,19119,1.45,4,6.49,3.14,71.91000,405100,44.34,32.26,46.25,3.62
PSMT,250772000,-0.96%,14593000,236179000,145.47%,-6.99%,-9.54%,-2.58%,0.52%,12.60%,15.24%,8.91%,6.90%,10.82%,423109,11.29%,5.86%,11895,2.47,8,7.99,5.31,91.76000,633623,60.41,55.36,57.91,4.69
TNL,329000000,0.25%,-5262000000,5591000000,,1.71%,-0.97%,0.06%,-190.34%,-46.20%,,8.45%,6.10%,-27.06%,203368,11.72%,3.76%,21632,0.57,7,1.67,,41.20000,845811,42.09,38.28,47.47,5.82
BHF,5045000000,,1890000000,3155000000,171.94%,-0.02%,-0.03%,-6.29%,68.03%,6.10%,,6.65%,0.10%,5.90%,3374286,4.84%,0.26%,204286,0.02,5,,,47.29000,1036537,37.18,42.71,47.99,4.64
SBSW,1314106725,,-794325074,2108431799,,606.69%,70.03%,,-28.86%,-55.20%,,13.21%,-24.40%,14.40%,98264,-43.60%,7.02%,-32649,0.73,5,4.77,,3.89000,14311842,48.37,49.30,41.79,-2.92
PDCO,134996000,7.76%,-740640000,875636000,,7.89%,-2.16%,2.67%,-27.17%,14.20%,15.23%,0.40%,4.80%,5.92%,856735,8.11%,1.68%,18260,2.28,4,5.78,4.08,30.94000,6773075,39.82,68.72,57.50,1.52
HASI,129758000,6.51%,-4269773000,4399531000,,20.85%,3.58%,25.86%,-155.75%,8.80%,,3.00%,2.90%,7.12%,2427816,2.95%,2.48%,1266057,0.06,3,,,22.73000,2350037,18.64,29.64,40.91,1.62
GNW,2048000000,-1.94%,530000000,1518000000,-16.01%,-7.19%,-4.17%,-15.81%,19.50%,3.60%,,5.34%,0.30%,3.98%,2464527,4.64%,0.50%,101014,0.08,4,,,6.52000,9353579,44.15,44.71,52.51,0.68
NCNO,120928000,0.39%,-115896000,236824000,,69.25%,219.06%,,-4.23%,-3.50%,-2.33%,-5.86%,-2.50%,-7.94%,294957,-1.37%,-6.00%,-20664,0.36,5,,3.18,23.40000,3311342,36.25,32.92,39.05,-0.33
HBM,597100000,0.89%,-737900000,1335000000,,-0.12%,-9.29%,3.30%,-28.03%,3.20%,6.67%,2.33%,1.40%,-2.56%,898311,3.03%,-0.86%,34089,0.37,8,6.58,1.19,6.52000,11025211,39.21,38.96,46.62,0.20
CBU,197004000,5.32%,-801861000,998865000,,44.67%,30.54%,23.70%,-29.49%,10.60%,,6.68%,1.10%,9.48%,247954,6.61%,1.14%,62536,0.05,4,,,51.47000,304612,33.40,33.99,45.59,3.44
DOOO,186759416,2.92%,-2174085842,2360845258,,11.57%,7.66%,9.27%,-82.42%,-42.80%,-4.25%,24.44%,-3.30%,74.40%,236404,,9.60%,-6434,1.21,3,3.12,,36.08000,421031,46.35,27.80,33.65,-1.99
APLE,10253000,-1.85%,-1572784000,1583037000,,0.69%,6.72%,0.59%,-58.09%,6.50%,,2.88%,4.30%,2.30%,22022585,5.61%,1.58%,3293292,0.28,5,,,11.30000,4917197,34.64,21.71,31.94,0.89
WSFS,1154818000,-64.32%,771211000,383607000,289.85%,17.01%,-57.14%,-4.75%,28.99%,10.30%,,8.47%,1.30%,10.46%,426569,8.86%,1.26%,114193,0.05,3,,,46.14000,613752,43.02,42.81,50.87,4.41
PATK,33561000,-4.74%,-1489096000,1522657000,,1.71%,26.15%,14.62%,-55.40%,12.50%,9.67%,10.50%,4.50%,23.02%,371568,7.54%,7.40%,13840,1.22,5,5.42,2.98,80.20000,502499,41.73,40.14,53.81,4.11
CAAP,525899000,-5.74%,-642889000,1168788000,,-6.97%,-13.24%,-0.81%,-23.96%,22.50%,13.17%,8.24%,6.80%,2.26%,302175,8.57%,1.30%,46340,0.44,7,87.79,1.70,16.74000,156172,41.02,37.96,56.82,1.75
USAC,14000,-1.21%,-2514221000,2514235000,,8.07%,6.95%,6.10%,-92.11%,96.80%,11.56%,2.87%,2.90%,-8.76%,1112938,11.33%,-3.92%,96048,0.34,7,2.52,,22.94000,300364,34.96,41.01,49.18,0.72
DEI,444623000,-0.27%,-5064221000,5508844000,,3.13%,-0.81%,3.54%,-227.14%,1.10%,,2.54%,0.20%,1.56%,1281140,2.73%,0.40%,30542,0.10,5,,,13.28000,2118549,31.89,34.96,38.46,0.13
AI,724327000,,724327000,,0.14%,,,,28.03%,-32.50%,-30.65%,-10.81%,-26.90%,-10.14%,411810,-36.94%,-19.66%,-316416,0.35,3,,6.60,20.30000,3558254,41.19,35.77,40.13,-2.23
LIF,159238000,,159238000,,147.04%,,,,6.17%,-1.40%,-1.27%,,-1.10%,,816448,-2.22%,,-10011,0.93,5,15.19,18.98,33.95000,615438,40.01,39.08,0.00,-0.06
EE,597966000,-2.76%,-97865000,695831000,,-11.92%,-9.38%,,-3.41%,6.60%,4.50%,,1.10%,,926482,10.12%,,35776,0.30,5,,2.42,25.44000,335294,38.64,44.41,53.85,1.27
RGTI,192094000,-60.87%,183294000,8800000,164.25%,-29.20%,-71.21%,,6.88%,-165.00%,-72.45%,2.46%,-104.90%,-11.68%,77071,-50.60%,-52.66%,-1435629,0.06,2,,5.94,9.42000,40791163,52.65,53.45,60.18,-1.09
SAM,211819000,-5.90%,175879000,35940000,-30.54%,-16.39%,-20.62%,-9.47%,6.61%,5.90%,8.60%,7.59%,4.40%,8.58%,793428,5.44%,6.06%,23530,1.48,6,9.61,7.07,242.97000,233226,54.45,41.30,37.90,5.06
ZI,139900000,0.93%,-1248900000,1388800000,,2.16%,4.15%,2.16%,-47.07%,1.60%,1.21%,-1.32%,0.40%,3.40%,346152,2.94%,1.02%,8295,0.19,6,,0.59,7.84000,7087385,33.20,36.33,32.62,0.08
HOG,3756765000,-10.73%,-3251037000,7007802000,,0.42%,-2.36%,-1.32%,-124.90%,13.60%,6.70%,4.77%,3.60%,18.32%,879119,3.54%,,77179,0.42,5,4.33,1.32,21.49000,5088351,37.17,24.23,37.02,3.44
NVST,1069100000,-1.73%,-478600000,1547700000,,1.97%,-6.40%,0.13%,-17.89%,-34.10%,-23.22%,-2.30%,-19.60%,-4.16%,204114,-23.16%,-2.32%,-90943,0.44,5,4.55,0.57,15.54000,3148471,39.15,34.38,33.34,-6.50
MRCY,242565000,-0.31%,-406740000,649305000,,7.23%,-5.18%,63.69%,-15.34%,-6.20%,-4.11%,0.48%,-3.80%,0.10%,374102,-3.77%,0.46%,-38264,0.37,3,1.88,2.40,44.75000,490470,51.91,57.34,54.72,-1.55
FCPT,4081000,0.50%,-1133808000,1137889000,,9.04%,2.26%,11.18%,-43.52%,7.60%,,6.10%,4.00%,8.98%,500136,5.75%,4.48%,187450,0.11,4,,,26.68000,1194701,35.58,41.72,49.35,1.07
TPH,970045000,2.40%,-51557000,1021602000,,-8.59%,-26.11%,-4.47%,-1.92%,14.30%,,10.15%,9.50%,16.28%,2567354,9.83%,9.50%,261731,0.93,7,1.05,,29.10000,1007313,37.62,32.50,43.81,4.83
MRUS,537027000,-10.27%,527115000,9912000,54.03%,38.25%,-18.50%,13.54%,20.19%,-35.20%,-34.21%,-48.97%,-28.50%,-48.64%,112564,-41.36%,-30.46%,-670798,0.05,2,,9.67,38.62000,1002946,40.82,38.38,49.89,-3.35
FHB,1170190000,,920190000,250000000,-25.78%,,-50.00%,-16.06%,35.08%,8.90%,,8.71%,1.00%,9.48%,396896,8.03%,0.98%,115065,0.03,4,,,21.14000,1178360,29.67,31.34,44.24,1.79
ALIT,343000000,-0.30%,-1682000000,2025000000,,-10.95%,-27.52%,-11.83%,-63.09%,-3.60%,-0.85%,0.52%,-1.70%,,245474,-1.42%,,-16526,0.25,6,,0.61,4.99000,12213832,37.23,29.83,33.70,-0.29
ZLAB,883900000,22.10%,730429000,153471000,-8.40%,114.55%,912.94%,47.78%,273.94%,-34.60%,-28.75%,-37.10%,-24.80%,-39.26%,213477,-27.84%,-32.98%,-137562,0.39,3,3.49,-2.05,24.32000,3717829,26.64,41.82,44.45,-2.60
SGRY,269500000,5.30%,-3392900000,3662400000,,4.02%,21.11%,5.04%,-127.70%,-8.80%,2.32%,6.40%,-2.20%,-23.80%,207620,,-1.52%,-11207,0.42,6,28.96,0.75,20.87000,1193580,29.02,38.25,41.23,-1.33
CATY,1039520000,-0.03%,797732000,241788000,588.79%,6.34%,-66.09%,-22.95%,30.44%,10.20%,,10.13%,1.20%,12.06%,546776,9.26%,1.44%,225892,0.03,4,,,37.60000,561945,31.53,30.84,44.93,3.95
MRX,15063500000,47.62%,2267000000,12796500000,889.96%,,891.90%,,84.90%,23.40%,11.15%,,1.00%,,657608,1.52%,,84412,0.08,5,,0.32,37.48500,1175004,57.32,68.56,0.00,2.72
DRVN,170312000,-1.98%,-3826265000,3996577000,,6.44%,-6.53%,24.90%,-147.62%,-34.20%,-3.33%,-2.88%,-5.10%,-17.70%,218653,-3.05%,-3.22%,-27336,0.41,6,16.64,0.46,16.04000,667661,47.18,51.50,45.25,-1.82
IRDM,93526000,-0.22%,-1697359000,1790885000,,3.87%,20.80%,0.16%,-63.64%,15.70%,8.64%,3.34%,4.10%,2.68%,942885,7.63%,0.60%,128009,0.31,6,2.67,1.18,24.15000,1256744,35.17,35.77,36.95,0.94
CAMT,388037000,0.14%,190112000,197925000,20.93%,0.56%,0.56%,,7.26%,23.90%,14.07%,11.19%,14.20%,20.02%,654320,13.06%,12.52%,180663,0.51,6,2.01,6.66,57.42000,529827,42.47,35.49,44.96,2.42
ASGN,205200000,-0.07%,-894700000,1099900000,,0.08%,-0.48%,-0.61%,-35.03%,9.70%,9.94%,8.88%,5.10%,14.42%,1281156,7.72%,7.40%,54750,1.19,7,,3.06,59.33000,453548,35.58,26.66,32.71,3.83
TAC,290737435,11.41%,-2436895297,2727632731,,5.25%,9.80%,3.47%,-96.29%,9.90%,10.71%,4.86%,2.00%,1.82%,1682874,7.86%,,104699,0.32,4,7.22,0.32,8.52000,1236073,37.96,37.17,46.78,0.41
CON,183255000,0.18%,-1768111000,1951366000,,,115.62%,,-68.91%,22.20%,13.36%,,6.80%,,214565,10.08%,,18806,0.78,5,,1.90,20.36000,950834,42.30,41.45,0.00,1.46
NXE,340614873,5.94%,14548089,326066784,-84.43%,82.48%,184.75%,30.17%,0.58%,-6.90%,-5.01%,-8.47%,-5.00%,-22.98%,,-4.79%,-12.20%,-404966,,1,,,4.41000,18472012,41.48,33.99,40.39,-0.10
NMIH,54308000,0.11%,-360838000,415146000,,1.70%,4.41%,23.28%,-13.74%,17.10%,,13.84%,11.30%,16.72%,2830309,14.77%,10.76%,1565678,0.20,5,,,33.23000,705925,45.35,43.30,54.31,4.43
CPRX,517553000,-3.57%,514767000,2786000,282.87%,-10.56%,-12.61%,33.89%,20.12%,25.60%,29.60%,25.16%,22.00%,30.76%,2716762,20.24%,26.52%,905464,0.66,5,3.91,15.00,21.45000,1554810,41.21,48.77,60.50,1.31
LFST,154571000,-1.80%,-323367000,477938000,,44.80%,-5.94%,,-12.49%,-4.00%,-1.64%,,-2.70%,,122428,-1.64%,,-5622,0.59,6,,2.36,6.77000,2323939,44.08,40.67,42.02,-0.15
NMRK,1079770000,-16.15%,-835043000,1914813000,,-6.22%,16.48%,13.27%,-44.79%,5.10%,4.74%,3.44%,1.30%,19.22%,365134,2.87%,4.34%,8165,0.58,3,,1.39,10.33000,801803,32.16,33.18,46.35,0.34
WGS,141185000,0.06%,25017000,116168000,130.04%,119.40%,-2.60%,35.98%,0.98%,-24.60%,-13.60%,-58.12%,-13.00%,44.82%,305450,-6.42%,-59.86%,-52286,0.76,5,11.43,5.07,92.62000,794458,51.78,57.39,59.30,-1.94
WSBC,568137000,-7.74%,-903244000,1471381000,,47.48%,-15.19%,-4.96%,-34.76%,5.30%,,4.73%,0.80%,6.34%,267419,3.56%,0.98%,64412,0.03,4,,,27.16000,684957,27.96,32.79,42.89,2.26
DOCN,430193000,4.09%,-1261389000,1691582000,,4.97%,2.50%,54.68%,-48.55%,-35.40%,7.53%,-0.91%,5.50%,-0.86%,645136,5.29%,-1.66%,69828,0.51,6,,1.55,28.22000,1478341,35.87,35.46,44.33,0.89
CCU,627446499,,585622994,41823505,,-45.81%,-87.52%,-22.26%,22.13%,9.30%,-0.03%,25.07%,3.40%,10.74%,302869,47.35%,5.04%,13980,0.73,6,4.19,2.45,14.31000,450395,47.16,63.03,55.87,0.65
GT,810000000,-12.66%,-7976000000,8786000000,,1.43%,1.58%,6.11%,-311.00%,1.30%,4.97%,1.88%,0.30%,-6.06%,277618,2.03%,-1.14%,882,0.86,6,4.16,1.46,9.06000,10419891,47.71,46.72,42.59,0.24
WEN,484993000,-0.13%,-3607573000,4092566000,,2.00%,-1.14%,1.96%,-142.62%,71.50%,8.55%,5.97%,3.80%,45.88%,154930,6.09%,3.44%,13404,0.44,6,210.12,1.22,12.89000,5449035,29.85,25.77,30.21,0.95
JJSF,73562000,2.58%,-91081000,164643000,,40.01%,11.80%,18.29%,-3.52%,9.00%,9.93%,5.57%,6.20%,6.54%,317809,7.46%,4.70%,16882,1.17,6,6.44,6.44,132.40000,140523,50.81,40.37,39.74,4.34
DXC,1723000000,-4.66%,-2778000000,4501000000,,-9.80%,-16.31%,-15.57%,-108.03%,-2.60%,2.74%,-6.41%,-0.60%,-12.72%,100677,,-3.58%,-577,0.97,7,,0.95,14.25000,1654848,32.59,27.47,35.89,-0.29
SWTX,308609000,14.50%,300697000,7912000,-36.40%,83.00%,12.12%,,11.79%,-48.30%,-52.97%,-42.01%,-41.80%,-44.44%,520622,-56.88%,-39.76%,-701443,0.31,3,1.89,11.12,34.43000,2221103,30.40,41.24,47.49,-3.48
HAYW,196589000,-0.97%,-767964000,964553000,,-0.71%,-11.86%,-3.43%,-29.75%,8.70%,7.71%,7.83%,4.10%,13.66%,543747,7.19%,4.38%,61352,0.36,7,2.41,2.08,11.94000,2537572,35.10,30.33,42.53,0.54
CXT,165800000,-5.37%,-584800000,750600000,,-3.77%,16.39%,-5.41%,-22.79%,18.00%,15.03%,11.45%,7.90%,14.02%,330400,12.04%,5.64%,40911,0.64,6,5.44,2.37,45.02000,515954,34.26,28.24,36.70,3.19
RSI,232756000,,232756000,,36.13%,,,,9.38%,3.50%,9.00%,-71.47%,0.70%,-24.10%,1046527,2.74%,-4.08%,2704,2.60,7,,10.71,11.29000,1711695,51.38,47.51,57.75,0.03
SG,217429000,5.17%,-113285000,330714000,,,9.20%,,-4.40%,-19.50%,-12.34%,-5.92%,-10.60%,-20.80%,105639,-13.18%,-24.28%,-14105,0.79,4,268.18,2.93,21.93000,3997649,42.83,39.26,46.13,-0.79
TMDX,337150000,0.03%,-181137000,518287000,,127.87%,0.45%,72.28%,-7.24%,18.00%,6.74%,-13.22%,4.60%,-22.46%,606511,4.98%,-14.00%,48714,0.57,5,3.95,3.20,76.37000,1578914,60.61,46.51,48.09,1.01
USLM,278031000,-2.42%,272992000,5039000,49.61%,16.22%,-8.40%,9.78%,10.61%,23.80%,25.92%,15.00%,21.60%,17.04%,920930,19.83%,15.12%,315475,0.63,6,6.68,37.49,89.94000,53112,46.59,39.15,56.06,3.79
FIBK,896600000,-18.75%,-1490100000,2386700000,,24.04%,-34.96%,24.48%,-58.14%,6.90%,,4.32%,0.80%,7.88%,267710,3.97%,0.84%,64924,0.03,4,,,24.52000,1175411,32.51,26.37,39.45,2.19
SPNT,894600000,-3.24%,255500000,639100000,-18.91%,-7.85%,-18.71%,41.14%,9.79%,7.40%,,3.87%,1.40%,3.08%,2428918,9.85%,0.98%,171549,0.20,5,,,15.78000,745756,48.79,55.75,60.57,1.04
RUM,114018900,-13.35%,112218347,1800553,-48.25%,6.03%,-30.93%,,3.37%,-267.30%,1588.73%,-261.44%,-147.30%,,707320,,,-2506391,0.42,3,,-1.48,7.54000,2056405,44.46,44.64,48.74,-1.66
BUR,469930000,-2.44%,-2052832000,2522762000,,19.97%,10.97%,,-76.34%,6.20%,,7.50%,2.40%,8.82%,3413044,6.94%,3.68%,915525,0.09,5,,,12.21000,1041304,44.70,44.95,48.69,0.66
NGD,110300000,-11.12%,-288700000,399000000,,-7.35%,0.10%,-11.58%,-10.76%,11.00%,5.55%,6.81%,5.00%,0.66%,691473,15.49%,0.40%,76739,0.45,6,4.92,0.72,3.39000,53325409,55.46,60.51,66.15,0.14
POWI,299995000,,299995000,,-3.71%,,,,11.91%,4.30%,3.98%,11.31%,3.90%,12.38%,484362,2.51%,11.10%,37265,0.51,5,1.18,21.65,44.61000,619036,40.58,36.12,35.65,0.56
ALRM,1220701000,0.11%,163990000,1056711000,-4.08%,31.17%,100.89%,57.83%,6.50%,17.80%,8.37%,5.83%,6.80%,13.50%,467576,5.27%,6.60%,61749,0.51,6,3.55,2.94,51.13000,349193,35.21,34.76,42.89,2.29
TGNA,693214000,-0.05%,-2446658000,3139872000,,-1.85%,-0.21%,-6.03%,-95.69%,20.90%,13.75%,10.81%,8.40%,21.36%,525758,9.90%,7.56%,101664,0.43,7,,2.98,15.87000,2156250,37.01,39.38,46.69,3.53
ASO,288929000,-0.17%,-1497625000,1786554000,,-1.11%,5.30%,-7.80%,-59.33%,21.40%,14.60%,15.67%,8.50%,33.56%,269702,11.05%,10.78%,19020,1.20,5,3.13,2.81,37.72000,1589974,36.59,32.32,39.89,5.73
MGRC,807000,-3.02%,-589401000,590208000,,11.44%,-22.64%,15.00%,-23.07%,22.50%,,9.85%,10.10%,17.04%,747286,10.53%,7.78%,190096,0.40,6,31.99,,102.79000,126646,35.07,36.99,47.33,9.43
XRAY,272000000,-4.05%,-1954000000,2226000000,,-0.27%,-0.76%,7.44%,-78.56%,-33.80%,-20.82%,-6.44%,-13.80%,-10.62%,270929,-21.09%,-4.68%,-65000,0.57,5,3.09,0.38,12.65000,3960934,28.34,20.66,26.53,-4.48
ACHC,76305000,3.74%,-2007894000,2084199000,,8.37%,39.05%,-8.52%,-80.25%,8.60%,8.35%,5.81%,4.40%,-0.52%,123685,6.82%,0.76%,10024,0.55,5,,1.41,27.08000,2687761,35.91,26.09,30.59,2.78
IMVT,374685000,-51.06%,374662000,23000,-45.75%,-79.72%,-92.48%,,15.52%,-77.90%,-108.38%,-47.29%,-69.80%,-58.66%,,-114.91%,-42.82%,-1848841,,1,,,14.79000,2989525,37.13,23.60,36.70,-2.62
PTGX,418913000,-0.31%,408047000,10866000,19.85%,22.87%,852.32%,-8.57%,16.12%,47.70%,40.07%,-23.02%,42.50%,-21.70%,3447881,36.29%,-18.06%,2184032,0.67,4,,23.93,40.89000,1577271,35.70,48.44,58.28,4.23
GEF.B,196000000,25.48%,-3098300000,3294300000,,7.99%,26.82%,2.28%,-124.45%,13.70%,6.79%,9.25%,4.40%,18.94%,372536,7.64%,5.02%,19264,0.85,4,10.20,1.86,55.02000,12775,44.30,35.46,41.81,5.43
CRNX,1354569000,-1.56%,1302847000,51722000,157.06%,156.25%,-0.01%,60.55%,52.15%,-30.90%,-21.70%,-38.07%,-27.90%,-45.08%,2378,-24.62%,-40.76%,-682856,0.00,2,,13.14,26.85000,1143230,30.79,27.65,38.91,-3.69
SRRK,439685000,-2.22%,374559000,65126000,69.85%,-5.45%,5.35%,65.14%,15.56%,-128.90%,-57.55%,-47.61%,-85.80%,-78.72%,,-58.11%,-52.02%,-1924172,,2,,,26.31000,1291271,32.40,38.35,53.57,-2.47
SEB,1173000000,-5.83%,-538000000,1711000000,,-0.84%,2.27%,2.38%,-21.66%,1.90%,5.05%,3.84%,1.20%,8.06%,650000,0.87%,4.84%,6286,1.19,6,5.94,3.10,2563.52000,95,41.19,42.54,35.21,90.62
CAR,534000000,-3.18%,-24879000000,25413000000,,13.66%,-1.79%,8.83%,-1003.05%,,-8.64%,3.24%,-5.60%,264.56%,491208,-9.75%,2.70%,-75875,0.37,3,,0.26,70.87000,2145919,50.13,40.87,39.73,-51.23
WD,304426000,-13.38%,-1245324000,1549750000,,-16.71%,13.16%,5.25%,-48.65%,6.30%,,6.15%,2.60%,13.46%,809500,5.01%,4.28%,77317,0.27,6,,,73.07000,297607,34.90,28.45,40.05,3.19
ALKT,115734000,-1.35%,97282000,18452000,33.51%,-9.16%,-4.18%,341.50%,3.95%,-12.10%,-10.23%,-8.10%,-9.80%,-9.76%,355916,-11.88%,-17.10%,-43534,0.80,5,,17.74,24.26000,2390013,38.10,29.86,42.54,-0.41
SIG,604000000,-13.78%,-575900000,1179900000,,-6.69%,-5.13%,-13.15%,-23.24%,-1.90%,2.94%,13.26%,-0.60%,22.36%,242935,,5.60%,-1290,1.16,4,2.11,2.72,57.78000,1328490,51.44,38.56,41.03,-0.81
ALVO,51428000,0.82%,-1138808000,1190236000,,31.53%,10.67%,,-45.30%,,8.33%,-74.34%,-20.20%,,486144,,,-229115,0.43,4,1.83,-0.98,8.20000,189750,28.26,26.19,41.90,-0.87
CIVI,142343000,-7.19%,-4351188000,4493531000,,103.66%,-6.11%,106.65%,-175.99%,12.70%,12.08%,9.24%,5.60%,14.00%,7949325,10.30%,8.80%,1280493,0.35,6,,0.91,26.58000,5181172,35.47,27.24,29.94,8.46
BATRA,112599000,-3.05%,-608366000,720965000,,-3.71%,7.15%,,-25.69%,-6.10%,0.23%,-4.05%,-2.00%,,457068,-3.19%,,-21564,0.42,4,,1.26,42.27000,119370,48.55,50.22,55.22,-0.50
GRBK,159696000,12.77%,-185253000,344949000,,0.52%,-2.76%,7.38%,-7.56%,25.60%,,16.36%,18.00%,24.66%,3229143,19.39%,15.72%,587051,0.99,7,0.80,,55.04000,360932,42.25,39.58,50.51,8.45
DLO,554491000,160.71%,500036000,54455000,-21.24%,82.61%,1276.17%,167.31%,20.49%,25.80%,40.64%,33.93%,10.30%,41.68%,681255,20.63%,15.02%,109969,0.64,2,,4.34,8.57000,525657,42.73,39.96,37.02,0.39
PAGS,237998621,9.33%,-6594885254,6832883875,,243.15%,46.40%,,-249.63%,14.80%,-3.38%,17.92%,3.20%,13.46%,413383,10.35%,4.42%,46512,0.28,3,542.56,1.22,8.05000,3688925,51.89,49.88,40.72,0.98
PRGS,124161000,-2.00%,-1406351000,1530512000,,33.01%,114.87%,36.70%,-56.96%,13.40%,6.05%,8.81%,2.80%,20.18%,286586,4.39%,6.02%,20158,0.39,5,,1.25,56.84000,690618,53.15,46.74,50.83,1.28
GSAT,391164000,27.14%,-146514000,537678000,,26.25%,38.03%,2.34%,-6.04%,-19.50%,-3.70%,-11.81%,-6.60%,-34.66%,643571,-0.11%,-13.40%,-189712,0.22,3,6.54,-0.42,19.30000,1032434,39.72,41.49,47.70,-0.59
SM,48522000,2.59%,-2728221000,2776743000,,10.09%,76.26%,0.32%,-112.22%,19.50%,14.22%,10.57%,10.40%,10.66%,4057706,11.66%,6.02%,1161830,0.36,4,,1.47,21.24000,2601473,32.35,27.17,34.62,6.67
JOE,88756000,-0.89%,-527482000,616238000,,15.44%,-2.46%,17.98%,-22.07%,10.50%,,5.08%,4.80%,11.00%,381019,5.28%,5.28%,70188,0.26,6,,,41.63000,417493,40.28,36.62,42.39,1.27
AZZ,1484000,-3.12%,-904753000,906237000,,56.56%,-9.70%,24.35%,-37.29%,5.00%,12.61%,7.68%,2.10%,5.82%,411164,9.36%,3.52%,12003,0.71,7,10.00,2.75,80.84000,181880,44.77,46.00,56.66,1.52
VKTX,902658000,-9.39%,901539000,1119000,149.84%,237.92%,-11.19%,11.07%,36.86%,-12.10%,-12.48%,-27.77%,-11.70%,-24.64%,,-17.12%,-23.08%,-3054528,,2,,,21.52000,4491413,37.11,30.63,41.75,-1.01
GEF,201100000,2.66%,-2947500000,3148600000,,6.75%,19.93%,0.06%,-119.14%,10.30%,8.04%,9.42%,3.10%,18.52%,393436,6.53%,5.14%,15014,0.82,4,11.24,1.97,50.90000,189078,37.59,27.91,41.12,3.62
CCOI,227916000,3.97%,-2109004000,2336920000,,22.82%,27.83%,17.37%,-85.50%,-55.80%,-4.67%,1.07%,-6.30%,83.06%,540764,-7.85%,9.82%,-106510,0.32,2,,0.61,50.64000,1011234,20.62,23.72,37.37,-4.28
YETI,358795000,-3.11%,186292000,172503000,-29.13%,-2.55%,-2.05%,-13.04%,7.74%,24.50%,25.61%,23.80%,14.30%,39.48%,1365577,20.29%,16.84%,131111,1.49,7,2.37,5.75,29.06000,2143970,36.79,31.20,37.68,2.05
BOH,763571000,-0.28%,16503000,747068000,-91.56%,9.82%,-7.24%,-1.31%,0.69%,8.60%,,8.32%,0.60%,12.88%,336707,6.21%,0.82%,73646,0.03,4,,,60.42000,875949,31.45,34.50,45.29,3.46
FA,169483000,280.51%,-1987050000,2156533000,,57.23%,279.84%,,-83.53%,-10.90%,-1.71%,1.68%,-5.00%,,86021,-1.80%,,-11027,0.39,2,,0.72,13.83000,1336409,41.99,32.98,39.14,-0.74
ATS,188443688,0.16%,-1059408543,1247852231,,,30.34%,,-45.53%,5.30%,6.25%,,2.00%,,272868,4.46%,,8856,0.63,4,5.73,1.86,23.53000,212700,41.01,32.84,31.11,0.63
DGNX,76620,,12950171,-12873551,,,,,0.56%,,-28.28%,,-380.10%,,59070,,,-221427,1.01,1,,-94.70,104.00000,46654,62.66,0.00,0.00,-0.75
SLVM,205000000,-13.17%,-599000000,804000000,,-16.84%,-16.16%,,-25.18%,34.50%,23.10%,13.94%,11.00%,26.34%,580462,20.05%,8.32%,46462,1.38,7,7.41,4.32,58.91000,284765,36.30,32.05,46.98,7.18
RIOT,515681000,1871.71%,-97480000,613161000,,257.33%,2670.97%,340.91%,-4.08%,4.00%,2.97%,-11.17%,3.60%,-11.10%,481045,2.80%,-10.08%,139720,0.12,3,,1.89,6.79000,18273826,39.79,33.71,43.82,0.34
OUT,46900000,-1.22%,-3966100000,4013000000,,-0.85%,-7.53%,0.73%,-167.93%,38.40%,9.06%,2.62%,4.90%,-0.96%,848031,8.76%,-0.12%,119592,0.35,6,,0.41,14.21000,1652753,37.33,32.39,42.71,1.51
MAN,509400000,-6.93%,-722400000,1231800000,,-4.04%,-7.09%,-2.67%,-30.58%,6.70%,8.13%,5.93%,1.70%,8.44%,668685,5.15%,2.20%,5434,2.12,5,,3.26,50.75000,865705,36.45,35.36,32.79,3.01
MCW,67463000,2.28%,-1802216000,1869679000,,3.90%,5.90%,12.52%,-75.72%,7.30%,6.25%,4.24%,2.30%,-46.12%,149808,4.27%,2.48%,10578,0.33,5,94.74,1.23,7.31000,1419125,42.07,47.35,41.53,0.21
BATRK,209017000,1.92%,-476740000,685757000,,,6.03%,,-20.10%,-26.60%,-5.97%,,-7.70%,,446052,-4.25%,,-81786,0.42,4,,0.95,37.78000,396359,41.53,42.50,49.80,-0.50
ACVA,409146000,6.96%,286146000,123000000,-31.11%,526.58%,6.96%,129.05%,11.67%,-17.60%,-12.40%,-6.55%,-7.80%,-6.76%,219709,-14.94%,-9.22%,-27483,0.63,4,,2.64,13.99000,4412404,44.31,34.87,41.50,-0.48
UA,726877000,-2.00%,-578261000,1305138000,,-4.62%,-11.44%,0.09%,-26.35%,-6.80%,-4.04%,3.14%,-2.90%,3.64%,368487,-3.64%,2.16%,-9294,1.13,4,2.53,2.15,4.98000,2805989,34.13,24.96,36.83,-0.29
GCMG,89454000,-0.33%,-396461000,485915000,,7.56%,14.01%,1.62%,-16.75%,-65.40%,,6.94%,3.40%,-82.70%,936270,9.29%,2.92%,34053,0.92,7,,,12.47000,586405,39.47,49.81,61.17,0.03
APLS,412612000,-0.14%,-57172000,469784000,,30.74%,323.50%,24.50%,-2.42%,-79.40%,-22.35%,-114.24%,-22.50%,-1286.30%,1100517,-23.63%,-59.24%,-278701,0.89,4,0.78,-1.53,18.79000,3641493,27.47,26.19,35.51,-1.60
VCYT,290985000,157.63%,240248000,50737000,17.37%,39.10%,301.72%,30.11%,10.33%,2.10%,2.11%,-5.23%,1.90%,-5.26%,540976,1.23%,-4.86%,29294,0.36,7,7.79,11.45,30.25000,1417241,44.19,38.71,49.95,0.31
ACAD,764763000,4.00%,722726000,42037000,82.12%,-9.19%,-12.06%,45.89%,30.47%,39.50%,32.55%,-21.95%,23.00%,-20.04%,1464521,26.14%,-16.28%,346255,0.97,4,1.24,2.60,14.11000,1913282,27.89,33.49,41.05,1.36
XENE,626905000,-7.88%,617890000,9015000,-1.48%,2.97%,-17.32%,-11.33%,27.06%,-28.50%,-31.27%,-21.81%,-27.30%,-21.98%,,-36.56%,-20.80%,-716606,,1,,,30.73000,1328723,40.50,32.35,40.45,-3.01
HURN,21911000,-18.22%,-376697000,398608000,,10.28%,6.61%,6.90%,-14.78%,22.40%,17.85%,6.53%,8.70%,10.86%,210485,13.32%,4.78%,16131,1.14,6,,4.14,142.83000,246619,50.10,61.82,72.62,6.27
ENVA,322668000,8.30%,-3272979000,3595647000,,36.13%,21.03%,28.48%,-141.98%,17.90%,,10.83%,4.30%,27.38%,855875,9.43%,9.32%,117206,0.31,6,,,90.72000,332272,44.61,46.19,60.18,7.43
CAKE,84176000,1.05%,-1824044000,1908220000,,1.66%,2.60%,3.48%,-77.58%,40.60%,7.77%,0.05%,5.40%,4.20%,74775,6.95%,0.48%,3273,1.23,7,33.89,2.37,45.31000,1580299,41.71,45.24,54.31,3.20
SMTC,151743000,-53.67%,-399784000,551527000,,47.55%,-59.77%,23.15%,-17.28%,,-8.26%,-11.70%,-11.70%,179.38%,494715,,-9.02%,-88083,0.66,6,2.93,1.87,27.00000,3226628,35.76,34.05,43.05,-2.26
HUN,340000000,-1.80%,-1897000000,2237000000,,4.77%,8.17%,-4.49%,-81.24%,-6.10%,-0.88%,4.88%,-2.60%,13.38%,958095,-1.46%,5.68%,-30000,0.82,5,5.80,1.72,13.44000,3819179,35.77,24.20,29.60,-1.10
CENT,632669000,-0.57%,-779669000,1412338000,,1.25%,2.54%,11.95%,-36.98%,7.90%,7.27%,6.78%,3.40%,10.50%,528256,5.32%,4.44%,19928,0.91,6,2.56,2.57,35.59000,152371,48.34,45.57,48.33,1.82
WOR,193805000,-2.54%,-125402000,319207000,,-26.29%,-55.76%,-15.48%,-5.36%,4.70%,5.62%,1.16%,2.60%,22.78%,303863,-2.24%,9.66%,11244,0.70,8,2.32,,46.57000,420766,51.27,54.37,45.74,1.20
ODD,100220000,-2.15%,77510000,22710000,-24.84%,72.43%,81.48%,,3.34%,30.20%,40.72%,,20.60%,,1323190,30.07%,,207548,1.32,5,1.94,12.25,41.65000,388545,47.06,47.92,46.18,1.64
STR,5101000,8.64%,-1080188000,1085289000,,100.82%,24.39%,91.18%,-89.56%,2.70%,3.07%,3.50%,0.90%,8.74%,8672417,5.53%,2.42%,568694,0.13,6,,0.73,15.30000,920893,29.60,29.08,35.53,0.49
INDB,219890000,5.73%,-481484000,701374000,,66.35%,-42.43%,18.27%,-20.41%,6.50%,,6.03%,1.00%,7.42%,355739,5.20%,1.04%,104562,0.03,4,,,54.34000,361515,31.46,34.13,44.06,4.52
HWKN,8305000,9.65%,-116105000,124410000,,-0.66%,-4.90%,10.02%,-5.08%,19.00%,18.69%,12.33%,11.90%,16.76%,1019414,14.51%,9.80%,87634,1.38,7,9.75,8.42,110.46000,86834,52.62,47.53,60.80,3.92
CURB,626409000,,626409000,,,,,,26.63%,0.70%,,,0.70%,,3267054,1.75%,,277351,0.08,5,,,22.00000,1142841,36.48,45.48,0.00,0.09
AKR,39703000,-2.70%,-1525483000,1565186000,,-5.44%,-17.70%,-2.37%,-68.59%,1.10%,,0.42%,0.50%,0.24%,2788287,1.79%,0.12%,167829,0.08,5,,,18.57000,1231205,34.36,29.90,46.44,0.19
CVBF,205178000,-14.83%,-556709000,761887000,,5.73%,-67.46%,10.89%,-24.34%,9.40%,,6.69%,1.30%,10.32%,463564,6.81%,1.36%,184312,0.03,4,,,16.53000,924068,28.30,31.35,43.45,1.44
REZI,692000000,-0.30%,-1291000000,1983000000,,17.26%,42.05%,10.94%,-56.41%,2.90%,4.71%,7.82%,1.20%,7.20%,463082,5.16%,2.76%,6233,0.88,5,4.46,1.58,15.58000,1216452,36.40,29.02,42.46,0.61
HCC,513754000,1.56%,340717000,173037000,-40.64%,-23.85%,-0.12%,-14.33%,14.83%,12.20%,11.89%,16.38%,9.80%,21.16%,1141632,9.95%,14.74%,187577,0.60,4,5.38,5.04,43.76000,1154535,39.71,38.16,42.81,4.79
RXO,35000000,-5.55%,-629000000,664000000,,70.06%,19.00%,,-27.39%,-26.20%,-11.66%,3.01%,-11.10%,,603448,-12.04%,,-38462,1.75,3,,1.81,14.07000,1859648,32.15,25.76,38.60,-2.17
WLYB,83249000,-13.28%,-804027000,887276000,,-3.58%,0.43%,13.13%,-35.06%,-24.30%,-7.45%,3.36%,-7.20%,-0.36%,292654,,,-31300,0.67,7,20.36,1.84,42.03000,7,40.44,46.42,49.74,0.74
ASH,219000000,-3.54%,-1197000000,1416000000,,-12.24%,-3.67%,-5.19%,-52.21%,-0.80%,-6.01%,1.00%,-0.40%,6.32%,639375,-4.79%,3.24%,-7187,0.36,6,2.53,,48.59000,719043,32.52,19.42,24.27,-0.64
PRKS,115893000,-0.30%,-2247472000,2363365000,,1.85%,6.40%,7.11%,-99.06%,-59.70%,21.26%,13.18%,8.60%,771.16%,103311,19.01%,5.48%,13623,0.65,5,18.53,1.99,41.52000,892572,41.32,30.43,40.39,3.79
TOWN,-1202143000,-14.04%,-1497312000,295169000,,-16.39%,-70.77%,-17.67%,-64.77%,7.29%,0.54%,5.81%,0.89%,9.13%,336544,3.57%,1.12%,55592,0.05,3,,-0.47,30.76000,490325,31.51,37.43,49.96,2.15
MANU,123752976,2.41%,-834949834,958702810,,8.10%,-5.33%,8.27%,-36.74%,-79.80%,-6.31%,-5.36%,-9.00%,-41.22%,680557,-10.95%,-5.46%,-147140,0.42,4,,0.39,13.48000,474932,45.83,31.87,39.53,-1.00
VSEC,29030000,-0.23%,-449287000,478317000,,15.34%,5.29%,10.19%,-19.56%,1.90%,4.15%,-2.10%,1.00%,3.20%,771523,3.36%,1.48%,10946,0.72,4,1.77,3.31,110.42500,234549,47.08,54.81,63.91,0.85
CXW,122110000,-0.67%,-863036000,985146000,,-13.60%,-10.04%,-12.85%,-39.78%,4.70%,6.02%,3.14%,2.30%,3.62%,168396,5.59%,1.62%,5912,0.67,7,,1.71,20.86000,1133410,57.69,57.31,64.21,0.62
PRK,160566000,-8.53%,-136022000,296588000,,-12.41%,-44.45%,-8.11%,-5.91%,12.50%,,9.12%,1.50%,13.02%,285750,9.83%,1.46%,85500,0.05,4,,,140.52000,1410,35.15,31.27,47.85,9.32
TEX,388000000,311.46%,-2196000000,2584000000,,56.50%,314.77%,17.06%,-96.48%,18.20%,10.67%,14.11%,7.90%,20.14%,449737,9.78%,7.98%,29386,1.20,4,3.48,2.27,34.18000,1333180,38.41,27.31,38.39,4.96
AGL,405597000,0.06%,370693000,34904000,-19.90%,-10.32%,8.04%,-13.04%,16.57%,-43.10%,-43.39%,-21.49%,-12.50%,-22.52%,5632463,-57.75%,-14.82%,-241776,2.92,2,,3.01,5.50000,7298199,72.82,67.43,40.85,-0.63
OLN,175600000,-1.71%,-2974600000,3150200000,,-0.08%,4.22%,-3.29%,-131.61%,5.20%,5.55%,10.93%,1.40%,16.26%,852019,4.28%,5.38%,14148,0.86,4,6.90,1.76,19.64000,2812329,36.96,20.46,30.80,0.91
IPGP,930192000,,930192000,,-21.00%,,,,41.56%,-8.30%,-9.95%,3.41%,-7.50%,4.40%,206146,-10.01%,3.82%,-38297,0.40,3,1.73,7.44,52.88000,324479,38.46,31.85,34.01,-4.09
PAYO,521753000,14.19%,-6442400000,6964153000,,16.41%,8.66%,31.86%,-283.95%,17.40%,17.45%,0.83%,1.70%,-45.98%,406197,1.68%,0.26%,50338,0.14,5,,0.38,6.25000,3811433,34.47,31.84,45.75,0.31
SFNC,687377000,-21.49%,-461397000,1148774000,,-15.55%,-18.32%,-8.95%,-20.59%,4.40%,,4.55%,0.60%,7.06%,247404,3.26%,0.90%,51831,0.03,4,,,17.87000,878437,28.95,30.12,42.46,1.21
UTF,7434483,,-949113327,950000000,,,11.76%,,-42.28%,-8.41%,-5.86%,4.06%,-5.95%,4.79%,,-5.14%,3.73%,,-0.06,4,,1.42,23.24000,319484,36.57,39.45,47.09,-2.03
UE,90640000,7.20%,-1591698000,1682338000,,-1.34%,-5.75%,0.68%,-74.63%,6.00%,,3.70%,2.20%,11.18%,4082257,3.16%,3.72%,665716,0.14,5,,,16.96000,1583853,35.38,29.34,44.00,0.60
UAA,726877000,-2.00%,-578261000,1305138000,,-4.62%,-11.44%,0.09%,-26.41%,-6.80%,-4.04%,3.14%,-2.90%,3.64%,368487,-3.64%,2.16%,-9294,1.13,4,2.53,2.15,5.20000,17275736,34.29,26.69,37.10,-0.31
WLY,104510000,-7.37%,-884266000,988776000,,-2.86%,-3.36%,0.24%,-39.87%,5.70%,10.48%,3.36%,1.60%,-0.36%,266170,3.65%,,6458,0.64,7,16.53,2.28,41.47000,352321,43.87,43.96,50.36,0.73
BKU,491116000,-15.16%,-3147437000,3638553000,,8.80%,-37.52%,-6.20%,-142.97%,8.50%,,3.78%,0.70%,9.44%,570446,3.60%,0.76%,138373,0.03,4,,,29.82000,812738,34.01,32.30,45.25,3.08
YELP,317906000,-19.99%,274757000,43149000,-22.41%,-36.46%,-50.57%,-28.58%,12.27%,18.10%,22.08%,5.40%,13.50%,7.90%,276009,13.93%,5.72%,25968,1.44,5,,6.48,34.25000,981877,42.99,41.69,45.59,1.88
CALX,297091000,-22.42%,293371000,3720000,37.78%,-33.01%,-49.87%,-39.08%,13.48%,-3.90%,-5.44%,11.47%,-3.20%,15.32%,456878,-5.48%,10.70%,-16345,0.90,4,3.21,8.98,33.38000,472455,45.74,44.79,44.76,-0.45
INTR,1082721623,8.84%,-855960747,1938682370,,28.73%,18.89%,,-42.06%,10.50%,,1.09%,1.30%,,235628,4.65%,,33397,0.09,2,,,5.06000,2338868,40.60,44.42,52.20,0.31
HCM,836110000,9.40%,746290000,89820000,23.56%,39.50%,232.57%,24.53%,34.07%,5.10%,5.32%,-27.27%,3.00%,-16.84%,347985,-4.32%,-11.60%,20833,0.49,3,6.52,2.97,12.53000,172622,37.33,35.12,42.00,0.20
CLVT,295200000,-2.55%,-4297300000,4592500000,,-6.47%,-4.50%,21.65%,-192.81%,-12.10%,-2.69%,-8.67%,-5.60%,-16.80%,213058,-2.83%,-8.74%,-55667,0.21,6,,-0.56,3.20000,7383583,32.97,25.55,30.56,-0.96
RLX,1168090779,145.31%,1160093376,7997402,4.88%,-31.85%,8.62%,-8.81%,50.64%,3.50%,0.28%,2.74%,3.40%,3.26%,948406,-0.57%,4.66%,190413,0.17,4,14.07,,1.74000,16935811,36.04,40.91,33.49,0.06
LU,5293132955,0.99%,-1714176772,7007309727,,7.10%,8.22%,,-160.42%,-3.90%,,11.10%,-1.50%,15.98%,98275,-1.13%,4.82%,-13061,0.11,4,,,2.55000,5593567,37.07,46.14,35.36,-0.77
GENI,135239000,-7.92%,127728000,7511000,49.17%,340.29%,-48.92%,-36.58%,5.53%,-11.30%,-10.74%,-17.83%,-8.50%,-25.10%,276159,-10.09%,-27.54%,-34076,0.69,5,,4.89,9.49000,2707735,48.29,54.48,54.49,-0.27
LXP,102073000,-0.01%,-1485051000,1587124000,,1.31%,-11.39%,3.27%,-67.59%,1.80%,,1.89%,1.00%,7.02%,6075559,1.76%,3.90%,642746,0.09,5,,,7.43000,4718049,30.17,32.11,38.52,0.13
PSNYW,,,,,,,,,,,,,,,,,,,,1,,,0.16990,90006,44.45,45.42,33.20,-0.66
PAR,122069000,-20.61%,-254595000,376664000,,6.56%,-1.12%,41.62%,-11.61%,-0.70%,0.03%,-8.00%,-0.40%,-18.76%,220809,-6.34%,-8.34%,-3146,0.30,2,8.98,2.65,54.51000,381601,39.89,40.50,51.55,-0.14
WMK,382294000,-1.36%,208831000,173463000,-8.09%,-4.89%,-5.21%,-4.53%,9.55%,7.80%,8.52%,7.35%,5.30%,9.02%,217806,5.95%,5.96%,4997,2.32,6,11.86,5.83,81.47000,146765,62.06,66.31,59.79,4.09
TR,194982000,-2.70%,180192000,14790000,15.58%,-2.30%,-6.95%,8.52%,8.28%,10.20%,11.97%,8.03%,7.70%,9.58%,314442,7.77%,7.30%,37751,0.64,6,5.45,6.04,30.58000,139893,45.39,49.06,48.38,1.18
VIAV,512800000,0.27%,-126500000,639300000,,-5.43%,-12.32%,1.62%,-5.75%,-5.60%,2.09%,2.22%,-2.20%,3.54%,279722,-67.85%,1.40%,-10833,0.58,5,4.10,-54.18,9.84000,2417357,35.07,45.00,48.04,-0.18
TWST,270827000,14.81%,173211000,97616000,-21.00%,10.19%,6.25%,17.87%,8.21%,-39.90%,-36.50%,-31.55%,-30.80%,-35.14%,357735,-37.67%,-28.54%,-213772,0.52,3,6.73,5.39,36.63000,1681258,39.90,39.55,46.73,-3.38
BFH,3679000000,21.23%,-1878000000,5557000000,,-9.26%,5.01%,-11.86%,-86.18%,9.00%,,4.96%,1.20%,20.08%,406833,3.23%,2.02%,46167,0.11,4,,,44.39000,1245905,40.48,37.42,47.09,5.49
IOSP,289200000,-1.75%,244300000,44900000,54.13%,8.04%,-0.66%,-13.48%,11.35%,2.90%,2.34%,9.33%,2.00%,8.08%,753224,12.46%,5.40%,14531,1.06,5,4.33,4.85,86.52000,151056,33.64,24.24,38.79,1.42
PENN,706600000,-0.60%,-10542600000,11249200000,,-1.03%,-2.54%,-0.14%,-459.68%,-10.30%,0.95%,1.12%,-2.00%,-7.50%,284545,,-1.12%,-13474,0.43,4,,0.49,14.69000,6384993,39.35,33.78,38.20,-2.05
AMRX,118420000,-1.95%,-2474719000,2593139000,,-3.39%,-5.72%,-1.28%,-77.55%,,6.77%,3.79%,-3.40%,20.24%,336621,,-1.30%,-14083,0.80,6,2.97,1.39,6.97000,2332630,31.32,37.62,54.07,-0.38
PTEN,241293000,-1.00%,-1057922000,1299215000,,13.98%,-3.44%,5.31%,-48.50%,-23.70%,-17.76%,-12.79%,-14.90%,-16.10%,584556,-18.67%,-9.80%,-105221,0.83,6,22.30,0.82,5.59000,12169301,33.02,32.64,33.14,-2.44
MLTX,448027349,-16.30%,445197789,2829560,-12.24%,-42.65%,-23.48%,,20.78%,-24.30%,-26.56%,-353.52%,-23.00%,,,-31.82%,,-1212444,,1,,,33.97000,526627,38.06,32.47,44.75,-1.89
ABR,660179000,-3.58%,-9311010000,9971189000,,-6.38%,-17.59%,16.23%,-475.41%,7.30%,,2.17%,1.60%,11.68%,944041,2.11%,2.14%,338804,0.04,5,,,10.44000,5084759,32.65,28.27,37.78,1.18
PTON,876900000,-1.37%,-1149600000,2026500000,,6.64%,-13.20%,32.51%,-56.16%,,-10.91%,-38.64%,-13.10%,741.36%,898286,-15.86%,-26.24%,-99623,1.18,6,4.02,-1.86,5.50000,9507156,39.01,40.34,40.16,-0.76
NOG,8933000,21.31%,-2360361000,2369294000,,43.40%,29.08%,16.20%,-107.86%,23.90%,16.57%,-6.30%,10.40%,-30.86%,45423020,13.65%,-0.96%,10618531,0.45,4,,1.39,21.72000,2984822,32.12,27.79,36.68,5.14
VAL,380500000,0.08%,-702200000,1082700000,,25.69%,0.32%,,-33.98%,17.50%,12.26%,,8.50%,,572058,10.93%,,90412,0.54,5,,2.00,30.04000,3171930,35.80,27.02,36.00,5.12
SAND,11518000,-6.33%,-343482000,355000000,,416.33%,-18.39%,49.07%,-15.40%,1.00%,4.37%,2.80%,0.80%,3.72%,7664478,1.96%,3.12%,621435,0.09,7,,3.40,7.60000,5838472,64.28,68.06,67.13,0.05
EPAC,119509000,-0.62%,-72577000,192086000,,3.15%,-21.57%,-7.68%,-3.46%,23.80%,19.21%,8.29%,12.10%,10.42%,299914,16.77%,4.78%,46409,0.78,5,3.63,5.60,39.33000,318174,38.83,39.51,54.13,1.69
CENTA,315529000,-0.16%,-1059516000,1375045000,,7.10%,-1.58%,14.53%,-50.34%,10.10%,8.28%,7.22%,4.30%,10.94%,542301,6.32%,4.74%,24324,0.96,6,2.48,2.59,31.35000,410005,48.44,47.41,48.07,1.82
SEM,59694000,-40.81%,-2644649000,2704343000,,-17.19%,-40.23%,-9.71%,-126.39%,13.40%,8.37%,5.51%,2.90%,21.72%,117621,5.06%,3.38%,4853,0.71,8,,1.70,16.42000,826661,44.43,31.76,36.19,1.66
FFBC,904486000,-4.57%,-198475000,1102961000,,16.03%,-13.96%,-8.62%,-9.50%,9.60%,,6.31%,1.30%,9.62%,376995,6.46%,1.28%,109488,0.04,4,,,22.17000,635265,31.99,33.23,45.51,2.40
EVTC,298239000,-0.75%,-661843000,960082000,,25.43%,-2.67%,11.56%,-31.05%,22.80%,12.18%,13.32%,5.90%,32.42%,176143,11.09%,11.50%,23463,0.44,7,,2.37,33.15000,307731,39.61,44.68,45.85,1.73
CSAN,3483888710,6.50%,-9398311517,12882200227,,14.24%,18.00%,17.34%,-432.18%,-52.90%,3.90%,8.07%,-6.60%,5.40%,223762,,0.76%,-47978,0.31,5,15.64,0.48,4.68000,2575007,37.53,30.49,28.19,-3.00
DV,310625000,-2.68%,218956000,91669000,-2.14%,172.13%,6.11%,3.26%,10.42%,5.10%,7.67%,4.78%,4.40%,5.52%,548746,4.44%,4.62%,46977,0.51,6,,8.00,12.65000,2067270,35.95,29.58,36.76,0.32
RNW,1075659320,3.63%,-7946105246,9021764566,,31.65%,39.97%,,-378.45%,1.20%,-0.38%,6.63%,0.10%,,293311,1.04%,,3868,0.11,4,2.02,0.26,5.79000,1278370,43.28,42.30,45.23,0.05
IBRX,149809000,-22.43%,-638761000,788570000,,6.89%,-10.61%,123.66%,-30.42%,,-79.04%,-117.68%,-103.90%,31.42%,21684,-114.93%,-122.72%,-608182,0.04,3,,-12.68,2.46000,8279479,40.73,39.68,42.74,-0.62
QBTS,177980000,-29.75%,139603000,38377000,,22.01%,-47.18%,,6.74%,,-82.48%,-190.56%,-159.90%,,40123,-76.44%,,-653995,0.10,4,1.73,3.33,7.20000,35401198,49.34,55.89,61.01,-0.75
RNG,242811000,-0.27%,-1316055000,1558866000,,2.91%,-0.94%,30.28%,-62.72%,,1.72%,-19.41%,-3.20%,59.48%,563473,,-14.00%,-13683,1.32,6,,0.67,23.09000,1264051,37.26,28.82,33.72,-0.63
VCEL,126742000,1.42%,27892000,98850000,-29.01%,25.43%,12.27%,28.97%,1.33%,4.00%,2.91%,-2.08%,2.70%,-1.82%,664493,1.14%,-1.30%,29025,0.61,5,4.28,8.77,41.90000,660689,45.39,38.27,50.14,0.20
TRN,228200000,-0.15%,-5462700000,5690900000,,3.25%,-1.10%,3.11%,-262.63%,13.10%,,3.41%,1.60%,7.02%,417236,4.70%,0.78%,18753,0.35,7,4.16,,25.59000,660018,35.49,31.68,44.10,1.64
SKWD,157525000,0.49%,37989000,119536000,,-2.39%,-7.11%,,1.79%,15.80%,,4.15%,3.40%,,1983103,13.82%,,204876,0.33,7,,,52.15000,319937,52.42,57.33,70.15,2.87
VICR,277273000,-0.11%,269937000,7336000,15.36%,15.38%,-10.84%,10.89%,13.02%,1.10%,1.81%,6.19%,1.00%,7.48%,326416,-0.13%,6.60%,5572,0.58,5,1.65,19.59,46.30000,189517,43.87,46.13,47.86,0.14
FINV,922424226,9.91%,917726844,4697382,-0.22%,0.99%,-17.47%,-36.01%,388.48%,16.60%,,18.01%,10.60%,21.06%,490636,13.96%,12.20%,89490,0.58,5,,,8.05000,1247134,40.70,56.02,63.47,1.24
POWL,373397000,12.25%,372032000,1365000,5.06%,-29.11%,12.07%,-29.50%,17.83%,35.50%,39.85%,10.21%,18.00%,12.64%,385651,29.56%,6.52%,58416,1.19,6,9.83,6.15,172.96000,394391,46.50,42.53,54.08,13.17
CHEF,114655000,-1.45%,-801173000,915828000,,19.07%,-1.13%,11.78%,-37.92%,11.50%,8.94%,0.96%,3.20%,0.44%,754466,6.15%,-0.20%,11032,2.16,6,9.59,3.62,51.54000,529358,43.27,51.62,60.70,1.32
HUBG,126948000,-3.13%,-381563000,508511000,,16.42%,-11.64%,9.46%,-18.77%,6.40%,6.42%,9.32%,3.60%,12.12%,609858,5.11%,6.76%,16071,1.38,6,,3.65,33.68000,666716,37.36,29.19,40.58,1.70
QS,910767000,-2.18%,817230000,93537000,-15.76%,6.53%,-7.05%,47.18%,39.79%,-40.60%,-37.82%,-27.97%,-35.00%,-155.78%,,-41.97%,-73.16%,-597321,,1,,,3.77000,9952916,39.02,33.87,42.75,-0.94
IVT,91221000,0.04%,-649194000,740415000,,11.57%,-9.10%,5.27%,-31.71%,0.80%,,1.16%,0.50%,0.70%,2712614,1.88%,0.44%,135228,0.11,5,,,26.43000,562292,35.04,34.37,50.84,0.19
PSNY,668911000,,-3361622000,4030533000,,1163.12%,60.82%,,-164.56%,-624.60%,-139.60%,,-34.60%,,816346,-25.14%,,-565123,0.50,1,3.15,1.68,0.96970,5081493,41.25,40.64,29.66,-0.68
PONY,745032000,231.33%,731759000,13273000,,,,,40.05%,-200.20%,-27.97%,,-30.50%,,57446,-29.61%,,-209894,0.08,0,,,5.85000,1777806,26.35,34.74,0.00,-2.40
ALG,197274000,-1.64%,-23207000,220481000,,-6.48%,-6.29%,-13.06%,-1.15%,11.70%,13.51%,10.02%,7.80%,12.48%,434270,10.31%,7.30%,30915,1.09,6,3.37,5.79,169.04000,100306,41.00,40.23,47.08,9.63
BANC,2502212000,-7.90%,168475000,2333737000,-88.99%,44.38%,-39.35%,10.89%,8.26%,2.50%,,2.38%,0.30%,-5.66%,504674,2.18%,,45770,0.03,3,,,12.10000,6235255,40.88,37.91,43.97,0.52
TBBK,570123000,-56.24%,446427000,123696000,-49.85%,-6.57%,-16.34%,17.82%,21.39%,27.20%,,16.92%,2.60%,20.88%,642518,23.81%,1.94%,282153,0.06,4,,,42.96000,786224,35.56,36.62,49.82,4.29
MEOH,891910000,8.57%,-2388070000,3279980000,,4.28%,5.50%,5.47%,-133.34%,8.10%,5.56%,6.23%,2.50%,10.76%,2628854,5.70%,3.22%,115891,0.57,7,7.71,1.54,26.28000,947126,26.86,22.75,35.37,2.39
MLCO,1273072000,-0.24%,-6183368000,7456440000,,1.95%,-4.02%,9.13%,-864.07%,-3.40%,8.12%,-4.83%,0.50%,1.52%,212918,5.28%,-7.40%,1999,0.58,6,95.73,0.19,4.83000,8282759,43.34,40.46,39.53,0.10
FRME,386507000,7.13%,-771678000,1158185000,,22.23%,12.58%,9.59%,-38.83%,8.80%,,6.63%,1.10%,9.92%,288205,5.82%,1.22%,94117,0.03,4,,,34.63000,342500,35.74,41.28,49.04,3.41
SSRM,417347000,0.87%,73821000,343526000,-60.66%,-10.88%,5.48%,3.63%,3.54%,-8.40%,-4.32%,1.31%,-5.00%,2.32%,432877,-9.34%,1.70%,-113599,0.19,3,0.69,1.28,10.18000,2093110,51.45,63.59,52.53,-1.29
FORM,366501000,-6.22%,327274000,39227000,15.39%,-14.73%,-18.52%,-16.06%,16.19%,7.40%,7.87%,5.90%,6.10%,9.04%,341197,3.93%,7.20%,31105,0.67,8,4.27,7.65,26.23000,2374290,41.02,30.61,38.22,0.89
TTAM,12124000,12.40%,-448059000,460183000,,,,,-21.62%,22.60%,18.82%,,10.80%,,640938,15.45%,,65127,1.07,5,,3.74,10.96000,469578,32.38,0.00,0.00,0.95
APPN,159860000,-1.43%,-155131000,314991000,,76.91%,13.57%,43.33%,-7.69%,,-25.40%,-27.44%,-15.90%,0.60%,303503,-23.95%,-17.78%,-45382,1.06,5,,1.26,27.25000,618928,40.16,37.84,39.87,-1.26
SAH,44000000,1.02%,-4084900000,4128900000,,7.55%,6.88%,9.43%,-202.78%,22.00%,14.15%,5.55%,3.80%,16.04%,1317065,7.50%,3.30%,20000,2.49,4,6.81,3.31,59.46000,445740,46.86,44.83,51.84,6.18
DFH,339825000,-11.62%,-964375000,1304200000,,18.53%,54.27%,39.42%,-48.01%,31.10%,,15.03%,11.00%,62.42%,2640336,13.21%,12.16%,202006,1.44,3,2.30,,21.50000,413226,40.68,39.37,44.38,3.34
CORZ,860873000,111.32%,-338896000,1199769000,,13.58%,24.34%,,-16.58%,,-87.22%,,-128.40%,,1571298,-5.06%,,-4046169,0.50,4,,-4.50,6.82000,12009660,39.23,34.34,49.36,-4.39
CLSK,1210037000,883.44%,561389000,648648000,245.67%,564.05%,4163.49%,168.67%,28.74%,4.00%,3.35%,-25.79%,3.50%,-40.78%,1130304,1.06%,-31.94%,248596,0.16,4,,2.13,7.13000,19890388,44.07,37.96,45.19,0.11
FOLD,249946000,-0.23%,-193698000,443644000,,0.27%,-0.32%,16.11%,-9.68%,-35.30%,3.28%,-21.07%,-7.40%,-92.90%,1058707,,-24.30%,-112437,0.69,4,0.59,-1.55,6.51000,4930212,18.44,23.17,34.21,-0.18
JOYY,,,,,,,,,,,,,,,,,,,,3,,,38.41000,536041,34.50,45.76,50.91,
WAFD,1507735000,-13.16%,-1427080000,2934815000,,19.09%,-24.64%,5.26%,-72.28%,5.90%,,4.20%,0.60%,8.64%,333475,3.53%,0.96%,78909,0.03,4,,,24.48000,643274,31.83,25.05,39.85,2.18
AIN,115283000,-12.06%,-203248000,318531000,,-3.09%,-30.28%,-5.56%,-10.36%,9.10%,9.37%,8.69%,5.00%,11.96%,227892,7.82%,6.32%,16226,0.71,6,5.26,3.97,64.14000,280233,39.34,32.14,39.45,2.80
ATKR,310444000,-0.42%,-636747000,947191000,,5.76%,4.07%,1.23%,-32.97%,24.60%,20.80%,29.38%,12.70%,61.00%,582289,16.78%,23.98%,72346,1.02,5,4.13,3.30,56.70000,498422,43.09,31.26,34.05,10.39
HNI,28900000,3.29%,-470200000,499100000,,21.47%,-14.73%,13.95%,-23.97%,17.20%,14.78%,7.97%,7.30%,12.44%,332421,12.00%,5.06%,18355,1.32,6,7.64,3.33,41.83000,320751,41.21,35.12,47.73,2.88
HAFN,283568000,3.49%,-838681000,1122249000,,,-13.16%,,-41.64%,32.70%,27.10%,,20.10%,,569176,23.67%,,153578,0.75,6,18.15,2.66,4.00000,2828928,42.78,35.54,43.17,1.50
SSL,2514848609,-5.71%,-4465649296,6980497906,,16.61%,9.68%,,-222.91%,-26.00%,3.47%,-3.59%,-11.10%,-8.38%,539908,-10.43%,-3.26%,-86882,0.69,6,3.92,,3.18000,1684268,31.70,26.44,26.52,-3.80
KAR,183700000,-14.76%,-99200000,282900000,,-47.49%,-33.81%,-33.94%,-5.06%,8.30%,14.74%,4.80%,2.40%,,372604,13.09%,,22896,0.38,5,,1.25,18.32000,1048747,39.35,41.70,52.71,0.45
BANR,501858000,5.79%,-104626000,606484000,,0.77%,-15.03%,-2.48%,-5.39%,9.80%,,7.76%,1.10%,10.80%,307271,7.09%,1.10%,86349,0.04,4,,,56.79000,238732,32.89,36.34,49.19,4.88
LCII,165756000,-6.89%,-830097000,995853000,,-12.31%,-9.99%,6.34%,-42.25%,10.30%,8.79%,9.43%,4.80%,18.16%,325322,6.91%,7.20%,12423,1.26,7,3.80,3.22,77.54000,525913,34.00,28.47,36.69,5.60
CXM,483459000,-4.79%,434754000,48705000,-30.91%,,46.30%,,22.33%,22.20%,7.24%,-4.91%,11.40%,-10.16%,221899,9.14%,-2.56%,33884,0.75,4,,2.45,7.63000,1219051,40.13,40.31,35.73,0.44
BB,351400000,4.67%,127400000,224000000,316.34%,-26.88%,-3.41%,-20.96%,6.88%,-10.80%,-6.52%,-10.63%,-6.00%,-29.50%,293901,,-16.88%,-43407,0.41,5,,0.00,3.14000,17702289,33.21,42.35,44.79,-0.13
TDC,420000000,-2.87%,-156000000,576000000,,0.23%,-10.00%,-2.89%,-7.79%,117.80%,24.94%,11.67%,6.80%,46.88%,307018,20.49%,4.90%,20000,1.04,6,44.65,0.47,20.62000,1323181,43.32,32.10,33.75,1.16
LGND,256165000,-3.43%,249060000,7105000,51.73%,-72.02%,15.25%,-59.48%,12.77%,-0.50%,0.61%,3.37%,-0.40%,1.94%,2457838,,1.46%,-59294,0.18,5,0.58,11.82,101.29000,113626,44.10,43.88,52.99,-0.22
AGYS,60761000,-17.85%,-139000,60900000,,78.39%,152.21%,34.01%,-0.01%,8.80%,7.97%,-4.20%,5.60%,-0.32%,138723,5.79%,0.46%,11716,0.66,5,14.98,7.62,70.01000,294656,41.05,28.95,42.72,0.76
PFS,205939000,-7.86%,-2216104000,2422043000,,56.08%,22.28%,16.57%,-114.43%,4.90%,,4.48%,0.50%,8.04%,337125,2.30%,0.96%,64145,0.03,4,,,14.84000,900701,35.21,32.53,42.02,1.05
MQ,1110925000,-58.21%,1110055000,870000,-11.41%,-58.79%,-83.03%,-45.24%,57.10%,2.40%,2.57%,-5.10%,1.80%,-3.58%,593671,-2.19%,-9.44%,31952,0.34,4,,3.45,3.84000,4550012,42.77,44.18,32.96,0.05
ECG,86012000,27.94%,-277190000,363202000,,,,,-13.99%,32.90%,26.70%,,12.30%,,327550,17.96%,,16485,2.44,5,,4.80,37.97000,567796,46.68,42.28,0.00,2.81
DKL,28167000,-0.98%,-1858574000,1886741000,,27.06%,9.77%,17.66%,-96.83%,-327.50%,15.06%,16.43%,7.80%,-175.96%,,10.52%,11.70%,,0.52,5,181.22,,36.04000,387338,24.12,36.89,40.56,2.99
AAP,1869417000,-3.17%,-1816909000,3686326000,,3.02%,-3.66%,5.92%,-95.11%,-13.50%,-7.11%,2.88%,-2.80%,7.24%,144814,-12.18%,2.06%,-5347,0.76,6,1.52,1.55,32.17000,2897517,35.37,31.92,31.80,-5.61
CRGY,191581000,-5.47%,-2864825000,3056406000,,43.44%,79.19%,,-147.68%,-4.50%,0.85%,,-1.40%,,2969523,,,-116114,0.36,5,,0.57,7.43000,5805026,27.20,27.80,37.29,-0.88
MIRM,280740000,0.03%,-37023000,317763000,,33.84%,3.12%,144.35%,-1.93%,-38.20%,-13.34%,-39.44%,-13.30%,-76.48%,1046236,-16.12%,-35.70%,-273112,0.51,4,3.65,1.86,39.12000,503704,30.74,40.53,53.67,-1.85
TTMI,503932000,-0.49%,-491731000,995663000,,1.83%,-0.30%,-7.76%,-25.31%,3.70%,4.94%,-18.66%,1.70%,5.06%,148948,3.04%,2.24%,3433,0.72,7,8.97,2.05,18.82000,823873,38.17,38.29,50.95,0.54
ENR,195900000,-2.42%,-3032200000,3228100000,,-3.84%,-5.54%,-1.97%,-158.56%,39.60%,6.57%,5.37%,1.40%,12.62%,518232,5.33%,0.02%,10446,0.68,7,2.75,1.28,26.49000,818129,29.65,26.04,38.16,0.79
CEPU,107302485,,-204013939,311316424,,,535.97%,,-14.00%,18.00%,-0.33%,16.94%,11.40%,14.88%,356143,25.78%,8.42%,168144,0.24,4,26.25,3.52,9.87000,366939,36.55,38.14,52.44,1.22
STRA,184023000,-9.86%,58797000,125226000,,-27.71%,-41.30%,3.42%,3.02%,6.70%,8.81%,3.76%,5.30%,4.48%,188029,6.08%,3.50%,17368,0.57,6,,4.07,78.65000,221673,41.21,37.79,43.89,4.67
RIG,941000000,-1.14%,-5940000000,6881000000,,-1.36%,-7.18%,-5.77%,-305.50%,-4.90%,-0.91%,-1.52%,-2.60%,-5.98%,644241,-2.43%,-3.12%,-93601,0.18,6,5.08,0.00,2.17000,41203023,33.31,24.98,35.47,-0.76
FBK,1042488000,-2.02%,805675000,236813000,128.67%,2.77%,-48.36%,-6.99%,42.37%,7.60%,,7.03%,0.90%,9.12%,297697,6.43%,1.02%,77876,0.04,4,,,40.79000,297437,34.19,31.89,47.84,2.48
PK,440000000,-0.02%,-4351000000,4791000000,,-0.74%,1.65%,3.01%,-236.99%,5.70%,,-0.04%,2.30%,-5.14%,28560440,6.44%,-2.56%,2329670,0.28,4,,,9.43000,4775705,34.60,17.50,33.31,1.01
TGI,133487000,0.48%,-836864000,970351000,,-15.15%,-40.51%,-7.18%,-43.74%,-558.10%,54.38%,5.04%,36.10%,-10.04%,274317,13.91%,2.80%,123648,0.80,5,2.32,2.71,24.57000,2613495,43.95,72.66,66.53,7.57
LMND,385700000,23.74%,302300000,83400000,17.81%,,459.73%,,15.90%,-32.40%,,-28.37%,-11.50%,-38.28%,426316,-30.13%,-16.14%,-163725,0.30,2,,,26.11000,2554104,37.80,40.88,50.02,-2.85
PGNY,227954000,-1.28%,211541000,16413000,-40.22%,30.30%,-4.80%,,11.29%,11.50%,18.98%,15.59%,7.90%,19.68%,1716501,10.05%,13.20%,79906,1.69,5,,9.39,22.26000,1110105,52.66,54.79,42.85,0.57
NWL,198000000,-6.87%,-4815000000,5013000000,,-2.36%,-6.30%,-4.36%,-252.53%,-7.30%,0.41%,1.28%,-1.80%,-3.94%,319916,,-0.88%,-9114,0.65,6,3.44,0.50,4.55000,8924234,26.62,27.37,33.87,-0.52
TRMK,567251000,-17.31%,-311946000,879197000,,14.44%,-23.38%,15.08%,-16.71%,11.90%,,4.37%,1.20%,8.94%,207899,1.26%,0.88%,89204,0.03,3,,,31.11000,481035,36.11,37.97,49.60,3.63
SYBT,291020000,-2.32%,-205278000,496298000,,79.48%,26.42%,32.24%,-10.96%,12.60%,,9.40%,1.40%,12.88%,317171,7.97%,1.34%,106055,0.04,4,,,63.94000,128509,37.63,42.21,54.12,3.89
ESRT,429302000,-0.02%,-2026333000,2455635000,,2.05%,9.60%,8.03%,-177.58%,4.70%,,3.34%,1.10%,2.20%,1151309,4.33%,0.50%,71126,0.18,4,,,6.86000,2121228,28.57,24.68,36.13,0.28
AGX,525137000,,525137000,,27.34%,,,,28.56%,26.70%,31.20%,11.20%,11.60%,13.70%,548075,19.26%,7.08%,53579,1.18,6,,4.68,138.00000,419414,57.02,53.28,77.07,6.15
PI,164714000,-0.16%,-128087000,292801000,,-1.28%,-0.61%,31.96%,-6.84%,33.40%,29.05%,-11.92%,8.90%,-18737.78%,811723,-1.59%,-11.32%,90550,0.80,4,1.80,3.24,65.92000,1030545,33.67,23.80,38.16,1.39
LION,186200000,4.19%,-3674400000,3860600000,,2243.39%,13.37%,,-195.82%,,3.60%,,-3.80%,,1990728,,,-130795,0.57,1,,-0.05,6.50000,187300,36.58,41.47,0.00,-0.17
CLOV,221555000,,221555000,,-6.21%,,,,11.90%,-13.20%,-11.71%,-51.57%,-6.70%,-48.14%,2405493,-13.41%,-28.56%,-75454,2.13,3,,1.74,3.67000,6518066,50.17,52.03,56.74,-0.09
UEC,70720000,,70720000,,-21.02%,,,,3.77%,-8.00%,-7.25%,-8.12%,-7.10%,-7.42%,711032,-5.67%,-5.76%,-693447,0.07,2,0.61,10.22,4.36000,19258684,35.92,36.06,43.72,-0.15
PII,287800000,-4.94%,-1784600000,2072400000,,3.09%,8.59%,2.79%,-95.25%,8.30%,8.58%,14.38%,2.00%,28.94%,478360,6.82%,6.56%,7387,1.28,5,3.21,1.84,33.40000,2758902,35.15,19.05,26.21,1.95
LGF.A,314000000,6.16%,-4104000000,4418000000,,9.83%,9.27%,4.41%,-239.76%,,-28.97%,-12.01%,-15.80%,629.60%,2339487,-23.52%,-9.16%,-642341,0.58,2,,-0.84,7.76000,706440,36.43,42.91,44.28,-1.24
SBCF,479822000,3.93%,-104215000,584037000,,44.59%,10.01%,4.34%,-5.55%,5.60%,,5.91%,0.80%,7.12%,331876,4.37%,0.96%,80443,0.03,4,,,22.01000,621823,29.43,30.92,41.10,1.42
BLTE,145149000,-39.39%,144612000,537000,464.49%,,,,7.76%,-30.60%,-24.72%,10.85%,-29.30%,,,-27.33%,,-1445760,,1,,,58.52000,101085,41.12,47.93,60.32,-1.18
SYNA,596100000,-14.34%,-236400000,832500000,,-5.40%,-14.59%,11.76%,-12.94%,12.20%,-2.45%,5.46%,6.30%,12.74%,588345,-4.17%,5.94%,98427,0.38,4,4.44,2.27,47.46000,731131,32.57,26.61,33.80,4.29
PLTK,567700000,-0.12%,-1929500000,2497200000,,-0.49%,-1.07%,-0.18%,-105.02%,-124.20%,12.71%,15.31%,4.90%,-71.98%,728371,9.57%,8.00%,46343,0.78,6,,1.11,4.95000,1588559,45.47,35.45,29.51,0.44
LIVN,723556000,-0.39%,55823000,667733000,,34.34%,5.65%,11.71%,2.99%,5.00%,7.16%,-3.69%,2.50%,-7.80%,432220,4.65%,-4.10%,21805,0.50,7,2.59,1.49,34.14000,671016,31.14,24.42,34.38,1.16
TSLX,27328000,1.64%,-1873814000,1901142000,,17.03%,6.79%,11.68%,-100.89%,11.70%,,8.81%,5.30%,13.72%,,10.41%,6.62%,,0.14,3,,,19.79000,774479,32.42,36.70,44.34,2.03
AGM.A,745105000,0.53%,-27089195000,27834300000,,6.96%,6.19%,8.14%,-1363.03%,12.80%,,0.58%,0.60%,11.52%,1894330,0.71%,0.50%,940047,0.01,5,,,128.81000,285,39.97,36.36,47.16,16.44
AMBA,250272000,-11.76%,245007000,5265000,14.17%,-23.40%,-1.39%,-12.31%,13.30%,-21.10%,-20.73%,-15.93%,-17.70%,-15.78%,302726,-22.34%,-13.42%,-124470,0.43,4,3.55,8.35,43.62000,982585,36.15,32.11,40.76,-2.84
VTMX,188800000,-0.07%,-658800000,847600000,,-3.22%,-7.48%,,-332.91%,8.50%,12.16%,,5.70%,,2900000,2.96%,,2566667,0.06,4,,1.00,22.49000,81122,44.28,37.39,36.92,2.38
AIR,100900000,2.37%,-989000000,1089900000,,89.09%,213.46%,30.68%,-53.11%,-1.00%,3.49%,4.79%,-0.40%,4.94%,470614,-15.56%,2.98%,-2175,0.95,3,3.01,2.57,52.10000,340196,36.28,37.18,44.78,-0.37
VAC,528000000,-1.15%,-4697000000,5225000000,,5.21%,1.55%,5.04%,-257.23%,9.10%,,2.78%,2.20%,5.12%,222735,4.37%,1.30%,9776,0.51,5,4.38,,52.83000,669027,33.83,22.44,33.59,5.61
AEO,358962000,3.96%,-1087368000,1446330000,,-7.14%,21.99%,-2.01%,-59.74%,18.90%,14.74%,5.10%,9.00%,9.84%,121106,9.90%,4.62%,7486,1.45,5,5.07,3.34,10.68000,9129830,42.63,28.16,35.53,1.68
SID,2977863063,,-4621118422,7598981485,,18.22%,60.40%,,-242.84%,-1.70%,-10.90%,10.49%,-0.40%,28.80%,374345,-7.85%,5.80%,-2622,0.51,5,4.08,1.10,1.43000,2805207,39.20,38.16,37.42,-0.05
KWR,188880000,-4.32%,-538316000,727196000,,-7.53%,-6.41%,-5.25%,-29.38%,8.40%,9.28%,3.45%,4.30%,5.56%,418110,6.58%,2.68%,26510,0.69,6,5.00,2.41,103.96000,237011,31.08,23.77,31.39,6.51
CCS,153002000,-17.07%,-1323211000,1476213000,,3.52%,13.40%,5.31%,-72.77%,13.30%,,11.23%,7.50%,20.10%,2348258,8.10%,10.34%,178225,0.99,5,1.06,,59.32000,614503,33.51,29.04,41.27,10.40
TARS,291376000,0.19%,219531000,71845000,11.09%,,140.94%,,11.96%,-46.70%,-36.34%,-31.38%,-31.20%,-38.92%,566418,-40.68%,-29.50%,-357752,0.50,3,3.11,6.31,44.12000,535131,39.69,46.98,57.73,-3.07
CWK,793300000,-1.78%,-2519800000,3313100000,,-3.24%,-7.10%,1.23%,-136.36%,7.80%,7.77%,4.18%,1.80%,3.48%,181663,4.99%,0.82%,2525,1.26,7,,1.49,7.99000,4528340,23.43,27.75,38.67,0.56
LMAT,299722000,913.23%,114037000,185685000,32.63%,126.70%,872.43%,63.87%,6.36%,13.60%,10.95%,8.81%,10.70%,11.56%,331119,7.74%,9.12%,66322,0.53,6,1.12,6.93,81.36000,203425,44.31,39.68,54.36,1.93
WRBY,254161000,14.88%,28806000,225355000,-32.12%,,29.18%,,1.57%,-6.20%,-5.51%,-13.35%,-3.20%,-79.08%,204052,-5.33%,-17.58%,-5394,1.22,5,6.01,3.19,15.17000,2848323,31.99,32.51,41.81,-0.17
ESBA,429302000,-0.02%,-2026333000,2455635000,,2.05%,9.60%,8.03%,-111.51%,4.30%,,2.78%,1.70%,2.02%,1151309,3.62%,0.80%,114174,0.18,4,,,6.68500,28102,26.93,28.55,36.71,0.28
HP,1841836000,-0.03%,60162000,1781674000,,48.67%,226.74%,30.03%,3.23%,10.50%,8.91%,-1.53%,5.90%,0.70%,393823,6.22%,0.18%,43395,0.54,6,14.33,2.00,18.42000,2905887,31.17,26.21,32.61,3.02
ENOV,48167000,-0.78%,-1333794000,1381961000,,-13.60%,168.42%,-10.81%,-72.26%,-26.40%,-18.23%,-4.53%,-15.60%,-4.98%,286090,-19.67%,-3.02%,-112053,0.40,5,1.82,0.50,32.10000,963608,34.74,28.11,35.31,-14.93
NBTB,205083000,-9.13%,-209900000,414983000,,10.04%,-34.89%,-12.75%,-11.59%,9.50%,,7.44%,1.00%,10.64%,267566,7.25%,1.10%,67518,0.04,4,,,38.67000,330490,36.87,38.14,48.56,2.97
AGM,1024007000,1.93%,-28276795000,29300802000,,7.33%,5.83%,7.18%,-1619.04%,12.20%,,0.61%,0.60%,11.54%,1904110,0.67%,0.54%,944649,0.01,5,,,167.76000,57979,32.86,33.64,48.51,16.44
STC,216298000,-0.67%,-348378000,564676000,,-3.73%,-2.80%,20.26%,-18.88%,5.30%,,8.28%,2.70%,13.04%,346016,2.47%,6.50%,10473,0.90,5,,,65.66000,125641,41.94,46.08,54.36,2.61
ADUS,98911000,448.85%,-174215000,273126000,,2.48%,55.91%,29.78%,-9.42%,8.30%,8.52%,6.23%,6.30%,7.98%,23230,6.12%,5.42%,1481,0.98,6,,4.04,101.77000,232495,55.21,40.05,47.11,4.23
UTZ,60760000,-1.74%,-729723000,790483000,,-3.39%,-14.67%,,-66.66%,2.30%,4.08%,-3.40%,0.60%,32.20%,440400,1.15%,,4992,0.53,6,8.88,0.98,12.88000,1038148,35.08,36.64,39.89,0.19
EVCM,135782000,-0.20%,-392160000,527942000,,-1.12%,-0.80%,3.77%,-21.65%,-5.30%,0.02%,-2.17%,-2.80%,-2.62%,349383,,-5.48%,-20544,0.48,7,,1.55,9.93000,183018,48.07,44.84,44.50,-0.22
HTH,2299627000,-5.12%,951600000,1348027000,103.21%,-2.95%,-3.09%,-6.80%,53.08%,5.20%,,6.30%,0.70%,10.10%,325785,3.42%,1.38%,31051,0.07,4,,,28.04000,601799,30.93,37.47,43.78,1.74
VC,626000000,-1.39%,200000000,426000000,173.97%,-5.07%,-4.27%,-5.12%,10.98%,24.00%,15.57%,13.25%,9.80%,20.30%,386600,16.79%,6.90%,27400,1.38,7,11.48,3.94,67.04000,800394,40.82,32.26,33.89,9.82
DNLI,832331000,-19.48%,790043000,42288000,-20.16%,-10.28%,-5.99%,-9.29%,43.52%,-31.40%,-33.23%,-22.31%,-28.60%,-19.88%,,-38.31%,-15.44%,-1001832,,1,,,12.50000,1288702,38.08,29.24,37.60,-2.57
RXRX,597395000,19.72%,488903000,108492000,42.07%,120.92%,114.11%,54.08%,30.00%,-72.90%,-36.85%,-28.56%,-52.90%,-38.88%,73549,-41.90%,-43.16%,-579576,0.07,3,,0.40,4.51000,23509546,35.34,39.47,38.14,-1.69
MYRG,3464000,-12.62%,-116530000,119994000,,67.58%,63.02%,-8.82%,-6.47%,4.90%,6.43%,11.99%,1.90%,13.48%,395564,4.89%,5.66%,3560,2.12,4,,3.96,111.89000,161293,45.05,41.79,45.18,1.83
ROOT,600300000,-33.50%,400200000,200100000,5.12%,,-33.08%,0.81%,22.04%,16.60%,,-32.43%,2.00%,-64.26%,1152302,19.44%,-18.72%,28599,0.79,6,,,118.71000,628186,44.28,55.32,59.65,1.83
PPBI,610576000,0.05%,338127000,272449000,5910.08%,-32.57%,-70.76%,-17.94%,18.71%,5.40%,,4.69%,0.90%,6.26%,464151,4.92%,0.86%,119851,0.03,4,,,18.71000,1029115,28.12,27.89,39.07,1.65
LGF.B,200500000,2.50%,-4300500000,4501000000,,5.69%,8.16%,7.24%,-247.78%,,-1.50%,-12.01%,-4.00%,629.60%,2254863,-2.60%,-9.16%,-165405,0.54,2,,-0.40,6.95000,951579,35.53,42.04,43.12,-1.23
HG,1100852000,0.02%,950907000,149945000,26.61%,,0.08%,,52.78%,17.60%,,,5.20%,,3883207,25.45%,,667382,0.31,5,,,17.68000,617425,31.37,43.97,53.91,3.67
NEXT,392762000,17.47%,-3674708000,4067470000,,1796.82%,106.95%,465.88%,-210.43%,-11.20%,6.28%,-47.61%,-1.20%,-97.50%,,-3.85%,-14.86%,-260553,,1,,,6.86000,2934074,44.47,48.28,52.33,-0.24
WB,2350484000,0.10%,489708000,1860776000,-14.59%,-9.31%,-29.84%,1.92%,26.65%,8.80%,7.43%,7.02%,4.40%,9.46%,333082,6.76%,4.48%,57100,0.26,5,,,7.34000,3397328,18.89,36.41,34.87,1.16
BKE,290730000,0.45%,-35533000,326263000,,4.20%,3.44%,-2.88%,-1.96%,43.30%,36.87%,29.93%,20.90%,49.92%,152211,24.40%,24.00%,24434,1.30,6,5.06,5.11,35.35000,734630,39.64,31.74,44.34,3.89
QDEL,98300000,-2.72%,-2552000000,2650300000,,173.67%,2.43%,88.18%,-146.67%,-64.90%,-36.28%,13.37%,-30.80%,17.36%,421652,-34.80%,14.82%,-310909,0.42,5,2.69,-0.20,26.42000,1915021,28.03,27.49,33.02,-30.54
GTX,126000000,,-1345000000,1471000000,,7.38%,-10.85%,0.81%,-77.14%,-38.70%,50.00%,37.18%,12.40%,-37.44%,526515,47.29%,7.42%,42727,1.53,6,10.09,1.54,8.69000,1792296,50.33,48.16,50.89,1.26
MTX,337100000,-1.19%,-634100000,971200000,,-1.52%,-4.27%,0.92%,-35.89%,9.90%,9.44%,6.81%,5.00%,8.36%,544462,8.59%,3.94%,42945,0.63,6,4.71,2.85,55.85000,224218,31.84,23.93,38.87,5.17
SMA,29301000,11.66%,-1288134000,1317435000,,14.66%,21.15%,13.07%,-78.41%,-5.20%,,2.82%,-0.90%,-7.82%,423225,,-1.38%,-32820,0.12,3,,,32.00000,703635,0.00,0.00,0.00,-0.36
RNST,1092032000,-0.60%,553400000,538632000,759.66%,3.55%,-26.91%,-9.05%,21.07%,7.80%,,5.16%,1.10%,6.82%,321174,6.08%,0.92%,88844,0.04,3,,,27.78000,1368255,27.90,29.69,42.33,3.27
NVCR,962200000,-0.03%,286769000,675431000,-9.28%,5.50%,13.28%,32.79%,16.23%,-46.80%,-35.20%,-10.07%,-14.10%,-25.60%,406734,-16.46%,-8.40%,-113325,0.51,4,3.75,0.28,16.08000,791394,37.26,37.50,40.08,-1.56
GB,136456540,-4.87%,-506963120,643419661,,-7.40%,-7.17%,,-34.58%,68.60%,22.42%,-16.40%,5.50%,-276.82%,261270,10.07%,-11.86%,34120,0.42,8,,0.70,7.35000,336999,54.56,63.23,64.04,0.27
WERN,40752000,-5.80%,-609248000,650000000,,14.99%,0.19%,16.72%,-34.70%,2.30%,3.05%,9.12%,1.10%,12.42%,234977,2.49%,6.36%,2655,0.98,5,90.74,2.73,28.52000,1162898,41.69,29.87,36.28,0.55
FIVN,1005956000,-0.29%,-227174000,1233130000,,14.31%,55.33%,40.74%,-12.71%,-2.30%,0.15%,-4.97%,-0.70%,-20.86%,339062,-2.77%,-4.74%,-4164,0.53,4,,1.33,23.23000,1688065,32.34,26.97,31.92,-0.17
FSM,231328000,2.71%,37320000,194008000,,1.25%,-26.58%,2.63%,1.95%,9.50%,12.08%,2.26%,6.30%,0.80%,862043,9.73%,0.56%,104493,0.52,5,5.74,2.89,6.23000,18685976,59.60,62.21,60.85,0.41
PINC,85850000,8.35%,-734320000,820170000,,16.68%,4.64%,48.97%,-41.81%,-0.30%,0.69%,29.23%,-0.10%,-172.04%,407335,,8.96%,-1639,0.36,4,,0.87,19.25000,2160184,60.39,47.98,41.56,-0.13
ENLT,475941000,-1.58%,-2784083000,3260024000,,18.58%,16.01%,,-161.27%,3.70%,3.44%,1.83%,0.90%,,1107764,2.54%,,122803,0.08,6,,0.48,14.45000,15912,38.21,42.38,45.00,0.36
BHVN,485991000,29.51%,453209000,32782000,27.93%,127.15%,18.91%,,26.58%,-237.70%,-183.49%,-331.15%,-159.20%,,,-194.01%,,-3306336,,1,,,17.13000,1819364,26.21,24.08,41.44,-9.28
COCO,166051000,-13.33%,166038000,13000,21.74%,-44.49%,-50.00%,,9.54%,23.50%,27.32%,16.03%,16.90%,21.86%,1617596,22.54%,13.80%,175398,1.56,6,4.72,13.54,30.63000,687269,43.80,44.08,55.63,0.94
NATL,629000000,-1.61%,-2417000000,3046000000,,27.87%,-2.47%,,-138.23%,34.40%,11.61%,,1.60%,,215850,8.96%,,4550,0.76,7,10.26,1.31,23.89000,363306,38.98,33.09,50.02,1.23
PBF,536100000,11.65%,-1766600000,2302700000,,-22.78%,13.32%,-0.73%,-102.80%,-8.80%,-7.60%,10.43%,-4.00%,9.96%,8590220,-8.30%,4.12%,-138470,2.47,2,11.59,3.04,14.94000,4408723,31.32,21.34,32.69,-4.60
OSW,58637000,-0.75%,-54106000,112743000,,-21.20%,-33.92%,-12.63%,-3.06%,13.60%,13.03%,-7.10%,9.70%,-12.94%,172417,11.09%,-6.60%,14037,1.19,8,15.82,6.71,16.63000,1759604,46.26,43.40,58.40,0.69
APGE,520653000,-2.55%,508822000,11831000,29.33%,,481.66%,,28.58%,-24.10%,-25.11%,,-23.10%,,,-29.76%,,-929316,,1,,,29.94000,929002,35.39,36.88,51.07,-3.30
SJW,11114000,3.08%,-1818562000,1829676000,,4.68%,4.72%,5.15%,-102.93%,7.20%,3.96%,4.35%,2.10%,6.82%,910510,4.87%,2.00%,114315,0.17,6,,0.75,51.63000,475789,41.53,45.53,39.48,2.87
LBRT,19984000,13.27%,-513622000,533606000,,29.87%,31.65%,20.82%,-29.60%,16.30%,16.58%,7.86%,9.80%,9.24%,757046,12.15%,5.48%,55440,1.34,4,15.64,3.04,10.70000,2739366,30.43,30.24,36.57,1.87
FIHL,946600000,0.02%,497700000,448900000,-3.53%,-2.09%,0.16%,,27.30%,4.50%,,,1.00%,,24693878,4.83%,,1156122,0.21,5,,,15.52000,718884,47.72,42.37,51.21,0.98
SUPN,453612000,-5.34%,426230000,27382000,92.27%,-59.77%,-17.51%,-40.77%,24.74%,7.50%,9.10%,4.94%,5.50%,8.00%,981924,5.36%,4.30%,109592,0.50,7,1.18,4.75,31.07000,457064,41.33,38.98,48.50,1.32
TDW,326950000,-2.05%,-310146000,637096000,,55.98%,-13.25%,17.13%,-17.75%,16.50%,17.43%,-1.15%,8.70%,-3.08%,174784,13.91%,-2.56%,23462,0.65,8,21.03,2.06,33.68000,1448325,33.66,24.55,36.06,3.40
ARDT,556785000,-0.73%,-1679023000,2235808000,,,-5.03%,,-97.25%,23.50%,8.46%,,4.40%,,239601,9.26%,,8448,1.26,8,44.59,2.05,12.11000,261246,37.33,29.95,0.00,1.58
EFSC,766051000,-8.35%,328679000,437372000,,-7.84%,-3.62%,-7.00%,19.06%,10.20%,,7.54%,1.20%,10.74%,490678,8.19%,1.22%,144519,0.04,4,,,46.67000,299494,33.92,39.44,51.04,4.83
CPRI,356000000,-10.22%,-2761000000,3117000000,,1.94%,-16.01%,-6.11%,-160.06%,-70.40%,-27.08%,2.71%,-15.50%,7.10%,306623,-28.17%,2.50%,-66821,0.71,4,1.74,1.55,14.63000,12484121,35.91,28.19,33.89,-8.54
UPWK,622101000,0.22%,254606000,367495000,35.48%,-14.01%,1.47%,56.24%,14.88%,50.80%,9.59%,-1.89%,20.10%,0.12%,1282208,16.49%,1.06%,359310,0.72,6,,3.04,12.63000,2024978,43.91,43.25,46.04,1.52
BBUC,1175000000,-0.38%,-7315000000,8490000000,,17.41%,-3.77%,,-430.66%,-187.90%,-1.43%,1.99%,-4.40%,-588.90%,231864,-4.47%,0.18%,-25085,0.41,4,133.95,,23.36000,113459,39.75,45.04,50.04,-12.17
FLOC,4615000,81.32%,-672075000,676690000,,,,,-39.01%,16.50%,7.58%,,8.10%,,417208,7.41%,,62548,0.54,4,,2.05,18.81000,330122,33.54,0.00,0.00,10.41
KEN,1158524000,-17.87%,-121935000,1280459000,,0.96%,-20.46%,15.30%,-7.20%,48.80%,18.69%,0.91%,14.60%,32.78%,2311705,1.55%,13.46%,1838994,0.18,3,,2.23,33.33000,88534,57.36,60.04,57.40,11.34
PRDO,591548000,160.32%,533532000,58016000,-7.55%,8.88%,114.50%,-2.00%,31.23%,16.10%,18.29%,14.74%,13.20%,18.10%,119730,12.55%,14.18%,25938,0.61,5,28.80,5.95,25.77000,633573,51.38,52.55,62.86,2.19
CERT,179183000,0.04%,-127408000,306591000,,-0.16%,2.82%,-5.25%,-7.53%,-1.10%,0.30%,-0.50%,-0.80%,-2.76%,249125,-0.13%,-1.74%,-7795,0.25,4,,2.23,10.51000,3380994,49.88,43.38,40.73,-0.08
CDLR,78501246,-1.37%,-571021535,649522781,,,181.75%,,-33.45%,5.60%,4.09%,,3.80%,,393175,3.69%,,102853,0.14,6,86.42,1.64,19.40000,69273,48.65,41.72,47.56,0.79
CVI,987000000,21.30%,-932000000,1919000000,,5.08%,-12.17%,9.94%,-54.86%,0.90%,1.83%,11.76%,0.20%,30.24%,4771160,2.21%,4.52%,4389,1.88,5,13.39,2.07,16.79000,1269000,42.39,42.84,38.70,0.06
ZGN,331556228,2.01%,-990310561,1321866789,,,4.52%,,-59.05%,8.80%,8.15%,2.41%,2.80%,0.48%,282221,5.25%,0.40%,11175,0.70,6,1.40,,6.64000,866113,40.56,33.52,35.11,0.31
HSAI,441191606,8.00%,342325381,98866225,-4.43%,,37.94%,,25.94%,-2.70%,1.49%,-0.72%,-1.80%,70.52%,249161,-4.40%,-26.34%,-12280,0.37,4,2.44,2.93,12.59000,3824926,35.88,47.79,49.07,-0.11
HRMY,467186000,-1.96%,287920000,179266000,80.07%,-2.26%,-7.39%,12.85%,17.67%,25.20%,25.40%,20.22%,16.00%,35.24%,2666918,17.26%,9.94%,542884,0.79,7,24.97,4.77,28.99000,987141,31.60,37.96,43.38,2.51
AESI,71704000,6.94%,-458391000,530095000,,44.61%,197.82%,,-27.35%,5.70%,6.62%,,3.00%,,923847,5.75%,,52444,0.54,5,26.41,,13.44000,3270991,29.79,29.11,40.95,0.55
GDRX,448346000,-0.22%,-95041000,543387000,,-8.20%,-23.58%,-5.23%,-5.78%,2.40%,6.67%,-3.52%,1.20%,30.04%,1073610,2.71%,-6.92%,22209,0.56,7,,1.27,4.32000,1119387,44.92,38.30,33.58,0.04
TWFG,205323000,15.71%,195019000,10304000,,,-80.09%,,44.33%,4.00%,2.28%,,1.20%,,695427,21.47%,,9369,0.87,6,,6.99,29.51500,76435,47.69,51.77,0.00,0.19
SXI,121147000,217.96%,-447064000,568211000,,35.23%,225.18%,20.82%,-26.49%,8.50%,5.88%,8.64%,4.80%,12.08%,193984,5.16%,6.76%,14714,0.64,5,4.33,3.19,139.00000,78351,31.92,27.98,43.59,4.57
OII,497516000,-4.29%,-222818000,720334000,,-5.76%,-6.52%,-5.53%,-13.51%,22.00%,17.07%,-0.96%,6.40%,-9.82%,255881,11.26%,-2.82%,14180,1.15,6,10.06,3.37,16.32000,1160955,33.23,31.25,41.55,1.44
PLYA,189278000,-0.11%,-880265000,1069543000,,-2.08%,0.77%,0.55%,-51.53%,13.90%,,3.09%,3.90%,-4.50%,72198,10.12%,-1.42%,5678,0.50,6,27.32,,13.34000,1653229,59.67,75.55,72.02,0.56
CMBT,38869000,-3.58%,-2080812000,2119681000,,7.38%,385.22%,3.97%,-133.76%,63.80%,29.67%,15.88%,23.20%,23.10%,551909,30.20%,10.70%,295597,0.43,3,15.42,1.94,8.01000,59802,37.56,27.98,30.95,4.44
NWN,19961000,2.33%,-1559192000,1579153000,,6.35%,8.13%,8.86%,-96.26%,6.20%,5.75%,4.64%,1.70%,7.82%,794073,4.11%,2.04%,54319,0.25,4,7.00,0.85,40.74000,300532,44.40,50.66,48.36,2.03
DIOD,322188000,-9.99%,270100000,52088000,1.32%,-44.28%,-16.10%,-14.02%,16.48%,2.50%,2.89%,11.07%,1.90%,13.84%,167470,2.15%,8.50%,5623,0.55,5,2.02,3.97,35.36000,761875,33.19,24.91,31.55,0.95
SHO,180277000,3.13%,-672789000,853066000,,10.37%,2.62%,-3.82%,-41.31%,1.30%,,0.86%,0.90%,-0.96%,25161361,2.74%,-0.48%,778722,0.29,4,,,8.15000,2808806,31.80,22.29,36.01,0.14
RAMP,384865000,,384865000,,-27.55%,,,,23.51%,,2.24%,-9.43%,,-6.70%,520506,0.00%,-5.58%,57,0.60,5,,5.83,24.89000,645507,40.04,38.06,42.17,0.01
NAMS,834190000,-11.46%,833742000,448000,144.94%,,646.67%,,50.95%,-49.90%,-31.89%,-19.13%,-43.20%,,697963,-23.26%,,-3552912,0.08,3,,8.44,14.90000,593757,22.82,36.49,52.21,-2.56
HMN,38100000,0.05%,-508900000,547000000,,2.86%,0.18%,4.78%,-31.09%,8.20%,,5.66%,0.70%,6.30%,911543,7.11%,0.66%,58743,0.11,6,,,39.89000,380082,41.57,52.52,56.54,2.48
HE,1242852000,-14.35%,-2088450000,3331302000,,8.60%,2.70%,6.21%,-127.78%,-87.50%,-23.27%,-3.10%,-9.40%,-9.78%,1237452,-35.48%,-0.74%,-548043,0.21,5,,-0.18,9.43000,3182942,31.62,41.62,35.12,-11.23
KLG,40000000,10.14%,-590000000,630000000,,,23.29%,,-36.43%,22.40%,10.26%,,3.80%,,825610,9.75%,,21951,1.42,6,5.49,2.04,18.84000,558663,44.23,49.95,58.20,0.83
ROCK,269480000,13.34%,234355000,35125000,269.43%,-0.04%,-2.40%,18.64%,14.80%,13.80%,14.41%,10.03%,9.90%,10.98%,621150,10.43%,7.52%,65183,0.95,6,7.40,5.07,53.49000,239797,37.02,35.75,42.07,4.46
CNMD,24459000,-3.72%,-881322000,905781000,,9.78%,-6.99%,3.33%,-53.92%,14.60%,9.88%,7.31%,5.70%,4.30%,335132,8.71%,1.76%,33955,0.57,8,1.73,2.11,52.29000,606602,37.00,31.14,33.71,4.25
CC,763000000,1.53%,-3539000000,4302000000,,3.08%,1.37%,-0.47%,-222.36%,12.60%,6.85%,6.61%,1.10%,25.66%,963667,4.71%,3.38%,14333,0.77,3,3.28,1.59,10.81000,3055024,35.90,26.99,36.12,0.57
ASTH,290833000,-0.84%,-181006000,471839000,,32.91%,46.98%,12.96%,-11.05%,6.30%,10.83%,6.65%,3.40%,11.66%,1070811,4.40%,5.36%,22710,1.59,5,,3.47,32.22000,293710,54.45,43.23,45.65,0.90
BHC,1201000000,0.51%,-20415000000,21616000000,,-1.55%,-3.45%,-3.55%,-1220.96%,,8.00%,1.94%,-0.20%,66.32%,464976,-1.81%,-1.64%,-2222,0.36,6,1.77,0.03,4.37000,4206533,18.29,29.01,35.46,-0.13
SPB,179900000,-1.54%,-457900000,637800000,,-40.33%,-57.12%,-23.43%,-28.57%,5.60%,7.55%,0.51%,3.00%,25.50%,958645,4.65%,8.14%,38484,0.74,6,3.84,2.75,61.21000,607291,33.46,22.22,37.40,4.07
IQ,611291134,3.67%,-1322320459,1933611593,,-6.97%,-7.21%,-3.68%,-575.59%,5.80%,-1.70%,-3.59%,1.70%,-32.84%,856721,6.09%,-4.70%,22398,0.63,4,,-0.85,1.67000,78005876,34.73,36.49,36.81,0.11
TRIP,1064000000,-0.67%,174000000,890000000,1.75%,-1.35%,-0.67%,44.35%,10.75%,0.60%,6.88%,-5.42%,0.20%,-9.10%,641608,0.29%,-3.68%,1748,0.68,6,,1.96,11.44000,3677537,35.67,34.13,37.85,0.04
CSGS,161789000,-0.58%,-412795000,574584000,,7.07%,-3.07%,4.63%,-24.55%,31.20%,16.12%,9.37%,6.30%,18.96%,206422,11.85%,4.92%,14974,0.87,5,,3.12,58.38000,384661,44.41,55.35,55.39,3.03
CASH,597396000,-91.87%,564016000,33380000,-11.60%,-28.75%,-0.70%,-39.36%,35.77%,22.00%,,17.45%,2.30%,19.40%,579273,21.37%,2.02%,138366,0.10,4,,,67.20000,319223,37.82,41.29,56.03,6.86
MSDL,64762000,-0.63%,-1421899000,1486661000,,,,,-88.62%,13.01%,,,,,,,,,,0,,,18.13000,720509,31.38,30.73,39.15,2.70
REVG,31600000,45.25%,-139800000,171400000,,-15.03%,381.46%,-18.73%,-8.69%,22.70%,18.07%,6.32%,7.30%,15.18%,421691,14.96%,5.02%,16927,1.81,6,3.22,3.98,30.93000,775617,48.79,50.14,62.37,1.79
CHCO,225389000,-2.76%,-250266000,475655000,,15.04%,9.38%,17.18%,-15.61%,16.50%,,9.92%,1.80%,15.48%,310044,9.71%,1.70%,124443,0.05,4,,,108.93000,115533,34.45,37.43,51.97,7.89
GNL,224208000,-5.03%,-4342224000,4566432000,,23.07%,-12.12%,19.26%,-270.92%,-7.50%,,1.46%,-2.30%,-4.16%,11027534,,-1.36%,-2401589,0.11,4,,,6.93000,3685875,35.12,40.65,39.02,-0.76
EVT,,,-447000000,447000000,,,,,-28.74%,-11.87%,-10.02%,7.23%,-9.45%,8.59%,,-9.14%,7.07%,,-0.09,4,,1.86,21.41000,149110,33.49,23.91,40.04,-2.83
MTRN,16713000,-8.56%,-500325000,517038000,,-0.39%,4.72%,68.88%,-31.43%,0.70%,3.38%,5.12%,0.30%,7.24%,554738,1.35%,3.64%,1939,0.94,6,3.08,3.29,76.66000,118292,39.02,29.49,39.05,0.28
DNOW,256000000,-6.45%,227000000,29000000,-15.61%,19.49%,-3.33%,-3.13%,13.59%,7.30%,9.58%,-2.78%,5.10%,-1.38%,990814,7.09%,-1.24%,33820,1.49,4,5.12,3.52,15.09000,912787,48.70,53.91,56.47,0.74
ARQT,228572000,-46.88%,117987000,110585000,76.44%,12.55%,-46.30%,224.57%,7.40%,-77.20%,-41.89%,-61.51%,-32.80%,-124.18%,574684,-47.89%,-58.40%,-409471,0.46,3,1.38,0.88,13.44000,2481307,41.19,51.10,52.25,-1.16
OFG,591137000,44.01%,168575000,422562000,-67.79%,64.42%,87.97%,4.12%,10.63%,15.80%,,11.69%,1.70%,13.62%,280248,11.82%,1.42%,88232,0.06,4,,,35.08000,315503,37.68,39.20,50.18,4.23
NFE,965577000,10.14%,-8532781000,9498358000,,31.93%,28.81%,72.66%,-532.78%,-16.20%,1.14%,8.12%,-2.30%,-13.74%,3275429,,-0.76%,-374108,0.20,4,10.12,0.32,5.81000,7530979,35.43,32.51,32.48,-1.25
DESP,235935000,2.56%,181716000,54219000,-17.84%,5.76%,9.11%,15.80%,11.43%,-33.60%,52.84%,-123.93%,3.80%,-527.56%,164663,-321.71%,-8.90%,7330,0.86,7,,1.37,19.02000,2324608,48.67,60.97,70.61,0.08
JANX,1025989000,-1.73%,1002964000,23025000,213.13%,391.43%,-6.18%,41.91%,63.15%,-9.20%,-6.61%,-4.90%,-8.80%,0.50%,130716,-9.45%,-26.50%,-851778,0.01,3,,25.23,26.87000,1613248,40.93,33.81,46.34,-1.28
AFYA,154322980,1.71%,-383257096,537580076,,13.65%,18.62%,55.87%,-24.14%,15.20%,53.26%,10.17%,7.40%,11.36%,93205,13.12%,5.70%,17813,0.39,7,,2.37,17.58000,62999,49.93,53.74,51.76,1.03
LZB,314589000,-0.38%,-173607000,488196000,,5.85%,-1.52%,7.95%,-10.92%,12.30%,11.16%,9.45%,6.40%,14.80%,205085,7.68%,6.88%,12150,1.08,5,4.16,3.05,38.41000,479299,47.61,42.09,51.51,2.91
OI,734000000,-5.28%,-4235000000,4969000000,,0.99%,0.47%,-2.22%,-266.61%,-7.00%,5.47%,-2.50%,-1.20%,41.58%,311000,-25.76%,1.74%,-5048,0.71,4,5.39,1.17,10.27000,1851709,41.32,40.23,40.22,-0.69
DHT,78143000,0.44%,-331281000,409424000,,-7.80%,-4.50%,-13.61%,-20.87%,17.50%,15.42%,10.56%,12.30%,12.60%,618802,14.50%,8.36%,196295,0.39,6,7.22,2.90,9.84000,2879146,43.08,43.78,49.34,1.12
UFPT,13450000,-9.61%,-192583000,206033000,,34.67%,347.54%,131.63%,-12.36%,18.50%,14.67%,11.54%,11.20%,14.16%,121664,12.05%,9.34%,14226,0.96,6,4.54,5.40,205.58000,88960,45.79,37.22,48.23,7.58
CRTO,317185000,-9.73%,210167000,107018000,-28.85%,-6.03%,-12.22%,-8.65%,13.17%,10.70%,12.15%,6.26%,5.00%,7.10%,551266,9.65%,3.80%,31814,0.87,7,,2.32,29.01000,355042,33.87,33.43,43.87,1.90
HBI,214854000,-28.59%,-2336560000,2551414000,,-11.99%,-29.14%,-8.12%,-155.51%,-218.70%,-3.24%,4.49%,-6.30%,-47.68%,85547,,-1.64%,-7815,0.69,6,2.35,1.31,4.46000,10067215,28.19,24.88,38.81,-0.91
KLIC,538325000,-8.27%,500751000,37574000,-24.27%,-2.88%,-22.40%,-17.55%,31.91%,0.30%,2.14%,13.18%,0.30%,16.16%,261532,-0.11%,11.46%,1247,0.56,6,2.02,6.28,29.40000,828367,36.02,22.95,34.29,0.11
AMBP,610000000,-3.03%,-3292000000,3902000000,,10.56%,4.50%,7.50%,-212.25%,-21.50%,5.56%,4.20%,0.20%,33.72%,775355,4.28%,-0.04%,2054,0.90,6,10.02,1.05,2.63000,1840407,35.44,35.37,30.25,-0.05
GEL,29552000,2.45%,-4077601000,4107153000,,11.29%,9.44%,3.67%,-262.47%,-37.80%,3.64%,3.26%,-2.20%,-23.40%,1443414,,-2.82%,-73734,0.42,4,19.01,,12.81000,413778,39.62,51.95,52.22,-1.24
CNXN,442613000,-23.55%,441061000,1552000,50.02%,-38.85%,-51.21%,-31.55%,28.15%,9.90%,12.66%,9.40%,6.90%,10.34%,1086092,7.89%,6.92%,33758,2.23,5,20.82,6.51,60.57000,215474,43.62,38.77,48.84,3.29
NN,80115000,0.76%,8680000,71435000,-55.98%,,8.05%,,0.56%,-174.10%,-61.70%,-38.47%,-60.70%,-36.06%,59052,-49.44%,-143.78%,-1061240,0.03,3,,-0.50,11.92000,1276345,49.47,50.08,56.99,-0.84
HCI,536185000,-0.81%,305746000,230439000,-7.31%,54.32%,9.78%,5.78%,20.04%,25.10%,,6.38%,5.50%,9.90%,1358788,19.28%,1.92%,199190,0.38,5,,,145.00000,1300481,51.90,62.35,69.21,8.89
SOC,335772000,2.35%,-497770000,833542000,,855.30%,,,-31.94%,-263.10%,-37.61%,,-44.10%,,,-26.83%,,-3834025,,2,5.57,,17.43000,3248788,32.96,40.82,46.22,-9.21
GLPG,3491623659,2.24%,3478495238,13128422,-18.21%,-24.52%,-17.14%,,224.05%,2.60%,1.88%,-5.57%,1.70%,-2.54%,407861,-6.64%,-1.02%,109615,0.07,3,0.65,1.62,23.78000,220363,40.15,40.47,34.52,1.17
AAPG,172426140,-1.86%,-55682002,228108141,,,,,-3.57%,-197291.00%,5.59%,,-15.80%,,236923,-23.24%,,-97758,0.38,3,,,17.70000,14927,37.66,0.00,0.00,-0.17
GLP,21918000,-0.56%,-1947525000,1969443000,,9.26%,33.23%,4.31%,-125.11%,11.40%,8.96%,11.29%,2.20%,21.10%,3546191,8.98%,4.58%,17102,4.66,5,32.49,,45.83000,65444,33.20,40.61,54.68,2.41
VSH,606416000,7.97%,-418722000,1025138000,,20.97%,8.19%,11.38%,-26.98%,-1.50%,0.70%,9.86%,-0.70%,12.38%,129409,,6.30%,-1372,0.70,3,3.46,1.86,11.45000,3031633,31.29,25.98,31.09,-0.23
PHIN,484000000,0.10%,-504000000,988000000,,-0.86%,23.81%,,-32.48%,4.60%,10.22%,,2.00%,,267953,4.27%,,6220,0.87,7,5.69,1.87,38.00000,496687,36.02,33.06,49.91,1.76
DAN,494000000,-2.41%,-2419000000,2913000000,,2.96%,-2.28%,2.68%,-154.85%,-3.90%,4.94%,-2.11%,-0.70%,-1.32%,259697,-3.70%,-0.22%,-1439,1.33,4,5.84,1.86,10.63000,1696470,34.40,39.74,44.46,-0.39
MNR,105776000,-1.94%,-660391000,766167000,,,-7.07%,,-42.41%,15.80%,14.59%,,8.00%,,1920055,14.81%,,366691,0.42,5,13.18,,13.08000,188419,31.34,33.73,39.27,1.90
ATRC,122721000,-0.78%,46191000,76530000,-26.44%,0.39%,2.73%,0.03%,2.99%,-9.70%,-6.95%,-10.53%,-7.40%,-5.62%,357928,-7.44%,-4.02%,-34383,0.77,4,1.64,6.28,31.64000,325265,42.86,45.64,46.04,-0.95
AVDX,389300000,-6.78%,313896000,75404000,1.95%,-26.64%,-47.54%,,20.22%,1.20%,2.69%,-1.43%,0.40%,-39.32%,274338,-0.31%,-9.48%,5091,0.21,7,,0.44,7.56000,1241947,40.41,37.69,40.57,0.04
PSEC,59760000,-9.48%,-1998496000,2058256000,,-4.45%,-16.66%,-0.78%,-127.23%,-2.50%,,7.98%,-1.20%,7.88%,,,4.70%,,0.10,4,,,3.49000,4283585,25.42,24.69,26.14,-0.20
NIC,536047000,0.11%,374660000,161387000,15.46%,-9.39%,-3.32%,19.00%,24.36%,11.10%,,7.25%,1.40%,9.60%,354276,9.30%,1.14%,126850,0.04,4,,,100.80000,91143,44.73,49.85,59.14,8.05
SBLK,436284000,-1.53%,-1019762000,1456046000,,-2.89%,15.11%,0.19%,-66.11%,13.30%,10.75%,11.77%,7.90%,17.66%,4204179,9.73%,9.78%,1012140,0.33,7,9.39,1.08,13.17000,1718003,35.03,30.14,35.87,2.80
STNG,406737000,-12.51%,-381947000,788684000,,-18.87%,-32.02%,-15.26%,-22.99%,23.50%,21.64%,13.55%,16.80%,13.66%,51831292,20.92%,8.04%,27865583,0.31,7,38.86,2.56,33.29000,933850,36.15,24.14,33.29,13.15
VRE,24310000,-0.33%,-1648003000,1672313000,,-11.21%,-9.79%,-9.85%,-118.75%,-2.10%,,-0.64%,-0.80%,-5.60%,1441883,,-1.70%,-122979,0.09,5,,,15.10000,526193,36.30,40.20,46.13,-0.25
SHOO,203408000,-5.85%,50420000,152988000,-37.70%,11.34%,10.16%,-2.29%,3.39%,20.40%,22.44%,14.96%,12.20%,17.72%,475610,17.00%,11.26%,35290,1.65,5,5.53,5.99,21.18000,2330709,33.63,20.77,30.29,2.35
LTC,9414000,-12.83%,-675186000,684600000,,-1.79%,-23.19%,-0.25%,-43.86%,9.80%,,5.97%,4.90%,10.52%,9123783,7.59%,5.22%,3928609,0.11,6,,,33.70000,321734,38.99,41.50,45.39,2.04
VVX,268321000,-0.18%,-872977000,1141298000,,101.65%,-0.78%,75.00%,-56.83%,3.50%,6.57%,6.78%,1.10%,5.20%,268457,6.56%,2.00%,2154,1.37,7,81.31,2.06,48.44000,213457,49.62,47.26,50.89,1.08
PAX,,,,,,,,,,,,50.30%,,48.70%,764419,,31.20%,147928,,4,,,9.88000,594420,34.42,34.21,34.48,0.42
IHS,577956000,-5.76%,-3322537000,3900493000,,9.32%,-5.16%,,-216.62%,,14.65%,9.32%,-36.30%,-16.50%,597495,,-17.20%,-569841,0.38,5,24.97,-1.20,4.57000,428948,50.44,60.19,43.21,-4.90
PLUS,401832000,,401832000,,59.13%,,,,26.07%,11.20%,13.71%,14.22%,6.20%,15.16%,1118493,10.43%,7.84%,55139,1.26,6,9.91,3.68,57.84000,233611,38.59,29.94,42.09,3.91
GTY,13617000,8.20%,-905287000,918904000,,14.71%,18.91%,13.17%,-59.78%,7.40%,,6.03%,3.70%,9.26%,7033000,5.54%,4.60%,2450483,0.11,4,,,27.68000,438092,28.19,33.53,43.45,1.25
NTB,1998112000,-3.24%,1806825000,191287000,16.71%,3.63%,94.22%,5.92%,107.51%,21.20%,,17.17%,1.50%,20.58%,447825,17.85%,1.38%,167039,0.04,4,,,35.46000,196093,35.43,43.87,52.01,4.71
DBD,328200000,-4.84%,-718900000,1047100000,,,-22.86%,,-47.18%,-1.60%,8.92%,,-0.40%,,178624,-3.18%,,-786,0.99,5,5.07,1.73,40.49000,139835,44.99,44.81,68.47,-0.44
EXTR,170322000,-1.90%,-61283000,231605000,,-13.72%,-6.15%,-12.13%,-4.04%,-279.60%,-18.26%,-1.52%,-11.40%,-56.28%,382623,-36.59%,-1.76%,-45840,0.95,2,3.07,0.25,11.45000,1237091,34.05,32.73,40.14,-0.93
ZIM,2115100000,3.18%,-3914900000,6030000000,,21.97%,20.34%,31.40%,-257.84%,64.10%,30.42%,26.11%,20.90%,-68.30%,1737608,24.58%,24.60%,442825,0.82,8,28.83,1.95,12.60000,6192653,34.83,35.12,43.56,17.82
VNET,278656231,9.76%,-2195065418,2473721649,,17.61%,5.37%,27.08%,-875.02%,3.00%,-2.27%,-1.37%,0.60%,-17.96%,372409,1.00%,-4.84%,8261,0.28,4,,-0.18,5.67000,8620396,28.67,45.10,51.06,0.02
ICFI,18817000,-2.19%,-583455000,602272000,,-2.43%,-6.29%,13.77%,-38.53%,11.50%,10.37%,6.31%,5.40%,9.10%,217181,8.35%,4.02%,11846,1.00,7,,2.70,82.04000,183040,39.34,26.49,34.31,5.82
INSW,157506000,7.04%,-554233000,711739000,,-14.18%,-4.40%,0.56%,-36.84%,22.50%,18.57%,11.54%,16.00%,14.68%,328256,17.78%,9.26%,143747,0.36,5,202.25,2.40,30.65000,892389,41.63,35.40,37.95,8.38
FBNC,507507000,0.20%,415631000,91876000,,1.23%,-85.42%,-22.11%,27.70%,5.30%,,7.36%,0.60%,9.26%,239057,4.96%,1.04%,54595,0.03,4,,,36.38000,211634,41.88,40.89,49.51,1.84
MBC,120600000,-4.71%,-961700000,1082300000,,157.76%,40.52%,,-64.06%,9.90%,9.56%,8.03%,4.70%,,202794,7.42%,,9455,1.01,4,6.93,2.49,11.76000,1118288,37.42,29.24,49.06,0.96
CNTA,482177000,39.32%,364951000,117226000,112.23%,15.69%,38.58%,,24.42%,-67.20%,-42.95%,-66.04%,-49.30%,-76.96%,,-38.76%,-53.66%,-3061779,,2,,,11.27000,1311046,29.33,33.89,45.49,-2.06
HLMN,44510000,-5.10%,-748515000,793025000,,-7.61%,-5.15%,-13.94%,-50.01%,1.50%,4.13%,2.37%,0.70%,-2.50%,378949,2.93%,-0.56%,4440,0.62,7,1.94,1.57,7.56000,1635081,29.92,27.95,41.11,0.09
TRMD,291200000,-2.52%,-935100000,1226300000,,,,,-62.76%,37.10%,23.66%,13.71%,21.50%,21.22%,3403132,21.96%,11.38%,1422338,0.52,4,9.85,2.56,15.24000,848988,38.69,31.32,33.56,6.36
ARCO,138593000,0.33%,-1581694000,1720287000,,3.98%,1.73%,1.82%,-110.50%,30.10%,14.38%,5.47%,5.10%,15.10%,44702,8.38%,2.46%,1488,1.53,5,74.34,2.45,7.06000,4416160,36.26,36.83,40.78,0.71
TRUP,346619000,-0.01%,217732000,128887000,27.18%,,-0.03%,37.64%,14.65%,-3.10%,1.06%,-6.95%,-1.20%,-9.26%,1137773,-2.06%,-4.48%,-8525,1.60,5,,3.43,34.97000,910795,48.67,42.31,46.23,-0.23
MBIN,476610000,22.90%,-3909512000,4386122000,,61.88%,354.93%,89.09%,-258.99%,14.50%,,8.65%,1.50%,17.20%,975044,4.83%,1.70%,427834,0.04,2,,,32.40000,202060,27.49,33.02,44.59,6.30
CTRI,49019000,-4.12%,-959636000,1008655000,,,-23.07%,,-64.76%,-1.50%,5.16%,,-0.30%,,303583,,,-774,1.24,4,,2.02,16.74000,375408,49.09,42.25,0.00,-0.08
HI,208000000,0.18%,-1829700000,2037700000,,15.86%,-4.50%,0.36%,-121.87%,-15.10%,-1.10%,4.55%,-4.20%,11.32%,298220,-1.13%,3.54%,-21225,0.59,7,3.68,1.21,20.96000,763521,37.74,31.38,34.32,-3.15
ATSG,60576000,-1.35%,-1542040000,1602616000,,5.56%,-11.82%,0.96%,-104.11%,1.90%,3.54%,5.85%,0.70%,9.12%,413482,2.68%,3.28%,5782,0.50,7,24.07,1.20,22.48000,4627099,64.48,74.57,56.93,0.40
ARCB,157203000,1.92%,-256273000,413476000,,7.04%,-5.54%,0.86%,-17.28%,13.70%,12.94%,12.30%,7.20%,17.96%,298501,11.22%,8.56%,12426,1.74,5,,3.66,63.42000,708188,39.20,26.07,37.39,7.30
PBI,1021708000,-9.24%,-1025716000,2047424000,,-7.13%,-11.08%,-7.07%,-69.88%,,-14.40%,2.47%,-5.30%,19.72%,281472,,,-28277,0.53,6,15.69,1.55,8.02000,2871790,35.55,47.80,58.87,-1.12
VITL,160293000,-11.81%,141583000,18710000,50.22%,285.34%,-17.08%,24.31%,9.73%,21.90%,24.41%,7.39%,16.10%,9.96%,1013891,17.44%,7.08%,89278,1.83,6,13.31,12.90,33.09000,951526,54.29,47.07,54.75,1.18
UTI,177754000,-2.91%,-108408000,286162000,,9.46%,-17.81%,16.95%,-7.30%,20.10%,13.72%,3.93%,7.00%,5.66%,205249,9.63%,1.98%,13759,1.05,8,,3.38,26.92000,1043106,49.49,57.59,73.82,0.99
CABO,153631000,2.94%,-3436617000,3590248000,,-2.20%,-1.53%,15.58%,-237.25%,0.80%,2.81%,6.75%,0.20%,13.26%,560718,2.99%,3.80%,5140,0.24,5,,0.89,260.06000,81349,48.20,37.94,29.55,3.43
BTDR,493626000,66.99%,207366000,286260000,237.52%,45.76%,208.37%,,14.31%,-143.70%,,-29.48%,-58.10%,,1657735,-104.76%,,-2839578,0.34,1,8.69,,7.60000,5572174,38.03,36.30,49.50,-4.36
MAG,162347000,5505.00%,160105000,2242000,133.55%,79.91%,1355.84%,32.89%,10.93%,13.90%,13.63%,-3.53%,13.50%,5.50%,,-2.44%,5.40%,7070818,,2,,,14.13000,1599109,44.38,46.45,51.83,0.75
FDP,32600000,-7.70%,-378700000,411300000,,-16.32%,-31.24%,-10.65%,-25.88%,7.20%,7.40%,2.98%,4.50%,3.84%,126641,6.78%,2.20%,4207,1.36,8,6.56,3.27,30.41000,337266,47.53,47.97,54.15,2.96
RPD,521711000,-0.33%,-496463000,1018174000,,3.72%,-0.63%,30.92%,-34.08%,-79.80%,5.13%,-10.07%,1.60%,30.98%,349775,2.08%,-8.54%,10579,0.54,7,,0.43,22.77000,932515,30.98,19.00,31.83,0.40
ACLS,571343000,-0.90%,527669000,43674000,14.47%,-2.69%,-3.34%,-2.09%,35.78%,21.00%,20.66%,19.48%,15.20%,22.66%,667890,17.42%,15.94%,131885,0.77,5,1.91,5.27,45.22000,865942,36.83,26.69,33.28,6.15
KYMR,494538000,-0.53%,406777000,87761000,37.42%,69.68%,3.65%,32.87%,29.70%,-28.70%,-24.57%,-26.20%,-24.20%,-35.34%,250383,-28.33%,-22.58%,-1190734,0.05,2,,4.53,22.40000,1699326,29.01,28.21,39.71,-2.98
OMCL,369201000,-38.39%,-2643000,371844000,,-11.03%,-38.39%,29.87%,-0.18%,1.00%,0.02%,1.37%,0.60%,2.10%,303062,0.01%,1.20%,3414,0.49,5,6.45,1.90,31.08000,766234,35.66,32.45,37.17,0.27
PRM,198456000,0.32%,-490871000,689327000,,1.25%,0.35%,,-33.78%,-0.60%,-0.27%,3.34%,-0.20%,,1758520,-0.20%,,-18511,0.24,5,1.86,0.74,9.70000,1034756,48.68,42.50,50.46,-0.04
MSGE,80227000,-4.92%,-1008749000,1088976000,,13.95%,12.45%,,-68.39%,-323.60%,11.54%,,8.10%,,143361,21.16%,,18850,0.62,7,,1.40,30.34000,441102,42.31,37.45,40.77,2.61
AGIO,893710000,-6.32%,836722000,56988000,18.70%,-16.27%,-20.85%,-12.90%,57.70%,58.90%,45.38%,-26.33%,53.10%,6.46%,74791,27.21%,10.26%,1380584,0.03,3,0.18,9.08,25.31000,773102,31.07,31.90,41.92,11.64
DRH,128789000,-2.56%,-1051740000,1180529000,,0.13%,-8.48%,-0.22%,-73.01%,2.30%,,-0.85%,1.20%,-4.44%,36447839,3.88%,-2.42%,1233226,0.35,5,,,6.90000,2791223,37.29,25.83,36.45,0.18
JBGS,183192000,-2.05%,-2386834000,2570026000,,1.25%,0.31%,9.63%,-193.04%,-7.30%,,0.05%,-2.70%,-2.36%,848546,,-1.00%,-222521,0.11,3,,,15.07000,752352,45.80,45.04,41.18,-1.65
PACS,73374000,-11.56%,-2599341000,2672715000,,,,,-176.98%,,,,,,109732,,,2845,,3,,,9.30000,426769,28.97,23.90,0.00,0.61
AMR,481578000,-13.45%,475794000,5784000,84.54%,-76.55%,-44.25%,-60.39%,32.49%,11.50%,9.81%,34.97%,7.60%,32.72%,732001,12.25%,19.50%,46430,1.20,6,12.24,4.24,110.52000,335086,32.25,24.08,36.31,14.28
FCF,133409000,-49.18%,-209715000,343124000,,2.29%,-56.27%,-4.68%,-14.50%,10.40%,,7.70%,1.20%,10.90%,290584,8.17%,1.24%,92280,0.04,3,,,14.21000,1164234,33.17,33.37,46.65,1.39
ARIS,28673000,-0.84%,-419714000,448387000,,4.58%,4.95%,,-55.38%,7.90%,5.58%,4.87%,1.90%,,1577696,9.67%,,97308,0.31,6,,1.17,24.62000,471610,37.84,48.86,58.95,0.81
UNFI,44000000,-3.10%,-3675000000,3719000000,,1.15%,1.06%,-1.96%,-255.88%,-5.00%,1.11%,13.03%,-1.10%,-0.70%,1118201,,0.10%,-2894,4.11,6,12.09,4.63,23.73000,898670,36.60,45.60,50.52,-1.37
SPNS,216190000,1.24%,152443000,63747000,32.48%,-24.54%,-26.77%,-11.95%,10.52%,15.60%,15.81%,10.06%,10.60%,13.60%,111831,12.72%,8.12%,14882,0.80,8,,5.94,25.68000,159993,43.18,36.84,43.52,1.29
JAMF,224680000,0.17%,-144834000,369514000,,0.68%,0.69%,12.91%,-10.05%,-9.60%,-6.16%,-7.82%,-4.40%,-11.80%,241772,-6.37%,-5.82%,-26380,0.40,4,,0.79,11.09000,923579,36.08,27.08,31.65,-0.53
NTCT,426897000,-2.20%,309140000,117757000,75.41%,-34.40%,-22.97%,-25.95%,21.69%,-26.50%,-22.78%,-0.46%,-18.70%,-0.36%,357637,-25.91%,-0.36%,-182037,0.37,7,12.33,1.20,19.97000,689919,40.14,41.24,40.78,-5.86
RVLV,256600000,-4.22%,215869000,40731000,5.58%,80.35%,-0.63%,,15.09%,12.00%,13.90%,17.15%,7.50%,21.26%,692347,8.16%,13.14%,30366,1.71,5,2.48,7.09,20.08000,1903433,41.08,35.70,45.01,0.69
BEAM,858884000,-0.39%,697459000,161425000,-32.02%,3.02%,-6.52%,38.89%,48.03%,-45.80%,-40.87%,-35.34%,-30.80%,-47.74%,131507,-46.43%,-30.90%,-780004,0.05,1,,0.05,14.63000,3284199,29.89,33.69,38.94,-4.58
ARR,146183000,5.18%,-10567647000,10713830000,,39.48%,11.05%,-1.21%,-942.71%,-2.10%,,-1.48%,-0.20%,-11.58%,,-0.12%,-1.48%,,0.00,2,,,14.15000,4735150,19.34,20.29,27.73,-0.51
IBTA,349690000,,349690000,,,,,,27.57%,22.20%,3.18%,,12.80%,,414508,17.14%,,77587,0.68,6,,4.43,45.71000,391099,50.58,39.29,0.00,2.56
EPC,175500000,12.95%,-1292300000,1467800000,,0.18%,-0.59%,5.65%,-91.55%,5.90%,5.82%,5.75%,2.50%,6.62%,334806,5.31%,2.70%,13687,0.60,7,2.53,1.73,29.39000,470684,44.89,36.42,34.46,1.84
KMT,121151000,-0.82%,-521045000,642196000,,-0.47%,-3.60%,-0.11%,-36.96%,7.70%,7.90%,4.48%,3.90%,6.62%,239505,6.21%,3.26%,11390,0.81,6,2.53,2.74,18.32000,1678999,33.49,24.75,36.12,1.22
NHC,270984000,-7.21%,56218000,214766000,-70.11%,8.82%,129.97%,-1.54%,4.00%,10.60%,10.89%,4.16%,7.10%,8.36%,87380,5.63%,5.40%,6812,0.91,6,,3.56,91.53500,51,45.12,36.08,48.10,6.53
EDN,85244239,,-3021211,88265450,,323.72%,608.06%,,-0.25%,11.40%,-0.13%,-18.66%,3.20%,-27.48%,186807,-5.87%,-9.80%,12638,0.47,5,31.73,2.23,25.48000,169170,38.28,41.11,56.20,1.37
PHR,84220000,-15.30%,66417000,17803000,-12.07%,4.06%,48.57%,-5.69%,4.68%,-22.90%,-20.34%,-33.61%,-15.60%,-33.82%,201639,-20.56%,-25.88%,-28111,1.12,6,,4.88,24.00000,639829,42.12,47.64,48.15,-1.02
MNKD,197993000,-39.97%,-91004000,288997000,,-8.94%,-43.64%,18.94%,-6.50%,-14.80%,21.95%,4.12%,6.20%,19.96%,701484,29.54%,-22.88%,67784,0.64,7,2.71,-7.74,4.64000,2160251,31.17,33.51,47.05,0.10
NWBI,288378000,2.84%,-198367000,486745000,,3.71%,-29.24%,3.36%,-14.26%,6.40%,,5.53%,0.70%,7.84%,245724,4.81%,0.84%,49471,0.04,4,,,11.01000,1225654,39.70,35.24,44.26,0.79
SDGR,367455000,-1.93%,249626000,117829000,-26.77%,13.84%,-7.86%,52.11%,19.26%,-40.30%,-29.41%,-23.36%,-25.60%,-17.26%,232928,-38.81%,-12.06%,-210015,0.28,1,,1.20,19.22000,1138427,42.96,43.96,43.97,-2.57
ARWR,552935000,2.88%,27665000,525270000,-72.80%,174.79%,342.97%,104.08%,1.81%,-243.20%,-64.18%,-46.04%,-64.10%,-70.92%,4105,-108.32%,-30.50%,-1050433,0.00,2,,-2.88,11.11000,2631097,33.03,28.25,34.83,-5.16
PD,570826000,0.86%,107174000,463652000,-2.72%,14.66%,0.57%,,7.75%,-37.50%,-5.68%,-15.52%,-6.00%,-37.16%,376408,-10.07%,-11.08%,-43849,0.52,5,,1.00,15.35000,1178926,37.57,35.18,36.82,-0.59
LUNR,209649000,-3.02%,172269000,37380000,,8.87%,-14.02%,,18.89%,,-110.52%,-0.76%,-127.60%,,524138,,,-653584,1.02,3,,-3.70,7.84000,7188151,42.49,41.77,47.84,-4.63
SILA,39844000,0.10%,-523570000,563414000,,2.50%,-0.16%,-16.48%,-37.12%,3.00%,,1.99%,2.10%,6.22%,3813388,3.02%,3.78%,870551,0.09,5,,,25.33000,637315,50.76,56.17,57.16,0.75
EXPI,168588000,,168588000,,-0.77%,,,,12.09%,-9.90%,-9.86%,12.70%,-5.00%,13.94%,2282695,-9.27%,6.98%,-10628,10.70,5,,16.03,9.17000,1333389,39.07,30.99,41.36,-0.14
MGNI,483220000,-1.58%,-125594000,608814000,,-9.05%,0.36%,93.38%,-9.02%,3.10%,3.94%,-6.66%,0.90%,,738309,3.19%,,25178,0.25,7,,0.46,9.74000,2298894,34.57,36.27,43.83,0.16
ENFN,54480000,-3.86%,34168000,20312000,69.43%,,31.58%,,3.34%,4.30%,5.43%,-100.81%,2.20%,35.60%,176388,2.95%,-40.78%,2470,1.58,6,,14.50,10.79000,1513234,42.84,54.77,49.68,0.03
VERA,640852000,-0.50%,586214000,54638000,447.82%,123.06%,1.73%,233.72%,41.80%,-39.30%,-22.93%,-32.76%,-33.10%,-38.72%,,-26.46%,-72.82%,-1358464,,2,,,21.81000,1059488,35.47,28.30,43.33,-2.75
AAT,425659000,-4.70%,-1584856000,2010515000,,6.83%,18.99%,8.17%,-145.55%,4.80%,,3.81%,1.80%,3.38%,2025907,4.05%,1.36%,251319,0.14,4,,,17.95000,632593,36.49,26.73,36.54,0.94
VSCO,227000000,-12.91%,-2471000000,2698000000,,0.78%,-0.18%,0.34%,-178.07%,33.60%,9.60%,9.03%,3.60%,59.78%,200968,7.06%,5.46%,5323,1.35,7,4.07,1.93,17.59000,6461109,41.67,32.54,41.53,2.05
BTE,11866176,-0.07%,-1618313489,1630179664,,18.04%,-6.50%,4.31%,-131.57%,5.90%,9.22%,-2.81%,3.10%,-68.28%,6247877,7.85%,-3.66%,444063,0.43,7,,0.34,1.59000,38213539,34.62,26.09,28.98,0.20
GO,62828000,4.74%,-1593798000,1656626000,,4.20%,18.77%,5.73%,-115.37%,3.20%,2.77%,3.49%,1.30%,6.94%,1894886,1.93%,2.68%,17107,1.41,6,8.20,2.10,14.21000,3097433,57.57,43.65,37.75,0.40
CLBK,289223000,-23.05%,-836830000,1126053000,,39.61%,-28.38%,-4.83%,-59.94%,-1.10%,,2.83%,-0.10%,5.04%,219106,-0.56%,0.56%,-15434,0.02,2,,,13.20000,218701,32.34,34.25,38.66,-0.11
CUBI,3785931000,0.80%,2376002000,1409929000,1.67%,6.12%,-6.58%,-3.59%,169.13%,9.40%,,7.65%,0.80%,15.14%,808811,5.59%,1.06%,209873,0.03,3,,,43.89000,369921,43.72,44.65,50.41,5.09
IDYA,677124000,2.00%,657953000,19171000,25.80%,54.67%,567.51%,23.14%,48.18%,-26.70%,-25.46%,-20.64%,-25.50%,-21.48%,53435,-30.32%,-18.50%,-2095244,0.01,1,,11.73,15.77000,2501968,39.72,27.04,35.76,-3.36
IIPR,146245000,0.45%,-161850000,308095000,,-1.87%,-0.77%,17.79%,-11.75%,8.20%,,6.76%,6.70%,7.52%,14023500,7.66%,6.08%,7266227,0.13,6,,,48.70000,640194,29.27,21.07,33.15,5.52
UMH,99720000,-0.04%,-515002000,614722000,,7.18%,-10.91%,6.09%,-37.31%,0.30%,,2.61%,0.20%,-1.92%,468912,2.78%,-0.82%,4819,0.16,5,3.22,,16.71000,571183,33.56,37.59,46.44,0.03
PWP,332771000,-0.56%,145422000,187349000,95.98%,62.76%,6.51%,-2.83%,10.43%,,,-11.11%,-8.90%,-1.98%,1270679,,-2.98%,-93673,1.20,3,,,15.87000,859734,36.99,31.59,49.26,-1.22
GRDN,4660000,-59.77%,-25473000,30133000,,,,,-1.88%,-128.80%,-57.85%,,-37.20%,,361297,-36.57%,,-32367,4.15,4,,7.64,21.76000,79437,57.08,55.67,0.00,-1.77
ZD,505880000,0.06%,-358402000,864282000,,-7.46%,-13.69%,-11.36%,-25.69%,3.40%,4.22%,3.70%,1.70%,11.00%,368865,2.57%,4.46%,16591,0.39,6,,1.58,32.11000,577131,34.28,27.08,32.80,1.42
SUPV,211661881,,73610225,138051656,,,216.00%,,7.92%,16.40%,,1.01%,2.40%,0.66%,154463,10.54%,0.18%,17429,0.22,4,,,11.81000,1271315,42.30,45.84,63.68,0.72
MTSR,352447000,62.53%,342645000,9802000,,,,,24.71%,,-56.88%,,-67.50%,,,,,-2581815,,1,,,13.08000,753957,25.54,0.00,0.00,-14.49
ATEC,138840000,8.17%,-471096000,609936000,,19.72%,12.60%,61.12%,-38.72%,-1657.20%,-22.03%,-30.91%,-21.20%,2464.12%,705377,-23.03%,-29.90%,-186993,0.80,3,1.20,-0.77,9.53000,1590166,44.23,48.91,46.93,-1.13
DBRG,306298000,0.18%,9936000,296362000,,-60.64%,-20.29%,-44.28%,0.79%,0.60%,,4.56%,0.30%,-24.22%,1873543,5.39%,-3.74%,36670,0.17,5,,,7.35000,2895303,35.39,31.60,33.20,0.07
MESO,38029000,6.04%,-88082000,126111000,,7.39%,10.04%,9.65%,-6.67%,-21.30%,-13.73%,-12.21%,-15.60%,-16.92%,77671,-8.58%,-12.72%,-1415767,0.01,3,,1.67,10.40000,143611,30.94,40.70,51.17,-0.93
MCRI,58760000,-33.97%,44696000,14064000,94.81%,-48.40%,-31.12%,-41.82%,3.27%,14.30%,16.97%,12.55%,10.70%,14.36%,180064,13.70%,9.92%,25093,0.77,7,27.12,6.87,74.10000,91241,35.04,40.17,52.09,3.84
BKV,14868000,-13.16%,-150132000,165000000,,,,,-10.95%,-10.00%,-6.57%,2.77%,-5.80%,,1587380,-8.98%,,-390355,0.24,3,,1.32,16.17000,398529,31.05,38.16,0.00,-2.00
GOGL,131729000,-1.70%,-1248117000,1379846000,,-0.92%,-6.13%,0.60%,-90.26%,11.60%,10.56%,8.36%,6.50%,12.00%,22009545,9.56%,6.88%,5073045,0.28,7,13.01,1.32,6.85000,6657105,39.60,32.20,37.35,1.12
BTU,700400000,0.39%,265600000,434800000,-54.78%,-28.00%,13.85%,-20.44%,19.07%,10.30%,10.27%,1.64%,6.30%,-4.42%,756554,8.14%,3.10%,66232,0.72,5,9.18,1.91,11.23000,8231857,37.51,29.64,33.07,2.70
RUN,947416000,3.50%,-12046260000,12993676000,,23.81%,17.51%,37.78%,-898.78%,-61.90%,-10.91%,-9.87%,-13.50%,-19.02%,184276,-23.77%,-4.62%,-257385,0.10,3,3.97,-0.46,6.03000,13544398,42.98,32.56,38.21,-12.81
LKFN,168205000,,168205000,,65.19%,,,,11.76%,13.90%,,12.54%,1.40%,15.08%,356050,13.67%,1.48%,140568,0.04,4,,,52.42000,232114,31.53,31.51,41.66,3.63
DVAX,713834000,0.03%,463592000,250242000,-5.37%,-0.60%,-0.86%,2.94%,34.01%,4.30%,4.15%,6.40%,2.70%,-4.46%,684558,-0.43%,3.46%,67430,0.27,6,0.80,2.16,10.97000,4822634,24.99,37.28,44.79,0.20
STGW,131339000,-6.59%,-1527877000,1659216000,,1.08%,11.13%,7.51%,-109.03%,0.70%,4.24%,3.50%,0.10%,,239624,0.98%,,191,0.74,6,,1.02,5.12000,845165,35.18,33.71,43.37,0.02
SRCE,124826000,31.65%,-222292000,347118000,,1.70%,-17.16%,4.67%,-16.85%,12.40%,,8.91%,1.50%,12.46%,310920,9.09%,1.42%,110061,0.04,4,,,53.70000,118152,35.74,42.95,51.46,5.36
KNSA,243627000,-6.98%,233772000,9855000,20.43%,17.66%,-19.60%,30.02%,17.14%,-9.90%,-7.53%,-21.33%,-7.90%,-13.38%,1343616,-10.18%,-12.44%,-137121,0.77,3,2.12,5.50,18.65000,1255415,31.96,40.81,49.72,-0.60
CENX,39900000,8.71%,-488300000,528200000,,3.67%,10.23%,10.28%,-36.46%,50.00%,25.96%,3.76%,17.00%,-5.84%,747324,9.84%,-1.26%,107338,1.19,4,4.01,1.43,14.64000,1604260,36.73,40.40,49.91,3.27
LSPD,661568000,-12.75%,642408000,19160000,-11.51%,-32.48%,-18.32%,,47.56%,-5.30%,-6.74%,-16.50%,-4.90%,-16.72%,351208,-6.65%,-14.80%,-41264,0.42,2,35.72,4.41,8.83000,1886684,37.89,28.57,37.22,-0.80
IART,273567000,-0.25%,-1710996000,1984563000,,6.32%,18.01%,6.36%,-127.34%,-0.40%,1.68%,4.21%,-0.20%,6.90%,366362,,2.96%,-1580,0.40,5,1.78,1.14,17.42000,629782,28.53,34.33,32.89,-0.09
CGON,741998000,-19.59%,741760000,238000,296.21%,,-48.37%,,58.52%,-14.70%,-12.00%,,-14.40%,,10080,-15.63%,,-779106,0.00,3,,35.88,17.63000,1636585,29.81,26.18,28.74,-1.41
LNN,186720000,1.69%,54523000,132197000,196.40%,-0.16%,-0.03%,-1.41%,4.11%,15.60%,13.94%,11.15%,9.90%,15.06%,505892,11.30%,8.44%,60043,0.84,5,2.75,5.65,123.49000,102105,43.79,45.54,47.30,7.03
BCRX,321060000,-0.09%,-520358000,841418000,,12.36%,-0.86%,58.30%,-39.46%,,3.50%,-32.80%,-18.50%,-84.08%,777090,-0.70%,-48.98%,-153243,0.94,4,0.42,-2.60,6.41000,4090186,30.30,36.91,44.19,-0.43
WKC,382900000,-0.25%,-497900000,880800000,,20.08%,-0.80%,6.97%,-36.74%,3.40%,5.99%,5.36%,1.00%,4.34%,8886828,5.28%,1.36%,14204,6.01,7,69.84,7.04,23.58000,1073959,27.87,35.23,44.96,1.13
TNC,99800000,-3.52%,-136000000,235800000,,-6.98%,3.42%,-8.57%,-10.11%,13.40%,12.69%,10.69%,7.10%,14.54%,277785,10.66%,6.52%,18070,1.09,5,4.10,3.82,71.14000,142751,32.31,28.19,40.21,4.38
SIMO,363958000,,363958000,,,,,,107.92%,7.20%,7.68%,16.15%,5.40%,18.30%,413417,4.70%,13.42%,34200,0.65,6,2.41,2.84,39.62000,400585,30.23,30.82,33.72,1.60
CRI,412926000,1.48%,-717268000,1130194000,,-10.32%,4.50%,-4.45%,-54.30%,22.20%,13.62%,11.89%,7.90%,25.58%,185284,10.32%,8.22%,12085,1.20,6,2.85,2.85,36.88000,1815522,41.28,25.25,27.41,5.12
LGIH,53197000,-4.25%,-1427521000,1480718000,,22.51%,18.62%,16.48%,-108.93%,10.00%,,12.03%,5.30%,21.64%,1882562,4.57%,12.36%,167582,0.60,3,0.51,,56.73000,307981,31.11,24.43,36.11,8.30
CWH,208422000,1.97%,-3434038000,3642460000,,2.90%,-5.53%,4.25%,-424.49%,-24.20%,5.83%,9.72%,-0.80%,237.82%,467073,,2.70%,-2958,1.25,5,2.21,1.67,12.94000,2670667,31.30,23.42,38.91,-0.80
STEL,911216000,-58.78%,841111000,70105000,251.24%,-29.35%,-56.12%,1.16%,64.55%,7.30%,,6.68%,1.10%,8.94%,424162,6.85%,1.22%,112417,0.04,4,,,24.99000,283431,38.43,41.42,48.14,2.15
ANIP,151201000,-0.20%,-472891000,624092000,,29.50%,118.47%,27.43%,-33.37%,-4.70%,-0.42%,-2.11%,-1.80%,-9.24%,684923,-0.40%,-3.80%,-22460,0.56,3,2.02,1.66,65.12000,381220,51.21,59.45,56.28,-1.04
OPRA,126797000,6.97%,117211000,9586000,0.94%,-10.80%,-9.10%,-29.98%,17.72%,8.80%,10.37%,3.31%,7.90%,8.60%,811905,7.97%,7.78%,136438,0.47,6,,5.06,14.93000,276173,40.15,40.74,51.44,0.90
SVV,154541000,0.68%,-1148744000,1303285000,,17.71%,1.20%,,-87.47%,7.00%,6.76%,8.84%,1.60%,17.60%,67736,4.43%,2.12%,1279,0.82,5,29.83,1.36,8.31000,803399,58.98,42.79,30.49,0.17
FORTY,563200000,-4.80%,-81013000,644213000,,-3.32%,-3.85%,1.31%,-6.14%,12.20%,8.45%,10.59%,2.80%,11.78%,125914,11.71%,2.46%,3638,0.97,5,57.01,,85.99000,500,36.33,47.79,53.65,5.09
DRD,4304559,-90.91%,4207739,96820,-40.81%,-61.74%,-24.16%,-60.11%,0.32%,214.87%,-224.79%,16.55%,163.21%,17.92%,178959,175.39%,13.48%,41105,1.07,6,93.77,,15.25000,757238,60.58,69.90,65.28,1.08
ELME,8609000,1.16%,-690344000,698953000,,12.04%,2.89%,-8.67%,-52.92%,-1.20%,,-0.08%,-0.70%,-1.58%,948765,,-0.98%,-51384,0.13,4,,,14.90000,497114,28.86,39.54,42.75,-0.15
NYAX,152756000,-0.99%,97852000,54904000,185.17%,40.11%,-0.53%,,7.62%,-3.50%,3.05%,-9.65%,-1.30%,,285466,,,-5119,0.73,5,8.55,3.64,35.89000,4244,51.72,59.40,68.90,-0.16
HDL,254719000,7.94%,42093000,212626000,,,4.77%,,3.07%,6.60%,21.67%,,7.70%,,59608,4.73%,,1670,2.74,5,18.46,,20.35000,2632,38.42,44.10,0.00,0.40
BAK,2840160534,,-9643879227,12484039761,,61.47%,21.94%,65.05%,-770.06%,,15.52%,7.73%,-11.70%,555.12%,1461787,,-2.04%,-213761,0.80,4,6.47,0.35,3.31000,1665740,39.90,32.03,35.98,-4.60
JBLU,3837000000,3.40%,-5305000000,9142000000,,23.94%,69.93%,23.73%,-405.73%,-30.00%,-4.10%,-6.17%,-5.20%,-17.56%,403435,-5.80%,-4.34%,-34565,0.61,4,27.88,0.64,3.69000,30755152,32.15,30.31,38.48,-2.30
BWLP,282450000,160.66%,-890846000,1173296000,,,,,-68.24%,20.10%,14.50%,,12.10%,,2493875,12.85%,,247933,1.22,5,,2.29,8.70000,738308,30.13,31.54,40.88,2.64
SPRY,314022000,67963.73%,244597000,69425000,7.24%,97.35%,25237.59%,34.76%,18.60%,3.60%,2.53%,7.17%,3.10%,-11.86%,557181,-0.91%,-10.70%,49988,0.35,4,,9.26,13.24000,2048417,56.81,55.22,52.99,0.08
LZMH,583772,10.42%,-3949826,4533598,,,-60.99%,,-0.30%,-18.50%,0.07%,,-2.70%,,5479589,-2.69%,,-7317,2.81,1,,35.45,8.55000,1058088,54.95,0.00,0.00,-0.12
UVV,101700000,15.17%,-1123934000,1225634000,,20.50%,21.25%,20.91%,-86.03%,8.60%,10.36%,6.06%,4.20%,7.36%,261843,6.79%,3.88%,11277,0.97,4,1.98,2.74,52.53000,209735,39.34,47.00,49.38,4.86
IMCR,820376000,-10.05%,387654000,432722000,8.40%,75.69%,409.02%,42.26%,29.78%,-14.00%,-4.28%,-33.19%,-5.00%,-65.62%,629213,-8.88%,-21.46%,-103625,0.30,3,0.55,1.15,25.82000,474735,38.04,33.60,37.16,-1.02
BTX,,,,,,,,,,,,,,,,,,,,0,,,5.90000,501997,38.53,29.29,33.20,-2.82
NBHC,127848000,66.88%,4442000,123406000,,25.62%,-70.18%,-14.15%,0.35%,9.40%,,8.50%,1.20%,10.34%,305473,8.32%,1.24%,90768,0.04,4,,,33.92000,266632,29.57,26.86,42.94,3.08
DMLP,42508000,-6.05%,41468000,1040000,-9.28%,-17.98%,-20.79%,-16.06%,3.19%,32.20%,25.50%,47.17%,31.50%,50.76%,5982333,25.48%,49.06%,3303704,0.57,5,,,27.23000,107275,37.07,32.20,44.60,2.13
LZ,142064000,-2.09%,134185000,7879000,-38.08%,,-12.63%,-56.71%,10.07%,31.40%,40.19%,-29.63%,7.80%,14.02%,707345,24.47%,-5.50%,31082,1.77,6,,0.81,7.32000,3057012,31.94,40.57,37.91,29963.00
KLC,62336000,-19.70%,-2324140000,2386476000,,,,,-180.52%,-13.50%,2.86%,4.23%,-2.50%,10.20%,60953,,1.02%,-2125,0.73,6,,1.04,10.91000,690993,29.66,20.74,0.00,-0.96
DAC,453384000,8.22%,-281399000,734783000,,-18.07%,81.80%,-13.63%,-21.45%,15.30%,12.73%,13.81%,12.30%,26.74%,253527500,13.00%,16.06%,126268250,0.25,5,10.33,2.55,68.92000,156453,37.55,37.98,46.47,26.05
SEMR,235568000,1.56%,223297000,12271000,-0.30%,,-15.98%,,17.17%,3.40%,7.68%,14.43%,2.20%,32.26%,241393,1.20%,-4.78%,5276,1.01,5,,7.68,8.75000,610565,34.96,34.35,44.12,0.06
GABC,188792000,2.93%,-21339000,210131000,,11.35%,8.35%,-9.68%,-1.68%,12.00%,,9.53%,1.30%,12.80%,245565,9.06%,1.38%,82168,0.04,4,,,34.32000,105175,28.88,34.23,48.95,2.83
DOLE,336036000,-0.47%,-965311000,1301347000,,-9.19%,-9.07%,,-75.61%,9.40%,9.58%,5.24%,2.80%,7.72%,239613,4.91%,1.88%,3548,1.89,7,19.19,2.65,13.42000,371019,43.30,46.06,50.13,1.32
KN,130100000,-8.85%,-82100000,212200000,,30.22%,-25.41%,2.11%,-6.53%,-28.60%,-22.83%,6.18%,-19.20%,-9.08%,100636,,-6.78%,-43236,0.45,5,2.60,1.36,14.55000,1401942,43.39,36.07,41.03,-2.64
KRP,36572021,-4.35%,-206149865,242721886,,3.38%,-18.02%,18.64%,-8.86%,-1.50%,3.45%,-2.42%,-0.70%,-2.46%,13448154,,-0.96%,-384293,0.25,6,,,11.78000,703109,31.05,25.56,30.16,-0.12
GBX,301900000,-4.49%,-1455000000,1756900000,,5.38%,1.99%,15.65%,-114.61%,14.50%,,4.06%,4.80%,5.42%,247268,8.26%,1.88%,14275,0.83,6,3.80,,40.57000,678728,26.06,27.64,44.08,6.25
MLNK,92765000,-0.28%,-375835000,468600000,,3.11%,10.64%,-2.41%,-29.98%,-6.80%,1.06%,2.88%,-3.10%,10.98%,463780,,-2.60%,-43654,0.33,6,,1.46,16.60000,237612,34.36,36.82,42.57,-0.39
BLX,2047452000,,-2892868000,4940320000,,15.71%,49.96%,32.68%,-238.69%,14.60%,,2.39%,1.70%,8.90%,1520680,3.51%,1.16%,949474,0.03,2,,,34.55000,164428,43.16,48.55,62.54,4.55
HTZ,1133000000,-3.00%,-17275000000,18408000000,,14.02%,3.22%,,-1434.42%,-204.30%,,0.88%,-12.10%,,348038,-12.27%,,-110077,0.38,3,,,4.14000,8496424,51.68,49.62,37.46,-9.34
LADR,1336089000,-12.54%,-1799528000,3135617000,,-9.42%,-17.13%,-8.39%,-141.93%,7.10%,,1.54%,2.10%,5.16%,5025407,2.30%,1.42%,2004722,0.05,7,,,9.99000,1416501,27.14,30.25,42.09,0.86
ADEA,110392000,-9.12%,-374544000,484936000,,-14.33%,-18.56%,6.86%,-29.29%,17.40%,13.05%,10.40%,6.00%,3.32%,2506827,11.61%,0.40%,430820,0.35,7,,2.04,11.81000,511751,37.03,43.89,51.72,0.57
TDOC,1298327000,-0.25%,-275949000,1574276000,,6.86%,-0.46%,27.60%,-21.95%,-59.00%,-37.66%,-79.18%,-26.90%,-62.48%,467195,-33.30%,-42.96%,-182045,0.69,4,22.21,-6.02,7.24000,5259213,35.16,38.19,32.51,-5.87
STBA,244820000,-26.03%,-5494000,250314000,,15.77%,-50.30%,-9.68%,-0.43%,9.80%,,6.82%,1.40%,8.82%,318206,8.05%,1.16%,108843,0.04,4,,,33.14000,237226,31.95,34.64,50.14,3.41
ANDE,561771000,49.78%,-314445000,876216000,,-9.08%,31.71%,-7.26%,-24.66%,8.60%,7.36%,5.20%,3.20%,7.80%,5061847,6.72%,2.28%,51264,3.20,5,8.61,3.83,37.30000,298321,35.17,35.83,40.36,3.32
CGAU,625298000,,607383000,17915000,-2.02%,,437.83%,-23.86%,45.76%,4.70%,9.53%,2.36%,3.50%,-0.92%,332741,2.11%,-0.70%,22026,0.53,7,3.40,2.99,6.25000,1202871,55.07,51.13,49.52,0.35
AMC,680800000,-2.20%,-7596100000,8276900000,,-8.35%,-9.47%,-4.38%,-602.25%,,0.87%,-12.96%,-4.20%,76.06%,138913,,-14.48%,-10563,0.55,3,,-0.87,2.92000,8106762,49.17,36.38,37.47,-1.06
BHE,328027000,-6.81%,-38164000,366191000,,18.31%,-19.40%,11.17%,-2.98%,5.80%,7.44%,4.30%,2.90%,4.76%,227018,5.58%,2.32%,5413,1.23,7,3.86,3.03,34.91000,306599,40.06,35.91,49.05,1.72
DSL,270137,,-509729863,510000000,,,-46.32%,,-40.57%,-37.36%,-36.33%,-2.24%,-26.35%,-4.02%,,-25.83%,-2.89%,,-0.26,0,,-0.92,11.27000,826161,32.63,27.71,38.39,-4.13
NABL,85196000,-0.72%,-283997000,369193000,,-1.09%,-1.42%,92.33%,-23.03%,4.20%,7.09%,0.50%,2.50%,,262914,4.16%,,17461,0.38,5,,1.94,6.64000,1290754,37.67,20.81,29.84,0.16
SPH,4441000,6.74%,-1436290000,1440731000,,3.42%,4.32%,0.67%,-114.62%,11.80%,7.11%,10.57%,3.00%,20.74%,415655,9.01%,4.82%,21532,0.57,5,16.36,,19.43000,176834,37.94,48.38,53.35,1.06
KARO,47232785,9.39%,17626718,29606067,-35.31%,33.54%,130.90%,29.00%,1.46%,30.20%,-6.51%,30.29%,19.60%,,55993,29.41%,,11121,0.99,5,61.33,10.23,40.46000,15100,45.59,46.15,56.81,1.58
LUCK,80755000,6.57%,-2966552000,3047307000,,34.17%,7.61%,76.64%,-232.31%,,5.32%,3.34%,,,103904,,,-44,0.37,4,52.73,0.63,8.71000,323063,42.75,39.15,42.34,-0.01
KMTS,10293000,,-34876000,45169000,,,,,-2.90%,,-677.04%,,-238.40%,,92713,,,-336137,0.66,2,8.34,-9.35,24.20000,243267,48.51,0.00,0.00,-1.97
BOW,222058000,,222058000,,85.41%,,,,17.80%,12.00%,,,2.70%,,1709478,11.45%,,153586,0.30,5,,,37.96000,402236,50.74,60.10,0.00,1.29
NTST,14320000,11.46%,-855141000,869461000,,53.94%,42.58%,37.97%,-69.25%,-0.90%,,0.62%,-0.60%,0.26%,7399273,,0.16%,-542591,0.08,5,,,15.06000,1080672,51.46,50.51,44.18,-0.16
UPBD,60860000,4.60%,-1521739000,1582599000,,-5.37%,-1.09%,25.13%,-124.82%,20.40%,,7.75%,4.70%,16.00%,360949,9.17%,4.40%,10316,1.65,4,,,21.51000,446208,35.54,26.55,39.48,2.21
BV,98300000,-1.04%,-782400000,880700000,,-12.01%,-9.41%,-6.22%,-63.46%,2.90%,5.78%,2.85%,1.10%,0.60%,139776,3.86%,0.22%,1867,0.82,5,,1.51,12.92000,653654,50.00,42.32,51.72,0.18
TALO,214432000,-8.64%,-1026293000,1240725000,,8.15%,18.55%,10.54%,-83.88%,-2.80%,2.13%,11.02%,-1.20%,-3.56%,2819383,,-1.12%,-109133,0.31,4,,0.49,6.85000,2160283,35.02,31.82,33.14,-0.44
CODI,59727000,-0.11%,-1714563000,1774290000,,11.36%,6.13%,35.09%,-140.03%,1.00%,4.59%,2.69%,0.30%,7.46%,607079,1.55%,2.52%,3537,0.56,4,1.42,1.19,16.39000,356984,33.98,27.73,38.02,-1.14
SEZL,242596679,10.48%,137782049,104814630,30.43%,10.25%,9.62%,36.65%,11.08%,137.20%,42.08%,-11.74%,32.80%,-121.38%,664529,49.80%,-10.86%,192457,1.13,6,,5.54,36.42000,1197388,48.39,47.67,56.84,2.19
IREN,455573000,12204.15%,135665000,319908000,50.36%,56.27%,23439.96%,,11.05%,-4.90%,-2.84%,-14.18%,-4.10%,,1193970,-3.85%,,-355951,0.22,3,,0.77,5.49000,13338806,35.86,36.81,43.45,-0.37
TNK,538003000,-0.76%,484412000,53591000,174.86%,-56.57%,-75.18%,-44.78%,39.64%,23.50%,22.34%,12.36%,21.20%,13.62%,527612,20.98%,10.74%,173248,0.65,5,14.95,5.37,35.77000,659393,42.19,33.71,41.66,11.63
CDRE,124933000,6.28%,-109005000,233938000,,13.57%,63.23%,,-8.88%,12.20%,11.11%,13.65%,5.80%,-60.00%,248494,8.16%,6.82%,15820,0.91,5,4.09,3.78,30.22000,207454,44.70,40.42,49.32,0.90
DXPE,148411000,17.71%,-527948000,676359000,,21.53%,17.43%,17.33%,-42.00%,17.80%,13.47%,6.35%,5.70%,9.08%,595125,10.97%,3.02%,23249,1.46,5,12.04,3.29,78.12000,105699,46.17,50.49,63.93,4.22
DSGR,81726000,-1.23%,-749362000,831088000,,49.58%,28.05%,121.45%,-62.97%,-1.10%,3.74%,4.69%,-0.40%,1.64%,410024,,0.98%,-1666,1.08,3,3.58,2.08,26.31000,124007,37.84,30.05,42.64,-0.16
NEOG,127705000,0.07%,-765401000,893106000,,,0.33%,,-62.95%,-16.70%,-11.17%,4.50%,-11.30%,4.10%,310592,-12.29%,3.80%,-166357,0.21,5,2.39,0.55,5.63000,14756530,24.28,19.41,29.50,-2.23
CET,895639,5.95%,79272821,3160047,373.29%,,1497.00%,,6.39%,4.27%,,12.36%,4.26%,12.36%,9561200,,12.35%,9394036,0.05,4,0.10,236.92,42.18000,73146,42.20,41.50,53.80,10.15
HUT,103711000,0.49%,-241938000,345649000,,,69.59%,,-19.86%,43.20%,34.81%,,28.20%,,731464,25.95%,,1494964,0.14,4,,2.79,11.73000,5806020,43.09,37.57,47.52,3.40
IRON,489881000,1577.85%,459881000,30000000,28.36%,162.79%,1327.89%,24.80%,37.97%,-25.20%,-22.90%,3074.37%,-23.60%,-6.70%,,-27.39%,-133.72%,-1301869,,2,,,35.23000,525004,30.10,28.90,44.23,-3.96
IMKT.A,,,,,,,,,,,,,,,,,,,,7,,,62.74000,173215,,,,
IMKTA,269509759,-1.16%,-288909040,558418799,,-3.76%,-5.32%,-9.02%,-24.39%,5.10%,5.63%,12.45%,3.10%,19.48%,206626,3.97%,9.40%,2987,2.17,7,8.46,4.28,63.87000,108568,52.29,46.18,43.09,4.15
AZTA,465525000,-4.13%,411184000,54341000,-55.42%,-16.55%,-18.26%,-5.28%,34.36%,-8.40%,-8.77%,-4.31%,-7.20%,15.84%,196823,-10.45%,13.40%,-49026,0.29,3,3.64,3.67,26.53500,1125453,27.27,21.93,34.93,-3.07
AHCO,109747000,-2.22%,-2020589000,2130336000,,-3.50%,-7.16%,38.60%,-167.02%,6.00%,6.59%,0.49%,2.00%,-19.90%,310569,4.89%,-4.18%,8612,0.73,8,20.36,1.04,8.96000,1311202,37.46,44.25,42.09,0.61
IDT,276649000,-13.86%,275300000,1349000,2.59%,-35.44%,-44.89%,-31.17%,22.82%,32.20%,24.89%,31.08%,14.50%,37.24%,666334,30.62%,10.44%,43583,2.22,5,,5.80,47.72000,90345,42.32,50.74,61.47,3.15
TUYA,855405000,-6.44%,850756000,4649000,8.12%,-40.20%,-40.30%,-12.32%,78.06%,0.50%,0.71%,-0.37%,0.50%,2.68%,203834,-3.29%,-11.28%,3411,0.27,5,5.54,7.24,2.02000,2100059,27.64,44.49,40.14,0.01
TVTX,370701000,-0.21%,-30883000,401584000,,15.30%,-0.79%,14.41%,-2.58%,-1091.50%,-78.87%,-55.73%,-55.60%,-297.32%,605649,-70.30%,-31.36%,-835182,0.40,4,0.19,-2.96,13.49000,2251893,25.55,38.27,46.71,-4.08
GSBD,61795000,2.59%,-1867577000,1929372000,,1.20%,5.62%,20.18%,-159.94%,3.90%,,8.30%,1.80%,10.40%,,9.79%,4.66%,,0.12,4,,,10.20000,1502509,28.67,24.32,28.01,0.55
CCB,452513000,-0.33%,399231000,53282000,-7.00%,-3.45%,-1.07%,10.57%,33.45%,13.00%,,10.10%,1.10%,14.98%,622184,9.19%,1.14%,92662,0.08,4,,,79.66000,115257,43.32,53.10,66.27,3.26
MMI,360631000,-0.72%,276408000,84223000,8.20%,2.90%,-4.01%,-0.76%,23.26%,-2.00%,-1.66%,4.84%,-1.50%,7.72%,775987,-4.60%,5.54%,-13781,0.83,4,,4.86,30.36000,173269,34.76,36.27,43.18,-0.32
PRA,54881000,-0.41%,-387382000,442263000,,-0.27%,-0.46%,7.51%,-32.72%,4.50%,,-0.63%,0.90%,,1110429,4.34%,,50911,0.20,4,,,23.14000,1074646,82.41,77.27,63.92,1.03
TCBK,144956000,-45.20%,-71282000,216238000,,17.16%,-71.62%,15.94%,-5.92%,9.60%,,7.88%,1.20%,10.30%,332090,7.99%,1.18%,98010,0.04,3,,,35.90000,169554,31.18,32.18,44.27,3.46
NRP,30444000,-28.02%,-111624000,142068000,,-31.06%,-8.38%,-22.74%,-9.30%,30.20%,23.42%,26.72%,19.80%,23.82%,1102909,28.74%,13.52%,637494,0.34,5,,,89.99000,40101,35.02,37.12,53.04,11.35
WABC,601494000,-9.18%,481172000,120322000,264.10%,-6.30%,106.87%,31.22%,41.22%,16.30%,,13.81%,2.20%,16.08%,476380,13.72%,1.78%,225058,0.05,4,,,44.24000,228107,36.61,39.12,44.49,5.20
RBCAA,432151000,10.13%,-103288000,535439000,,14.61%,4.34%,-11.66%,-9.84%,10.50%,,6.83%,1.50%,10.44%,330759,6.64%,1.44%,101472,0.05,4,,,60.57000,28815,39.86,40.12,54.20,5.21
FL,401000000,-1.80%,-2383000000,2784000000,,-6.37%,-5.40%,-3.45%,-202.23%,0.40%,0.98%,4.32%,0.20%,8.18%,168858,0.48%,3.24%,254,1.16,6,3.74,2.08,12.38000,5332916,35.68,29.43,36.39,0.13
TIGR,2934882841,-0.52%,2765321193,169561648,25.52%,76.13%,2.27%,96.14%,242.49%,11.10%,9.86%,4.13%,1.10%,5.68%,298231,7.14%,0.66%,54759,0.06,4,,0.37,6.70000,8288951,36.58,48.52,54.87,0.36
EXOD,68385000,,68385000,,24.24%,,,,5.73%,53.90%,46.79%,,48.20%,,553676,42.40%,,537895,0.50,4,,26.35,41.07000,39844,46.91,53.04,67.47,3.52
WINA,12329800,-8.86%,-50705800,63035600,,6.34%,-13.39%,14.92%,-4.37%,-89.00%,248.57%,282.93%,98.80%,-122.90%,913361,344.34%,106.00%,448924,2.01,8,8.72,15.63,331.14000,17181,44.17,35.13,44.75,10.89
EVRI,400677000,-2.00%,-550258000,950935000,,-1.05%,-2.41%,-3.01%,-47.37%,6.10%,7.19%,11.67%,0.70%,-2809.76%,329523,6.98%,3.30%,6529,0.37,6,2.28,1.06,13.52000,1978711,44.20,59.69,51.15,0.17
IMAX,100592000,-3.63%,-165665000,266257000,,5.60%,5.63%,70.97%,-13.82%,9.30%,,-0.72%,3.10%,-5.92%,503154,6.51%,-2.58%,37227,0.42,5,5.03,,22.03000,2338026,33.69,44.89,54.33,0.48
NAVI,2103000000,-3.36%,-46215000000,48318000000,,-14.38%,-16.16%,-11.74%,-4052.61%,3.20%,,0.56%,0.20%,13.88%,494762,0.23%,0.58%,62381,0.02,5,,,11.42000,1380370,42.16,36.64,39.52,1.18
WS,52000000,-4.59%,-135000000,187000000,,,-30.69%,,-11.23%,14.50%,15.15%,,7.90%,,715174,12.84%,,31174,1.81,5,7.98,3.83,23.56000,319006,39.05,31.22,43.24,2.85
BKD,399719000,8.88%,-5252278000,5651997000,,2.65%,19.60%,-0.72%,-450.03%,-66.20%,0.80%,-0.95%,-3.50%,-30.66%,86819,,-2.22%,-5609,0.54,6,,-0.27,5.83000,3082245,51.49,53.35,51.70,-0.89
AMPL,241978000,242.08%,240206000,1772000,-24.65%,,-50.83%,,20.72%,-32.40%,-30.70%,-18.15%,-21.30%,-16.30%,413359,-35.99%,-20.08%,-130275,0.67,4,,3.64,9.01000,823813,35.30,38.41,34.09,-0.76
SDRL,505000000,,-105000000,610000000,,-53.63%,0.33%,,-9.04%,15.10%,10.78%,,10.70%,,419697,6.15%,,135152,0.33,3,,1.65,18.74000,1570909,31.31,17.89,32.74,6.37
DFIN,57300000,-0.49%,-84100000,141400000,,-7.95%,-6.11%,-16.76%,-7.23%,21.40%,22.35%,16.55%,10.80%,21.54%,434389,17.47%,9.02%,51333,0.91,6,,4.08,40.68000,510494,36.94,28.63,37.76,3.06
ALEX,33672000,0.56%,-441165000,474837000,,-4.04%,2.34%,-8.15%,-37.73%,6.00%,,4.91%,3.70%,1.58%,2390313,5.38%,0.94%,611253,0.14,6,,,16.00000,1277549,32.12,31.67,41.50,0.83
ACMR,448984000,7.13%,260201000,188783000,38.15%,68.96%,90.51%,60.65%,22.38%,12.10%,11.76%,8.58%,6.00%,11.62%,386613,10.32%,5.68%,51224,0.46,6,0.68,2.33,18.42000,1822539,32.37,43.18,48.72,1.53
SCS,406300000,-1.90%,-192900000,599200000,,-6.04%,-5.37%,-3.95%,-16.61%,12.60%,10.82%,5.37%,5.10%,7.78%,279044,8.52%,2.96%,10124,1.41,5,8.37,2.90,10.21000,1189543,40.70,35.44,43.74,0.96
PX,68115000,-0.03%,-272259000,340374000,,14.26%,9.75%,,-23.63%,5.30%,,8.96%,2.20%,12.60%,1110292,6.02%,2.58%,70037,0.35,6,,,10.44000,712484,41.69,41.94,48.11,0.16
EIG,68500000,-10.64%,64300000,4200000,-70.87%,-36.75%,-28.81%,-25.09%,5.55%,11.30%,,9.39%,3.30%,9.78%,1231748,11.06%,2.80%,165874,0.25,4,,,47.55000,200534,40.38,45.01,53.89,4.71
FLNG,437203000,8.20%,-1373034000,1810237000,,3.49%,-0.11%,18.37%,-118.35%,14.40%,8.90%,6.93%,4.50%,13.76%,39594333,7.55%,4.54%,13076000,0.14,6,14.78,0.78,21.40000,583098,43.27,40.37,39.39,2.18
INOD,46897000,-6.51%,35498000,11399000,2176.97%,-3.10%,-7.03%,-1.62%,3.08%,67.50%,32.89%,-1.20%,34.60%,0.94%,25641,38.03%,1.50%,4311,2.06,7,,16.70,36.98000,1876128,45.55,49.51,62.73,0.89
DNN,90249404,,90249404,,-17.19%,,,,8.16%,-15.30%,-17.92%,-8.18%,-13.30%,0.56%,42981,-11.21%,0.58%,-973494,0.01,4,0.84,6.47,1.23000,251509114,39.13,35.21,42.12,-0.07
TFIN,330117000,-21.66%,188103000,142014000,,-26.44%,-64.97%,-23.97%,16.31%,1.50%,,5.84%,0.20%,8.02%,255701,1.56%,1.10%,8296,0.07,4,,,49.39000,187910,30.32,25.73,39.71,0.54
ATEN,195558000,,195558000,,22.76%,,,,16.89%,22.80%,18.79%,24.32%,12.30%,28.40%,544067,16.37%,14.04%,104241,0.64,5,2.26,4.70,15.60000,956227,37.50,41.29,50.88,0.67
AIV,172439000,-13.08%,-1020066000,1192505000,,-9.63%,-5.84%,16.36%,-95.80%,-43.50%,,-0.97%,-5.00%,-13.60%,3597914,-0.11%,-1.96%,-1766690,0.10,3,,,7.50000,1327793,28.34,29.87,44.06,-0.75
BRDG,102431000,-2.52%,-347676000,450107000,,41.12%,-6.99%,64.78%,-33.54%,9.20%,,43.35%,0.60%,26.76%,186320,5.77%,9.70%,3558,0.34,7,,,8.61000,245796,42.19,46.73,44.56,0.13
MODG,445700000,-1.45%,-2504000000,2949700000,,5.78%,-4.62%,31.18%,-223.83%,-40.90%,-18.24%,-2.72%,-16.60%,-8.82%,141310,-23.47%,-3.12%,-48257,0.49,6,2.05,0.18,6.27000,3547255,46.15,29.73,30.23,-7.88
SEI,159867000,-0.88%,-169009000,328876000,,252.32%,588.18%,107.20%,-14.61%,6.00%,3.37%,0.83%,2.00%,2.56%,860140,5.12%,0.92%,40571,0.42,6,18.27,2.13,17.13000,1880169,38.56,41.88,51.97,0.50
ADPT,225191000,-0.83%,2525000,222666000,-97.89%,25.84%,-2.95%,43.49%,0.22%,-67.70%,-33.52%,-31.26%,-27.70%,-44.26%,289107,-38.21%,-23.46%,-257661,0.31,3,6.30,-1.50,7.72500,1700355,48.50,57.43,49.03,-1.08
VBTX,855200000,0.09%,624464000,230736000,108.66%,-38.86%,-30.03%,-22.51%,54.83%,6.80%,,5.30%,0.80%,8.28%,468831,5.85%,1.08%,123978,0.03,4,,,21.04000,701656,39.48,38.17,45.58,1.95
SPT,90182000,-7.40%,46892000,43290000,130.16%,22.34%,-41.52%,16.09%,4.09%,-39.70%,-27.83%,-25.32%,-15.50%,-32.58%,307041,-28.76%,-15.66%,-46877,1.01,5,,1.94,19.84000,456226,31.62,27.45,34.42,-1.09
APLD,307579000,87.76%,-491831000,799410000,,773.37%,335.54%,523.26%,-42.35%,-117.80%,-20.82%,,-27.90%,,1410793,-6.25%,,-1806227,0.22,2,,-0.13,5.13000,20593650,39.12,40.58,48.07,-1.75
NEO,386844000,-0.15%,-218490000,605334000,,-0.41%,-1.04%,35.43%,-19.53%,-8.60%,-5.54%,-6.25%,-4.80%,-6.38%,300257,-6.11%,-3.62%,-35785,0.40,5,14.56,1.10,8.90000,2426348,41.20,29.30,37.85,-0.62
MD,348506000,-3.12%,-313807000,662313000,,-14.67%,-5.61%,-18.06%,-26.97%,-12.90%,-3.53%,3.42%,-4.70%,-15.70%,488573,-4.13%,-4.30%,-24046,0.96,7,,1.30,13.56000,651253,43.79,50.74,50.48,-1.19
ARI,317396000,-9.29%,-6072807000,6390203000,,2.22%,-8.12%,9.13%,-534.27%,-6.80%,,2.26%,-1.50%,3.10%,,,0.90%,,0.03,2,,,8.21000,1745511,28.65,34.76,40.47,-0.97
NGVT,68000000,-6.53%,-1386700000,1454700000,,3.21%,-5.20%,2.20%,-123.20%,-136.30%,-24.90%,3.92%,-19.00%,-11.18%,879000,-16.71%,0.44%,-268937,0.62,6,3.55,0.88,31.27000,301848,29.65,32.85,37.73,-11.85
IRS,138388572,,-212509514,350898086,,425.26%,-36.24%,262.17%,-245.39%,-2.40%,0.01%,3.80%,-1.20%,17.80%,279816,-14.04%,9.44%,-24806,0.13,3,26.93,,11.96000,90515,38.76,40.85,55.49,-0.43
EVH,163498000,12.35%,-550175000,713673000,,36.52%,10.68%,14.12%,-47.71%,-8.60%,-2.09%,-7.22%,-3.70%,-15.76%,567720,-2.07%,-7.52%,-20768,1.00,5,,0.98,9.89000,4326456,54.22,34.91,36.64,-0.81
CSTM,141000000,-3.61%,-1777000000,1918000000,,-6.17%,-0.57%,-5.91%,-158.53%,6.10%,7.36%,10.44%,1.10%,49.10%,611250,4.01%,2.94%,4667,1.45,5,5.38,2.04,7.92000,1355480,31.86,29.86,34.65,0.38
CRAI,33246000,-38.56%,-69991000,103237000,,-9.40%,-5.07%,-8.32%,-6.31%,22.80%,22.07%,12.30%,8.30%,19.06%,726653,15.80%,7.06%,49316,1.22,6,,4.05,167.10000,29545,41.56,42.01,56.33,6.74
VYX,755000000,-0.37%,-591000000,1346000000,,-39.07%,-52.42%,-19.28%,-53.23%,206.50%,36.15%,-0.31%,19.90%,33.40%,201857,-1.62%,3.10%,67357,0.60,5,9.81,1.89,8.17000,2374533,34.64,23.41,32.98,6.52
GDYN,334655000,-1.58%,322030000,12625000,30.78%,,14.81%,,28.41%,1.00%,2.06%,-3.09%,0.80%,-4.36%,74116,-0.15%,-3.92%,854,0.72,5,,10.52,13.52000,597412,32.63,34.48,46.96,0.05
TNDM,438329000,-0.50%,-35236000,473565000,,14.60%,13.93%,87.60%,-3.11%,-39.30%,-11.72%,-10.92%,-10.10%,-27.44%,354794,-13.46%,-9.34%,-36236,0.99,4,2.93,0.72,17.04000,1678196,30.88,27.43,37.77,-1.47
ENVX,272873000,-1.07%,80308000,192565000,-31.78%,176.89%,1.03%,,7.18%,-109.20%,-45.80%,-45.69%,-45.10%,-44.22%,40481,-55.24%,-47.48%,-389896,0.05,4,3.06,-0.53,5.92000,8429618,35.77,34.84,42.17,-1.27
SAFT,58974000,-2.37%,13241000,45733000,,-7.14%,-8.09%,6.11%,1.17%,8.60%,,8.76%,3.20%,9.54%,2032699,8.14%,3.92%,128374,0.51,6,,,75.97000,54417,48.34,44.86,46.99,4.78
WT,266630000,0.06%,-246283000,512913000,,17.13%,86.20%,20.81%,-20.92%,16.20%,12.37%,11.82%,6.80%,13.04%,1366572,10.51%,4.68%,213077,0.43,7,,2.31,7.95000,2310860,39.29,33.15,49.18,0.33
PLAB,642200000,-85.26%,639548000,2652000,28.40%,-69.86%,-88.68%,-45.35%,56.81%,13.50%,13.97%,11.41%,8.80%,10.18%,459398,13.10%,6.54%,78466,0.52,5,10.17,5.27,17.74000,810401,36.78,29.93,40.30,2.35
ARHS,200929000,-4.22%,-298570000,499499000,,114.62%,10.90%,,-26.58%,21.80%,10.92%,45.23%,5.70%,54.66%,506417,7.78%,9.36%,27311,1.07,4,2.79,2.37,7.99000,1940282,42.09,36.28,44.97,0.49
TIC,139134000,0.27%,-673445000,812579000,,,,,-60.09%,,,,,,,,,,,4,,,9.82000,306552,30.24,0.00,0.00,0.25
MLKN,169800000,-2.47%,-1624200000,1794000000,,-1.63%,2.07%,31.09%,-144.68%,2.30%,0.74%,3.87%,0.80%,5.48%,352647,0.63%,2.10%,2951,0.90,8,5.10,1.60,16.55000,826355,35.55,28.35,37.73,0.42
BST,,,-88084,88084,,,-94.85%,,-0.01%,-68.16%,-67.68%,2.09%,-67.60%,2.09%,,-68.15%,1.94%,,-0.67,0,,83.19,32.29000,115201,41.83,36.55,40.60,-18.86
AMPH,224080000,3.29%,-426469000,650549000,,83.86%,4.31%,57.74%,-38.18%,22.40%,15.64%,9.79%,10.30%,15.76%,360930,12.52%,8.62%,78658,0.47,5,2.76,2.50,23.52000,840588,28.70,22.02,35.29,3.06
IAS,84975000,-36.34%,27228000,57747000,,-38.04%,-68.39%,-30.14%,2.43%,3.90%,5.66%,0.77%,3.30%,-1.88%,587695,4.14%,-0.80%,41901,0.46,6,,5.54,6.82000,989600,29.06,25.01,35.30,0.23
LX,1189405154,14.76%,474734158,714670996,22.41%,-11.26%,-4.45%,-8.68%,85.05%,10.70%,-2.84%,9.63%,4.80%,15.24%,455880,11.64%,5.46%,35321,0.62,5,328.06,1.92,6.79000,4721381,34.21,50.54,61.80,0.89
TWO,817641000,-9.36%,-8269848000,9087489000,,0.70%,-8.33%,-21.42%,-751.77%,11.50%,,-0.63%,2.00%,-8.06%,1070751,2.71%,-0.96%,527623,0.04,6,,,10.72000,2618074,23.50,33.53,37.44,2.37
CTS,94334000,-9.45%,-22758000,117092000,,16.14%,20.89%,-1.68%,-2.06%,11.00%,11.29%,10.21%,7.70%,6.80%,145329,9.17%,4.58%,16375,0.69,5,5.75,5.25,37.15000,225736,35.93,28.48,40.49,1.89
OCSL,126072000,-3.72%,-1451723000,1577795000,,7.07%,-2.77%,24.08%,-129.55%,3.70%,,7.45%,1.70%,7.66%,,9.97%,3.86%,,0.12,6,,,13.55000,1095761,31.41,26.26,28.54,0.68
BUSE,697659000,6.12%,228471000,469188000,16.57%,-9.78%,-10.39%,-0.35%,13.23%,8.40%,,6.24%,0.90%,9.42%,293090,6.14%,0.98%,73444,0.04,4,,,19.56000,940507,35.53,32.94,40.99,1.98
SA,39447712,11.09%,-363403599,402851311,,1175.10%,-1.99%,359.93%,-32.49%,-3.80%,-1.35%,2.64%,-2.20%,-2.32%,,-1.54%,-1.58%,-1808275,,3,,,11.16000,1555032,49.59,41.74,43.54,-0.24
TASK,192166000,-1.31%,-113033000,305199000,,8.59%,-2.05%,8.04%,-9.90%,9.60%,11.95%,3.92%,5.00%,4.60%,16907,7.12%,2.46%,779,1.09,6,,3.17,12.33000,398463,40.43,40.44,43.79,0.50
HOPE,458199000,53.22%,65556000,392643000,,-16.74%,-79.93%,-16.87%,5.65%,4.70%,,5.19%,0.60%,7.50%,367884,3.94%,0.88%,80088,0.03,4,,,9.17000,1324084,38.84,32.21,41.77,0.82
AGRO,257341000,-7.59%,-864245000,1121586000,,1.76%,-12.61%,-1.09%,-78.10%,6.70%,7.43%,3.09%,2.90%,,170740,7.10%,,10380,0.48,7,4.39,1.56,11.06000,578274,50.71,54.97,54.32,0.90
BFS,10299000,2.66%,-1522317000,1532616000,,10.24%,10.50%,7.03%,-196.94%,11.50%,,6.67%,1.90%,9.68%,1804342,6.50%,2.02%,264799,0.13,4,,,32.32000,71219,36.12,32.28,40.35,1.63
SII,47059000,,47059000,,,,,,4.16%,15.40%,20.11%,11.14%,12.30%,11.34%,1353447,15.61%,8.96%,373439,0.45,7,,11.41,44.01000,249811,54.95,53.67,57.38,1.91
MSEX,4226000,1.54%,-381739000,385965000,,5.29%,-6.25%,7.92%,-34.73%,10.10%,5.57%,5.48%,3.50%,10.02%,532992,5.54%,3.56%,122886,0.15,5,16.69,1.32,61.63000,132278,48.58,53.25,47.41,2.47
EWTX,470170000,6.69%,465433000,4737000,48.71%,,-12.50%,,38.75%,-26.80%,-28.90%,-10.84%,-25.70%,-5.56%,,-34.23%,-22.68%,-1216482,,2,,,11.57000,1275680,21.09,29.22,40.03,-1.45
TILE,99226000,-9.57%,-283919000,383145000,,-14.39%,-24.55%,-11.45%,-25.74%,18.60%,14.33%,5.51%,7.20%,5.22%,361842,11.80%,2.20%,23913,1.09,7,3.09,3.32,18.82000,385421,48.82,44.24,55.68,1.48
PCRX,484615000,-0.86%,-154238000,638853000,,-17.28%,9.01%,12.67%,-14.29%,-12.10%,-3.74%,7.22%,-6.30%,6.14%,887299,-5.18%,2.80%,-126025,0.45,6,1.48,1.34,23.69000,1432559,47.03,54.88,42.62,-2.15
PMT,337694000,12.38%,-11750862000,12088556000,,2.68%,15.43%,5.75%,-1072.83%,6.10%,,0.62%,0.90%,2.20%,47742000,1.15%,0.32%,17023571,0.03,3,,,12.62000,1921769,30.61,38.92,43.56,1.37
FNA,34580000,0.06%,-76106000,110686000,,143.90%,0.22%,,-6.97%,-38.30%,-17.29%,-13.58%,-17.80%,-21.88%,487966,-16.90%,-13.32%,-104074,0.84,2,0.72,4.14,13.02000,2776428,57.27,69.33,51.22,-0.66
TPC,604174000,-21.62%,70036000,534138000,,-18.69%,-40.63%,-8.54%,6.29%,-13.20%,-6.56%,-0.96%,-3.80%,-5.32%,576923,-6.22%,-1.60%,-21829,1.00,5,,1.40,20.78000,430127,40.40,42.92,54.37,-3.13
GIII,181440000,-47.26%,-96244000,277684000,,-26.70%,-57.45%,-17.11%,-8.85%,12.20%,14.65%,5.65%,7.40%,6.28%,691477,10.73%,3.62%,42080,1.21,7,3.77,3.64,24.79000,827668,41.66,35.26,45.85,4.20
THS,289600000,-0.53%,-1238200000,1527800000,,-8.95%,-2.15%,-7.58%,-114.03%,1.70%,2.98%,0.88%,0.70%,-0.68%,453243,2.72%,-0.18%,3635,0.85,5,5.23,1.19,21.65000,949915,19.83,23.13,26.92,0.51
INDV,320000000,32.04%,-55000000,375000000,,9.45%,32.51%,,-4.66%,-1.30%,14.21%,-34.74%,0.10%,,1130352,18.23%,,1903,0.82,4,1.48,0.89,8.94000,444363,41.88,38.86,37.95,0.02
MRTN,17267000,-19.66%,16985000,282000,-67.93%,-1.04%,13.25%,-15.36%,1.57%,3.50%,4.15%,10.39%,2.70%,10.76%,255219,3.20%,7.94%,7130,0.97,4,,5.43,13.33000,469141,40.25,30.37,35.66,0.33
NVEE,50361000,-1.66%,-202442000,252803000,,24.25%,17.73%,-6.73%,-18.78%,3.40%,3.87%,5.68%,2.20%,6.04%,187354,4.27%,3.74%,5435,0.75,6,,2.66,16.62000,399520,38.99,30.54,34.14,0.44
PLUG,1040709000,16.15%,-37927000,1078636000,,10.01%,11.33%,20.23%,-3.52%,-78.80%,-72.20%,-31.26%,-46.90%,-48.46%,195042,-72.37%,-27.16%,-652823,0.14,2,1.53,-3.67,1.11500,35282455,29.17,31.37,35.72,-2.68
LOB,609050000,-2.21%,496230000,112820000,-11.30%,-29.23%,383.09%,504.30%,46.79%,8.00%,,11.37%,0.60%,15.04%,393633,7.00%,1.20%,75584,0.03,4,,,23.75000,454077,40.56,30.72,41.54,1.69
QCRH,262324000,-13.75%,-307208000,569532000,,49.40%,-20.71%,15.34%,-28.13%,11.90%,,8.10%,1.30%,13.04%,325981,7.27%,1.38%,112389,0.04,4,,,63.99000,90013,30.87,32.40,49.84,6.71
BLBD,136119000,-1.78%,41849000,94270000,,-17.97%,-30.75%,-15.62%,3.97%,74.30%,49.20%,11.31%,21.80%,20.40%,689613,37.39%,4.08%,55503,2.71,7,7.14,5.49,33.65000,526243,50.59,40.47,50.30,3.23
DAVE,91947000,-0.10%,16393000,75554000,,0.86%,-58.32%,,1.52%,38.10%,25.86%,-16.66%,22.00%,-69.58%,1266701,12.83%,-10.18%,211215,1.32,7,,7.77,82.51000,358190,48.64,52.31,53.93,4.19
SAFE,17118000,0.51%,-4300321000,4317439000,,18.84%,6.49%,4.97%,-396.72%,4.60%,,-0.11%,1.60%,2.28%,4941689,1.40%,0.82%,1429230,0.05,3,,,15.10000,442883,30.34,32.18,36.44,1.48
HIMX,224574000,-0.28%,-313626000,538200000,,38.20%,9.06%,19.45%,-60.11%,9.20%,8.72%,14.60%,4.80%,23.12%,416537,4.93%,12.22%,36635,0.55,6,3.35,2.04,6.15000,2053463,33.09,40.96,46.69,0.46
LILAK,853700000,-1.46%,-7290200000,8143900000,,-2.49%,1.71%,3.83%,-702.26%,-0.30%,5.48%,2.06%,,-11.56%,451150,-2.10%,-1.98%,-540,0.34,6,,0.26,5.24000,988577,29.26,31.73,36.70,-3.31
SCL,99665000,-8.28%,-583166000,682831000,,17.56%,-4.12%,22.09%,-54.34%,4.20%,4.56%,6.82%,2.10%,9.48%,909964,3.17%,5.02%,21023,0.92,6,6.88,2.47,47.58000,162631,30.38,21.27,26.15,2.20
INVA,412496000,0.12%,-35848000,448344000,,4.34%,0.47%,3.52%,-3.34%,3.40%,5.60%,22.67%,1.90%,36.84%,2824496,9.00%,17.78%,184189,0.29,7,0.98,1.77,17.10000,1124624,36.69,40.90,52.88,0.36
NGVC,6316000,0.18%,-340816000,347132000,,-4.47%,-9.06%,-3.50%,-31.54%,21.10%,9.93%,4.81%,5.50%,15.16%,306407,7.46%,3.60%,8714,1.94,8,7.53,3.85,46.58000,251598,70.66,62.29,70.97,1.57
HPK,86649000,-2.28%,-963124000,1049773000,,120.49%,-8.78%,201.80%,-90.73%,6.00%,10.78%,9.21%,3.10%,10.06%,22753489,9.24%,5.68%,2022745,0.35,6,21.08,1.27,8.47000,420474,32.49,28.21,37.74,0.67
VECO,344538000,0.07%,34022000,310516000,,5.79%,1.32%,0.01%,3.27%,10.10%,7.54%,9.47%,5.90%,9.10%,582698,6.63%,4.40%,59881,0.57,6,1.71,2.12,18.41000,874188,37.69,23.67,36.04,1.23
VSAT,1556489000,-18.92%,-5898020000,7454509000,,43.99%,-2.80%,31.97%,-549.35%,-8.70%,-0.03%,-2.30%,-2.60%,,603000,,,-57223,0.28,4,9.12,0.44,8.26000,2170723,40.21,41.62,36.58,-3.21
CMPR,224429000,-0.63%,-1446868000,1671297000,,-2.55%,-0.75%,1.50%,-135.74%,-27.60%,19.83%,34.54%,8.50%,0.64%,223822,27.96%,-0.56%,10635,1.80,7,16.78,2.47,42.94500,190216,43.72,26.44,38.18,5.98
FWRG,33332000,3.94%,-776219000,809551000,,19.54%,33.38%,,-74.96%,3.20%,2.96%,-2.52%,1.30%,-1.34%,67727,1.87%,-0.24%,1262,0.71,4,137.90,1.32,17.45000,597351,50.59,47.15,46.22,0.30
PCT,32339000,9.41%,-368970000,401309000,,19.95%,-26.20%,82.35%,-34.51%,-110.10%,-32.84%,-13.75%,-38.00%,-68.54%,,-24.99%,-22.00%,-1841631,,2,,,5.92000,2764094,36.57,34.38,44.86,-1.75
LOMA,6254829,,-134329205,140584034,,,1051.94%,,-62.66%,3.10%,-0.07%,16.97%,1.60%,26.70%,180989,8.62%,15.54%,4418,0.66,5,5.87,1.79,9.10000,333173,35.64,40.23,53.55,0.11
PZZA,37955000,1.16%,-933173000,971128000,,12.31%,0.56%,13.08%,-90.35%,-18.70%,25.53%,24.12%,9.70%,-15.56%,180648,21.30%,6.56%,7309,2.40,7,46.03,3.69,32.45000,1081000,29.86,36.04,31.89,2.54
COUR,726125000,-17.79%,723061000,3064000,1.06%,-46.40%,-53.55%,,69.07%,-13.30%,-13.02%,-10.40%,-8.70%,-10.46%,551329,-18.85%,-15.54%,-63119,0.76,4,,1.71,6.61000,2029048,43.03,39.01,32.70,-0.51
CLDX,725281000,23.52%,721468000,3813000,71.35%,7.82%,50.00%,0.84%,66.51%,-19.80%,-20.97%,-29.54%,-19.00%,-30.08%,37742,-25.98%,-27.62%,-848726,0.01,2,,12.03,15.94000,880914,35.91,28.49,36.70,-2.45
LQDA,176479000,5.66%,54089000,122390000,58.42%,96.71%,147.07%,38.04%,5.12%,-154.90%,-62.54%,-55.76%,-60.80%,-105.48%,82329,-60.75%,-56.18%,-767024,0.07,1,,-0.14,12.39000,1200156,33.87,44.94,55.41,-1.66
CNNE,137700000,-0.03%,-192400000,330100000,,16.96%,26.43%,-2.17%,-18.34%,-15.40%,-14.09%,-4.33%,-13.00%,1.30%,61842,-4.79%,0.78%,-41629,0.19,1,,1.67,16.83000,664915,41.47,39.83,39.22,-4.73
EFC,208948000,2.86%,-13995496000,14204444000,,57.49%,6.53%,34.10%,-1350.91%,7.50%,,0.57%,0.80%,3.80%,764118,0.73%,0.68%,294573,0.02,4,,,11.53000,1866130,28.46,37.27,43.14,1.36
IGIC,155245000,,155245000,,-12.30%,,,,14.30%,22.00%,,17.70%,6.90%,17.82%,1344162,22.68%,5.10%,337035,0.27,4,,,23.92000,245164,44.50,51.68,70.05,2.98
CMPO,77461000,-39.43%,-124179000,201640000,,-19.97%,-41.49%,,-11.98%,,-7.89%,52.15%,-16.10%,-11.42%,417647,,19.14%,-53346,1.26,4,4.14,0.42,10.31000,668283,40.89,41.45,57.54,-1.22
DCOM,1283571000,17.75%,304253000,979318000,,50.02%,-37.57%,11.79%,28.68%,1.70%,,3.95%,0.20%,7.32%,313400,1.23%,0.68%,24575,0.02,4,,,24.17000,369017,29.15,33.93,46.35,0.55
KBDC,,,,,,,,,,,,,,,,,,,,0,,,14.82000,124112,30.38,29.65,0.00,
XMTR,239835000,-0.47%,-55301000,295136000,,135.94%,-1.46%,82.48%,-5.41%,-15.90%,-7.54%,-2.84%,-7.40%,-12.02%,501405,-9.21%,-19.68%,-46324,0.80,4,97.03,1.95,20.95000,587538,37.44,39.31,44.42,-1.03
BHLB,1128409000,-38.04%,690315000,438094000,-0.91%,58.11%,-13.52%,-11.94%,64.77%,5.70%,,-0.83%,0.50%,-1.70%,323102,3.80%,-0.24%,49275,0.03,4,,,22.98000,756436,29.17,31.79,44.35,1.43
DAVA,77905183,-6.28%,-149710815,227615998,,45.91%,195.89%,28.09%,-14.04%,0.90%,0.70%,10.59%,0.60%,13.72%,78550,0.66%,9.32%,570,0.81,4,,3.29,17.65000,445903,35.16,27.17,33.82,0.11
RDFN,277398000,-6.17%,-717499000,994897000,,-13.56%,-1.48%,35.63%,-68.47%,,-20.23%,-13.00%,-15.00%,-269.60%,218288,-17.02%,-10.22%,-34716,0.95,4,,-0.16,8.20000,5371788,38.25,47.81,45.71,-1.36
PLSE,118038000,6.35%,109140000,8898000,209.87%,-7.52%,-2.69%,5.78%,10.49%,-83.30%,-43.78%,-97.16%,-68.00%,-201.46%,,-45.46%,-85.22%,-714467,,2,,,15.56000,166304,42.74,43.47,53.60,-0.92
BY,563138000,16.74%,-211514000,774652000,,6.25%,39.89%,6.07%,-20.30%,11.40%,,5.57%,1.30%,10.20%,369870,6.47%,1.16%,117584,0.04,4,,,23.41000,211343,33.32,32.65,47.84,2.75
LC,977396000,,977396000,,-23.33%,,,,93.80%,3.90%,,3.79%,0.50%,2.36%,785440,3.83%,-0.50%,51228,0.08,2,,,9.22000,1268223,37.98,34.16,44.64,0.45
USPH,41362000,16.07%,-253870000,295232000,,9.79%,14.17%,16.46%,-24.30%,6.50%,5.14%,7.40%,3.00%,10.24%,95524,5.50%,4.42%,4471,0.63,4,,2.56,68.78000,136593,36.44,27.69,38.78,1.84
EVO,258138175,-25.10%,-266458265,524596439,,-2.88%,-12.00%,115.76%,-12.18%,,,1.28%,,,,,,,,3,,,3.06000,83811,33.21,32.28,31.12,-0.53
LILA,845200000,-0.93%,-7322500000,8167700000,,2.22%,-1.17%,-0.49%,-708.48%,-45.80%,-0.31%,1.39%,-5.10%,-20.02%,445690,-0.52%,-2.84%,-65700,0.34,6,,0.01,5.30000,329233,28.60,31.75,36.96,-3.31
FLYW,611090000,,611090000,,-6.65%,,,,58.75%,0.40%,0.29%,2.91%,0.30%,-0.64%,393715,-1.39%,-3.50%,2320,0.45,4,,2.77,8.42000,3314154,26.37,24.73,33.78,0.02
UNIT,183847000,0.03%,-5697444000,5881291000,,4.44%,4.54%,3.01%,-556.76%,-3.70%,,9.95%,1.80%,5.84%,1539482,20.41%,-2.42%,120456,0.23,5,,,4.26000,2082671,33.62,35.99,42.08,0.38
VSTS,18564000,-1.34%,-1343395000,1361959000,,,-19.05%,,-127.14%,1.10%,5.54%,,0.30%,,141412,3.54%,,487,0.92,5,3.56,1.58,7.89000,2210615,34.23,26.51,35.59,0.08
CMRE,741277000,-5.16%,-1609265000,2350542000,,-2.79%,-11.23%,8.63%,-154.46%,11.70%,10.29%,9.03%,5.50%,15.64%,857570,9.62%,6.52%,119620,0.40,6,22.53,1.35,8.66000,614440,34.69,21.94,38.84,2.44
PRG,95655000,8.19%,-559404000,655059000,,2.12%,7.72%,80.80%,-54.03%,32.20%,,17.28%,13.40%,18.72%,1755877,18.00%,8.66%,140591,1.68,5,,,25.34000,651307,41.00,26.45,40.66,4.53
MFIC,74357000,-1.20%,-1677264000,1751621000,,3.34%,19.79%,-0.38%,-162.22%,8.20%,,7.36%,3.50%,5.84%,,7.90%,2.34%,,0.11,3,,,11.02000,538470,33.04,25.00,36.89,1.27
XHR,78201000,-4.36%,-1256502000,1334703000,,-3.69%,-4.32%,0.64%,-127.05%,1.30%,,0.23%,0.60%,-2.70%,22587978,4.38%,-1.30%,350935,0.36,5,,,9.75000,1486343,31.12,18.10,33.75,0.15
VRTS,400309000,13.62%,-2073804000,2474113000,,2.46%,9.78%,3.21%,-202.71%,13.80%,,4.39%,3.30%,16.38%,1126645,3.61%,3.58%,151237,0.25,7,,,148.03000,55666,32.03,24.79,35.64,16.89
CRCT,336914000,45.42%,321705000,15209000,39.28%,-8.01%,7.35%,-22.79%,31.38%,12.90%,18.22%,23.30%,8.90%,28.40%,1113341,11.16%,14.24%,98172,1.01,6,2.00,,4.85000,413193,41.09,37.89,38.33,0.29
ATUS,256824000,0.06%,-25055780000,25312604000,,-1.87%,-0.11%,0.50%,-2436.59%,,5.62%,5.42%,-0.30%,-9.00%,821506,,0.96%,-9442,0.28,4,,0.39,2.22000,3181888,37.55,43.25,35.96,-0.22
HLIT,101789000,-1.86%,-46526000,148315000,,-8.10%,-4.96%,-4.46%,-4.55%,9.20%,10.38%,6.46%,5.20%,6.84%,547356,6.97%,3.58%,31627,0.90,7,4.23,-0.16,8.78000,1226836,37.40,31.41,40.91,0.33
PEB,217591000,1.54%,-2349882000,2567473000,,-2.40%,-2.76%,0.65%,-230.87%,-1.70%,,-0.80%,-0.80%,-5.92%,24221817,,-3.02%,-779450,0.26,5,,,8.50000,3471305,36.81,26.42,31.37,-0.39
ERO,50402000,10.86%,-569672000,620074000,,110.63%,39.08%,,-55.39%,-10.00%,-4.74%,22.12%,-4.60%,23.04%,127441,,11.18%,-18557,0.32,4,6.87,1.31,9.93000,545776,33.94,30.08,36.80,-0.66
RLJ,433325000,0.04%,-1905858000,2339183000,,-2.61%,-0.18%,0.19%,-184.88%,1.90%,,0.02%,0.90%,-4.70%,18759452,3.17%,-2.30%,587753,0.28,6,,,6.78000,3309719,33.23,20.02,30.58,0.27
VET,94107847,-0.65%,-633470188,727578036,,-13.82%,7.54%,-12.78%,-71.50%,-1.60%,1.48%,-0.03%,-0.80%,-9.04%,1772376,,0.24%,-43685,0.31,4,15.50,0.27,5.74000,2622606,31.96,25.37,30.56,-0.21
SPHR,541362000,-0.60%,-947709000,1489071000,,-11.92%,-3.03%,,-97.09%,-13.90%,-10.40%,-2.71%,-6.90%,1.40%,354523,-10.09%,0.62%,-101899,0.24,3,,0.03,28.57000,1177444,38.45,34.12,39.17,-9.08
ROG,159800000,-4.65%,135200000,24600000,63.29%,-49.45%,-49.69%,-27.52%,12.84%,2.10%,2.59%,5.45%,1.70%,6.46%,259406,1.48%,4.80%,8156,0.55,4,3.74,4.81,55.23000,408208,27.83,18.96,24.26,1.40
CDNA,261238000,-6.62%,238975000,22263000,15.04%,8.57%,-21.27%,56.52%,23.75%,17.90%,10.23%,-18.11%,11.10%,-13.10%,513515,10.11%,-10.48%,80845,0.71,4,5.63,5.17,18.43000,881078,45.43,41.00,47.85,0.93
OCUL,393716000,0.88%,317933000,75783000,178.44%,8.71%,-9.12%,5.01%,32.56%,-53.30%,-43.19%,-53.97%,-38.60%,-281.80%,232566,-43.92%,-49.54%,-706226,0.13,3,2.11,1.27,6.40500,1641029,40.14,34.65,46.92,-1.22
EVEX,303378000,93.26%,171367000,132011000,-20.43%,,412.39%,,16.74%,-103.60%,-51.76%,115.91%,-52.60%,,,-61.01%,,-794069,,2,,,3.42000,207584,46.33,41.90,38.42,-0.48
ALX,393836000,0.00%,-594183000,988019000,,-3.21%,-9.57%,0.35%,-58.18%,21.40%,,7.11%,3.10%,33.60%,2515267,7.03%,5.38%,482711,0.16,5,,,199.29000,13213,42.30,42.94,44.80,8.46
BBSI,354003000,-1.26%,332557000,21446000,-11.09%,-5.36%,1.10%,-5.53%,32.68%,25.70%,18.36%,17.37%,7.30%,23.48%,8433,18.42%,6.00%,390,1.58,5,,3.58,39.39000,178825,41.40,45.42,64.01,1.98
PL,228673000,-5.72%,207060000,21613000,-26.66%,,-13.31%,,19.94%,-26.20%,-24.55%,-27.54%,-19.00%,-38.72%,251909,-25.09%,-23.12%,-127006,0.38,3,,0.64,3.36000,4036357,41.00,44.16,46.25,-0.42
APOG,43855000,215.92%,-297291000,341146000,,16.02%,139.28%,1.99%,-29.89%,19.90%,14.48%,9.65%,10.20%,13.44%,312986,11.80%,5.92%,22341,1.42,6,12.00,3.07,46.24000,165553,45.95,32.33,42.43,4.48
ARDX,250100000,46.84%,96662000,153438000,-24.67%,49.96%,174.08%,22.91%,9.61%,-24.90%,-7.23%,-51.06%,-10.50%,-76.62%,844595,-8.55%,-42.36%,-99078,0.90,2,0.72,0.79,4.25000,6241148,31.11,36.76,44.29,-0.17
OLO,360735000,-4.94%,346751000,13984000,0.30%,,-16.90%,31.92%,34.24%,-0.10%,0.03%,-2.19%,-0.10%,,461812,,,-1454,0.39,4,,9.09,6.10000,1428647,45.02,44.95,42.87,-0.01
LEU,671400000,219.04%,126800000,544600000,351.25%,61.08%,214.62%,35.28%,12.85%,84.10%,10.14%,-138.26%,9.40%,-103.60%,1372671,6.82%,11.48%,227329,0.57,5,1.41,1.90,60.38000,615736,40.19,44.05,51.32,4.47
MDXG,104416000,-0.99%,85586000,18830000,160.13%,-26.86%,-61.65%,-22.10%,8.42%,24.30%,26.90%,-17.10%,17.70%,25.40%,416821,20.22%,-4.26%,50680,1.45,6,2.68,10.85,6.86000,490957,38.23,40.77,49.79,0.28
RES,325975000,-4.14%,293062000,32913000,49.41%,-10.75%,21.18%,-3.34%,29.11%,8.60%,9.42%,0.72%,6.90%,5.18%,544859,7.12%,3.80%,35211,1.06,4,9.49,4.80,4.66000,2496865,38.95,37.22,38.26,0.43
EXK,107504000,40.94%,-12732000,120236000,,118.70%,1311.39%,64.07%,-1.30%,-7.20%,-3.19%,1.52%,-5.20%,0.74%,141416,,0.72%,-20452,0.36,5,5.55,2.12,3.73000,16476675,44.97,47.65,51.50,-0.13
AUPH,358476000,-9.65%,279107000,79369000,10.37%,108.64%,-18.69%,,27.69%,1.50%,2.71%,-21.83%,1.10%,-24.86%,1808715,-0.79%,-21.00%,44246,0.44,6,0.72,2.37,7.34000,961706,37.60,42.11,46.90,0.04
DX,621539000,2.17%,-5941581000,6563120000,,32.06%,21.97%,6.66%,-557.67%,9.80%,,2.80%,1.50%,12.76%,6836182,1.47%,2.34%,4827455,0.02,5,,,11.13000,6141035,20.59,31.26,40.74,1.49
PFBC,936600000,0.30%,1081504000,168507000,18.32%,12.39%,-47.20%,6.68%,106.06%,20.79%,2.72%,14.93%,2.15%,17.63%,1361873,16.79%,1.77%,484777,0.06,2,,0.00,76.14000,150541,40.85,42.48,52.09,9.64
NMFC,80320000,-7.84%,-1756390000,1836710000,,-1.25%,2.87%,-1.11%,-173.80%,8.30%,,7.20%,3.40%,8.98%,,8.69%,3.58%,,0.11,5,,,9.31000,859056,28.64,23.41,27.96,1.03
TPB,46158000,0.32%,-211995000,258153000,,-15.48%,-31.21%,-2.65%,-21.10%,22.50%,15.77%,10.68%,7.40%,26.94%,1163419,12.71%,6.54%,128416,0.67,7,1.69,3.98,56.50000,168488,40.72,50.01,63.54,2.14
IOVA,330140000,-26.20%,271879000,58261000,0.53%,-6.61%,-23.20%,38.34%,28.06%,-50.80%,-47.58%,-55.15%,-39.90%,-59.72%,195788,-51.42%,-47.96%,-444125,0.18,4,4.01,-1.50,3.06000,12110662,35.93,26.01,37.42,-1.28
SKE,73621136,-22.31%,63945640,9675496,43.31%,117.68%,-58.21%,,5.38%,-134.30%,-86.10%,-97.93%,-66.20%,-95.76%,,-169.49%,-67.04%,-1271243,,1,,,10.15000,799891,53.42,56.06,66.23,-1.06
CSR,13129000,3.70%,-942256000,955385000,,3.73%,4.30%,8.05%,-98.97%,-2.90%,,0.80%,-1.00%,-0.42%,645998,,-0.14%,-48663,0.14,5,,,56.92000,133810,33.26,32.67,42.44,-1.27
INVX,73278000,27.45%,-17790000,91068000,,159.42%,7.26%,77.87%,-1.77%,15.70%,14.04%,2.18%,12.90%,3.34%,246293,4.60%,2.70%,52302,0.61,6,2.08,4.20,14.42000,797904,36.05,41.32,40.11,2.77
BFC,261332000,0.02%,113960000,147372000,-5.29%,30.29%,15.91%,5.22%,11.48%,10.50%,,9.69%,1.50%,12.72%,432459,8.33%,1.56%,179134,0.04,4,,,99.34000,31652,52.12,54.15,60.35,6.50
CCEC,313988000,-3.48%,-2264524000,2578512000,,25.36%,53.61%,58.35%,-229.49%,11.60%,7.35%,6.06%,3.80%,12.90%,,4.87%,4.66%,,0.10,6,19.23,,17.00000,22924,33.72,40.68,0.00,0.14
BGM,21477978,,21477978,,35.97%,,,,2.17%,-3.40%,-3.22%,2.32%,-2.80%,2.44%,77703,-1.32%,0.50%,-4467,0.48,2,3.01,67.75,10.20000,2531,54.40,59.86,0.00,-0.20
SHCO,156318000,-2.33%,-2184875000,2341193000,,7.15%,1.30%,5.15%,-220.33%,,-3.36%,-4.94%,-6.50%,94.24%,153313,-1.77%,-8.78%,-20755,0.48,5,16.33,-0.31,5.09000,517452,40.32,42.06,43.94,-0.84
DEA,27804000,8.43%,-1571017000,1598821000,,9.70%,23.48%,12.13%,-175.31%,1.50%,,2.66%,0.60%,1.82%,6041040,2.63%,0.82%,391060,0.10,4,,,8.23000,5721191,20.04,22.63,28.79,0.18
AORT,53463000,-0.24%,-308795000,362258000,,0.02%,1.09%,8.12%,-31.07%,-4.60%,3.71%,0.99%,-1.70%,-6.56%,242836,,-2.46%,-8349,0.49,4,1.73,2.00,23.53000,387046,41.97,36.60,51.27,-0.32
SONO,327857000,0.35%,271071000,56786000,-33.35%,20.06%,-6.33%,-9.04%,27.49%,-14.80%,-12.83%,6.42%,-7.30%,4.56%,852485,-15.14%,2.50%,-40314,1.55,3,5.15,2.75,8.28000,2254501,26.47,25.67,34.76,-0.56
BLFS,104584000,-23.16%,74410000,30174000,618.45%,3.93%,-10.80%,86.04%,7.22%,-6.10%,-5.32%,-3.99%,-5.20%,-12.06%,517321,-1.88%,-10.12%,-126943,0.21,6,1.02,11.45,20.99000,728671,41.70,42.62,49.15,-0.44
FOR,132000000,14.21%,-674800000,806800000,,4.60%,14.39%,11.79%,-68.92%,11.70%,,7.20%,6.60%,12.24%,3699746,7.00%,6.36%,462595,0.53,3,,,19.36000,263833,35.70,25.11,38.80,3.57
INMD,596472000,-0.11%,591161000,5311000,-19.57%,17.11%,-19.69%,48.16%,60.27%,24.10%,20.04%,27.65%,21.60%,33.28%,659129,20.05%,29.14%,302629,0.47,3,1.49,10.84,14.10000,2158088,27.61,32.85,38.21,2.25
SFL,173422000,,-2666040000,2839462000,,13.99%,27.78%,13.94%,-251.68%,12.10%,9.89%,4.69%,3.30%,6.90%,37683500,7.15%,1.92%,5443875,0.23,7,26.21,,7.30000,1544137,34.75,23.82,31.78,1.01
WBTN,572402000,-0.36%,555162000,17240000,179.95%,,-48.44%,,57.71%,-9.90%,-8.65%,,-7.30%,,749154,-11.44%,,-79947,0.69,5,,1.94,7.54000,312112,40.25,27.84,0.00,-1.21
AAMI,98500000,-0.06%,-243100000,341600000,,-10.25%,-1.36%,-11.01%,-25.79%,626.20%,,23.69%,14.60%,217.78%,1320104,21.68%,24.94%,221932,0.87,4,,,25.75000,352867,51.22,49.56,54.13,2.22
ML,150439000,-30.72%,31906000,118533000,,-14.04%,-37.53%,32.31%,3.29%,3.30%,,-16.06%,1.70%,20.62%,949400,6.27%,-21.78%,15906,1.02,7,,,85.01000,373359,37.26,57.95,54.36,0.76
VRNT,217051000,-0.01%,-224796000,441847000,,0.49%,-0.27%,-13.78%,-23.50%,7.60%,6.08%,3.08%,2.90%,1.48%,239259,6.75%,0.54%,17102,0.41,7,18.31,1.21,15.46000,1135294,28.59,25.10,34.56,1.04
WTTR,19978000,0.73%,-112764000,132742000,,25.40%,150.47%,7.71%,-13.60%,3.90%,4.52%,-4.31%,2.30%,-8.02%,392453,4.08%,-5.74%,8282,1.09,5,31.97,2.21,8.00000,1839554,30.30,31.96,42.93,0.30
HLX,368030000,-1.02%,-293093000,661123000,,17.17%,22.30%,1.57%,-30.90%,3.70%,4.57%,-0.72%,2.10%,-1.02%,587358,3.96%,-0.76%,24054,0.52,8,,1.57,6.32000,2060802,33.61,32.92,39.55,0.36
CSWC,36013000,17.22%,-884181000,920194000,,22.31%,35.75%,27.50%,-91.76%,8.40%,,7.46%,4.10%,7.80%,7350519,9.10%,3.44%,2461333,0.12,2,,,18.93000,639140,32.48,28.47,36.92,1.41
PGRE,555447000,0.06%,-3121183000,3676630000,,-1.40%,-3.34%,-0.77%,-353.72%,-1.50%,,2.12%,-0.60%,-2.28%,2396997,,-0.92%,-146481,0.10,5,,,4.03000,2840190,39.83,37.10,34.98,-0.21
SDHC,22363000,-11.64%,19303000,3060000,,,-95.95%,,11.97%,24.40%,,,3.60%,,2111392,118.14%,,34784,2.21,5,2.93,,18.56000,57398,39.85,32.26,40.17,1.81
HSTM,97217000,-3.22%,79851000,17366000,56.92%,-12.79%,-14.23%,-10.79%,8.31%,5.70%,6.28%,3.20%,4.00%,3.96%,266831,4.56%,2.74%,18305,0.58,7,,4.93,31.34000,155508,43.67,48.84,58.26,0.66
PEBO,217664000,4.55%,-213883000,431547000,,17.51%,-50.21%,1.52%,-22.48%,10.70%,,5.93%,1.30%,9.62%,286193,7.60%,1.10%,79246,0.05,4,,,27.01000,155874,28.85,30.98,43.04,3.31
INR,2203000,15.51%,-258693000,260896000,,,,,-109.60%,10.20%,9.05%,,6.10%,,3237775,12.19%,,616075,0.32,5,,,15.49000,199274,38.53,0.00,0.00,3.23
FUBO,167572000,-0.46%,-210852000,378424000,,1.62%,-14.58%,47.99%,-22.09%,-77.10%,-26.82%,-45.47%,-15.50%,-86.92%,2750502,-35.05%,-37.24%,-291956,1.47,4,,-1.21,2.76000,15973409,42.00,50.37,48.41,-0.54
TXG,393402000,-3.80%,310789000,82613000,5.95%,0.26%,-13.38%,22.69%,33.00%,-25.40%,-22.18%,-29.46%,-19.70%,-35.72%,467676,-24.54%,-27.34%,-139837,0.66,5,2.50,1.11,7.70000,3870250,36.58,25.24,31.77,-1.52
QUBT,78945000,-84.88%,77764000,1181000,,302.70%,-57.29%,-6.00%,8.30%,-91.10%,-44.33%,-22.21%,-71.10%,-345.36%,7460,-23.91%,-167.46%,-1370840,0.00,2,5.74,9.48,6.85000,9659688,46.24,49.72,55.72,-0.73
AVAH,84288000,-0.42%,-1412534000,1496822000,,1.93%,0.11%,6.75%,-150.68%,,12.82%,-13.33%,-0.70%,-16.48%,60433,-21.93%,-10.20%,-326,1.22,6,,0.68,4.80000,193408,45.07,51.15,53.63,-0.06
LEG,350200000,-1.33%,-1698400000,2048600000,,-3.61%,-6.69%,-2.10%,-182.00%,-60.40%,-15.04%,1.65%,-12.90%,-0.92%,247661,-16.95%,0.68%,-28898,1.10,5,4.71,2.07,6.95000,3287823,35.16,26.51,25.59,-3.73
EH,157885706,-25.91%,125963360,31922346,440.27%,98.18%,42.77%,44.14%,26.82%,-36.00%,12.18%,-62.66%,-18.80%,-104.92%,170263,-21.31%,-44.44%,-85766,0.37,2,2.61,2.01,14.78000,1785751,26.20,42.47,48.57,-0.47
GOGO,41765000,36.89%,-860494000,902259000,,0.77%,35.11%,-4.62%,-90.86%,23.20%,5.40%,16.70%,1.50%,-2502.64%,562923,4.00%,7.28%,17400,0.49,4,2.07,-0.23,7.11000,1341823,46.15,46.74,41.89,0.10
NMM,312078000,1.73%,-2057461000,2369539000,,13.85%,11.13%,36.33%,-229.67%,12.30%,9.34%,7.32%,6.70%,16.58%,7172398,8.49%,8.24%,1974774,0.25,6,,,31.00000,269423,24.97,23.07,42.58,14.08
UDMY,354536000,-10.70%,343719000,10817000,-27.38%,,55.66%,,36.51%,-36.20%,-39.07%,-22.22%,-13.10%,-40.46%,631272,-42.90%,-20.64%,-68449,1.21,4,,0.59,6.30000,938781,33.96,36.44,35.06,-0.56
KW,217500000,-8.57%,-4567400000,4784900000,,-4.16%,-9.68%,-1.06%,-496.55%,-4.60%,,0.09%,-1.00%,1.02%,2160163,,0.18%,-310976,0.07,4,,,6.74000,965355,28.05,27.30,31.27,-0.56
VRDN,717584000,0.29%,697002000,20582000,52.46%,,1.87%,19.91%,77.80%,-43.30%,-38.43%,-53.26%,-39.50%,-89.10%,2112,-43.20%,-75.56%,-1887755,,0,,5.65,11.41000,1122034,30.17,29.69,39.79,-3.07
AMSF,44045000,,44045000,,13.86%,,,,4.75%,18.90%,,19.30%,4.50%,17.34%,835251,21.54%,4.74%,149827,0.25,5,,,48.82000,121507,39.21,44.26,47.45,2.89
LQDT,139145000,-6.19%,125782000,13363000,29.41%,-6.13%,35.84%,1.28%,13.55%,13.50%,16.52%,14.78%,7.30%,18.62%,530504,10.42%,9.66%,30594,1.27,6,15.51,5.69,29.91000,223607,44.71,50.84,64.67,0.75
DGII,25935000,-20.96%,-82654000,108589000,,-29.32%,-48.59%,0.21%,-8.91%,6.20%,6.98%,4.73%,4.40%,3.46%,524004,6.75%,2.22%,44276,0.52,6,2.86,3.98,25.15000,265305,38.50,37.93,45.01,0.96
AMBR,70239000,1779.49%,33307000,36932000,-45.20%,-23.16%,-5.58%,-4.96%,3.60%,-41.60%,-42.89%,-54.30%,-10.10%,-38.44%,,-30.80%,-17.16%,,0.49,2,,,10.21000,50992,42.67,0.00,0.00,-0.18
OBK,470249000,-9.41%,297846000,172403000,11516.46%,-28.27%,-37.96%,-16.58%,32.50%,6.90%,,5.61%,0.80%,9.52%,337824,5.81%,0.90%,74192,0.04,4,,,29.56000,148999,27.79,36.17,43.71,2.45
BCSF,99066000,6.89%,-1291204000,1390270000,,-0.59%,10.70%,-2.46%,-139.11%,10.40%,,6.95%,4.70%,8.52%,,8.15%,3.78%,,0.12,2,,,14.25000,704091,29.27,29.42,41.79,1.85
ACEL,281305000,7.46%,-314074000,595379000,,20.35%,9.73%,11.23%,-34.55%,16.20%,9.63%,6.36%,3.60%,20.52%,820648,7.02%,4.66%,23501,1.27,4,108.77,2.56,10.74000,927193,59.05,49.42,49.77,0.41
DCBO,92583000,-26.28%,91088000,1495000,30.27%,-27.97%,-29.11%,-15.40%,10.18%,52.20%,34.31%,4.80%,15.00%,8.84%,218901,35.97%,1.70%,26979,1.22,6,,4.20,29.32000,96617,44.23,30.07,39.09,0.86
OPK,431936000,-1.30%,-63763000,495699000,,26.08%,60.55%,13.73%,-6.98%,-3.90%,1.85%,-5.36%,-2.50%,-7.34%,237952,-8.17%,-5.18%,-17759,0.34,1,8.08,-0.02,1.36000,5846804,26.65,41.62,45.18,-0.08
UTL,6300000,6.81%,-749500000,755800000,,9.85%,10.89%,7.95%,-83.46%,9.30%,5.77%,5.69%,2.70%,8.86%,909559,5.51%,2.56%,86581,0.29,5,20.01,0.97,56.19000,65960,47.44,49.59,52.35,2.93
WOOF,165756000,-2.00%,-2761287000,2927043000,,-1.08%,-3.06%,-9.01%,-308.69%,-9.00%,0.84%,-3.46%,-1.90%,-14.16%,210912,,-3.92%,-3511,1.17,6,5.67,0.98,3.28000,3874189,58.67,47.60,37.43,-0.37
MOMO,1464950578,-0.86%,838634767,626315811,32.90%,-1.76%,100.42%,-2.30%,91.10%,9.20%,-7.08%,4.02%,5.80%,6.86%,1047020,5.28%,4.54%,103044,0.59,4,,,5.53000,1361567,26.92,35.95,40.63,0.76
EYE,73948000,-1.85%,-742083000,816031000,,-5.70%,-11.60%,-3.06%,-82.55%,-3.40%,-0.70%,2.98%,-1.40%,2.28%,135957,-0.63%,0.88%,-2125,0.88,5,7.15,1.37,11.50000,1783141,39.32,44.69,37.92,-0.36
SNDX,583130000,40384.66%,237391000,345739000,-58.80%,154.53%,21046.12%,229.00%,26.79%,-80.70%,-50.51%,-29.48%,-58.70%,-42.10%,87704,-53.59%,-33.92%,-1180585,0.04,1,,-1.71,10.52000,5057124,33.97,33.07,35.70,-3.72
TBLA,230563000,-15.04%,49669000,180894000,,-20.71%,-15.82%,18.99%,5.44%,-0.40%,2.10%,-0.08%,-0.20%,-14.00%,883110,-0.57%,-2.32%,-1880,1.06,7,,1.89,2.69000,2203979,39.92,36.10,35.89,-0.01
ARLO,151451000,26.78%,133094000,18357000,7.68%,-5.09%,7.85%,-8.74%,14.65%,-30.70%,-24.18%,-42.80%,-10.20%,-45.14%,1419128,-29.26%,-15.70%,-84733,1.71,3,8.18,2.63,8.83000,903771,37.83,38.91,45.65,-0.31
WLFC,132502000,13.77%,-2132050000,2264552000,,8.15%,25.61%,12.60%,-231.71%,20.70%,,3.41%,3.50%,,1273430,6.92%,,233508,0.19,6,0.40,,136.90000,49158,32.32,38.19,57.38,15.34
FSUN,615917000,-25.22%,390377000,225540000,,3.82%,-53.92%,,42.13%,7.50%,,5.96%,0.90%,,318680,5.97%,,67106,0.05,4,,,32.53000,111352,34.05,36.71,48.27,2.69
TV,1596335004,,-3098042794,4694377798,,19.22%,-27.20%,,-1751.61%,-6.80%,-0.50%,2.89%,-3.00%,9.46%,93138,,3.08%,-10634,0.26,4,40.53,1.15,1.65000,2626634,40.63,39.64,34.35,-0.18
DQ,2135178000,,2135178000,,-29.95%,,,,1190.22%,-7.50%,-7.04%,20.33%,-5.00%,23.20%,178505,-12.93%,14.36%,-59881,0.15,1,7.69,,13.64000,1387293,28.71,35.38,39.51,-26.10
HLIO,44100000,-6.98%,-402400000,446500000,,0.16%,-14.35%,8.25%,-45.61%,4.50%,6.17%,6.09%,2.50%,8.02%,322360,4.82%,4.14%,15600,0.52,7,2.73,2.21,26.93000,263495,29.94,20.32,32.85,1.17
SBR,,,,,,,,,,840.00%,832.91%,,780.45%,,,832.91%,,,,4,,,61.49000,42575,39.95,43.99,47.96,5.46
XPRO,184663000,-5.96%,-18383000,203046000,,22.56%,83.12%,43.91%,-2.09%,3.60%,5.97%,-10.60%,2.30%,-12.36%,201506,2.95%,-9.32%,6108,0.76,7,8.82,1.45,7.70000,1717990,32.23,26.63,32.90,0.45
WWW,152100000,-7.11%,-645600000,797700000,,-10.78%,-26.68%,-4.03%,-70.04%,17.30%,8.87%,-2.35%,2.70%,-7.54%,566129,7.80%,-1.66%,15452,0.99,7,3.17,2.48,11.14000,1865663,37.56,26.98,42.25,0.58
FBRT,196864000,-7.09%,-4103218000,4300082000,,-17.19%,3.71%,11.59%,-459.36%,4.50%,,2.02%,1.10%,2.94%,,2.11%,0.74%,,0.03,4,,,10.83000,782813,22.47,29.51,36.30,0.82
BELFB,121220000,1.11%,39763000,81457000,,-13.80%,-32.29%,-9.32%,4.74%,22.90%,18.60%,8.97%,13.40%,12.20%,110905,17.05%,5.76%,13991,1.06,5,2.60,5.42,66.77000,95692,41.65,40.25,53.15,3.10
ADNT,860000000,-0.12%,-1542000000,2402000000,,-13.07%,-5.69%,-8.54%,-173.89%,-0.10%,4.20%,3.02%,,6.40%,207471,-0.34%,1.32%,-29,1.60,4,17.54,1.76,10.59000,2291793,32.70,16.94,25.89,-0.02
UCTT,313900000,-0.97%,-346400000,660300000,,1.30%,3.19%,14.59%,-39.41%,2.80%,6.49%,6.67%,1.20%,7.16%,309700,2.50%,3.10%,3499,1.09,7,4.61,2.47,19.69000,597918,38.34,27.34,36.67,0.52
JBI,149300000,-0.24%,-442700000,592000000,,-6.24%,-3.74%,-1.22%,-48.99%,13.20%,12.87%,11.71%,5.30%,48.46%,511843,9.58%,8.12%,37387,0.73,6,11.13,2.37,6.33000,1858183,29.59,31.20,35.74,0.49
NXRT,53917000,0.61%,-1409733000,1463650000,,-1.99%,-6.48%,0.85%,-159.21%,0.20%,,4.16%,0.10%,4.82%,129850500,4.45%,1.06%,555000,0.13,6,,,34.61000,272311,36.49,36.63,42.81,0.04
TSAT,393214384,5.12%,-1828976373,2222190757,,-6.57%,-3.19%,,-732.92%,-12.20%,2.17%,3.34%,-1.30%,7.18%,809303,-1.05%,1.30%,-124320,0.09,4,,0.42,17.51000,44898,44.82,52.52,56.14,-4.37
PRSU,49702000,-77.65%,-63031000,112733000,,-41.57%,-77.00%,-24.03%,-7.12%,218.10%,50.62%,-16.91%,33.20%,-368.52%,244325,-4.81%,-2.08%,245696,0.33,6,33.51,4.39,31.46000,192203,36.38,35.46,45.59,12.84
SGML,47224971,2.11%,-134594706,181819677,,361.28%,43.98%,,-15.30%,-42.20%,-2.46%,-16.21%,-13.20%,-34.76%,277176,-1.60%,-22.90%,-92921,0.39,1,7.71,1.61,7.94000,839133,32.24,31.79,35.67,-0.44
LMB,45000000,6.73%,-3727000,48727000,,-7.03%,16.09%,-5.68%,-0.43%,22.30%,20.80%,11.14%,9.70%,13.66%,370558,16.20%,4.82%,22054,1.63,5,,4.98,77.65000,157127,47.16,46.16,61.85,2.57
SKYH,94359000,7.46%,-228594000,322953000,,13.31%,33.91%,,-26.44%,-69.30%,,-2.71%,-9.40%,-47.14%,175726,-4.78%,-4.80%,-538464,0.03,4,,,11.21000,76117,47.87,49.71,55.65,-1.76
DEC,17416000,2.37%,-1720426000,1737842000,,,18.29%,,-185.84%,-16.80%,-6.90%,,-2.30%,,500215,-1.48%,,-54752,0.21,2,,-0.22,10.80000,715599,33.81,37.51,38.10,-1.84
FVRR,568577000,0.02%,105362000,463215000,,4.93%,0.19%,137.62%,12.01%,5.30%,-4.11%,-4.45%,1.80%,-9.24%,513755,-2.94%,-3.16%,23945,0.38,4,,0.66,24.51000,483675,46.71,42.89,40.59,0.48
CIM,83998000,-6.84%,-9930761000,10014759000,,-3.30%,-0.93%,-14.36%,-1184.55%,3.40%,,0.80%,0.70%,0.34%,3864442,1.56%,0.14%,1173104,0.02,6,,,10.87000,1174705,27.41,26.84,34.19,1.10
EOSE,88362000,67.61%,-232041000,320403000,,41.32%,53.52%,33.14%,-28.97%,,-336.66%,-142.88%,-437.50%,147.82%,36293,,-193.40%,-2242326,0.07,2,3.96,-15.58,3.87000,5187493,43.93,47.10,52.24,-4.55
SBGI,697000000,-0.16%,-3584000000,4281000000,,-30.18%,-1.54%,-19.54%,-407.71%,74.20%,13.07%,-2.42%,5.30%,-3304.66%,492778,9.10%,4.30%,43056,0.61,7,,1.27,13.19000,383142,36.28,41.06,43.59,4.69
SABR,745518000,0.59%,-4319472000,5064990000,,2.14%,4.79%,8.66%,-492.88%,,6.56%,-6.49%,-6.00%,46.82%,484498,,-12.88%,-44580,0.65,4,,-0.40,2.27000,9818322,34.51,35.72,39.21,-0.73
WGO,115500000,-13.50%,-526000000,641500000,,3.45%,-12.61%,5.42%,-60.21%,-0.50%,1.47%,12.65%,-0.20%,17.16%,482930,-4.00%,8.94%,-1000,1.18,4,5.14,3.16,31.24000,1020672,42.21,23.09,32.22,-0.20
EFXT,141000000,-9.55%,-636000000,777000000,,39.62%,-21.91%,,-80.11%,3.10%,9.52%,2.41%,1.10%,,524783,3.83%,,6957,0.83,7,6.51,1.45,6.42000,395113,37.27,36.49,48.83,0.26
OCFC,123615000,-4.68%,-1230140000,1353755000,,54.34%,18.68%,14.05%,-139.49%,5.70%,,4.32%,0.70%,6.46%,365211,3.28%,0.78%,93161,0.03,3,,,14.95000,434337,32.85,33.52,42.97,1.65
NVAX,933744000,-1.24%,703325000,230419000,101.04%,-20.23%,0.58%,-6.39%,80.53%,,-38.56%,-148.44%,-11.60%,-56.70%,716557,,-36.24%,-196953,0.42,3,8.04,-4.17,5.43000,22394284,33.34,31.14,39.02,-1.23
BBDC,74381000,5.96%,-1376040000,1450421000,,1.85%,0.69%,16.73%,-156.81%,9.20%,,3.57%,4.20%,6.46%,10598852,4.94%,2.76%,4084778,0.11,5,,,8.27000,801747,30.57,32.14,40.91,1.04
REAX,56914000,,56914000,,35.91%,,,,6.50%,-90.00%,-77.21%,-67.77%,-27.70%,,4790299,-78.47%,,-100534,13.21,3,,21.88,4.27000,829786,50.92,44.73,55.13,-0.14
VTEX,214808000,17.53%,211496000,3312000,3.01%,-29.04%,-19.14%,-29.27%,23.89%,4.70%,15.13%,-8.05%,3.30%,-10.20%,165723,4.84%,-7.42%,8766,0.63,7,,6.01,4.75000,675998,44.88,34.95,34.41,0.06
ESTA,90347000,12.91%,-133433000,223780000,,60.82%,16.89%,35.98%,-15.95%,-180.20%,-22.90%,-23.68%,-27.80%,-235.38%,163089,-18.05%,-30.12%,-83100,0.55,3,0.71,0.39,30.14000,1721819,39.67,40.99,39.12,-3.00
TRIN,9627000,-3.83%,-868046000,877673000,,24.45%,37.22%,,-100.66%,16.00%,,9.02%,7.20%,10.90%,4098121,10.43%,5.58%,1993034,0.15,4,,,13.81000,706767,31.37,38.15,46.64,2.10
CBRL,10346000,-5.62%,-1116788000,1127134000,,1.87%,-1.28%,3.04%,-128.00%,8.10%,2.31%,8.38%,1.70%,17.34%,45181,5.09%,4.00%,464,1.62,7,6.28,2.19,38.97000,901534,45.21,38.17,36.78,1.61
GRC,24213000,-3.78%,-342384000,366597000,,,-9.36%,,-39.27%,11.00%,10.91%,8.38%,4.60%,8.36%,454943,9.81%,4.74%,27666,0.75,8,4.48,2.98,33.04000,62109,40.34,37.10,46.92,1.53
MRC,63000000,99.65%,-508000000,571000000,,4.04%,11.52%,-5.36%,-58.72%,5.00%,9.68%,1.15%,1.50%,-8.82%,1158077,8.33%,-1.76%,10000,1.70,6,5.16,2.29,10.05000,859332,36.61,36.65,44.92,0.30
QNST,57835000,-6.72%,51281000,6554000,40.63%,0.93%,-27.63%,-9.45%,5.94%,-5.50%,-4.63%,-1.79%,-3.20%,-5.20%,1033062,-5.06%,-3.50%,-13489,2.43,5,,4.69,15.29000,824731,34.00,35.61,46.23,-0.22
GPCR,883518000,-11.93%,879656000,3862000,90.46%,83.90%,-29.18%,,317.04%,-15.70%,-14.09%,27.12%,-15.10%,,,-18.21%,,-751693,,2,,,15.05000,854265,33.52,25.48,40.67,-2.34
PNTG,24246000,-27.54%,-248845000,273091000,,-8.39%,-17.15%,-4.00%,-28.39%,11.80%,6.32%,3.19%,3.60%,9.68%,99320,5.13%,2.26%,3223,1.11,6,,2.79,25.06000,187388,49.87,42.47,53.04,0.70
AMWD,43484000,-0.66%,-475214000,518698000,,-6.30%,1.52%,-5.74%,-55.90%,11.00%,9.90%,6.39%,6.30%,7.82%,204938,8.07%,3.96%,11708,1.10,5,8.41,2.80,58.15000,177766,42.14,27.95,38.94,6.46
PENG,647005000,-0.15%,-68602000,715607000,,11.42%,-10.91%,26.89%,-8.05%,-1.90%,2.35%,2.82%,-0.50%,-9.76%,488277,-1.81%,-1.68%,-3227,0.82,5,5.05,1.75,16.05000,1087751,42.10,40.18,44.38,-0.18
WULF,274541000,53764.91%,-216707000,491248000,,72.50%,289.04%,180.65%,-25.22%,-22.70%,-7.15%,-13.69%,-14.00%,-73.28%,11670917,-10.36%,-37.72%,-6034833,0.27,3,,0.67,2.24000,28553542,35.30,33.03,42.91,-0.21
PTLO,22876000,3.57%,-573349000,596225000,,23.16%,8.32%,,-77.65%,7.80%,4.54%,7.79%,2.00%,-1.78%,83477,4.73%,-0.02%,3468,0.49,5,65.17,1.02,11.49000,1474443,45.05,47.55,38.66,0.46
OCS,119097801,-5.07%,117673402,1424398,7.07%,-78.22%,95.04%,,15.83%,-95.20%,-101.90%,-89.63%,-71.00%,,15556,-98.18%,,-1945057,0.01,1,,2.82,16.15000,37349,36.08,43.72,56.72,-2.36
YALA,656272036,-0.85%,655246060,1025976,22.80%,15.36%,-51.23%,,76.03%,20.70%,21.37%,15.01%,18.40%,16.96%,436601,15.61%,15.10%,174401,0.46,3,,7.65,5.38000,941928,60.28,63.03,55.11,0.74
MXL,119578000,-1.63%,-20370000,139948000,,-24.93%,-5.83%,-8.33%,-2.38%,-42.10%,-33.39%,-5.79%,-26.10%,-9.36%,278615,-34.04%,-5.82%,-189488,0.38,1,1.74,0.63,10.09000,1360222,39.87,35.26,37.40,-2.93
SBH,105528000,-2.93%,-1445668000,1551196000,,-7.23%,-6.30%,-6.23%,-169.11%,29.20%,14.52%,10.90%,6.40%,-34.08%,137912,10.54%,6.30%,6520,1.36,7,1.81,2.72,8.35000,2442163,44.54,31.84,39.34,1.66
EZPW,458716000,0.16%,-109122000,567838000,,2.61%,-6.45%,3.60%,-12.82%,10.60%,10.65%,2.50%,5.70%,2.90%,147723,6.06%,1.44%,10705,0.79,7,2.67,2.73,15.49000,1558051,62.36,73.24,74.04,1.15
PSFE,216683000,-2.71%,-2190091000,2406774000,,-4.87%,-4.76%,-5.73%,-254.40%,2.50%,4.60%,-11.13%,0.50%,-40.70%,516617,6.41%,-6.58%,6715,0.35,7,,,14.19000,458626,39.88,38.60,38.99,0.36
BRKL,543670000,1.55%,-1020961000,1564631000,,60.59%,11.07%,11.02%,-121.06%,5.70%,,4.18%,0.60%,8.06%,333556,2.47%,0.90%,68715,0.03,4,,,9.53000,750966,32.82,34.67,45.05,0.77
HEPS,231851937,83.80%,187032759,44819179,16.30%,76.66%,287.08%,46.06%,22.07%,-36.20%,-0.66%,-8.02%,-6.30%,-52.00%,435839,-6.87%,-36.96%,-12826,2.13,4,7.64,2.75,2.60000,278927,33.44,40.59,43.09,-0.13
NNE,123267673,-2.09%,121376273,1891400,1436.90%,,,,14.16%,-26.40%,-9.08%,,-24.60%,,,-9.57%,,-2390195,,2,,,22.75000,1257537,38.82,46.98,0.00,-0.41
TRS,23070000,-2.99%,-419770000,442840000,,-0.22%,-0.09%,6.52%,-49.62%,3.60%,4.26%,2.62%,1.80%,3.30%,237182,3.43%,1.50%,6218,0.68,6,3.61,1.86,20.78000,221453,38.06,38.63,39.24,0.59
WVE,302078000,-6.50%,276674000,25404000,64.46%,-5.30%,-20.90%,-4.83%,32.42%,-104.00%,-40.21%,338.83%,-33.60%,594.42%,376049,-47.00%,-52.78%,-336833,0.38,1,,-0.55,5.48000,1816859,25.95,31.72,44.76,-0.70
RDWR,275781000,1.55%,257512000,18269000,-16.90%,-12.69%,-11.76%,-0.89%,30.84%,2.00%,-0.86%,-1.66%,1.00%,,241759,-0.55%,,5310,0.46,5,3.60,2.92,19.70000,80293,36.30,40.70,45.99,0.14
MFA,601312000,2.61%,-8554149000,9155461000,,12.80%,7.25%,-1.81%,-1016.89%,4.60%,,-1.40%,0.80%,-4.38%,833644,1.08%,-1.26%,248207,0.03,5,,,8.18000,3783840,24.19,25.79,35.16,0.82
NG,92969000,2.35%,-62118000,155087000,,9.78%,10.50%,7.85%,-7.40%,,-29.04%,-26.64%,-39.70%,-178.70%,,-36.11%,-27.28%,-3172786,,1,,,2.51500,158227,36.64,35.56,38.30,-0.13
GIC,44600000,-3.71%,-38500000,83100000,,-0.16%,-12.98%,3.91%,-4.63%,22.40%,22.79%,25.52%,11.60%,42.72%,713225,16.83%,16.82%,33062,2.49,5,5.44,5.78,21.87000,268678,42.93,31.86,36.46,1.58
PFLT,102262000,14.04%,-1240045000,1342307000,,21.40%,100.02%,14.16%,-147.55%,11.60%,,6.75%,5.00%,6.94%,,7.32%,3.10%,,0.11,4,,,9.52000,1475774,29.43,27.79,35.52,1.39
HROW,47247000,16.71%,-181581000,228828000,,43.18%,18.43%,61.25%,-21.74%,-28.30%,1.84%,1.41%,-5.20%,-63.00%,522550,,-10.74%,-45762,0.60,3,4.57,1.89,23.47500,356697,42.29,38.17,49.78,-0.49
DSP,205048000,-3.19%,179040000,26008000,-6.27%,14.12%,2.26%,8.25%,82.56%,3.90%,-2.24%,-15.37%,0.60%,,769242,3.94%,,6282,0.69,5,,1.82,13.26000,514996,43.59,40.98,47.77,0.14
ARMN,254239000,40.72%,-266334000,520573000,,,35.95%,,-30.14%,3.20%,6.54%,,1.40%,,245365,2.86%,,11813,0.29,5,8.60,1.03,5.11000,169582,63.60,66.47,62.77,0.14
KALU,18400000,0.04%,-1048400000,1066800000,,-0.32%,-0.21%,15.55%,-126.43%,7.00%,5.60%,3.21%,2.00%,2.26%,756000,3.73%,0.74%,11700,1.31,5,5.49,2.06,52.27000,157953,29.71,27.60,37.46,2.87
KFRC,349000,18.24%,-35389000,35738000,,-30.47%,-20.91%,-12.75%,-4.13%,30.90%,27.56%,29.35%,13.80%,35.54%,826652,27.31%,14.90%,29655,3.86,5,,9.60,45.80000,151418,35.49,28.42,33.40,2.68
CTBI,369505000,2.05%,49319000,320186000,,-2.25%,4.39%,0.76%,5.93%,11.20%,,7.65%,1.40%,11.64%,254399,7.68%,1.42%,88665,0.04,4,,,45.97000,68574,33.22,37.23,50.51,4.61
FOXF,71674000,-8.25%,-633387000,705061000,,23.05%,-5.17%,59.64%,-76.38%,0.50%,2.84%,12.97%,0.30%,12.98%,339981,18.87%,7.56%,1598,0.62,5,2.50,1.99,19.88000,699658,37.51,23.21,29.65,0.16
GERN,408426000,159.14%,182289000,226137000,-26.77%,60.20%,163.26%,145.15%,22.99%,-57.00%,-30.88%,-57.85%,-35.40%,-72.20%,336218,-34.30%,-45.04%,-762323,0.16,3,,-2.58,1.30000,10927226,32.63,23.50,35.61,-0.27
CAPL,3381000,-0.73%,-905178000,908559000,,-3.03%,-0.21%,6.57%,-109.45%,-44.10%,7.49%,9.55%,1.70%,78.26%,7478628,9.74%,4.50%,36299,3.57,6,64.06,,21.73000,37258,32.65,44.65,49.74,0.52
HSII,563523000,-2.71%,462718000,100805000,22.27%,5.87%,1.11%,-1.79%,56.44%,1.90%,2.28%,6.20%,0.80%,9.08%,506895,0.39%,3.42%,3965,1.03,6,,2.18,40.50000,96084,41.64,45.87,55.52,0.41
KRNT,463874000,-2.44%,445498000,18376000,44.22%,-11.99%,-22.16%,-4.50%,53.18%,-2.20%,-5.02%,-4.68%,-2.00%,-3.50%,285070,-5.01%,-3.18%,-23497,0.25,5,1.75,9.06,17.92000,367439,41.69,35.32,41.43,-0.35
THR,38744000,-6.88%,-128154000,166898000,,4.62%,-27.18%,-2.87%,-15.51%,9.70%,11.39%,5.24%,6.10%,5.68%,347303,8.33%,3.46%,32929,0.65,6,2.93,3.64,24.41000,151821,34.72,36.39,44.96,1.37
ALGT,797553000,-5.58%,-1352057000,2149610000,,4.63%,-9.03%,8.26%,-160.77%,-19.00%,-4.82%,-1.29%,-5.00%,-4.14%,375518,-7.41%,-0.82%,-35905,0.53,5,28.99,0.84,46.38000,647496,37.27,29.74,39.82,-13.49
NVGS,139797000,11.40%,-717485000,857282000,,-2.34%,0.03%,0.97%,-87.27%,7.20%,7.85%,1.89%,4.00%,,3256776,6.60%,,491787,0.26,7,21.69,1.21,11.87000,457602,34.35,31.60,38.62,1.19
DCO,37139000,-5.71%,-235006000,272145000,,-5.31%,-7.93%,-3.69%,-28.63%,4.80%,5.49%,4.61%,2.80%,11.64%,360803,4.67%,5.26%,14447,0.70,7,2.98,2.94,55.23000,134208,42.42,40.35,49.79,2.10
BBAI,50141000,-28.98%,-96269000,146410000,,-9.05%,-9.89%,,-11.59%,-386.40%,-191.86%,-43.74%,-82.30%,,251168,-91.96%,,-469122,0.44,3,,-3.41,2.84000,46482735,40.05,45.83,49.11,-1.27
NX,55468000,-1.47%,-824382000,879850000,,89.53%,688.76%,33.25%,-100.78%,1.50%,2.41%,10.36%,0.80%,13.34%,203558,1.80%,7.66%,1687,0.92,5,5.63,1.54,17.43000,329161,42.02,31.00,36.93,0.39
RDUS,5437000,-3.38%,-556425000,561862000,,12.92%,14.32%,16.15%,-68.53%,-47.60%,-25.73%,0.76%,-18.80%,0.20%,911252,-27.02%,0.62%,-94526,1.81,3,8.67,2.45,28.99000,1452198,79.55,74.40,55.67,-9.98
OLPX,585967000,-0.20%,-64495000,650462000,,-4.98%,-0.81%,,-7.89%,2.20%,5.08%,11.10%,1.10%,20.16%,1829740,3.18%,8.12%,84511,0.24,6,1.52,1.81,1.23000,1625914,46.30,37.40,31.86,0.03
PRLB,103090000,-14.24%,99574000,3516000,2.32%,-22.12%,-35.89%,-21.65%,12.16%,2.40%,3.57%,0.44%,2.20%,0.82%,212512,1.99%,0.70%,7040,0.66,6,21.39,8.17,33.66000,180719,42.08,42.87,45.73,0.66
ECC,46445467,-19.31%,-111268190,157713657,,,4.61%,,-17.92%,15.89%,,4.55%,12.25%,6.96%,,8.80%,5.25%,,0.14,2,,,7.28000,2335452,38.70,24.88,20.33,0.86
ULCC,740000000,5.70%,-3728000000,4468000000,,16.18%,29.17%,12.26%,-447.38%,15.80%,2.84%,-3.22%,1.50%,-13.82%,477063,1.13%,-1.64%,10742,0.66,2,44.51,0.65,3.57000,4345376,30.84,31.51,38.24,0.37
GHLD,125056000,-5.99%,-2092466000,2217522000,,-0.90%,62.99%,7.74%,-262.03%,8.00%,,7.36%,2.20%,25.68%,199186,2.79%,5.38%,18431,0.23,4,,,13.10000,8034,43.91,44.48,48.25,1.56
DAO,90143140,0.20%,-158208217,248351357,,14.63%,16.62%,15.10%,-74.94%,-3.70%,-0.82%,166.84%,4.90%,108.20%,176598,-42.88%,-35.68%,2581,3.32,4,14.69,,6.78000,97392,36.13,47.74,51.66,0.10
CNOB,356488000,-6.41%,-427018000,783506000,,7.34%,-23.65%,3.95%,-53.05%,5.50%,,5.04%,0.70%,8.64%,507637,3.64%,1.08%,137438,0.03,3,,,21.17000,254793,43.26,45.01,49.50,1.76
TIPT,416264000,9.93%,-10825000,427089000,,2.78%,6.13%,2.67%,-1.35%,12.00%,,3.59%,1.00%,2.96%,1365544,9.52%,0.24%,35673,0.38,5,,,21.54000,135967,42.66,52.44,58.26,1.30
TMP,134398000,36.33%,-692885000,827283000,,63.07%,26.67%,2.38%,-85.49%,10.20%,,6.25%,0.90%,9.80%,289434,4.60%,0.84%,70079,0.04,4,,,55.89000,3046,32.90,35.00,45.77,4.97
AMAL,60749000,268.29%,-273394000,334143000,,36.29%,-0.43%,19.45%,-34.41%,16.00%,,8.39%,1.30%,13.38%,711797,10.22%,1.00%,248098,0.04,4,,,26.24000,367717,31.19,31.90,48.34,3.44
SBSI,426161000,-5.57%,-550286000,976447000,,21.62%,9.31%,-3.55%,-69.09%,11.00%,,6.04%,1.10%,11.86%,327139,4.95%,1.26%,113746,0.03,4,,,26.49000,196891,32.60,31.18,40.78,2.91
BLND,98476000,-16.13%,97675000,801000,,-84.81%,-99.45%,,12.39%,,-26.24%,-61.85%,-32.20%,-185.42%,300035,,-53.52%,-112006,0.86,3,,1.72,3.10000,3722444,39.26,42.57,42.35,-0.24
VMEO,325276000,,325276000,,7.93%,,,,40.43%,6.70%,8.02%,-11.18%,4.30%,-23.36%,378408,3.66%,-5.92%,24512,0.66,6,,2.37,4.88000,1076460,39.64,40.79,37.39,0.16
HELE,40804000,3.26%,-733954000,774758000,,17.05%,-0.02%,22.06%,-91.25%,7.20%,8.49%,10.78%,4.00%,14.48%,991684,6.30%,7.88%,59973,0.66,7,2.26,2.02,35.19000,921703,25.64,25.52,31.70,4.95
NCDL,43304000,1.26%,-1064957000,1108261000,,39.71%,17.41%,56.42%,-140.08%,11.80%,,3.72%,5.60%,8.00%,,5.88%,3.52%,,0.11,0,,,14.67000,248269,24.09,24.78,31.22,2.26
CRF,,,,,,,,,,,,5.46%,,5.46%,,,5.45%,,,2,,,6.91000,1507721,39.33,31.37,38.85,
ERII,78019000,,78019000,,-28.12%,,,,9.79%,10.50%,11.73%,10.37%,9.20%,12.00%,570661,8.41%,10.16%,90748,0.58,4,1.88,16.89,14.60000,321578,40.58,44.12,43.42,0.40
AOD,,,-12250194,12250194,,,-20.46%,,-1.52%,-19.46%,-19.03%,3.24%,-19.04%,3.20%,,-19.19%,3.23%,,-0.19,3,,23.22,7.60000,1026139,34.46,26.02,40.25,-1.68
AMPS,111942000,3.86%,-1463142000,1575084000,,42.36%,13.28%,,-182.78%,0.30%,4.20%,1.69%,0.10%,6.58%,1736858,0.12%,1.28%,11708,0.09,4,,0.34,4.99000,4662089,64.51,61.91,48.10,0.01
CMRX,131643000,-28.88%,131185000,458000,-27.73%,-69.66%,-64.82%,18.50%,16.40%,-60.20%,-72.37%,-82.71%,-52.20%,-39.40%,2684,-79.06%,-32.22%,-1118823,0.00,2,,10.17,8.53000,2552273,82.37,94.57,86.93,-0.99
CTOS,12718000,-4.62%,-2412453000,2425171000,,14.91%,10.39%,26.71%,-301.58%,-3.30%,5.51%,2.51%,-0.80%,9.42%,688156,,-1.74%,-10941,0.51,3,1.39,0.69,3.54000,827421,35.89,36.93,0.00,-0.12
BELFA,69203000,282.20%,-249009000,318212000,,33.40%,294.99%,14.34%,-30.39%,13.80%,7.02%,10.77%,7.40%,15.96%,99589,7.24%,7.62%,9161,0.81,5,2.23,2.55,63.68000,4769,38.19,32.23,46.96,3.10
CIFR,144276000,143.66%,87857000,56419000,-31.88%,,156.71%,,11.22%,-6.70%,-5.89%,,-5.80%,,3517907,-4.79%,,-1038023,0.20,1,,2.47,2.22000,10025455,36.58,32.36,43.07,-0.14
UUUU,139459000,,139459000,,-32.97%,,,,17.53%,-11.50%,-8.71%,-12.85%,-10.50%,-5.06%,57018,-9.00%,-3.98%,-34865,0.17,2,1.04,5.23,3.78500,16977528,43.66,37.98,40.39,-0.28
TROX,152000000,1.70%,-2838000000,2990000000,,4.01%,1.32%,-0.89%,-363.65%,-2.60%,4.76%,10.98%,-0.80%,21.44%,472923,-2.80%,4.62%,-7385,0.51,6,1.72,1.14,5.03000,2731839,31.04,21.22,31.06,-0.31
RCUS,978000000,2.13%,930000000,48000000,22.53%,,,,118.58%,-47.30%,-30.09%,-39.18%,-23.20%,-32.74%,411483,-61.91%,-16.90%,-451356,0.21,3,,-0.42,7.50000,1571351,38.42,28.82,32.80,-3.14
LOT,656364000,23.52%,-442265000,1098629000,,,,,-55.34%,,-111.71%,,-42.50%,,297826,-114.90%,,-274214,0.46,1,2.08,-2.03,1.17000,129813,36.43,20.88,27.48,-1.33
SLRC,414271000,-6.38%,-617423000,1031694000,,8.31%,-12.40%,11.93%,-78.11%,9.60%,,6.58%,3.90%,5.62%,,8.29%,2.30%,,0.10,7,,,14.49500,264867,29.77,33.52,43.72,1.76
PRO,171983000,0.55%,-128911000,300894000,,-3.49%,-7.35%,16.49%,-16.30%,,-8.23%,-18.20%,-5.10%,-1.66%,220101,-6.27%,-13.48%,-13641,0.83,6,,-0.47,16.53000,566992,32.50,31.79,35.32,-0.43
DYN,644210000,-3.50%,620222000,23988000,532.88%,-9.75%,-12.50%,,78.55%,-49.00%,-48.91%,-74.32%,-45.20%,-62.68%,,-52.60%,-52.74%,-1661874,,2,,,6.98000,2349485,28.03,21.07,37.23,-3.37
MLYS,198187000,,198187000,,-16.22%,,,,26.09%,-68.00%,-92.97%,-63.94%,-62.40%,,,-100.60%,,-3486471,,1,,,12.19000,1006873,46.93,52.17,46.57,-3.66
CLMT,38100000,12.79%,-2335100000,2373200000,,10.53%,8.35%,10.52%,-304.69%,,0.82%,2.79%,-8.20%,102.96%,2586049,,-6.94%,-137037,1.55,3,9.25,0.86,9.14500,1525365,32.85,29.75,0.00,-2.67
BASE,147171000,-25.94%,142855000,4316000,-3.70%,,-18.35%,-38.56%,17.96%,-58.50%,-54.62%,-36.31%,-31.10%,-43.46%,264477,-59.62%,-32.90%,-94259,0.87,3,,0.90,14.78000,485376,47.23,43.09,42.51,-1.45
CNL,38930957,-14.98%,38775430,155527,176.05%,-95.13%,29.93%,-83.81%,4.84%,-114.00%,-72.16%,-87.31%,-95.70%,,,-64.13%,,-264205,,2,,,9.40000,2907,62.09,75.98,0.00,-0.33
ATRO,18428000,-5.64%,-175446000,193874000,,2.17%,-1.92%,-1.94%,-22.70%,-6.40%,2.87%,-6.41%,-2.50%,-16.34%,318170,,-6.72%,-6486,1.24,6,3.20,3.39,22.18000,402305,45.24,59.48,58.76,-0.46
IIIV,88002000,-2.92%,53011000,34991000,,-49.90%,-91.08%,-23.35%,9.68%,36.50%,23.95%,1.44%,14.40%,5.82%,184550,4.83%,2.10%,77229,0.34,5,,2.70,23.61000,293867,44.82,48.36,51.03,4.75
LPG,324533508,-2.82%,-408977959,733511467,,7.72%,-10.29%,2.43%,-52.47%,15.00%,11.59%,10.44%,8.70%,16.30%,725901,9.86%,9.04%,279582,0.23,6,52.25,1.67,18.19000,1129361,35.99,31.14,38.05,3.92
SVM,354647000,8593.36%,245980000,108667000,24.30%,325.36%,27203.27%,114.41%,31.25%,11.70%,9.73%,8.99%,8.10%,7.52%,220765,8.28%,5.32%,59075,0.30,6,8.50,2.91,3.55000,17422955,44.70,49.34,51.18,0.36
COLL,188810000,-1.73%,-670488000,859298000,,49.20%,27.44%,108.91%,-85.54%,30.70%,14.95%,8.51%,5.10%,18.48%,1768765,10.77%,4.30%,193810,0.46,5,7.49,0.89,24.67000,560579,28.28,29.57,43.20,1.86
NEXA,640230000,-3.92%,-1218302000,1858532000,,2.64%,3.08%,3.79%,-155.13%,-20.70%,4.42%,0.53%,-4.40%,-14.34%,480292,,-3.78%,-35595,0.59,6,6.70,,5.90000,19243,52.01,43.32,45.52,-1.55
RC,174363000,-5.60%,-7465556000,7639919000,,-1.18%,-16.28%,14.22%,-987.45%,-20.60%,,0.36%,-4.00%,4.00%,,-4.85%,0.50%,-951046,-0.02,3,,,4.49000,2220730,32.38,21.25,29.23,-2.63
WLKP,58316000,,-341358000,399674000,,,,,-43.73%,22.50%,7.21%,53.77%,4.80%,23.28%,523696,57.01%,4.82%,28765,0.88,6,168.89,,22.00000,20993,36.37,36.47,45.00,1.77
EVGO,120512000,6.86%,-21562000,142074000,,83.04%,36.88%,,-2.83%,,-6.73%,81.10%,-5.60%,,775906,,,-133940,0.32,3,,1.09,2.53000,3312116,43.19,37.08,43.36,-0.41
JBSS,336000,4.52%,-83927000,84263000,,17.53%,82.63%,14.94%,-10.80%,15.20%,16.83%,20.44%,9.40%,22.94%,621511,12.90%,13.94%,27080,2.16,5,4.57,5.40,66.40000,61223,33.07,32.16,34.14,4.16
GRAL,766819000,-5.61%,698678000,68141000,3984.64%,,-19.27%,,92.81%,-70.30%,-74.40%,,-60.80%,,125595,-85.13%,,-2027005,0.04,4,10.10,-5.71,22.74500,1104418,39.99,47.02,0.00,-63.54
XIFR,283000000,2.71%,-5031000000,5314000000,,-0.08%,-15.50%,5.10%,-651.97%,-0.70%,0.53%,-0.06%,-0.10%,4.50%,,-5.38%,0.74%,,0.06,4,6.07,,8.24000,1276281,38.04,24.68,26.15,-0.25
PPTA,44104825,-36.72%,44076537,28288,1276.72%,-26.06%,1.40%,-77.87%,5.51%,-17.80%,-13.06%,-41.35%,-15.90%,-120.08%,,-47.87%,-66.04%,-391432,,2,,,11.11000,884354,57.79,55.51,64.77,-0.22
KRO,114700000,-8.37%,-409800000,524500000,,3.95%,14.15%,2.32%,-53.13%,10.70%,13.40%,5.44%,4.80%,7.62%,747662,5.28%,3.28%,34152,1.05,6,2.50,1.98,6.68000,205836,36.27,23.77,35.82,0.75
STAA,230494000,-3.14%,191751000,38743000,3.71%,6.51%,8.12%,32.35%,24.97%,-5.00%,-2.06%,4.83%,-3.90%,5.72%,271306,-2.89%,4.52%,-17466,0.61,2,1.90,5.18,15.57000,957160,36.26,31.10,34.30,-0.41
FSLY,295882000,-2.21%,-108776000,404658000,,-27.27%,-6.61%,68.68%,-14.34%,-16.20%,-11.34%,-11.99%,-10.70%,-17.44%,494251,-12.26%,-10.52%,-143689,0.37,6,,0.28,5.38000,1900779,35.47,34.61,38.19,-1.14
NSSC,99195000,-0.79%,93778000,5417000,27.82%,-8.53%,-3.29%,-5.33%,12.26%,27.70%,28.97%,16.24%,23.70%,19.64%,174330,25.23%,15.90%,45217,0.92,6,1.62,20.04,21.01000,539030,35.09,26.23,38.22,1.30
KOS,85277000,1.96%,-2659435000,2744712000,,1.56%,14.80%,6.45%,-349.99%,16.50%,9.30%,6.02%,3.50%,-6.88%,6895317,6.20%,0.12%,781280,0.31,4,3.29,0.38,1.60000,11045257,33.98,24.83,25.91,0.40
PDM,113882000,0.02%,-2108464000,2222346000,,5.78%,8.16%,8.45%,-276.48%,-4.80%,,1.49%,-1.90%,2.56%,3802160,,,-527127,0.14,3,,,6.13000,875940,31.53,28.74,35.11,-0.64
VTS,2967000,11.43%,-114033000,117000000,,19.83%,44.44%,,-14.95%,4.10%,5.45%,6.12%,2.70%,,7333273,4.86%,,638182,0.31,4,,1.85,19.74000,344799,31.23,33.06,46.70,0.64
KSS,134000000,-7.99%,-7025000000,7159000000,,1.80%,-2.94%,3.17%,-934.18%,2.90%,4.15%,3.88%,0.80%,5.26%,186448,3.78%,1.56%,1253,1.14,6,3.32,1.47,6.84000,12994425,38.25,21.76,29.63,0.98
ATLC,499636000,8.65%,-2005552000,2505188000,,20.64%,23.63%,25.66%,-267.21%,19.40%,,7.07%,2.90%,68.22%,962667,3.68%,5.76%,209516,0.14,5,,,50.24000,59592,54.76,53.31,60.36,4.77
OXM,9470000,3.38%,-439712000,449182000,,19.87%,33.06%,5.60%,-59.12%,15.20%,11.43%,6.63%,7.70%,12.24%,252767,8.86%,6.56%,15496,1.25,4,3.44,2.65,50.89000,667968,38.49,25.83,33.78,5.87
EVER,102116000,-11.34%,98488000,3628000,175.14%,-23.88%,67.96%,,12.93%,29.10%,24.66%,-20.10%,18.80%,-17.84%,1511148,21.61%,-11.74%,97187,2.92,7,,8.35,21.15000,597691,35.68,48.23,53.23,0.88
DK,735600000,-0.48%,-2536300000,3271900000,,3.97%,4.09%,7.76%,-341.50%,-83.70%,-8.56%,-4.03%,-8.10%,-24.04%,5964872,-13.71%,-3.26%,-282033,1.70,1,12.97,1.60,12.08000,1851181,39.48,36.86,33.86,-8.77
VTOL,251281000,5.46%,-705810000,957091000,,8.74%,14.17%,41.63%,-92.73%,11.00%,7.76%,-0.32%,4.70%,0.20%,410644,6.46%,0.02%,27501,0.70,7,9.72,1.62,26.31000,243214,34.81,34.70,44.73,3.21
AMTB,590359000,-14.45%,-414357000,1004716000,,-2.05%,9.05%,-5.42%,-60.34%,-1.90%,,1.90%,-0.20%,5.04%,394564,-1.27%,,-22567,0.03,2,,,17.95000,355967,30.24,33.84,39.98,-0.44
GOOS,203577598,-7.03%,-389666938,593244536,,8.83%,12.16%,17.74%,-54.36%,18.00%,11.33%,11.46%,4.70%,20.20%,205719,8.10%,6.74%,11315,0.85,6,0.95,,7.53000,911683,39.15,30.30,35.26,0.51
UVSP,328844000,0.55%,-88083000,416927000,,19.00%,-16.60%,6.72%,-11.52%,8.80%,,6.17%,1.00%,9.42%,309054,5.82%,1.04%,80012,0.04,3,,,25.81000,158194,36.66,40.44,51.80,2.58
YEXT,132804000,-3.30%,37391000,95413000,-63.99%,-10.40%,-10.29%,-5.08%,5.06%,-17.70%,-10.21%,-19.05%,-5.30%,-31.32%,366050,-13.05%,-10.46%,-24303,0.81,2,,-0.23,5.91000,783351,41.58,41.85,44.92,-0.22
PARR,192267000,5.64%,-1568854000,1761121000,,1.21%,9.18%,0.77%,-211.16%,-2.70%,1.60%,5.72%,-0.90%,2.24%,4462483,,1.72%,-18647,2.07,4,6.31,2.61,13.65000,1432856,46.95,35.67,34.36,-0.59
FMBH,121216000,0.54%,-451368000,572584000,,16.55%,-8.08%,9.55%,-61.07%,9.50%,,5.03%,1.00%,9.44%,266593,5.56%,1.00%,65858,0.04,4,,,31.14000,100217,34.70,32.83,45.29,3.30
XPEL,22087000,3.60%,1003000,21084000,,-18.01%,-41.53%,28.98%,0.13%,21.90%,23.67%,24.90%,16.90%,35.64%,367804,19.22%,22.66%,39798,1.56,7,2.24,11.15,26.96000,308302,36.38,27.11,34.93,1.65
COMM,564900000,-0.37%,-8673500000,9238400000,,-0.96%,-0.43%,-1.24%,-1155.88%,,5.63%,-2.43%,-4.30%,-1113.02%,210290,,-7.70%,-19035,0.48,7,3.21,0.14,3.44000,5865498,30.48,38.98,44.84,-1.78
ASTE,93800000,6.00%,-24500000,118300000,,244.24%,42.36%,126.15%,-3.32%,0.70%,3.21%,3.22%,0.40%,,314634,0.94%,,1037,1.20,6,2.23,3.66,32.59000,178571,42.50,45.66,44.29,0.19
CRESY,242268514,,-596128766,838397280,,510.93%,36.64%,483.00%,-100.48%,10.60%,-0.01%,3.00%,2.10%,47.18%,330354,-40.31%,7.80%,36436,0.19,2,6.46,,9.91000,177489,35.54,40.08,51.55,1.23
ACDC,14800000,-2.60%,-1257300000,1272100000,,61.57%,9.59%,,-170.27%,-19.70%,-2.81%,,-7.20%,,712025,-2.65%,,-71466,0.71,4,6.83,0.76,4.61000,1217630,32.62,34.61,37.39,-1.38
JKS,4781296739,-4.24%,-1760360790,6541657530,,8.67%,-15.75%,19.05%,-996.26%,0.30%,-0.47%,1.66%,,6.40%,220183,-2.29%,,137,0.71,2,5.35,,13.88000,1810540,26.53,33.01,36.04,-0.68
AMN,82489000,-6.61%,-973383000,1055872000,,6.79%,-19.07%,7.89%,-130.97%,-17.70%,-5.49%,10.98%,-5.50%,17.96%,1005317,-5.83%,6.30%,-49521,1.11,4,,2.14,19.24000,716312,30.67,30.77,29.79,-3.85
HCKT,16366000,-31.70%,690000,15676000,,60.76%,-54.46%,14.51%,0.10%,28.10%,32.14%,23.82%,15.80%,27.20%,212351,23.41%,15.42%,20047,1.68,7,,8.79,26.34000,142791,28.87,39.49,52.77,1.05
ELVN,313494000,,313494000,,23.81%,,,,44.83%,-29.20%,-28.66%,-25.19%,-27.40%,52.22%,,-33.74%,-42.02%,-1435871,,2,,,14.91000,548718,30.41,27.66,42.42,-1.89
BHRB,135314000,10.74%,-341571000,476885000,,20.14%,75.33%,,-46.96%,5.60%,,,0.50%,,291694,2.96%,,42985,0.04,4,,,48.74000,31902,26.59,29.64,41.75,2.82
DNUT,29315000,3.09%,-1459242000,1488557000,,4.65%,-2.47%,-1.08%,-204.26%,0.30%,3.06%,0.83%,0.10%,-3.16%,79305,-0.08%,-0.92%,147,0.53,5,38.79,0.59,4.29000,2923457,29.05,20.23,28.37,0.02
ETNB,439955000,-0.05%,402406000,37549000,-27.07%,24.63%,38.52%,,54.75%,-81.40%,-81.59%,-51.99%,-70.00%,-57.54%,,-87.75%,-48.30%,-3947086,,0,,,4.99500,2193751,31.89,36.30,38.27,-3.51
SCSC,110520000,-2.61%,-29379000,139899000,,-10.76%,-17.04%,-17.12%,-4.06%,6.80%,8.37%,3.97%,3.60%,1.78%,1313821,5.56%,0.98%,27360,1.71,6,4.92,3.82,31.03000,275647,34.98,28.00,41.23,2.54
AVXL,120775000,,120775000,,-15.99%,,,,16.63%,-37.50%,-41.99%,-52.21%,-34.10%,-47.30%,,-49.75%,-41.12%,-1106929,,1,,,8.54000,1439648,47.56,50.48,52.21,-0.55
MYGN,102400000,-1.96%,-37900000,140300000,,14.98%,-7.76%,-13.91%,-5.20%,-17.40%,-13.98%,-18.58%,-11.80%,-17.38%,310222,-14.68%,-11.78%,-47148,0.78,3,10.19,0.89,7.95000,866233,29.69,24.16,31.53,-1.41
SXC,189600000,0.10%,-302700000,492300000,,-7.08%,0.41%,-8.86%,-41.53%,14.80%,9.87%,7.94%,5.80%,10.44%,1657021,10.28%,3.64%,82106,1.17,6,8.82,2.21,8.60000,770083,42.51,40.03,46.82,1.12
VIR,994733000,-3.50%,904594000,90139000,-36.48%,-12.28%,-19.28%,,124.92%,-38.90%,-40.89%,-14.75%,-32.80%,-7.94%,181875,-47.33%,-8.38%,-1279314,0.05,3,,0.60,5.28000,1141980,29.84,33.59,37.60,-3.83
CARS,50673000,-2.08%,-404615000,455288000,,-0.80%,-5.79%,-6.66%,-55.88%,9.70%,9.45%,-8.88%,4.30%,-38.58%,399529,4.31%,-10.52%,26771,0.64,7,,0.54,11.34000,763290,42.94,29.02,39.17,0.72
CGBD,56575000,13.25%,-904374000,960949000,,-2.73%,-1.96%,-3.99%,-125.78%,9.40%,,7.81%,4.60%,9.06%,,9.31%,4.24%,,0.12,5,,,14.20000,541211,34.50,28.66,42.39,1.68
BJRI,26096000,-0.09%,-474515000,500611000,,-1.59%,-3.64%,-4.30%,-65.31%,4.40%,1.63%,-1.16%,1.60%,-1.92%,63933,3.27%,-0.34%,786,1.30,7,26.95,2.26,31.78000,311692,42.84,43.01,47.44,0.70
THRM,134134000,5.37%,-130636000,264770000,,60.36%,7.32%,23.55%,-17.95%,10.10%,12.96%,7.72%,5.20%,9.26%,102213,7.71%,5.42%,4559,1.16,6,5.03,3.28,23.44000,359197,28.05,14.92,30.36,2.06
OPFI,88288000,-2.13%,-243764000,332052000,,6.61%,-4.90%,8.20%,-33.80%,27.80%,,16.31%,1.20%,3.34%,722422,24.15%,7.18%,16310,0.54,6,,,8.33000,843969,40.17,48.10,58.11,0.36
SYRE,603088000,,603088000,,77.59%,,,,80.65%,-60.70%,-37.51%,-91.23%,-42.60%,51.70%,,-40.28%,-80.86%,-3200277,,1,,,11.93000,977706,30.65,26.27,35.92,-3.18
TRNS,4640000,254.98%,-58046000,62686000,,9.40%,226.76%,18.31%,-8.18%,6.50%,6.22%,7.90%,5.10%,11.32%,246558,4.58%,6.26%,15345,0.82,5,12.32,5.41,77.24000,137213,51.20,37.46,41.47,1.88
HCSG,187200000,-76.39%,179167000,8033000,19.55%,-10.75%,-77.83%,-17.99%,24.93%,8.20%,9.73%,10.01%,4.90%,11.26%,48603,6.61%,6.78%,1118,2.14,5,84.46,4.74,9.78000,450992,42.98,38.11,40.33,0.53
WEAV,99130000,-1.12%,43073000,56057000,-12.63%,30.81%,-5.85%,,5.97%,-40.60%,-23.72%,-15.46%,-14.90%,1286.98%,239244,-25.53%,-26.62%,-33192,1.07,4,,2.29,9.72000,758384,35.95,33.12,43.85,-0.40
PAHC,67074000,58.83%,-686056000,753130000,,23.44%,58.59%,15.08%,-95.59%,7.50%,5.68%,6.40%,1.80%,14.88%,570144,4.66%,4.04%,9957,1.05,6,2.11,2.17,17.72000,241679,36.68,41.11,51.26,0.48
UAN,90857000,3.70%,-477117000,567974000,,-2.39%,3.78%,-2.13%,-65.38%,20.60%,10.01%,15.58%,6.20%,28.22%,1662418,10.48%,9.42%,192722,0.53,4,5.62,,67.84000,38334,34.72,37.68,44.26,5.76
EEX,194800000,0.73%,-217400000,412200000,,-8.30%,-0.87%,-5.78%,-30.57%,-3.80%,6.85%,-33.81%,-1.00%,-28.38%,572166,,-15.56%,-15065,0.38,5,,0.41,3.57000,126019,44.12,33.81,41.21,-0.07
HFWA,117100000,0.27%,-287958000,405058000,,77.84%,-22.37%,58.29%,-40.32%,5.00%,,6.65%,0.60%,8.02%,276682,3.41%,0.94%,56844,0.03,4,,,21.01000,256190,33.61,40.21,48.01,1.24
AC,299551000,14.37%,291115000,8436000,-6.56%,-13.21%,42.55%,-12.47%,41.07%,4.90%,,-1.39%,4.60%,2.44%,548958,-1.75%,2.12%,1847000,0.01,3,,,33.73000,2656,36.26,42.23,43.66,2.08
OPEN,771000000,-8.56%,-1546000000,2317000000,,-31.18%,-8.56%,9.11%,-216.93%,-48.10%,-9.93%,-10.17%,-11.80%,-59.30%,3505442,-10.56%,-14.32%,-266667,1.55,3,2.40,0.83,0.98580,59107678,39.18,32.53,39.73,-0.56
GRPN,228843000,9.20%,-20774000,249617000,,-13.23%,-8.10%,-5.15%,-2.92%,-145.60%,-10.71%,-20.58%,-10.20%,-68.50%,236920,,-11.38%,-28392,0.85,6,,-2.06,17.91000,1100516,63.05,63.04,55.74,-1.51
PGY,214313000,-0.91%,-466499000,680812000,,161.88%,65.01%,,-66.76%,-82.70%,-34.40%,113.36%,-28.70%,,1866633,,,-725870,0.74,5,,-0.50,9.45000,1442092,41.67,44.33,45.68,-5.66
RDW,49071000,4.90%,-95910000,144981000,,22.66%,36.99%,,-13.37%,,-71.79%,2.06%,-56.40%,,405468,,,-207156,1.10,2,138.29,-0.63,9.37000,2029682,43.05,43.89,51.26,-2.35
FPH,431867000,0.16%,-93870000,525737000,,-5.30%,-15.50%,-3.12%,-28.44%,9.70%,,0.51%,2.30%,3.36%,2703705,3.78%,,776102,0.08,8,0.05,,4.75000,114159,40.46,52.58,55.83,0.96
ANNA,28330159,-8.98%,26586851,1743308,293.34%,,,,6.59%,,-17.71%,,-328.40%,,202861,-46.02%,,-23966692,0.03,2,,3.91,10.59000,9434,63.45,52.51,49.00,-4.38
CBL,153729000,24.65%,-2058951000,2212680000,,0.06%,17.15%,,-293.78%,18.30%,,,2.40%,,1080841,5.09%,,121099,0.21,4,,,22.67000,196037,32.01,33.97,44.58,1.87
NTLA,601515000,106.84%,391317000,210198000,-50.89%,41.61%,82.23%,62.81%,57.71%,-54.00%,-48.05%,-35.05%,-43.10%,-43.42%,143615,-49.37%,-34.50%,-1287893,0.05,3,,-2.14,6.77000,3064620,37.23,31.20,31.48,-5.25
FLNC,631740000,1181.61%,242644000,389096000,-46.92%,,653.76%,,48.52%,-0.50%,0.71%,,-0.10%,,1580811,-0.12%,,-1258,1.38,4,3.96,1.60,3.86000,5034992,28.59,24.65,33.26,-0.06
AXGN,39482000,-0.31%,-31604000,71086000,,-0.89%,-1.65%,84.43%,-4.45%,-10.20%,-1.02%,-11.69%,-5.20%,-20.74%,414465,-1.88%,-11.54%,-22044,0.97,4,1.61,3.57,15.80000,340613,43.12,53.33,61.03,-0.23
ULH,30941000,32.61%,-807495000,838436000,,15.95%,76.31%,8.63%,-115.30%,21.00%,14.05%,11.41%,8.40%,26.10%,170597,10.22%,8.28%,12005,1.19,4,,2.35,26.61000,120901,44.61,32.70,40.64,4.93
NBN,152853000,0.05%,113241000,39612000,-37.96%,-2.56%,0.16%,-9.62%,17.23%,12.90%,,5.35%,1.60%,7.62%,306910,9.77%,0.96%,88825,0.05,2,,,82.40000,58056,38.50,45.05,62.53,2.05
HUYA,721989200,-10.31%,715341035,6648165,-28.34%,-15.83%,-39.14%,-13.77%,103.62%,-0.60%,0.75%,-2.86%,-0.40%,1.50%,619149,-3.05%,1.14%,-4884,0.54,2,,2.34,3.07000,2558307,39.78,43.14,42.06,-0.03
SPLP,1971423000,0.05%,1797069000,174354000,-5.03%,-34.92%,-34.98%,-13.71%,234.77%,24.90%,17.33%,16.01%,7.20%,21.50%,389971,31.09%,4.82%,50300,0.56,8,5.79,,36.64000,1795,34.71,38.13,45.03,11.38
EMBC,216700000,-1.93%,-1360700000,1577400000,,,-3.65%,,-195.78%,-7.70%,16.65%,46.43%,4.70%,,527476,36.97%,,27714,0.90,6,2.52,1.35,12.01000,438217,45.71,38.83,38.69,0.99
ECPG,199865000,3.44%,-3472897000,3672762000,,7.01%,10.69%,0.89%,-486.20%,-14.80%,,6.42%,-2.90%,5.96%,179097,,1.80%,-18945,0.27,4,,,29.42000,455856,37.85,23.13,36.29,-5.83
AACT,,47.61%,-344283,344283,,,,,-0.05%,,,,,,,,,,,1,,,11.15000,1901707,52.75,83.22,100.00,0.42
CECO,38201000,55.57%,-202609000,240810000,,49.17%,59.27%,25.74%,-29.27%,5.40%,5.68%,4.23%,2.00%,4.88%,348708,5.79%,2.00%,8098,0.87,5,9.43,1.83,19.91000,212051,34.46,33.21,47.04,0.36
PDFS,114885000,-7.12%,109706000,5179000,-15.18%,-9.62%,-16.28%,-11.51%,15.77%,1.70%,2.58%,-1.62%,1.30%,-5.24%,332959,0.23%,-4.38%,7527,0.60,6,,6.80,17.79000,293816,38.39,24.55,35.62,0.10
USAR,16761000,4.02%,15907000,854000,31.40%,,-21.87%,,2.39%,-106.10%,-24.81%,,-9.40%,,,-37.72%,,-524500,,2,,,8.49000,700521,47.61,43.86,42.43,-0.11
AVO,42200000,-0.60%,-173800000,216000000,,0.90%,-16.08%,,-25.11%,7.60%,8.67%,2.77%,4.20%,3.12%,422645,5.88%,1.80%,13097,1.35,7,11.07,3.14,9.74000,302051,37.43,35.87,43.24,0.57
RYI,29300000,-6.47%,-804800000,834100000,,-0.59%,3.77%,-5.65%,-118.16%,-1.00%,1.84%,15.47%,-0.30%,20.48%,1094929,,6.14%,-2048,1.79,3,5.13,2.94,21.73000,297448,43.34,46.26,45.13,-0.26
RSKD,376063000,-2.82%,348533000,27530000,-21.41%,,-12.07%,,50.54%,-8.30%,-11.44%,-8.36%,-6.70%,-19.18%,472606,-11.68%,-17.38%,-50392,0.63,4,,3.60,4.27000,470193,41.51,41.42,32.96,-0.20
AVDL,73777000,1.58%,36824000,36953000,-47.19%,-36.60%,4.43%,-21.59%,5.51%,-65.70%,-33.14%,-55.02%,-30.10%,-669.18%,899559,-38.27%,-46.04%,-259745,1.04,2,1.00,-1.45,7.13000,1140577,37.44,33.39,40.23,-0.51
AMSC,80040000,-3.16%,77315000,2725000,234.36%,-3.44%,43.27%,-2.72%,11.29%,1.90%,-0.78%,-23.17%,1.20%,-22.70%,588107,-0.68%,-13.42%,9641,0.73,7,2.42,-0.28,17.46000,626772,42.77,39.85,50.16,0.08
FUFU,175051000,,140101000,34950000,84.38%,,,,20.35%,42.00%,21.62%,,17.10%,,15976897,26.01%,,1860793,1.47,3,,,4.22000,109020,41.19,41.86,36.94,0.34
HLF,415300000,0.05%,-2014300000,2429600000,,-6.41%,-11.00%,4.25%,-293.58%,-26.60%,25.89%,27.84%,9.60%,-31.46%,580593,35.57%,10.86%,29570,1.88,6,2.25,1.96,6.78000,1705796,37.60,45.60,38.37,2.50
SHEN,46272000,19.80%,-384461000,430733000,,98.57%,39.26%,-10.84%,-56.70%,20.90%,12.09%,-1.01%,11.60%,39.48%,301247,-2.23%,16.10%,174828,0.20,2,,1.66,12.50000,232444,51.67,47.55,40.85,3.54
DAWN,531720000,-0.50%,529118000,2602000,44.59%,127.84%,537.75%,,77.00%,-23.00%,-17.35%,-29.35%,-20.00%,-15.04%,724646,-42.99%,-56.70%,-527602,0.28,1,,4.55,6.76000,1230442,33.76,23.40,30.00,-1.02
ABL,131944282,111.44%,-253969573,385913855,,1365.93%,172.28%,,-37.38%,-8.70%,-0.02%,11.29%,-4.30%,,712890,,,-152618,0.20,2,,1.07,7.13000,355307,45.23,36.60,38.90,-0.34
MSIF,,,,,,,,,,,,,,,,,,,,2,,,14.57000,29443,39.41,0.00,0.00,1.42
GYRE,31044000,-10.97%,29446000,1598000,-12.07%,-12.50%,290.71%,-2.37%,4.74%,19.90%,16.44%,36.79%,9.80%,80.58%,182655,17.29%,-74.46%,20872,0.86,4,0.73,14.73,7.29000,143313,39.53,36.62,41.89,0.05
ETWO,168434000,-0.33%,-900406000,1068840000,,5.57%,-1.00%,,-144.45%,-33.40%,-15.84%,-16.18%,-15.40%,,156654,-19.49%,,-116914,0.21,5,,-1.18,2.00000,1288541,43.27,30.26,30.10,-1.48
FCBC,377454000,-5.03%,376548000,906000,226.58%,-16.14%,-19.03%,-10.76%,56.14%,10.00%,,10.13%,1.60%,10.34%,266002,9.79%,1.48%,84597,0.05,4,,,37.01000,45784,43.80,40.64,49.92,2.80
HTLD,12812000,-3.59%,-195802000,208614000,,,-34.28%,,-29.26%,-3.60%,-1.57%,3.55%,-2.10%,7.08%,200673,-2.69%,4.90%,-5694,0.75,3,,2.61,8.63000,559832,37.20,28.00,35.56,-0.38
RWT,312927000,-0.52%,-16420157000,16733084000,,8.58%,28.21%,1.16%,-2462.13%,3.90%,,-0.64%,0.30%,-9.34%,907816,0.36%,-0.78%,166039,0.02,3,,,5.10000,2536296,30.37,26.76,37.22,0.32
GSL,237545000,0.52%,-446512000,684057000,,-13.87%,-15.80%,-5.27%,-65.55%,25.30%,18.69%,15.05%,15.30%,23.80%,101579286,17.65%,11.02%,49156000,0.32,6,12.39,1.77,18.92000,554689,32.73,34.00,44.43,9.67
PLPC,57244000,-16.24%,20549000,36695000,,-19.26%,-48.90%,-13.57%,3.04%,8.80%,11.38%,9.95%,6.40%,12.70%,174570,8.08%,8.20%,10907,1.02,5,2.90,5.80,136.84000,18476,49.37,52.33,54.14,7.50
GDEN,57725000,3.40%,-446317000,504042000,,-25.25%,-33.52%,-17.97%,-65.62%,9.70%,11.00%,9.69%,4.20%,16.14%,125815,7.99%,5.68%,9572,0.55,6,36.20,1.61,25.50000,220890,40.79,35.31,37.66,1.71
ETD,139124000,-1.24%,14364000,124760000,-42.00%,1.72%,-2.50%,-3.70%,2.16%,12.80%,14.09%,12.19%,8.30%,16.92%,184092,9.13%,9.68%,17976,0.85,5,1.74,4.57,26.54000,274113,45.08,38.66,46.43,2.38
HBT,137692000,-0.17%,3090000,134602000,,-0.90%,-8.64%,10.42%,0.44%,13.70%,,9.47%,1.40%,13.70%,262310,10.57%,1.30%,85047,0.04,4,,,21.34000,42395,46.67,47.31,54.13,2.26
MYTE,15400215,18.13%,-82492885,97893100,,59.92%,58.59%,,-12.33%,-8.40%,-7.66%,-2.54%,-5.20%,-3.82%,504914,-7.19%,-2.64%,-20550,1.27,3,1.16,2.24,7.85000,220609,46.90,50.61,49.79,-0.43
BH,133684000,30.20%,-16504000,150188000,,7.36%,48.34%,-14.83%,-2.58%,-0.60%,-0.28%,4.41%,-0.40%,0.26%,142846,,0.40%,-1483,0.42,3,63.75,2.77,204.26000,4094,45.85,47.53,54.49,-13.45
SEDG,721218000,-0.07%,-24270000,745488000,,2.07%,4.36%,72.87%,-3.57%,-121.20%,-106.70%,-20.34%,-53.30%,-17.38%,227583,-121.69%,-7.32%,-456036,0.27,2,1.70,-1.67,11.58000,6589119,33.85,35.69,27.84,-31.64
NRIX,550581000,-5.94%,523958000,26623000,142.87%,19.11%,-8.69%,,78.01%,-47.50%,-39.66%,-43.85%,-36.10%,-48.66%,197262,-45.45%,-33.38%,-728678,0.10,2,,1.09,8.81000,1449689,25.30,23.20,40.13,-2.80
BH.A,132261000,5.12%,25830000,106431000,311.90%,-4.94%,-5.60%,-20.90%,4.20%,2.10%,1.91%,3.29%,1.50%,1.90%,143824,8.78%,1.28%,4987,0.42,3,58.13,2.95,1079.03003,206,50.43,50.85,56.14,-13.44
HRTG,463645000,-2.13%,322310000,141335000,-0.87%,-2.38%,-4.63%,1.80%,65.28%,23.20%,,-5.84%,2.60%,-10.76%,1512935,16.12%,-1.08%,113961,0.34,7,,,16.13000,330212,67.65,66.71,64.38,2.01
ECVT,152545000,0.68%,-741740000,894285000,,-0.65%,0.24%,-13.90%,-110.87%,-0.90%,2.63%,4.29%,-0.40%,-2.42%,765753,,-1.04%,-7230,0.39,6,9.84,0.82,5.70000,992608,37.21,30.25,34.69,-0.06
COHU,262092000,-10.77%,243399000,18693000,-13.66%,-48.87%,-65.26%,-45.31%,36.54%,-7.90%,-7.04%,4.27%,-6.70%,4.60%,134554,-8.19%,3.06%,-23382,0.39,4,1.49,3.88,14.30000,678004,39.21,23.97,29.24,-1.49
GOTU,433602023,-12.36%,366305011,67297013,-2.06%,11.40%,161.63%,14.13%,36.78%,-42.80%,5.77%,-33.55%,-18.90%,-38.56%,80311,-48.72%,-17.62%,-18500,0.82,1,47.70,-0.02,2.64000,1223998,35.39,43.54,43.47,-0.56
TH,190668000,6.79%,-18978000,209646000,,-14.18%,4.39%,-12.35%,-2.87%,17.70%,22.20%,15.35%,10.10%,19.60%,501652,13.26%,8.42%,92552,0.55,4,,3.00,6.72000,359695,51.43,40.44,40.82,0.70
CGNT,113100000,-3.28%,83294000,29806000,50.91%,-36.64%,6.64%,4.04%,12.30%,-6.10%,-3.26%,-13.40%,-2.50%,-13.20%,216039,-2.25%,-5.76%,-7425,0.72,4,4.76,1.81,9.29000,559688,56.86,57.40,52.50,-0.17
TXO,7305000,1.29%,-149795000,157100000,,1.08%,459.07%,,-21.86%,4.10%,3.25%,-11.47%,2.70%,,1353158,-0.90%,,112421,0.32,3,,,16.16000,57749,26.47,33.86,35.78,0.65
UFCS,200949000,0.04%,83890000,117059000,61.18%,32.78%,134.12%,,12.60%,8.20%,,-1.02%,1.80%,0.42%,1429084,7.55%,0.06%,70647,0.37,6,,,26.21000,106628,40.57,51.51,52.80,2.39
FBYD,825000,14.88%,-40382000,41207000,,-0.30%,39.14%,,-12.99%,-75.50%,153.66%,,33.70%,,58147,-49.21%,,190147,0.10,3,,1.82,8.22000,6278,48.92,48.65,31.22,1.41
HY,96600000,-5.93%,-344100000,440700000,,-5.27%,-10.79%,8.96%,-51.94%,30.20%,25.83%,3.32%,6.70%,1.58%,506847,17.52%,0.46%,16741,2.04,7,4.35,3.27,37.43000,73581,32.53,25.06,39.93,8.04
CFFN,170324000,-2.30%,-2019539000,2189863000,,10.53%,-8.68%,-0.25%,-295.61%,5.00%,,1.01%,0.50%,2.48%,275745,1.58%,0.36%,77235,0.02,3,,,5.10000,1291644,33.80,35.05,38.46,0.39
AHH,72223000,-2.22%,-1347347000,1419570000,,12.56%,-6.63%,7.05%,-217.44%,3.90%,,3.42%,0.90%,3.98%,4786959,4.15%,1.06%,162818,0.28,5,,,6.52000,1081914,25.41,17.08,29.30,0.34
UXIN,6476041,7.11%,-219278556,225754597,,78.50%,-17.84%,-6.82%,-9979.14%,,7.04%,-300.72%,-104.00%,-153.20%,270281,-21.56%,-77.40%,-351529,0.80,3,8.39,-14.12,3.51000,14059,39.07,43.44,32.94,-20.65
IE,45309000,-17.95%,-24550000,69859000,,-4.11%,-11.78%,,-3.61%,-45.20%,-36.90%,-52.72%,-31.60%,,12088,-52.28%,,-535925,0.01,2,,1.35,4.97000,150691,40.65,36.07,39.03,1.07
PRAA,105938000,0.65%,-3257120000,3363058000,,8.00%,13.44%,3.14%,-494.83%,6.10%,,5.61%,1.50%,6.84%,357793,5.82%,2.06%,22665,0.23,3,,,16.66000,473355,34.45,33.98,39.06,1.79
ZYME,225776000,-8.60%,207298000,18478000,-40.38%,-16.93%,-30.61%,21.84%,32.70%,-31.70%,-31.11%,-32.98%,-24.30%,-24.74%,266797,-38.38%,-18.92%,-429003,0.15,3,,0.43,9.44000,1230727,24.87,33.53,41.96,-1.62
ITRN,77367000,26.05%,71691000,5676000,48.78%,-44.49%,5.78%,-40.90%,10.80%,29.80%,28.50%,23.60%,16.70%,25.12%,120092,29.25%,12.36%,19162,1.05,5,6.98,,33.00000,82944,37.71,49.36,56.19,2.70
WRLD,15582553,9.06%,-625483906,641066459,,-7.43%,-3.96%,-1.95%,-89.49%,19.00%,,8.27%,7.60%,13.54%,194580,10.68%,5.02%,28037,0.52,8,,,121.63000,43432,47.78,48.84,49.36,14.25
OSBC,99329000,-70.07%,-42568000,141897000,,-10.64%,-72.53%,-7.17%,-6.43%,13.40%,,7.40%,1.50%,12.16%,310951,10.49%,1.14%,97222,0.05,4,,,14.53000,223898,28.33,32.72,46.40,1.87
WSR,15370000,-0.32%,-616929000,632299000,,-0.55%,-1.34%,-0.39%,-94.77%,8.70%,,4.80%,3.30%,5.42%,2142806,6.63%,1.98%,512403,0.14,6,,,12.69000,322257,31.50,39.13,51.57,0.72
CPF,380941000,-0.91%,192571000,188370000,-42.64%,8.78%,0.88%,-9.14%,28.87%,10.10%,,8.94%,0.70%,11.96%,324737,7.35%,0.84%,72081,0.03,4,,,24.12000,211815,31.78,34.76,49.27,1.97
MTAL,171897000,-2.15%,-383566000,555463000,,54.71%,32.21%,,-57.00%,-19.80%,6.31%,,-6.00%,,,,,,0.25,7,6.04,0.67,7.91000,492823,37.66,37.38,38.64,-1.14
TIXT,174000000,-4.69%,-1351000000,1525000000,,9.93%,-12.86%,23.99%,-209.29%,-3.00%,3.07%,3.97%,-1.30%,6.04%,33697,,2.26%,-773,0.57,4,,,2.36000,372924,36.26,29.31,25.86,-0.34
CRON,859423000,4.59%,858398000,1025000,-0.89%,-27.69%,3.12%,-32.11%,132.78%,3.80%,-1.29%,-11.98%,3.60%,-9.64%,256242,-7.84%,-8.88%,89499,0.10,4,2.90,8.53,1.68000,1655668,38.32,30.96,37.12,0.11
DGICA,52925931,,17925931,35000000,,,,-2.64%,2.81%,10.00%,,4.78%,2.20%,5.18%,2413671,9.25%,1.18%,124054,0.43,6,,,18.21000,96876,51.79,66.75,62.27,1.53
PHVS,314834358,636.68%,313868226,966132,-28.42%,51.01%,260.59%,,47.10%,-42.70%,,-37.97%,-40.20%,-39.66%,,-54.24%,-37.10%,-1705050,,1,,,11.90000,38722,26.29,32.62,39.54,-2.58
TMC,3480000,28.34%,-8295000,11775000,,,,,-1.30%,,-936.27%,24.29%,-130.90%,-89.16%,,,-110.66%,-1743468,,1,,,1.86000,3438085,53.61,64.09,54.24,-0.25
MSC,127764000,-0.53%,-2047810000,2175574000,,1.15%,-7.32%,8.47%,-1266.00%,-15.70%,1.58%,-5.05%,-3.20%,-26.66%,109293,,-7.02%,-16540,0.21,6,34.06,-0.59,3.35960,6767,39.57,35.33,38.06,-0.50
FIGS,245114000,-5.14%,192088000,53026000,-3.75%,,12.55%,,30.42%,0.70%,3.42%,11.47%,0.50%,16.52%,1758095,0.10%,11.68%,8608,1.06,4,1.53,4.90,3.98000,1747688,39.14,35.92,36.28,0.02
PRCH,220881000,1.23%,-183057000,403938000,,-1.09%,-7.30%,45.89%,-33.10%,,2.96%,-27.96%,-3.80%,189.56%,597337,-17.90%,-17.54%,-44787,0.51,3,,-0.40,5.38500,1566982,41.20,53.83,55.21,-0.33
SPTN,21570000,19.92%,-1086850000,1108420000,,15.45%,28.06%,2.11%,-168.56%,,2.93%,3.93%,,,502596,0.08%,,16,3.91,5,14.33,4.29,19.09000,305342,44.76,48.50,42.86,0.01
CRSR,109385000,-2.07%,-64154000,173539000,,-11.18%,-12.44%,-19.26%,-9.84%,-15.80%,-5.98%,4.18%,-8.00%,4.88%,512808,-6.42%,0.72%,-38635,1.07,4,3.95,1.72,6.16000,1228328,27.18,35.85,38.11,-0.95
MCBS,249875000,0.17%,-133065000,382940000,,-9.13%,14.77%,38.33%,-20.59%,15.80%,,8.28%,1.80%,17.34%,586221,8.02%,1.92%,268767,0.04,3,,,25.39000,34593,36.91,35.48,49.48,2.52
DGICB,19805040,,-15194960,35000000,,-4.35%,,-2.64%,-2.47%,1.10%,,4.95%,0.20%,5.32%,1082263,1.30%,1.24%,5937,0.41,6,,,16.24990,1920,59.45,67.21,64.74,1.53
ADSE,26440140,9.17%,5311242,21128898,-92.54%,,899.58%,,0.80%,-282.30%,-41.20%,-58.79%,-53.90%,,667526,-172.88%,,-321442,1.12,4,4.02,0.79,11.95000,38816,34.27,38.39,51.85,-1.57
SSYS,150700000,-0.14%,118610000,32090000,-17.59%,28.94%,71.97%,8.10%,18.64%,-14.40%,-13.79%,-18.49%,-11.20%,-17.00%,321786,-10.38%,-13.52%,-67613,0.53,4,1.69,-0.96,8.94000,329401,35.92,45.17,43.11,-1.70
CVAC,617652591,2.80%,572987960,44664631,20.99%,-10.79%,-4.72%,,86.89%,21.00%,18.10%,-87.60%,15.00%,336.72%,515053,13.22%,-36.18%,102668,0.75,2,13.29,2.36,2.86000,379662,48.71,44.60,38.36,0.53
REX,359075000,-6.65%,337962000,21113000,-7.61%,24.31%,64.34%,6.21%,53.60%,10.60%,11.88%,6.76%,8.30%,8.62%,5266320,8.09%,6.76%,476779,0.92,6,18.79,8.33,37.63000,214358,50.73,41.89,45.51,3.30
BFST,516767000,-2.09%,33511000,483256000,,37.08%,-23.91%,21.04%,5.33%,8.50%,,5.92%,0.80%,10.02%,298971,5.08%,0.94%,68470,0.04,4,,,21.65000,121134,31.34,34.32,45.35,2.26
OEC,44200000,-6.67%,-861600000,905800000,,4.98%,11.24%,6.32%,-136.89%,9.10%,7.71%,9.76%,2.30%,23.00%,1132388,6.21%,4.78%,26659,0.98,5,5.02,1.87,11.29000,556719,35.06,27.62,35.97,0.76
DLX,34399000,-1.96%,-1517734000,1552133000,,-3.73%,-6.03%,11.10%,-238.35%,8.60%,9.05%,4.24%,1.90%,7.24%,425971,6.12%,1.52%,10601,0.78,7,25.36,1.39,14.29000,479969,35.17,27.61,38.03,1.18
NTGR,408690000,-10.08%,388894000,19796000,53.14%,2.16%,-33.34%,-4.89%,59.11%,2.40%,4.29%,-0.35%,1.50%,-2.16%,1028640,1.08%,-1.32%,18875,0.83,3,2.32,2.10,22.12000,498365,45.04,46.68,54.58,0.42
RGR,105481000,-1.08%,103734000,1747000,-10.18%,5.78%,-19.49%,-4.30%,16.42%,9.50%,11.72%,24.51%,8.00%,25.60%,300923,7.97%,20.68%,17170,1.41,5,5.39,9.81,38.09000,115522,42.00,47.19,38.11,1.77
IRMD,52233907,-41.42%,52079219,154688,9.14%,-60.35%,-92.43%,-44.57%,7.95%,23.60%,27.03%,13.84%,20.80%,16.66%,457763,20.01%,14.34%,120213,0.79,7,1.45,37.33,50.10000,24150,40.88,42.73,54.95,1.50
ICHR,108669000,4.56%,-65537000,174206000,,-18.58%,-39.16%,-1.99%,-10.31%,-3.00%,-1.02%,4.62%,-2.10%,5.94%,466505,-0.88%,2.76%,-11440,0.88,4,3.01,2.75,18.71000,607536,35.26,32.06,36.48,-0.64
NUTX,43581412,12.22%,-296715278,340296690,,23.98%,23.40%,162.07%,-46.77%,62.80%,16.83%,-4566.93%,10.90%,928.50%,599936,21.01%,422.94%,65224,1.00,7,90.92,1.52,114.75000,193206,81.00,79.03,50.30,9.71
CNCK,473033889,60.28%,55430519,417603370,,,53596.13%,,8.72%,-113.20%,0.01%,,-1.60%,,17031866,,,-461659,0.58,3,,0.41,4.88000,11159,41.44,20.23,0.00,6.96
ODC,22589000,-9.50%,-35825000,58414000,,8.49%,27.71%,34.79%,-6.17%,20.90%,20.24%,10.17%,13.20%,12.34%,490348,16.39%,7.92%,48050,1.35,5,6.44,6.19,43.26000,43954,41.19,54.09,63.25,3.13
ARRY,364141000,0.13%,-313143000,677284000,,-1.81%,-0.75%,47.28%,-50.68%,-313.60%,-21.83%,-1.57%,-18.90%,-42.86%,896971,-40.57%,-3.52%,-289975,0.58,5,3.41,0.58,4.15000,4011997,32.59,32.68,33.07,-1.95
PLYM,43627000,-21.59%,-602391000,646018000,,-2.18%,-25.96%,10.20%,-97.17%,27.90%,,1.56%,9.60%,-0.84%,4312065,2.90%,0.46%,2997087,0.14,5,,,13.70000,528909,27.07,22.56,32.61,3.06
TYG,408099,-33.06%,-71687880,72095979,,-48.18%,-35.78%,-36.89%,-11.65%,3.76%,5.11%,-24.65%,2.90%,-32.54%,,-2.50%,-20.89%,,0.12,4,,4.76,36.58000,97773,30.90,36.23,50.20,19.59
MBWM,393010000,-16.61%,-255238000,648248000,,-2.22%,-22.48%,5.18%,-40.03%,14.10%,,5.54%,1.40%,13.72%,328556,6.46%,1.28%,116705,0.04,4,,,38.83000,48606,31.75,36.49,48.84,4.93
CINT,,,,,,,,,,,,,,,63553,,,4270,,7,,,4.71000,168201,21.85,32.28,42.19,0.22
ANGI,416434000,0.04%,-80406000,496840000,,0.15%,0.16%,15.12%,-12.70%,3.40%,2.46%,-1.70%,2.00%,-3.80%,423254,2.63%,-2.08%,12859,0.64,5,,1.24,12.64000,1765784,35.11,33.41,35.68,0.70
MGIC,112830000,-6.70%,26678000,86152000,,11.33%,-20.75%,18.05%,4.22%,13.40%,14.72%,12.21%,6.90%,12.98%,152293,12.89%,6.86%,10166,1.04,6,,,12.83000,42862,46.46,53.94,51.89,0.75
MATW,33513000,4.08%,-839887000,873400000,,-1.63%,-6.23%,-2.01%,-135.60%,-13.10%,-1.28%,-0.29%,-3.30%,-7.00%,158872,-1.25%,-2.02%,-5530,0.95,5,4.90,,20.32000,206263,35.56,32.82,37.52,-1.96
ECO,49778591,-1.77%,-595868456,645647047,,,-6.87%,,-98.17%,25.90%,16.44%,,9.80%,,30248449,15.43%,,8374098,0.35,6,6.99,1.98,19.42000,108465,39.30,36.50,37.74,3.38
GETY,125304000,-2.73%,-1218154000,1343458000,,-8.57%,-6.61%,,-195.54%,6.00%,10.35%,8.69%,1.50%,,552522,4.08%,,23255,0.37,7,,0.14,1.51000,1041078,34.13,31.22,35.37,0.10
GRNT,41202000,5.13%,-163798000,205000000,,58.90%,86.36%,,-26.61%,2.80%,4.65%,-0.76%,1.90%,,126676667,5.28%,,6253000,0.38,4,,1.49,4.75000,484044,32.72,35.80,32.64,0.14
UVE,262076000,-0.19%,160833000,101243000,-43.24%,-8.10%,-13.17%,0.18%,26.09%,15.40%,,6.24%,2.30%,7.50%,1423723,13.37%,1.20%,55176,0.59,7,,,22.10000,160976,50.44,55.95,57.37,2.01
FDUS,57159000,0.73%,-417730000,474889000,,9.07%,1.80%,6.02%,-69.20%,12.20%,,7.26%,6.90%,13.66%,,8.70%,7.28%,,0.13,3,,,17.79000,276745,29.77,29.07,42.84,2.40
AIOT,38645000,80.01%,-242732000,281377000,,101.81%,923.11%,46.20%,-38.52%,-17.40%,-3.47%,-7.79%,-8.80%,-22.10%,149753,-3.59%,-8.64%,-29792,0.44,2,5.40,0.81,4.66000,1707162,38.39,41.17,49.47,-0.89
ABCL,650614000,-8.35%,589871000,60743000,-17.43%,18.60%,-14.71%,58.43%,98.48%,-14.90%,-15.61%,-1.81%,-11.60%,5.92%,48378,-28.18%,4.96%,-273250,0.02,2,,1.43,2.07000,4762331,39.88,35.03,29.99,-0.55
CAC,214963000,-2.80%,-329989000,544952000,,28.65%,2.83%,10.03%,-54.04%,10.20%,,6.71%,0.90%,11.48%,302724,4.93%,1.06%,90451,0.03,4,,,36.52000,123828,30.42,33.97,46.05,3.62
KRUS,85171000,5.59%,-76230000,161401000,,25.41%,24.82%,22.88%,-12.72%,-5.40%,-2.75%,-5.03%,-2.90%,-11.32%,78316,-3.37%,-4.98%,-3182,0.70,3,107.62,2.53,50.91000,425178,45.93,37.33,42.24,-0.91
NBBK,363855000,3.87%,243020000,120835000,,678.61%,-57.35%,,40.52%,5.60%,,,0.90%,,427146,4.76%,,112098,0.03,4,,,15.91000,320729,29.58,36.52,55.52,1.07
HAFC,304800000,-8.67%,-88338000,393138000,,3.70%,-13.60%,13.54%,-14.19%,8.60%,,7.28%,0.80%,12.08%,380695,5.53%,1.10%,102982,0.03,3,,,20.51000,383786,36.20,41.98,50.32,2.05
EQBK,383747000,-27.51%,70951000,312796000,,27.23%,-17.79%,-4.00%,11.55%,12.40%,,2.10%,1.20%,4.60%,274615,6.91%,0.38%,77310,0.04,4,,,35.03000,106873,30.04,32.91,48.54,4.04
ESQ,126329000,,126329000,,-23.53%,,,,19.48%,19.50%,,15.92%,2.50%,16.96%,870464,18.41%,2.08%,316362,0.07,3,,,76.91000,113202,61.82,56.62,68.89,5.14
TGB,143597797,16.11%,-481683184,625280981,,17.64%,35.91%,18.42%,-81.63%,-2.80%,3.09%,3.31%,-0.70%,2.90%,600692,-2.82%,0.70%,-13280,0.30,3,3.03,0.64,1.87000,1473251,39.05,41.58,48.66,-0.03
GOOD,15074000,0.10%,-682374000,697448000,,-0.73%,-6.25%,1.98%,-116.32%,7.00%,,4.00%,1.00%,0.34%,2165043,5.36%,0.04%,161217,0.14,5,,,13.30000,403685,27.74,30.31,41.16,0.27
ATEX,28797000,-5.26%,23443000,5354000,-58.47%,-3.64%,-4.19%,-10.16%,3.80%,-20.20%,-9.56%,-14.79%,-9.30%,-14.82%,68628,-21.07%,-11.96%,-348733,0.02,2,,0.11,32.76000,133973,34.96,45.95,47.47,-1.62
GSM,138840000,-3.83%,-71714000,210554000,,-27.72%,-39.65%,-17.16%,-11.80%,0.60%,4.32%,6.81%,0.30%,-2.68%,483085,0.46%,0.68%,1540,1.03,6,2.81,,3.24000,1332876,36.40,34.99,40.11,0.03
XERS,71621000,0.18%,-199826000,271447000,,45.53%,18.44%,36.02%,-33.07%,,-11.96%,-39.88%,-16.70%,-235.12%,515406,-13.91%,-37.88%,-139178,0.62,3,0.85,-1.28,3.95000,4234961,33.51,50.77,56.30,-0.37
RBBN,90479000,0.67%,-293191000,383670000,,-4.67%,33.67%,30.49%,-49.16%,-13.30%,-1.47%,-3.70%,-4.90%,-12.38%,273224,,-5.00%,-17770,0.75,6,5.03,-0.60,3.46000,491281,36.54,39.94,47.85,-0.31
PLAY,6900000,0.52%,-3054300000,3061200000,,21.45%,7.35%,10.36%,-502.36%,24.60%,5.73%,3.08%,1.50%,9.98%,91063,5.73%,1.06%,2489,0.55,4,8.17,0.92,17.61500,1415671,40.25,31.37,34.36,1.46
BDN,96177000,-2.14%,-2140183000,2236360000,,6.02%,3.43%,0.63%,-354.39%,-16.70%,,1.78%,-5.40%,-1.56%,1743162,,-0.24%,-679603,0.14,3,,,3.50000,3524081,20.36,28.90,33.21,-1.14
DAKT,132169000,-34.97%,89650000,42519000,229.27%,,-14.90%,,14.78%,0.70%,4.01%,6.39%,0.30%,5.02%,282517,2.13%,2.28%,644,1.48,6,4.68,3.96,12.17000,294888,45.44,39.67,53.99,-0.20
STRW,93656000,15.63%,-578083000,671739000,,10.06%,24.85%,,-432.42%,35.80%,,8.69%,0.60%,,13006444,8.89%,,455000,0.17,4,,,10.65000,889,43.71,45.99,52.33,0.57
NRDS,66300000,,66300000,,-33.96%,,,,10.89%,8.40%,1.51%,0.61%,7.00%,-2.32%,1057846,15.69%,-1.86%,46769,1.59,5,,6.43,8.16000,615379,36.52,28.05,38.78,0.38
IBCP,119882000,56.77%,-4509000,124391000,,4.51%,-3.77%,-0.59%,-0.76%,15.20%,,11.72%,1.30%,16.12%,261561,11.53%,1.30%,80084,0.04,3,,,28.82000,202047,39.67,39.44,52.57,3.16
ADTN,77567000,0.01%,-137934000,215501000,,303.97%,-4.82%,54.35%,-22.88%,-216.10%,-47.42%,-31.81%,-35.60%,-51.00%,285318,-119.20%,-10.32%,-139416,0.73,5,1.88,-0.30,7.54000,800804,37.70,43.45,45.48,-5.67
KREF,104933000,-7.45%,-4793698000,4898631000,,-2.56%,-19.16%,4.71%,-798.21%,1.00%,,0.76%,0.20%,2.74%,,0.55%,0.58%,,0.03,7,,,8.74000,799586,25.66,32.60,37.28,0.19
PDS,52698013,3.06%,-581351142,634049156,,-8.69%,-10.54%,-9.90%,-103.84%,6.70%,9.03%,3.83%,3.80%,0.50%,240018,6.40%,0.48%,14030,0.65,6,31.78,0.88,40.90000,264897,40.62,29.04,37.53,5.42
EOLS,86952000,0.08%,-43027000,129979000,,20.25%,2.71%,6.13%,-7.29%,-410.20%,-18.29%,-80.95%,-21.90%,-198.60%,802030,-25.40%,-38.94%,-151867,1.16,4,7.25,-0.95,9.41500,1634472,33.64,39.16,46.32,-0.81
ABUS,122623000,-10.86%,121334000,1289000,-2.34%,-21.00%,-27.09%,-17.43%,20.81%,-63.40%,-60.11%,-57.77%,-48.00%,-65.18%,140250,-74.70%,-48.60%,-1589091,0.04,3,,-4.81,3.12000,1482693,41.83,40.47,49.55,-0.38
SITC,67666000,0.18%,-233707000,301373000,,-43.57%,-81.17%,-30.42%,-39.61%,27.10%,,1.31%,17.20%,10.60%,1613180,-4.06%,6.06%,3000180,0.09,3,,,11.39000,1375420,36.03,29.69,47.58,9.77
MLAB,30956000,-4.52%,-164760000,195716000,,-5.12%,-15.99%,7.09%,-27.53%,-162.80%,-92.17%,-13.59%,-56.10%,-14.88%,323026,-73.32%,-7.96%,-338917,0.54,6,2.77,-0.84,109.86000,44316,39.28,38.61,43.04,-46.32
MGPI,25273000,11.21%,-310208000,335481000,,11.75%,12.37%,49.23%,-52.10%,3.90%,5.87%,10.04%,2.40%,13.08%,1066098,3.91%,8.30%,51955,0.50,6,1.17,2.25,28.02000,280184,44.66,24.98,27.79,1.56
NPK,23273000,-2.22%,13312000,9961000,-87.33%,-0.66%,-6.59%,23.12%,2.24%,12.00%,13.37%,8.12%,9.70%,9.76%,344785,9.80%,8.20%,36821,0.90,4,1.32,7.24,83.12000,39305,32.23,40.33,50.10,5.82
LAC,594173000,1724.09%,571536000,22637000,197.81%,,481.33%,,103.50%,-8.30%,-4.33%,,-5.90%,,,-8.15%,,-56780,,2,,,2.53000,4123619,41.80,39.31,30.23,-0.21
NUVB,502692000,-20.34%,493777000,8915000,-18.68%,42.90%,122.49%,,84.04%,-125.00%,-117.67%,-38.52%,-97.90%,-41.44%,35786,-125.37%,-31.92%,-2581541,0.01,1,,-0.18,1.75000,4556157,42.56,36.51,40.85,-2.11
BXC,505622000,0.10%,-130574000,636196000,,1.10%,2.95%,-2.25%,-21.82%,8.10%,6.70%,17.97%,3.30%,159.16%,1476266,5.13%,11.46%,26558,1.86,4,7.04,3.59,71.01000,93231,40.36,31.31,43.29,6.19
AAOI,79133000,57.32%,-111727000,190860000,,8.39%,57.64%,6.04%,-19.04%,-90.70%,-47.72%,-14.37%,-45.10%,-39.04%,75360,-16.88%,-19.88%,-56432,0.60,1,2.47,-0.39,11.72000,4206691,37.05,36.18,46.94,-4.50
BLMN,70056000,-5.36%,-2204666000,2274722000,,4.87%,11.96%,-0.46%,-374.04%,-52.90%,-3.19%,6.17%,-3.80%,-64.98%,48771,,1.74%,-1580,1.16,3,50.92,0.59,6.92000,3572644,39.75,23.38,27.34,-1.49
GSBC,195756000,8.97%,-488857000,684613000,,40.88%,59.68%,10.27%,-83.90%,10.50%,,6.94%,1.00%,11.66%,195841,4.81%,1.22%,55782,0.04,3,,,50.54000,38960,33.05,31.47,43.06,5.26
BMBL,204319000,-0.14%,-412777000,617096000,,-0.63%,-0.62%,,-101.19%,-45.20%,-20.70%,-13.04%,-18.30%,,893036,-48.59%,,-464173,0.35,6,,-0.30,3.86000,2161584,34.73,25.08,27.22,-4.61
EGBN,633480000,-54.41%,10400000,623080000,,13.24%,-56.24%,3.34%,1.79%,-3.90%,,5.03%,-0.40%,8.00%,541894,-1.64%,0.94%,-104290,0.02,2,,,19.29000,509353,38.59,34.92,39.18,-1.56
SENEB,11853000,-2.67%,-638966000,650819000,,56.62%,32.16%,16.45%,-103.82%,10.80%,9.49%,8.29%,4.40%,11.82%,520930,6.63%,5.74%,22614,1.02,6,1.65,3.21,90.80000,528,65.83,79.79,71.26,5.59
SWIM,56398000,-0.55%,-254437000,310835000,,3.49%,-6.69%,6.85%,-43.78%,-4.50%,2.23%,0.60%,-2.20%,-4.42%,279868,,-1.78%,-9829,0.62,5,4.07,1.59,5.02000,1090343,39.44,42.92,45.16,-0.15
NESR,101018000,6.42%,-326019000,427037000,,6.32%,6.79%,,-56.20%,3.90%,4.17%,,2.20%,,134043,3.00%,,5759,0.52,8,7.51,1.27,6.04000,498860,34.53,27.65,40.53,0.40
CSV,1165000,-0.70%,-559703000,560868000,,-1.05%,-7.24%,1.53%,-97.03%,17.00%,6.73%,7.46%,2.60%,18.80%,167024,7.00%,2.60%,13617,0.32,7,32.07,1.10,36.93000,264164,39.44,47.41,56.08,2.10
SENEA,12911000,-20.20%,-425982000,438893000,,30.60%,-34.36%,5.78%,-73.21%,6.40%,8.96%,8.29%,2.80%,11.82%,550368,5.73%,5.74%,13706,1.13,6,1.63,3.48,83.93000,21355,48.15,60.36,67.45,5.58
GLDD,10216000,13.64%,-535700000,545916000,,12.47%,8.70%,6.67%,-90.58%,13.50%,8.98%,5.22%,5.00%,8.42%,2001819,6.86%,2.98%,150302,0.66,6,4.91,1.48,8.69000,370802,49.38,42.04,46.82,0.84
TTGT,355829000,-0.10%,-73814000,429643000,,24.62%,-0.45%,51.49%,-12.23%,-5.20%,-1.31%,3.81%,-1.70%,8.52%,190020,-2.80%,4.04%,-10154,0.32,1,,1.76,8.07000,263193,24.97,10.49,0.00,-0.41
VEL,70830000,6.27%,-4788549000,4859379000,,26.94%,26.48%,19.36%,-830.53%,14.00%,,1.07%,1.30%,5.84%,763848,1.27%,0.60%,218722,0.05,5,,,16.95000,111731,30.58,35.90,52.95,1.91
XYF,227138424,-11.53%,-116369130,343507553,,5.88%,-39.44%,-3.52%,-120.41%,23.00%,,6.18%,13.00%,10.10%,1543865,15.66%,5.74%,404887,0.49,4,,,12.15000,171107,46.15,61.42,70.32,4.32
BRSP,450696000,-3.08%,-2040616000,2491312000,,-14.20%,-8.26%,-12.84%,-356.58%,-11.90%,,-0.59%,-3.50%,-7.40%,4181531,-3.04%,-2.04%,-2693449,0.05,3,,,4.44000,1028997,20.74,28.60,36.72,-1.05
RXST,237973000,8.78%,225677000,12296000,80.71%,-35.08%,308.23%,17.39%,39.11%,-11.00%,-9.36%,-22.03%,-9.80%,-9.40%,280978,-12.56%,-21.26%,-55131,0.50,4,2.08,7.71,14.19000,1080894,21.38,21.65,34.78,-0.71
VINP,298143715,38.47%,131593544,166550172,-32.18%,125.51%,42.19%,56.98%,22.24%,8.00%,18.26%,34.30%,4.40%,64.38%,365313,4.65%,19.08%,71875,0.22,4,,2.26,8.97000,66429,35.58,37.75,38.86,0.31
PRAX,392567000,-17.53%,391198000,1369000,396.41%,-31.78%,-45.13%,-1.27%,66.59%,-49.50%,-41.03%,-115.41%,-46.00%,-98.88%,73733,-44.80%,-76.52%,-1576026,0.02,4,,6.61,28.47000,630913,29.18,32.53,38.46,-10.21
AVBP,218863000,-17.37%,218687000,176000,45.72%,,-44.48%,,37.52%,-28.00%,-31.24%,,-26.70%,,,-36.58%,,-1547846,,1,,,16.86000,237325,33.50,34.33,39.65,-2.56
AOSL,182798000,-7.46%,123590000,59208000,39.58%,8.47%,-19.92%,-18.68%,22.07%,-2.60%,-1.95%,3.77%,-2.00%,15.60%,285763,-1.89%,9.04%,-9886,0.58,5,2.69,3.03,19.47000,521023,36.53,32.41,39.58,-0.80
HBNC,294166000,-2.38%,-1051301000,1345467000,,17.55%,-8.21%,17.29%,-185.37%,4.80%,,3.75%,0.40%,9.12%,215993,1.68%,0.90%,41101,0.02,3,,,13.01000,198789,28.83,32.84,45.45,0.80
AVNS,107700000,-15.83%,-62500000,170200000,,-3.18%,-18.60%,-12.16%,-10.97%,-34.80%,-40.16%,-7.51%,-25.60%,-7.52%,308846,-40.06%,-5.52%,-176066,0.45,6,2.03,-0.11,12.43000,351263,31.09,26.99,33.51,-8.53
REAL,187123000,-0.31%,-359432000,546555000,,2.35%,-5.34%,,-64.68%,,-64.52%,-43.86%,-32.20%,3.40%,199430,-40.59%,-31.58%,-44571,1.44,5,6.68,-3.25,5.14000,2459428,39.58,42.85,49.57,-1.24
HIPO,232800000,,232800000,,19.32%,,,,40.80%,-11.90%,,-63.38%,-2.70%,-37.00%,778452,-7.57%,-18.34%,-84728,0.24,3,,,22.75000,216562,36.28,45.10,41.49,-1.64
VLRS,789419000,,-2755088000,3544507000,,268.87%,55.83%,,-505.57%,3.30%,6.43%,3.73%,0.20%,-1.38%,472246,6.18%,-0.04%,1133,0.68,6,119.87,0.72,4.70000,1094673,30.60,29.06,38.06,0.07
TCPC,91589702,-3.83%,-1035056649,1126646351,,3.26%,13.16%,4.41%,-179.84%,-7.30%,,8.24%,-3.00%,4.64%,,,2.04%,,0.12,5,,,6.70000,880418,30.82,29.62,33.14,-0.79
LEGH,45694000,-61.49%,44298000,1396000,529.77%,-44.10%,-94.54%,-46.16%,7.96%,13.10%,15.30%,13.18%,11.90%,15.60%,310086,10.41%,13.04%,103774,0.35,4,2.50,10.17,23.59000,111330,39.70,42.16,50.34,2.48
CCBG,391854000,-9.86%,309869000,81985000,38.63%,-2.45%,-7.41%,3.07%,54.50%,11.30%,,8.44%,1.20%,10.40%,245620,8.99%,0.98%,56293,0.05,4,,,33.34000,21351,41.38,44.99,53.93,3.12
SMWB,74441000,-3.23%,34709000,39732000,142.25%,,-41.07%,18.71%,6.11%,-47.60%,-14.50%,-40.34%,-5.00%,-124.72%,230335,-14.37%,-22.96%,-10559,1.10,4,,0.20,6.86000,246346,29.76,32.53,43.56,-0.14
KIND,426979000,-4.67%,386233000,40746000,-16.85%,-15.99%,-38.81%,,69.19%,-20.40%,-20.03%,-11.12%,-17.80%,-99.94%,452886,-24.61%,-22.86%,-179603,0.45,4,,4.07,1.47000,1334337,33.10,29.56,32.85,-0.25
TREE,106594000,-0.90%,-431699000,538293000,,-10.08%,-10.84%,8.33%,-76.22%,-34.70%,-1.81%,-0.35%,-5.10%,-33.76%,971110,,-6.36%,-44988,1.10,6,,0.04,42.29000,225470,40.32,45.37,45.03,-3.14
SEAT,244648000,0.53%,-162993000,407641000,,-3.96%,43.14%,-7.82%,-45.33%,4.30%,3.39%,-33.38%,0.60%,,1009878,3.34%,,12272,0.48,5,9.94,-0.09,2.71000,1002628,39.16,32.83,33.52,0.06
ORC,335053000,-3.93%,-4690490000,5025543000,,-6.98%,35.62%,7.83%,-831.02%,6.40%,,-1.58%,0.70%,-13.00%,,0.66%,-1.44%,,0.01,5,,,6.05000,8162188,18.57,25.17,31.72,0.57
WEST,55310000,1.48%,-528522000,583832000,,20.01%,39.60%,,-92.94%,-83.90%,-5.18%,-13.46%,-7.60%,,604209,-7.21%,,-56782,0.81,2,4.45,0.61,5.98000,329170,42.46,39.42,36.55,-0.89
SIBN,150042000,-2.74%,112559000,37483000,-11.39%,-2.53%,-3.87%,-0.90%,20.07%,-18.70%,-13.51%,-26.21%,-13.70%,-35.34%,479020,-17.24%,-24.84%,-88576,0.74,4,1.48,3.95,13.25000,382821,35.81,41.72,42.65,-0.75
SHLS,23511000,,-118239000,141750000,,-16.90%,-21.88%,40.32%,-21.87%,4.40%,7.26%,12.00%,3.00%,-13.04%,309464,4.67%,10.10%,18703,0.50,6,4.73,2.43,3.36000,5702671,45.98,36.81,29.55,0.14
BZH,119467000,4.38%,-971393000,1090860000,,0.68%,9.86%,-2.26%,-169.93%,10.10%,,6.91%,4.70%,16.28%,2083188,4.69%,6.22%,104989,0.94,4,0.97,,18.38000,468257,36.97,31.45,41.16,3.93
HKD,75241000,292.89%,-182357000,257598000,,,,,-20.88%,21.90%,16.33%,8.74%,8.50%,14.24%,104311,16.41%,6.64%,226750,0.04,2,,,1.78000,179808,32.90,29.60,1.15,0.23
TRTX,190483000,3.23%,-2378340000,2568823000,,-11.52%,-15.48%,-9.92%,-425.52%,5.30%,,2.29%,1.60%,-3.64%,,2.13%,-0.80%,,0.04,5,,,6.90000,1472138,24.44,28.64,40.21,0.75
UP,246468000,64.49%,-226351000,472819000,,60.16%,40.35%,13.02%,-40.49%,,-113.43%,-64.77%,-30.40%,-68.70%,424493,-95.60%,-22.84%,-182012,0.71,2,42.57,-3.00,0.79960,945023,36.20,27.23,24.52,-0.49
XNCR,498162000,-3.94%,266209000,231953000,-22.20%,89.72%,-7.93%,84.90%,47.70%,-36.70%,-22.48%,-10.40%,-25.20%,-12.64%,441972,-19.61%,-9.36%,-930472,0.12,2,,0.23,7.92000,1221297,25.64,20.22,32.90,-3.58
OPY,33150000,0.02%,-1422916000,1456066000,,25.60%,50.42%,14.48%,-249.08%,8.70%,,6.59%,2.20%,11.42%,474651,5.67%,2.98%,23710,0.43,3,,,52.95000,31450,37.43,41.61,55.13,6.37
CLB,19157000,-7.63%,-160987000,180144000,,-10.38%,-16.36%,-13.95%,-29.27%,12.90%,11.73%,2.81%,5.30%,-18.42%,149671,9.36%,0.44%,8971,0.88,6,6.42,2.82,11.89000,926624,35.20,32.20,36.87,0.67
BFLY,88775000,-3.01%,68377000,20398000,-38.73%,-9.69%,-10.67%,,12.37%,-38.70%,-34.28%,-28.33%,-26.90%,-10.00%,431874,-39.32%,-40.10%,-381537,0.30,3,0.46,-0.51,2.29000,4266285,40.01,42.31,47.09,-0.34
HTB,279219000,-26.65%,81099000,198120000,,60.41%,-55.36%,-14.55%,14.42%,10.30%,,6.10%,1.20%,7.80%,345611,7.31%,0.86%,97345,0.04,3,,,31.96000,51194,35.76,0.00,0.00,3.20
CTLP,33667000,-0.72%,-3345000,37012000,,29.29%,-21.73%,15.37%,-0.60%,8.00%,9.12%,-6.75%,4.70%,,794184,7.31%,,41309,0.90,8,4.32,3.05,7.61000,383663,44.59,43.48,50.61,0.20
SVRA,196327000,0.25%,169708000,26619000,24.81%,1.24%,1.03%,1.17%,37.31%,-64.50%,-48.39%,-39.32%,-51.20%,-46.52%,,-52.10%,-35.88%,-1625102,,1,,,2.64000,820909,44.71,39.28,41.21,-0.48
MCB,200268000,71.90%,-277793000,478061000,,83.17%,-15.72%,15.54%,-50.39%,9.50%,,7.53%,0.90%,11.54%,923741,5.52%,1.00%,227597,0.04,4,,,49.50000,135531,37.16,39.90,48.18,5.93
BCAX,489711000,65.84%,488973000,738000,,,,,89.32%,-39.60%,-13.78%,,-18.30%,,,-16.72%,,-1236273,,1,,,10.15000,389694,36.68,35.18,0.00,-4.05
VZLA,90174045,,90174045,,590.12%,,,,15.91%,-1.50%,-1.32%,-18.83%,-1.50%,-30.52%,,-6.18%,-29.74%,-51204,,1,,,1.96000,188051,44.51,49.78,0.00,-0.01
WLDN,74158000,-2.60%,-33589000,107747000,,-3.05%,-5.56%,-7.00%,-6.22%,10.30%,10.54%,0.49%,5.20%,-0.46%,321294,7.75%,-0.02%,12817,1.30,8,,3.23,38.31000,83261,45.79,50.31,56.80,1.58
CSTL,293130000,-1.48%,266786000,26344000,17.13%,48.29%,71.79%,0.95%,47.46%,4.20%,4.60%,-9.68%,3.70%,-7.94%,436359,1.52%,-7.14%,23975,0.67,7,7.49,5.41,19.30000,251030,42.30,36.98,43.00,0.62
OSPN,83331000,-6.72%,76399000,6932000,108.14%,-12.02%,1.58%,-9.31%,13.95%,30.20%,20.35%,-3.69%,19.20%,-1.70%,425883,25.07%,-1.10%,99968,0.82,6,5.21,4.63,14.41000,280923,39.63,39.82,48.77,1.46
ATGL,5386235,145.48%,4946009,440226,13626.62%,,35.44%,,0.97%,-15.50%,-81.59%,,-10.90%,,68866,-11.36%,,-30590,0.25,3,,291.28,33.27430,3182,58.05,63.30,69.99,-0.05
NOAH,721136373,-2.48%,710783649,10352724,-12.42%,-16.69%,-1.06%,-26.90%,627.32%,4.70%,56.18%,10.36%,3.90%,6.56%,137940,4.19%,5.12%,25215,0.21,3,,1.93,8.27000,183109,30.03,33.23,37.16,0.92
CTO,17361000,-1.49%,-501632000,518993000,,23.09%,4.77%,12.56%,-88.91%,-1.60%,,4.17%,-0.80%,6.34%,3365378,,2.90%,-237270,0.11,4,,,17.16000,293157,33.11,36.22,44.13,-0.35
TBLD,,,,,,,,,,-23.46%,-21.69%,,-23.35%,,,-23.46%,,,-0.23,0,,2441.46,17.03000,87994,36.98,46.85,49.91,3.69
AMRK,229069000,-11.75%,-555882000,784951000,,24.23%,-4.26%,17.40%,-110.52%,8.50%,10.76%,9.84%,2.80%,35.92%,21662673,3.27%,8.66%,105307,5.73,5,9.05,6.80,22.11500,279560,35.53,32.80,40.67,2.23
SNCY,204524000,-7.83%,-414510000,619034000,,4.30%,-11.28%,6.27%,-73.49%,9.60%,9.43%,5.87%,3.30%,8.64%,342483,6.78%,2.96%,16843,0.66,5,80.44,1.22,10.39000,740491,37.66,33.27,38.23,0.96
CAL,29636000,-4.15%,-796910000,826546000,,-1.75%,10.52%,-7.65%,-149.96%,18.10%,13.22%,2.41%,5.50%,-5.60%,289647,8.27%,2.08%,11410,1.41,6,2.71,2.32,16.23000,1392352,44.82,30.66,36.88,3.09
CYD,825684736,,462484927,363199809,,-10.43%,25.61%,55.74%,78.72%,3.10%,-0.86%,5.61%,1.10%,4.36%,311278,3.37%,1.60%,4925,0.72,1,4.05,1.68,14.51000,321453,40.04,51.86,57.82,0.99
CEVA,163644000,6.98%,158083000,5561000,-1.25%,-12.86%,-13.86%,-12.21%,28.93%,-3.30%,-0.99%,-1.18%,-2.90%,-3.48%,249857,-2.77%,-2.98%,-20528,0.35,4,,8.82,22.85000,297819,37.78,36.41,44.69,-0.37
SLQT,12104000,4.31%,-728277000,740381000,,-0.42%,2.27%,,-128.59%,-4.40%,7.65%,0.29%,-1.10%,-9.18%,339455,,-1.72%,-3210,1.20,4,,1.59,3.16000,1946327,40.41,46.86,47.52,-0.09
OFIX,85738000,27.96%,-89867000,175605000,,98.42%,54.59%,52.96%,-16.50%,-23.50%,-13.01%,-7.94%,-14.20%,-12.70%,494735,-12.47%,-8.46%,-77968,0.90,3,1.23,1.31,13.92000,279601,30.67,32.60,41.84,-3.30
ZIP,505881000,-0.19%,-46840000,552721000,,179.60%,-0.54%,71.79%,-8.63%,-80.20%,3.97%,923.79%,-1.90%,-138.82%,474001,,10.40%,-12854,0.72,4,,2.13,5.51000,1213067,43.67,34.22,29.53,-0.13
JFIN,92672773,-4.73%,85607765,7065008,92.87%,13.61%,7.75%,7.97%,126.42%,37.70%,,130.91%,19.80%,-6.86%,859094,32.02%,40.78%,156457,1.09,3,,,10.23000,80464,42.39,56.17,61.68,2.72
CURV,48922000,-2.21%,-414617000,463539000,,-7.94%,-9.21%,-4.50%,-79.43%,-8.50%,25.40%,6.81%,3.30%,-9.46%,144847,15.86%,2.78%,2141,2.27,7,4.75,2.07,5.17000,124161,45.54,46.77,43.53,0.15
CCAP,39422000,2.17%,-836415000,875837000,,11.55%,3.68%,22.15%,-157.65%,9.80%,,4.80%,4.50%,9.64%,,5.49%,4.72%,,0.12,4,,,14.61000,231134,28.32,25.51,38.61,1.99
NCMI,78200000,-55.16%,68200000,10000000,147.10%,-79.11%,,-59.58%,12.61%,-5.60%,-4.12%,-2.91%,-4.10%,197.58%,948031,-4.63%,25.94%,-87795,0.45,3,,3.28,5.68000,828071,43.74,43.26,41.42,-0.23
OMI,49382000,-1.53%,-2090426000,2139808000,,24.46%,-7.76%,5.65%,-377.39%,-45.40%,-7.68%,4.89%,-7.20%,-3.18%,461245,-7.68%,-0.08%,-15633,2.11,6,7.56,2.27,7.00000,2060326,29.01,32.98,34.29,-4.73
NEXN,187068000,2.83%,149871000,37197000,52.66%,35.37%,-72.68%,,28.01%,6.70%,8.56%,3.75%,4.30%,4.72%,427959,6.61%,3.16%,41495,0.44,6,,2.12,8.52000,445569,54.86,50.95,49.80,1.02
IMNM,217403000,93.55%,212634000,4769000,55.32%,,255.90%,53.26%,42.24%,-125.30%,-157.56%,-111.59%,-105.30%,-244.82%,76619,-164.47%,-91.18%,-2482737,0.03,1,,-1.04,6.20000,1179837,33.51,29.22,41.39,-5.00
MOFG,204895000,-77.83%,88333000,116562000,,-29.75%,-72.48%,-20.67%,16.52%,-11.00%,,0.89%,-0.90%,4.00%,79931,-12.42%,0.34%,-79642,0.01,2,,,25.89000,78074,33.29,37.51,47.87,-3.54
ASIX,19564000,14.04%,-329329000,348893000,,8.69%,31.16%,-4.24%,-61.02%,5.90%,4.60%,10.24%,2.90%,14.82%,1046591,5.08%,6.60%,30448,1.00,4,6.43,2.04,20.13000,199597,34.16,29.15,39.14,1.62
GHRS,149324000,-14.87%,148700000,624000,-7.40%,,-35.93%,,28.45%,-20.10%,-21.33%,-14.46%,-19.20%,-12.64%,,-28.02%,-12.18%,-779220,,0,,,8.66000,101442,33.15,45.20,46.73,-0.75
MVST,117158000,25.43%,-208692000,325850000,,30.27%,60.70%,16.76%,-38.54%,-41.70%,-29.88%,-12.27%,-19.80%,-34.40%,197710,-16.26%,-21.08%,-101748,0.38,5,1.78,-1.15,1.66000,7840126,57.23,56.33,49.95,-0.61
AMRC,178222000,-1.60%,-1525056000,1703278000,,50.71%,10.02%,35.63%,-283.46%,6.00%,3.41%,6.94%,1.40%,9.58%,1172915,6.14%,2.74%,37612,0.45,6,120.18,0.96,10.22000,681332,36.40,29.38,36.35,1.07
FSBC,352343000,-0.26%,271591000,80752000,276.04%,41.69%,-67.62%,8.68%,51.73%,12.50%,,13.43%,1.20%,19.84%,567686,9.57%,1.60%,217481,0.03,4,,,25.15000,63796,27.84,32.60,46.17,2.26
SSTK,111251000,-0.95%,-189818000,301069000,,101.20%,406.82%,44.79%,-35.50%,6.80%,10.69%,12.70%,3.10%,17.00%,545342,4.82%,9.10%,20952,0.80,3,,1.33,15.34000,499605,30.96,21.28,25.28,1.01
FLGT,258106000,,257694000,412000,-39.08%,-73.15%,-65.17%,-31.22%,47.56%,-3.80%,-4.45%,13.34%,-3.50%,27.66%,215895,-6.52%,22.88%,-32527,0.23,5,,4.63,17.33000,373271,53.64,45.97,36.98,-1.41
HOV,102707000,0.92%,-1034906000,1137613000,,-9.19%,-0.98%,-8.95%,-194.94%,31.80%,,23.19%,9.40%,-938.50%,1642356,14.01%,11.32%,125463,1.23,6,1.56,,90.13000,100756,37.88,32.55,42.02,32.63
MAGN,215000000,5164.10%,-1838000000,2053000000,,37.64%,138.63%,41.66%,-344.07%,-12.80%,-1.08%,-0.65%,-4.80%,-16.30%,38427,-1.09%,-3.20%,-2679,0.69,3,3.75,0.72,15.10000,488670,36.50,34.43,34.24,-18.33
SMBC,146078000,0.01%,826000,145252000,-98.98%,41.01%,6.67%,1.82%,0.15%,10.50%,,9.64%,1.10%,12.88%,227394,7.90%,1.34%,70774,0.04,4,,,47.30000,24707,33.97,35.28,47.95,4.59
REPL,538239000,-0.11%,462198000,76041000,17.85%,31.95%,0.30%,12.58%,84.65%,-54.80%,-39.56%,-29.49%,-43.00%,-32.98%,,-43.17%,-28.06%,-689553,,1,,,6.92000,1076014,20.70,31.45,38.76,-3.07
HNRG,12153000,-30.72%,-44997000,57150000,,-19.06%,-51.97%,-19.93%,-8.45%,-88.40%,-102.53%,-22.44%,-42.50%,-13.32%,657551,-135.17%,-6.68%,-367704,0.76,5,4.51,-0.16,12.50000,837134,57.75,56.32,60.02,-5.72
TRST,641812000,-6.00%,516872000,124940000,16.27%,-25.11%,-6.38%,-9.45%,97.89%,7.40%,,7.30%,0.80%,9.88%,214631,6.09%,0.98%,61736,0.03,4,,,27.94000,145235,37.23,36.04,44.58,2.57
LINC,59273000,3.87%,-118288000,177561000,,21.96%,52.04%,14.76%,-22.42%,5.80%,4.99%,12.77%,2.50%,29.84%,177804,2.87%,10.20%,3996,1.13,5,60.58,2.68,16.80000,273035,54.95,56.47,66.54,0.32
VLGEA,133929000,-1.19%,-224688000,358617000,,-2.81%,-5.00%,20.53%,-46.97%,11.90%,10.02%,4.03%,5.50%,9.08%,312600,5.66%,3.86%,7411,2.31,7,33.98,3.68,35.99000,36500,58.62,65.30,63.39,3.64
GLAD,1876000,-2.73%,-313885000,315761000,,7.93%,-6.68%,11.36%,-59.24%,22.30%,,7.97%,12.60%,13.74%,,8.63%,7.48%,,0.12,4,,,23.73000,176818,31.40,35.14,50.15,4.63
MBUU,35118000,-17.86%,12118000,23000000,-41.52%,-42.81%,-34.29%,-24.51%,2.34%,-16.80%,-16.64%,15.08%,-11.70%,20.82%,326218,-19.09%,10.70%,-39439,0.97,4,4.07,2.93,26.50000,189233,38.60,26.86,35.58,-4.36
ASA,4818953,,4818953,,6042.00%,,,,0.90%,8.76%,6.12%,,8.75%,5.85%,,0.44%,5.84%,,0.01,1,-70.28,873.10,27.81000,71920,48.56,59.47,64.77,6.00
PHAR,167893000,-11.62%,55580000,112313000,32.72%,-11.48%,-34.53%,2.85%,9.96%,-5.40%,-2.60%,4.16%,-2.80%,6.00%,810428,-2.59%,2.70%,-30997,0.71,3,0.63,2.22,8.09000,2336,43.77,44.36,41.94,-0.18
CASS,349728000,,349728000,,-6.11%,,,,66.24%,8.30%,,11.93%,0.80%,12.08%,159607,8.37%,1.18%,15359,0.09,6,,,39.21000,38202,37.06,40.19,45.90,1.39
CRD.A,55412000,-7.30%,-254077000,309489000,,2.35%,-0.65%,0.98%,-50.64%,17.30%,11.52%,4.33%,3.40%,11.68%,133563,9.39%,2.50%,2649,1.69,7,,2.90,10.24000,61036,40.16,42.86,50.31,0.53
RCKT,374227000,-0.56%,348729000,25498000,-0.37%,4.10%,1.82%,-11.68%,64.44%,-63.90%,-52.74%,-41.73%,-55.40%,-49.52%,,-55.90%,-42.88%,-865371,,2,,,4.94000,4579311,29.30,18.27,29.44,-2.73
SCVL,123112000,-2.16%,-244875000,367987000,,14.31%,3.85%,9.18%,-46.73%,11.80%,9.84%,10.44%,6.60%,18.14%,218706,6.78%,9.58%,13412,1.08,5,2.11,3.42,19.38000,485905,38.97,24.75,38.06,2.68
KALV,253203000,-7.21%,248865000,4338000,258.96%,-16.56%,-30.67%,36.19%,47.49%,-106.80%,-67.41%,-50.42%,-80.60%,-51.80%,,-121.38%,-45.72%,-1172460,,2,,,10.54000,494776,39.70,47.30,47.12,-3.77
MTUS,240700000,-31.05%,223600000,17100000,-12.66%,-33.97%,-30.49%,-37.75%,42.75%,0.20%,-0.60%,4.28%,0.10%,7.20%,576596,0.38%,4.26%,691,0.96,4,4.41,1.96,12.42000,315508,41.42,36.82,39.62,0.03
PRTH,73328000,13.96%,-857063000,930391000,,15.09%,45.67%,13.70%,-159.44%,,16.20%,2.38%,-1.40%,20.78%,863299,,-0.84%,-23513,0.51,6,,0.79,6.57000,292232,37.86,42.27,51.27,-0.31
PRTA,471388000,-5.66%,460545000,10843000,-24.30%,-4.18%,-8.38%,-13.92%,87.00%,-23.20%,-25.86%,-25.43%,-20.30%,-21.04%,829184,-31.05%,-15.38%,-750368,0.22,2,,2.88,9.69000,455750,25.80,32.02,31.26,-2.27
ACIC,199393000,2.27%,47050000,152343000,521.29%,-1.31%,1.95%,-0.88%,9.05%,32.80%,,5.69%,6.40%,-66.90%,4563954,21.55%,1.54%,1164892,0.25,5,,,10.79000,328033,35.10,38.44,54.06,1.54
CVLG,35619000,-6.19%,-261270000,296889000,,58.72%,1.17%,-3.17%,-50.04%,8.50%,7.36%,7.16%,3.60%,11.46%,235724,4.70%,5.70%,7484,1.15,7,165.25,2.32,19.60000,124417,34.30,25.26,43.34,1.30
KIDS,70790000,0.66%,-6125000,76915000,,39.69%,223.72%,24.04%,-1.15%,-10.30%,-8.95%,-7.71%,-8.30%,-7.64%,364283,-8.11%,-5.96%,-67299,0.45,3,0.50,2.66,21.39000,174217,36.42,38.61,36.33,-1.64
SLP,21385000,-39.70%,20589000,796000,-80.84%,-21.57%,-22.87%,4.60%,3.98%,3.90%,4.47%,5.18%,3.70%,7.56%,318073,1.59%,6.86%,29393,0.40,5,,27.12,25.74000,659391,47.93,38.08,40.07,0.35
DJCO,389361000,-0.14%,360782000,28579000,37.11%,-26.01%,-59.88%,-1.80%,71.73%,29.10%,27.85%,0.69%,20.10%,12.20%,174311,0.97%,8.30%,185871,0.19,5,206.23,5.53,374.12000,7177,43.10,35.02,47.80,55.48
UHT,7097000,0.23%,-361152000,368249000,,3.85%,2.44%,6.11%,-70.21%,10.30%,,5.70%,3.30%,20.12%,,6.72%,6.80%,,0.17,6,,,37.14000,70315,39.41,43.40,42.72,1.39
CRD.B,45196000,5.58%,-283714000,328910000,,10.28%,-8.32%,0.01%,-58.31%,15.10%,10.13%,3.23%,2.80%,9.76%,130020,8.09%,2.14%,2267,1.62,7,,2.90,10.42000,5100,43.11,44.69,52.14,0.53
ORRF,248874000,1.99%,38967000,209907000,,54.28%,17.02%,-3.42%,7.73%,5.60%,,6.85%,0.50%,10.68%,279592,3.03%,0.92%,35000,0.04,4,,,26.31000,182304,22.76,24.19,43.64,1.48
GNK,44005000,20.47%,-45212000,89217000,,-28.71%,-54.07%,-28.99%,-8.79%,8.30%,8.83%,4.60%,7.10%,3.60%,407923,8.57%,3.54%,73675,0.40,7,9.70,2.40,11.99000,853343,38.36,26.85,38.52,1.75
PLOW,5119000,-23.00%,-216351000,221470000,,-2.63%,-13.73%,-4.14%,-42.21%,22.90%,17.15%,5.12%,9.20%,5.06%,339811,13.88%,2.14%,33563,0.93,7,2.99,2.96,22.19000,169173,35.16,37.36,41.89,2.36
THFF,94346000,87.41%,-120831000,215177000,,25.33%,22.40%,14.14%,-23.62%,8.70%,,8.55%,0.90%,10.78%,215146,6.19%,1.18%,50454,0.04,4,,,43.17000,65751,29.84,40.28,49.71,4.00
MAX,43266000,-1.34%,-119179000,162445000,,-4.55%,-6.80%,10.74%,-23.24%,-134.50%,24.99%,8.18%,7.80%,542.52%,6004889,23.93%,-9.60%,115479,4.07,7,,2.26,7.63000,508342,31.19,31.65,37.93,0.31
IMOS,379197843,,-107918483,487116326,,,64.13%,,-20.75%,8.00%,-1.28%,7.85%,4.30%,13.86%,122181,3.88%,7.84%,11257,0.47,6,8.21,1.96,13.71000,29664,24.04,23.66,28.95,1.74
LENZ,209144000,-14.59%,208330000,814000,217.57%,-58.36%,323.96%,-18.07%,40.80%,-24.60%,-24.29%,4.01%,-23.20%,14.96%,,-28.60%,-141.72%,,,1,,,18.54000,175108,32.13,36.78,34.93,-2.34
TRVI,107622000,-7.28%,106590000,1032000,30.57%,-58.79%,-22.87%,23.72%,20.88%,-64.50%,-47.75%,-59.45%,-57.70%,-83.64%,,-51.18%,-54.44%,-1842731,,1,,,5.28000,1209903,35.95,54.72,60.18,-0.47
IIIN,35951000,,35951000,,-58.01%,,,,7.09%,5.60%,7.07%,14.45%,4.70%,16.60%,578249,4.78%,13.12%,20726,1.31,5,5.02,6.91,26.27000,489930,45.76,42.71,42.01,0.99
SPFI,359082000,0.04%,248728000,110354000,13.06%,-3.33%,0.17%,-11.65%,48.83%,11.60%,,10.51%,1.20%,14.40%,318117,9.05%,1.42%,82862,0.05,4,,,30.95000,34900,37.10,40.65,52.02,2.92
DHC,149854000,-1.17%,-2761050000,2910904000,,-7.49%,3.34%,-3.63%,-533.59%,-17.60%,,1.23%,-7.00%,-5.68%,2492378,-2.97%,-2.44%,-617092,0.28,4,,,2.11000,916652,39.00,40.50,45.52,-1.55
GES,142322000,4.80%,-1330702000,1473024000,,7.78%,16.98%,3.39%,-261.48%,17.20%,8.84%,7.89%,3.50%,19.78%,246173,7.34%,4.36%,7858,1.08,5,2.68,2.20,9.89000,1654400,44.42,31.69,34.25,1.27
PUMP,58292000,2.03%,-117124000,175416000,,622.04%,18.06%,5.54%,-22.96%,-15.20%,-16.12%,-6.37%,-9.90%,-4.90%,760151,-16.84%,-3.62%,-72557,1.04,4,62.92,1.49,4.93000,1464883,29.41,31.26,37.02,-1.31
VALN,188230385,7.49%,-53740479,241970865,,23.57%,3.59%,,-10.49%,-6.50%,3.14%,-20.63%,-2.50%,-55.48%,247749,,-14.32%,-17892,0.34,3,2.01,0.12,6.31000,8553,44.45,51.14,42.50,-0.17
HTBK,968123000,0.10%,928470000,39653000,151.87%,-0.23%,0.38%,-0.12%,183.58%,5.90%,,7.54%,0.70%,8.16%,479597,5.56%,0.96%,114163,0.03,3,,,8.25000,501667,31.64,37.62,44.55,0.66
INN,48358000,4.45%,-1373223000,1421581000,,9.36%,-2.40%,6.54%,-307.84%,2.70%,,0.40%,0.90%,-5.22%,8609212,5.55%,-2.20%,295776,0.25,6,,,4.04000,1325115,27.90,20.00,30.51,0.22
MCS,44579000,-4.26%,-308053000,352632000,,-11.87%,-6.97%,-6.18%,-62.80%,-1.70%,0.09%,-3.08%,-0.70%,-6.68%,253031,,-2.64%,-2679,0.71,5,,1.47,15.98000,177378,40.94,40.02,48.60,-0.25
NPWR,510020000,-1.99%,506915000,3105000,-20.14%,-23.76%,44.08%,,281.71%,-23.40%,-9.08%,,-7.00%,,3676,-27.53%,,-2421235,,1,,0.71,2.33000,715857,28.33,24.90,32.97,-0.67
OLP,42315000,-1.35%,-389992000,432307000,,1.11%,0.90%,-1.20%,-77.01%,9.90%,,4.46%,4.00%,11.06%,9056300,4.31%,4.40%,3041700,0.12,5,,,23.46000,57960,32.36,36.50,47.21,1.40
TK,721446000,-0.76%,667855000,53591000,52.67%,-62.36%,-75.18%,-59.39%,133.35%,17.10%,7.01%,-61.49%,6.10%,7.28%,,-111.68%,3.20%,57412,,5,14.78,,6.06000,858642,40.20,36.50,44.18,1.42
WASH,109902000,-12.98%,-1067357000,1177259000,,81.56%,-5.42%,-0.27%,-213.63%,-5.80%,,4.42%,-0.40%,9.42%,158982,-2.31%,0.78%,-45369,0.01,2,,,26.20000,224940,31.28,35.25,40.89,-1.63
EVLV,56455000,-13.85%,54135000,2320000,-65.08%,-63.61%,55.39%,,10.96%,-12.80%,-10.06%,-8.89%,-6.60%,,304505,-55.83%,,-65096,0.31,2,3.50,1.33,3.20000,1332914,51.15,46.65,44.74,-0.14
FRPH,149935000,0.02%,-28918000,178853000,,0.08%,0.08%,15.00%,-5.76%,1.50%,,1.04%,0.90%,2.88%,2198632,1.48%,1.80%,336053,0.06,6,,,26.41000,83037,36.13,36.54,43.47,0.34
TLRY,248414000,-7.99%,-95496000,343910000,,-22.29%,-28.59%,-6.32%,-19.07%,-28.90%,-29.86%,-12.44%,-23.60%,,311946,-27.79%,,-358411,0.21,5,2.25,-1.56,0.50540,27983614,33.71,22.11,36.83,-1.05
RDVT,36504000,-7.03%,34506000,1998000,17.11%,1.55%,-22.20%,-7.50%,6.90%,8.00%,10.56%,0.29%,7.30%,2.22%,349716,6.71%,2.30%,32572,0.78,6,,26.72,36.04000,109215,44.83,51.82,64.28,0.50
DNTH,275241000,379.42%,273750000,1491000,58.12%,,154.87%,,54.62%,-23.90%,-23.90%,-17.40%,-23.00%,-36.14%,79936,-28.78%,-31.22%,-1089346,0.02,2,,13.42,15.60000,873836,33.69,33.23,44.71,-2.55
BVS,41582000,-12.50%,-294045000,335627000,,-2.10%,-15.00%,11.14%,-59.18%,-21.70%,-0.01%,-10.09%,-4.40%,-25.72%,616430,-9.86%,-5.92%,-36067,0.74,6,2.01,0.76,7.57000,292007,32.27,34.53,48.80,-0.52
CCO,109707000,-3.09%,-6912820000,7022527000,,-0.98%,3.97%,-0.03%,-1396.65%,,6.03%,3.23%,-3.90%,10.42%,367129,,-6.08%,-43720,0.33,5,,-1.44,1.02000,2109684,42.39,33.63,39.18,-0.37
KOP,43900000,-4.73%,-978000000,1021900000,,5.31%,9.80%,0.14%,-200.74%,10.30%,9.54%,8.67%,2.70%,24.28%,1004851,6.84%,4.84%,25168,1.10,5,4.17,2.16,24.38000,208946,35.56,27.15,36.72,2.46
REPX,16388000,-6.63%,-253106000,269494000,,60.65%,-24.29%,351.90%,-51.77%,18.30%,17.38%,20.21%,9.00%,153.28%,3982340,14.97%,11.28%,863078,0.42,5,17.00,1.74,23.16000,104802,32.55,35.03,43.21,4.26
ANAB,385373000,-2.77%,369336000,16037000,-1.01%,-8.53%,-9.98%,63.44%,74.23%,-272.90%,-33.13%,-69.89%,-32.10%,-91.32%,671176,-132.27%,-20.54%,-1067875,0.20,3,,-1.32,16.24000,710557,40.95,43.07,43.34,-5.12
NAK,11529481,10.57%,9565284,1964197,-16.32%,,25.17%,15.12%,1.84%,-32.20%,-43.01%,-21.96%,-26.10%,-24.76%,,-18.35%,-22.46%,,,1,,,0.92120,4742752,51.55,62.31,67.10,-0.05
RCAT,9154297,-85.76%,7186701,1967596,13.98%,,,,1.45%,-100.40%,-93.63%,-49.68%,-79.40%,-220.50%,185041,-65.05%,-74.26%,-430471,0.34,2,1.21,50.00,5.80000,12466812,45.30,46.65,55.46,-0.51
KROS,561380000,-2.20%,542519000,18861000,70.65%,158.41%,30.58%,71.40%,113.16%,-37.90%,-31.79%,-33.01%,-35.10%,-37.78%,21006,-35.71%,-34.36%,-1108598,0.01,3,,5.29,12.24000,3929590,61.98,33.24,35.67,-5.00
NAT,33361000,,-268234000,301595000,,9.45%,-24.57%,58.66%,-54.48%,18.30%,15.99%,2.73%,11.20%,-0.66%,23040412,15.21%,-0.38%,5806529,0.45,7,8.98,1.76,2.34000,1960571,40.61,33.62,36.58,0.47
EBF,68566000,32.76%,57741000,10825000,-36.86%,-13.84%,-1.15%,-12.10%,11.66%,12.20%,16.42%,10.99%,10.60%,11.54%,205745,12.46%,9.56%,21301,1.02,4,6.90,8.94,19.03000,179169,38.31,36.58,42.16,1.59
KRT,59963000,-1.15%,-32907000,92870000,,36.50%,30.79%,4.01%,-6.63%,19.20%,16.92%,13.06%,10.10%,30.38%,586176,11.43%,10.60%,41574,1.42,6,3.63,4.94,24.63000,51967,31.28,36.62,48.24,1.50
VTLE,40179000,-0.29%,-2513939000,2554118000,,21.07%,45.83%,16.28%,-495.09%,-6.10%,-0.82%,5.11%,-3.00%,-4.88%,4820528,-0.43%,-0.76%,-430057,0.34,4,,0.11,13.34000,1790776,28.46,26.67,30.10,-4.74
AGS,47102000,-0.09%,-496407000,543509000,,-4.19%,-3.36%,0.28%,-100.85%,63.40%,11.01%,7.23%,7.60%,-23.74%,431075,30.01%,-1.56%,56381,0.58,7,3.43,1.01,11.93000,738977,40.07,58.55,66.29,1.20
THRY,16311000,-7.62%,-268026000,284337000,,-12.17%,-18.50%,-18.06%,-56.18%,-46.30%,-3.73%,9.94%,-10.10%,12.02%,273261,-6.92%,-2.50%,-24607,1.12,7,,0.52,11.29000,808793,30.87,32.72,36.27,-2.00
KODK,293000000,1.01%,-206000000,499000000,,16.95%,0.81%,23.89%,-41.93%,11.50%,9.71%,-10.52%,4.50%,-387.40%,267436,-0.57%,-6.86%,26154,0.46,3,3.85,0.98,6.07000,3167037,47.35,48.17,53.21,0.90
DDI,285628,-9.10%,258992,26636,64.76%,-8.16%,-16.54%,-37.01%,0.00%,15.50%,-0.50%,-1.30%,14.30%,4.08%,1214698,11.82%,3.62%,441352,0.39,5,,133470.25,9.87000,26627,51.10,41.32,44.45,2.50
DADA,421162759,2789.89%,415690751,5472008,-23.13%,-39.64%,164.49%,,341.27%,-44.00%,32.48%,-42.80%,-32.80%,-47.40%,557157,-59.22%,-28.84%,-117530,1.56,2,698.13,,1.88000,7776822,52.23,57.85,41.56,-1.07
RERE,367208558,-21.34%,325519584,41688974,6.92%,33.04%,-18.12%,-1.45%,44.59%,-0.20%,1.12%,-16.18%,-0.20%,-11.32%,1088451,,-18.96%,-549,3.21,3,16.86,,2.22000,1703911,27.64,40.49,39.97,-0.01
YORW,1000,3.59%,-205560000,205561000,,11.99%,14.20%,15.26%,-42.21%,9.00%,4.97%,7.11%,3.30%,10.72%,590228,6.02%,3.96%,160039,0.12,5,6.55,1.21,33.84000,54466,48.75,48.25,42.54,1.42
SMP,44426000,188.31%,-616102000,660528000,,60.54%,169.40%,50.54%,-125.98%,4.30%,4.38%,8.78%,1.90%,9.06%,261402,3.70%,4.56%,4911,0.99,5,1.78,1.93,22.27000,330854,29.33,24.15,31.38,1.24
PSIX,58491000,-9.98%,-86859000,145350000,,-9.36%,-16.56%,8.79%,-18.55%,204.70%,81.14%,6.73%,22.00%,0.82%,679953,38.26%,1.98%,98970,1.51,7,3.75,3.05,21.14000,239140,37.26,41.73,56.26,3.01
GMRE,8942000,2.74%,-637189000,646131000,,4.16%,5.71%,10.84%,-135.53%,0.10%,,2.70%,0.10%,0.94%,5337692,2.79%,0.48%,31192,0.11,5,,,7.02000,922335,28.00,33.35,37.79,0.01
XRX,1232000000,3.91%,-2167000000,3399000000,,-7.15%,3.72%,-4.51%,-451.03%,-75.00%,-21.16%,-7.16%,-14.80%,-18.06%,370298,-27.17%,-3.96%,-79464,0.69,4,6.28,0.94,3.87000,5323244,27.54,22.27,27.60,-10.75
BBW,28955000,-3.68%,-69395000,98350000,,-3.52%,25.41%,-9.49%,-14.17%,40.90%,32.79%,12.49%,19.00%,22.04%,108843,22.69%,9.52%,11512,1.80,5,3.31,4.90,36.82000,322269,47.16,47.69,58.76,3.74
AUNA,,,,,,,,,,,,6.50%,,-4.72%,78281,,-0.54%,-2217,,7,,,6.55000,31545,42.12,44.37,0.00,-1.00
IMTX,676148789,1.12%,658023878,18124911,43.30%,18.03%,5.20%,38.03%,136.36%,3.50%,3.36%,-71.36%,2.40%,-159.58%,303417,-4.66%,-32.96%,29630,0.24,4,,2.23,3.97000,860809,40.60,28.69,32.35,0.15
HNST,75435000,-14.08%,62238000,13197000,461.26%,-29.42%,-39.29%,-19.57%,12.90%,-4.40%,-3.23%,-13.73%,-2.90%,-22.50%,2306951,-3.38%,-12.52%,-37341,1.77,5,2.94,3.41,4.43000,1868577,40.91,41.56,47.64,-0.06
ASTL,190730362,6.41%,-278880649,469611010,,92.12%,351.51%,,-58.65%,-9.30%,-4.76%,16.51%,-4.60%,,606641,-10.06%,,-34254,0.82,2,2.88,1.29,4.60000,851557,32.21,23.04,33.41,-1.08
NYMT,167422000,6.35%,-7394049000,7561471000,,35.12%,43.50%,-18.56%,-1536.06%,-7.20%,,-2.30%,-1.20%,-7.72%,2489400,-0.90%,-2.36%,-1482643,0.02,3,,,5.31500,903148,24.77,36.24,34.02,-1.14
BORR,62500000,5.61%,-2048100000,2110600000,,3.28%,24.03%,4.30%,-424.04%,8.30%,11.69%,-0.57%,2.50%,-14.04%,484236,7.05%,-4.46%,39339,0.31,6,,0.27,1.96000,9423235,40.25,25.70,33.34,0.32
YRD,560743318,167.73%,555170141,5573177,-32.71%,-66.67%,72.38%,-32.96%,224.18%,17.40%,,11.89%,13.10%,15.06%,1054813,14.61%,11.08%,287471,0.48,5,,,5.51000,135071,37.81,46.86,56.42,2.48
CPAC,19559283,-0.07%,-384576883,404136166,,-1.05%,-4.97%,6.98%,-81.45%,15.70%,124.04%,7.80%,6.20%,12.02%,312317,9.67%,4.70%,31400,0.61,7,1.60,1.79,5.41900,8095,36.32,41.15,47.11,0.62
HIFS,-5990000,-2.16%,-1654665000,1648675000,,79.39%,12.15%,18.32%,-344.14%,4.93%,-0.07%,5.82%,0.46%,13.66%,2214902,2.73%,1.35%,223717,0.05,3,,0.24,218.94000,11030,43.15,43.42,48.77,12.84
CSIQ,2278046000,-1.03%,-3632950000,5910996000,,21.31%,32.07%,18.78%,-771.60%,1.30%,2.00%,3.39%,0.30%,8.26%,269561,-0.64%,1.88%,1621,0.46,2,4.19,0.70,7.21000,2757770,36.07,31.50,33.40,0.54
BITF,183084000,-2.25%,159669000,23415000,60.60%,-34.87%,17.83%,1.08%,40.25%,-11.00%,-17.04%,-26.65%,-9.80%,-33.78%,1134594,-17.04%,-20.82%,-318018,0.35,1,238.98,3.41,0.77170,5606356,38.10,27.38,39.23,-0.13
RMR,147580000,-1.80%,35324000,112256000,-78.75%,49.91%,210.23%,26.64%,7.46%,9.40%,6.28%,20.73%,3.50%,14.92%,855418,9.09%,5.88%,22513,1.33,4,,2.96,14.94000,193008,25.74,20.27,29.57,1.33
ORGO,136151000,-59.29%,92839000,43312000,,-31.08%,-63.71%,-15.51%,19.86%,-0.30%,-0.30%,9.15%,-0.20%,16.20%,554710,-0.41%,7.38%,-1078,1.05,6,4.25,3.84,3.75000,591635,39.18,49.05,49.09,-0.01
CION,7670000,4.20%,-1091517000,1099187000,,10.15%,1.62%,5.61%,-230.25%,4.00%,,8.10%,1.70%,6.44%,,10.01%,3.10%,,0.13,5,,,8.94000,667593,29.05,26.96,37.49,0.63
CCRN,81633000,-12.18%,77762000,3871000,557.50%,-72.95%,-26.50%,-47.27%,16.23%,-3.30%,-3.03%,13.82%,-2.40%,21.82%,139928,-3.99%,9.54%,-1515,2.21,3,,4.84,14.44000,258773,33.19,41.03,43.81,-0.44
ZKH,313770319,-24.78%,239758562,74011757,6.00%,,-34.24%,,1756.38%,-8.50%,1.39%,,-3.90%,,345276,-9.31%,,-10563,1.28,3,11.20,0.64,2.93000,28879,34.22,36.24,21.67,-0.14
FARO,98702000,-1.50%,9905000,88797000,36.58%,53.85%,-0.26%,34.24%,2.15%,-3.50%,0.71%,-6.14%,-1.90%,-8.84%,289947,,-5.40%,-7677,0.70,5,2.76,2.19,24.85000,244043,40.09,47.03,48.54,-0.47
MPB,70564000,-58.52%,-8872000,79436000,,-21.92%,-77.70%,1.84%,-1.88%,8.50%,,5.90%,0.90%,9.06%,284692,6.99%,0.90%,79226,0.03,4,,,24.35000,128389,38.43,33.69,45.78,2.90
FTRE,118500000,-0.45%,-1080000000,1198500000,,149.46%,-28.32%,,-220.91%,-22.20%,-7.92%,,-8.70%,,167270,-6.32%,,-20378,0.72,4,,0.54,5.21000,3233978,23.30,18.81,28.69,-3.67
WDH,426485747,20.18%,393138697,33347050,-23.78%,60.87%,23.34%,41.30%,865.63%,7.90%,-8.56%,-0.42%,5.90%,10.44%,128278,3.44%,-8.74%,17008,0.45,3,,0.86,1.27000,289576,44.42,51.33,37.00,0.14
JACK,104633000,-0.33%,-3068564000,3173197000,,11.85%,-0.39%,7.57%,-668.93%,,3.01%,9.00%,-1.50%,-12.14%,190162,,4.34%,-5104,0.56,6,263.50,1.58,24.82000,790104,33.99,21.65,29.27,-2.16
GAIN,3147000,60.26%,-543411000,546558000,,27.93%,32.18%,125.83%,-117.54%,14.60%,,7.08%,7.40%,11.88%,1282314,5.26%,6.74%,1000429,0.09,2,,,12.70000,185289,41.97,39.62,42.54,1.91
RSVR,17760030,14.26%,-359955923,377715953,,18.80%,8.09%,,-76.96%,2.20%,4.11%,2.51%,1.00%,,1580137,3.36%,,79573,0.20,6,,0.96,7.17000,26074,41.32,37.20,46.00,0.11
USNA,181768000,,158768000,23000000,-51.84%,,2826.21%,,33.70%,8.10%,12.59%,18.29%,6.30%,19.80%,502649,6.58%,14.12%,24724,1.27,5,2.46,4.35,24.74000,261991,35.19,29.51,26.64,2.19
OPT,131916000,11.03%,-90836000,222752000,,,,,-138.46%,,-244.01%,-121.94%,-153.20%,-64.50%,7935,-153.70%,-100.78%,-6674003,0.00,1,,-9.52,3.41000,3025,39.27,44.75,46.10,-2.25
CLMB,29778000,44.57%,27342000,2436000,-19.87%,10.41%,12.21%,2.16%,5.71%,22.30%,24.70%,16.67%,5.20%,18.36%,1181744,22.38%,4.92%,47234,1.29,6,121.05,2.15,104.07000,26645,39.22,42.42,61.03,4.06
SLSR,32309000,3.18%,-17330000,49639000,,,68.53%,,-3.81%,-1456.50%,-162.99%,,-115.80%,,,-224.97%,,-1166924,,1,,,2.81000,458,36.25,43.61,45.20,0.49
GCT,260444000,,260444000,,41.42%,,,,54.58%,34.00%,17.48%,30.86%,12.00%,,743781,28.84%,,80594,1.11,6,5.75,2.66,11.58000,1304847,31.70,31.73,41.41,3.05
QURE,367521000,1.36%,-133470000,500991000,,54.55%,-5.94%,46.97%,-28.50%,-327.10%,-33.57%,-19.27%,-35.40%,-87.36%,129756,-37.29%,-15.30%,-1146201,0.04,5,,-2.57,8.57000,933230,34.12,41.45,45.30,-4.92
BBNX,103675000,-0.63%,96420000,7255000,,,,,21.70%,,-42.61%,,-42.20%,,221510,,,-186245,0.50,1,,0.97,10.69000,443167,35.41,0.00,0.00,-8.60
DDL,608680293,3.06%,194908469,413771823,80.94%,-17.51%,-33.07%,22.62%,62.23%,49.60%,-1.14%,-93.75%,4.30%,,1048014,5.32%,,13407,3.39,6,31.44,1.01,2.13000,1453328,27.42,32.73,32.69,0.18
MLR,24337000,-0.08%,-41208000,65545000,,274.69%,7.76%,56.15%,-9.01%,16.50%,17.92%,10.66%,8.90%,11.64%,734950,14.35%,6.84%,37109,1.75,5,5.78,4.46,40.45000,94980,32.63,25.73,42.92,5.47
SMBK,387570000,-1.73%,339751000,47819000,14.36%,-28.26%,-13.34%,-7.57%,72.69%,7.50%,,6.38%,0.70%,7.96%,271812,6.70%,0.78%,59054,0.03,4,,,27.16000,55242,31.20,40.18,51.40,2.14
LVWR,64437000,-20.34%,63638000,799000,-61.65%,-55.99%,-58.90%,,13.27%,-63.10%,-79.49%,-301.82%,-48.90%,,146335,-95.21%,,-516071,0.14,2,1.33,5.26,2.27000,47909,51.84,32.77,34.73,-0.46
LYTS,4712000,-16.39%,-44636000,49348000,,-20.29%,69.16%,36.44%,-9.34%,11.20%,12.69%,8.12%,7.00%,10.26%,275274,9.62%,5.90%,12301,1.57,5,6.01,4.62,15.97000,132942,38.06,38.21,51.32,0.77
ANSC,,,,,,,,,,,,,,,,,,,,2,,,10.67500,516,59.56,88.70,94.11,0.19
ARKO,297738000,-0.72%,-2285700000,2583438000,,7.48%,2.12%,13.33%,-509.50%,5.50%,3.93%,4.13%,0.40%,15.88%,741757,2.75%,1.22%,1282,2.39,6,30.96,2.74,3.96000,516597,40.27,32.78,34.63,0.13
FPI,78441000,-48.05%,-125436000,203877000,,-26.40%,-43.56%,-16.80%,-27.75%,11.20%,,2.52%,5.70%,2.86%,2426083,3.60%,1.58%,2351167,0.06,4,4.53,,9.80000,461473,28.34,34.41,41.61,1.06
TALK,117810000,,117810000,,-4.92%,,,,25.86%,1.00%,-3.76%,-22.99%,0.80%,-3.64%,360063,-3.54%,-19.88%,2203,1.37,5,,12.33,2.72000,1605532,46.47,46.24,49.70,0.01
BGS,50583000,-2.97%,-2026251000,2076834000,,-3.84%,-1.92%,1.57%,-444.51%,-35.60%,-6.28%,1.93%,-7.70%,-4.16%,694129,-6.81%,-0.82%,-90248,0.59,6,2.80,1.03,5.78000,2550049,29.34,37.55,31.42,-3.18
ARVN,1039400000,546.67%,1029700000,9700000,-18.49%,24.72%,203.13%,17.19%,235.42%,-33.70%,-23.02%,-38.62%,-16.70%,-42.60%,612558,-43.79%,-23.40%,-462558,0.22,2,,-0.91,6.62000,2240478,27.55,22.45,31.55,-2.77
KURA,727395000,-0.21%,710801000,16594000,74.75%,34.14%,-3.52%,17.21%,156.20%,-38.50%,-25.00%,-31.48%,-30.20%,-30.86%,280641,-44.90%,-27.58%,-906161,0.09,3,,-0.48,5.63000,1768007,30.09,25.29,31.04,-2.02
MRVI,322399000,-40.80%,-5431000,327830000,,-14.83%,-41.11%,-3.42%,-2.13%,-38.20%,-10.41%,14.35%,-11.20%,28.10%,454711,-36.38%,2.72%,-254116,0.20,4,2.97,0.93,1.78000,2860515,25.85,26.57,29.38,-1.05
BCYC,879520000,-27.89%,875530000,3990000,80.02%,-54.35%,-90.04%,26.11%,191.94%,-23.70%,-19.34%,-34.78%,-19.00%,-41.88%,115656,-26.33%,-27.28%,-554200,0.04,3,,1.20,6.53000,250335,27.17,22.61,31.98,-2.90
IPX,77125859,181.15%,72934820,4191039,609.06%,,263.66%,,164.47%,-40.70%,-25.02%,,-36.80%,,,-30.11%,,-919517,,3,,,14.23000,92577,28.40,31.64,47.60,-1.10
AAM,,,,,,,,,,,,,,,,,,,,1,,,10.26000,568373,51.00,76.54,0.00,-1.71
CTKB,277890000,-4.34%,269288000,8602000,7.02%,,-22.69%,,58.80%,-1.50%,-0.11%,-25.25%,-1.20%,,309341,-5.08%,,-9290,0.41,4,1.71,3.74,3.52000,932800,33.65,30.69,35.72,-0.05
FMNB,85738000,5.42%,-305412000,391150000,,64.57%,-11.84%,26.20%,-68.37%,11.20%,,8.68%,0.90%,13.96%,237710,5.76%,1.26%,67374,0.03,4,,,11.98000,130236,34.75,34.71,43.43,1.22
EQV,,,,,,,,,,,,,,,,,,,,1,,,10.08150,208909,50.18,70.13,0.00,0.24
MNRO,10161000,-3.13%,-528334000,538495000,,-13.59%,-12.64%,-6.01%,-120.91%,3.00%,4.07%,4.22%,1.20%,6.28%,158018,2.79%,2.58%,2584,0.72,6,4.63,1.45,14.96000,762589,40.90,25.31,30.27,0.65
GLRE,649087000,-2.93%,588338000,60749000,1.01%,-14.75%,-17.10%,-8.27%,131.54%,6.70%,,6.30%,2.20%,6.44%,9280347,6.97%,2.10%,570880,0.36,6,,,12.92000,114979,42.48,41.53,54.26,1.24
CRMD,51687627,-7.08%,51170614,517013,-32.17%,-17.59%,-22.56%,156.14%,11.51%,-29.00%,-22.69%,-51.31%,-22.30%,-53.10%,668803,-26.25%,-46.32%,-275846,0.54,0,0.66,4.45,6.84000,1147534,37.30,41.14,51.67,-0.30
BRCC,6810000,0.26%,-89887000,96697000,,40.31%,-11.48%,,-54.78%,-20.60%,5.62%,-20.83%,-1.30%,,710508,,,-5358,1.71,5,4.65,1.75,2.09000,620867,44.57,29.07,35.63,-0.04
NPKI,17756000,-22.14%,-867000,18623000,,-48.60%,-74.40%,-36.94%,-0.20%,-40.30%,-44.23%,-0.13%,-29.30%,-12.58%,472802,,-8.78%,-326657,0.43,5,8.44,2.85,5.14000,804647,39.04,34.74,42.46,-1.72
COGT,287077000,-2.03%,269610000,17467000,9.22%,76.90%,-7.35%,23.69%,59.58%,-74.90%,-94.00%,-59.75%,-63.30%,-101.72%,,-100.80%,-71.02%,-1248093,,1,,,4.02000,2095021,23.58,22.92,37.03,-1.94
JELD,151047000,-2.27%,-1137828000,1288875000,,-11.71%,-4.40%,-5.18%,-246.37%,-25.90%,-5.26%,2.07%,-6.70%,3.42%,235975,-6.62%,0.64%,-11814,1.34,5,6.56,1.70,5.20000,1142396,34.86,28.27,34.86,-2.22
BOC,89547001,3.42%,-10346293,99893294,,3.30%,12.41%,7.35%,-2.38%,-0.20%,0.00%,-1.61%,-0.20%,,239546,-1.34%,,-2859,0.15,3,,1.82,14.11000,204112,47.96,46.51,39.60,-0.04
CGEM,398977000,-12.06%,396826000,2151000,-14.38%,,-40.08%,,90.79%,-29.20%,-28.29%,-20.38%,-27.90%,-24.16%,,-33.24%,-17.22%,-1514043,,1,,,7.58000,463983,43.03,29.00,36.49,-2.78
FISI,87321000,24.52%,-136521000,223842000,,29.15%,-27.68%,-6.59%,-30.41%,-8.70%,,5.20%,-0.70%,7.92%,185214,-8.60%,0.66%,-72082,0.02,2,,,22.01000,238949,31.45,37.25,47.90,-2.75
NAGE,44660000,-8.43%,42009000,2651000,74.69%,-17.39%,-19.10%,9.05%,9.53%,24.40%,17.59%,-48.63%,14.70%,-48.12%,957663,15.30%,-24.52%,82212,1.71,7,3.21,10.89,5.67000,620347,37.24,49.13,58.85,0.11
SCHL,94700000,5.16%,-314800000,409500000,,63.79%,206.74%,35.16%,-74.05%,1.90%,0.97%,1.40%,1.00%,2.18%,264908,0.70%,1.34%,3095,0.84,6,2.54,1.88,16.54000,290860,36.01,34.36,30.30,0.59
HZO,145010000,6.82%,-1172039000,1317049000,,69.97%,8.35%,28.40%,-267.57%,5.70%,9.55%,12.66%,2.10%,18.24%,585727,4.84%,9.46%,13630,0.91,3,1.65,1.76,19.42000,360112,35.27,30.38,39.35,2.38
NPB,376295000,-3.69%,-926388000,1302683000,,,,,-209.58%,10.60%,,,0.90%,,374932,3.12%,,94324,0.04,3,,,12.85000,63335,35.92,0.00,0.00,1.83
SGU,49042000,0.92%,-258331000,307373000,,-2.00%,6.57%,-2.61%,-58.34%,18.30%,14.86%,11.34%,5.90%,16.68%,567972,10.07%,5.30%,17976,1.85,6,15.97,,12.75000,91776,49.50,59.74,57.62,1.28
CBNK,205332000,-46.83%,171270000,34062000,3393.88%,,-30.57%,-6.49%,38.60%,10.70%,,12.48%,1.20%,16.94%,412902,7.96%,1.64%,76098,0.06,4,,,26.41000,49088,37.55,44.81,56.14,2.12
LIND,216143000,0.20%,-411156000,627299000,,4.52%,0.57%,22.82%,-92.42%,,3.65%,-9.80%,-4.10%,56.08%,492158,,-10.76%,-27344,0.74,5,,0.33,8.04000,356780,35.07,35.93,44.76,-0.67
MEG,12935000,-8.35%,-268061000,280996000,,10.94%,33.59%,13.05%,-61.47%,-17.60%,-4.62%,-3.35%,-7.60%,-65.66%,204221,-4.98%,-9.08%,-21518,0.72,3,,0.87,12.78000,698398,38.60,32.25,35.70,-2.22
TWI,195974000,6.67%,-487490000,683464000,,12.12%,56.30%,6.46%,-115.73%,-1.00%,3.57%,7.61%,-0.30%,13.08%,222322,-2.48%,3.66%,-670,1.08,3,3.96,2.03,6.94000,795559,38.12,40.76,40.56,-0.08
NOA,55766448,-1.81%,-529149292,584915740,,27.38%,15.75%,13.71%,-128.37%,11.60%,9.53%,7.69%,2.70%,18.96%,443602,9.34%,5.52%,16775,0.71,6,13.75,1.30,13.75000,156590,34.84,23.78,37.18,1.06
STKL,9012000,-6.69%,-383672000,392684000,,12.49%,-0.74%,-6.40%,-83.32%,-11.20%,1.80%,0.91%,-2.60%,-8.78%,579910,,-3.68%,-14369,1.06,5,7.05,0.91,3.74000,2234339,16.47,22.34,36.74,-0.15
TMCI,75677000,-0.69%,6437000,69240000,-88.15%,33.10%,0.49%,29.21%,1.47%,-48.90%,-27.71%,-18.66%,-24.80%,-78.20%,438904,-30.58%,-20.50%,-116862,0.93,2,1.20,2.19,6.99000,344705,35.53,45.03,38.90,-0.90
NVRI,90158000,-1.77%,-1443755000,1533913000,,1.25%,-0.14%,13.03%,-336.43%,-27.20%,0.06%,-0.37%,-4.60%,-15.24%,195220,,-2.98%,-10664,0.85,5,10.25,1.81,5.43000,925398,36.81,31.56,40.78,-1.60
PBT,2122585,,2122585,,-64.92%,,,,0.49%,13424.50%,,10631.09%,623.40%,9986.86%,,15458.81%,653.20%,,6.65,4,,,9.32000,89699,38.53,32.24,35.91,0.55
CCNE,443035000,0.49%,297530000,145505000,274.21%,5.07%,2.08%,-14.47%,67.95%,8.40%,,7.97%,0.80%,10.28%,275141,7.22%,0.90%,63637,0.04,4,,,20.87000,119563,36.36,35.05,44.71,2.39
VHI,375000000,-7.84%,-188400000,563400000,,-4.80%,3.09%,-6.64%,-42.67%,10.90%,11.17%,8.13%,4.00%,8.98%,710361,10.40%,2.60%,35410,0.81,6,2.62,1.88,15.33000,14780,36.15,34.99,42.56,3.79
QD,1117241780,-0.52%,1009592180,107649600,-21.39%,-8.65%,1029.75%,-25.51%,350.14%,0.80%,3.29%,5.44%,0.70%,7.88%,97205,-1.58%,5.50%,41199,0.02,2,,3.02,2.29000,414713,29.89,40.08,48.88,0.07
URGN,237761000,1.20%,114374000,123387000,197.90%,576.80%,24.14%,116.33%,25.96%,-7363.60%,-46.51%,-452.57%,-47.40%,-1479.94%,384672,-84.46%,-73.78%,-539889,0.34,3,1.19,-3.06,9.39000,885442,36.78,39.62,42.98,-2.96
CHCT,4384000,2.58%,-481571000,485955000,,22.30%,20.51%,20.13%,-111.50%,-0.60%,,3.72%,-0.30%,3.04%,3216278,,1.86%,-88361,0.12,3,,,15.24000,607130,22.08,28.13,24.34,-0.23
PGC,391367000,-0.65%,212889000,178478000,,6.29%,-67.75%,-11.91%,48.98%,5.50%,,5.46%,0.50%,8.78%,355852,4.21%,0.76%,53206,0.03,4,,,24.64000,120493,31.01,32.92,43.33,1.85
WNC,115484000,0.04%,-281658000,397142000,,-2.49%,0.17%,-2.73%,-66.74%,-76.60%,-32.43%,-4.96%,-20.30%,-4.54%,324457,-60.87%,-0.50%,-47345,1.39,2,6.39,1.10,10.11000,897894,39.60,22.10,31.78,-6.40
TEN,376694000,,-1225095000,1601789000,,1.86%,2.96%,28.47%,-281.40%,17.30%,13.19%,4.41%,8.00%,2.46%,,12.16%,1.16%,,0.27,2,21.12,1.10,14.54000,345716,39.64,33.69,39.03,9.04
ITIC,24654000,4.40%,18298000,6356000,4.07%,6.05%,-1.44%,7.14%,4.24%,12.00%,,15.60%,9.20%,15.96%,469633,12.04%,11.64%,56496,0.76,4,,,227.19000,6249,46.25,48.85,57.73,16.43
GNTY,145964000,-2.74%,72971000,72993000,,-5.49%,-66.12%,-1.07%,17.13%,10.10%,,7.35%,1.00%,11.62%,249105,8.05%,1.08%,65025,0.04,4,,,37.53000,32568,39.46,50.39,56.59,2.74
GBLI,17834000,-4.29%,7463000,10371000,-70.51%,-58.54%,-18.55%,-48.87%,1.71%,6.30%,,2.56%,2.50%,2.22%,1658598,6.18%,0.84%,160906,0.25,3,,,30.00000,2913,32.52,35.08,46.27,3.12
CMP,45800000,6.20%,-928600000,974400000,,-1.02%,6.64%,-5.54%,-235.02%,-46.40%,-4.20%,3.11%,-9.30%,-22.76%,571753,,-3.84%,-81521,0.66,3,2.43,0.94,10.26000,727928,53.83,44.07,35.10,-3.72
SAGE,505868000,15.20%,494032000,11836000,-34.07%,-13.73%,129.16%,-20.42%,119.04%,-68.20%,-84.24%,-40.79%,-60.80%,-26.30%,116836,-90.66%,-23.86%,-1135031,0.06,1,,-5.90,6.91000,1071065,38.57,43.46,31.03,-6.59
RPAY,225184000,0.03%,-283331000,508515000,,3.43%,14.78%,18.96%,-66.40%,-1.30%,-0.19%,-4.01%,-0.70%,-10.42%,673209,-0.61%,-4.12%,-21841,0.20,4,,0.35,4.50000,1223754,28.49,19.01,32.66,-0.11
TRC,53708000,11.68%,-13234000,66942000,,8.35%,39.63%,1.66%,-3.13%,0.60%,0.62%,2.33%,0.50%,1.16%,475977,-1.25%,0.96%,30568,0.07,3,10.71,2.58,15.75000,159769,46.01,45.45,45.11,0.10
SIGA,155400262,,155400262,,3.50%,,,,36.90%,33.00%,34.73%,33.42%,27.10%,41.00%,3015638,25.24%,33.80%,1287266,0.63,4,0.55,11.33,5.92000,580761,55.84,46.28,46.61,0.82
APEI,158941000,-1.32%,-41681000,200622000,,-6.28%,-2.01%,76.30%,-9.88%,3.40%,5.84%,-4.14%,1.80%,-7.26%,102102,3.98%,-3.26%,1644,1.11,8,,2.49,23.45000,90758,56.66,62.55,65.53,0.55
NFBK,167744000,-29.25%,-616366000,784110000,,17.24%,-20.05%,-3.17%,-143.24%,4.30%,,3.39%,0.50%,6.60%,352850,2.01%,0.86%,83181,0.02,4,,,9.76000,255100,33.35,36.01,43.38,0.72
BHB,72162000,17.75%,-218439000,290601000,,17.63%,-12.34%,-11.37%,-52.49%,9.70%,,5.77%,1.10%,9.84%,324456,5.73%,1.06%,95074,0.04,4,,,27.46000,1915,45.85,43.68,50.26,2.84
METCB,30503000,2.90%,-72959000,103462000,,70.55%,-30.23%,40.74%,-17.92%,15.87%,20.38%,11.85%,8.77%,18.08%,711220,10.83%,10.55%,60049,1.06,5,11.34,2.62,6.81000,23802,38.06,25.81,36.52,0.11
PKST,154210000,14.54%,-1237296000,1391506000,,-18.63%,-6.12%,-7.13%,-295.27%,-1.00%,,-2.22%,-0.40%,-13.20%,6001921,-0.06%,,-274342,0.09,4,,,11.40000,207949,36.47,43.30,46.22,-0.30
EBTC,83841000,64.79%,-152959000,236800000,,39.05%,115.85%,12.89%,-36.01%,11.00%,,8.77%,0.80%,12.06%,292983,6.48%,0.90%,67245,0.04,4,,,34.10000,38136,31.02,40.87,51.75,3.12
ASPN,221276000,-3.11%,23892000,197384000,1892.66%,134.85%,42.24%,87.78%,5.60%,2.50%,3.45%,-14.49%,1.70%,-21.06%,817146,5.95%,-13.88%,24143,0.58,7,6.22,0.89,5.10000,1863827,27.75,23.31,39.54,0.17
NETD,1599682,,-1450318,3050000,,,,,-0.35%,-89.30%,3.59%,,3.60%,,,31.98%,,,,1,,,10.98000,1420,51.85,71.51,93.99,0.31
BIGC,179639000,-0.51%,-40945000,220584000,,-14.13%,-36.93%,30.05%,-9.69%,-93.70%,-7.91%,-20.71%,-6.90%,-92.64%,286759,-16.41%,-18.08%,-23282,0.85,5,,-0.37,5.32000,625258,39.26,40.71,31.26,-0.35
KELYB,200700000,-1.75%,150300000,50400000,241.59%,-15.59%,-25.55%,-7.44%,35.99%,4.10%,2.63%,1.61%,2.00%,2.64%,828097,3.72%,1.24%,9210,1.82,5,,3.27,11.40000,24,15.64,29.25,29.60,-0.02
LAB,292874000,-63.12%,259878000,32996000,1457.55%,-33.39%,-66.40%,-11.26%,66.57%,-36.10%,-24.70%,-96.79%,-26.60%,81.66%,213242,-34.72%,-27.24%,-226038,0.25,5,2.26,-0.88,1.10000,1538076,45.75,35.79,35.02,-0.52
METC,33009000,18.45%,-73579000,106588000,,27.26%,1.91%,52.44%,-17.98%,3.10%,3.81%,9.62%,1.70%,17.08%,677129,2.66%,9.80%,11374,1.00,5,13.25,2.10,7.71000,1212514,43.76,39.10,40.05,0.11
PSBD,2766409,-2.46%,-801389250,804155659,,7.36%,25.29%,,-187.66%,-2.70%,,6.11%,-1.00%,-3.28%,,,-1.10%,,0.10,0,,,12.74000,43447,36.62,22.45,15.50,1.47
TBPH,89186000,10.76%,39366000,49820000,-27.24%,-57.94%,1.34%,-37.21%,9.50%,-29.70%,-13.06%,-43.09%,-15.60%,341.60%,663722,-20.83%,7.42%,-581629,0.18,3,,-2.20,8.39000,197645,30.63,40.45,41.57,-1.15
GAMB,13729000,-6.36%,-14234000,27963000,,54.22%,1522.93%,6.29%,-3.46%,24.90%,25.02%,17.97%,17.70%,25.98%,229157,21.20%,17.36%,55277,0.74,6,,6.49,11.89000,258193,43.73,47.06,55.75,0.84
GRVY,157761827,,157761827,,-50.85%,,,,38.88%,16.20%,,24.99%,13.50%,29.24%,842459,12.12%,21.58%,142841,0.80,5,,,59.43000,34776,52.13,45.52,45.64,8.51
FFWM,1016132000,-14.27%,-582696000,1598828000,,96.69%,1.03%,16.56%,-154.64%,-9.30%,,1.72%,-0.70%,1.30%,174359,-5.18%,0.24%,-167708,0.01,1,,,4.61000,1069205,50.81,41.01,37.85,-1.41
ADV,220751000,-0.09%,-1479189000,1699940000,,-5.95%,-8.67%,-11.88%,-359.55%,-35.00%,-9.18%,-11.05%,-9.60%,-23.98%,51686,-12.13%,-8.24%,-4739,1.05,7,,-0.02,1.28000,838114,34.02,24.31,34.24,-1.02
PACB,390621000,-26.97%,-281813000,672434000,,-11.00%,-27.96%,61.25%,-74.57%,-59.00%,-24.80%,-23.94%,-21.00%,-32.72%,267850,-40.30%,-11.12%,-538871,0.11,3,2.02,-2.33,1.38000,8152944,52.18,42.30,36.77,-1.59
AEVA,112007000,-44.87%,111287000,720000,-48.78%,-54.12%,-80.89%,,27.96%,-103.80%,-140.40%,-77.08%,-82.40%,232.68%,32844,-158.26%,-42.02%,-551670,0.05,3,5.45,-3.50,7.51000,793924,67.30,69.47,48.16,-2.85
BYRN,25733000,5.69%,23096000,2637000,24.20%,34.04%,38.64%,-10.66%,5.69%,27.30%,12.54%,-12.36%,21.20%,-53.30%,513509,21.13%,-21.72%,76599,1.42,4,1.95,14.89,18.08000,1899158,44.48,43.67,54.56,0.55
PNNT,55851000,0.01%,-716271000,772122000,,-1.73%,11.04%,0.77%,-173.16%,11.00%,,7.24%,4.00%,4.54%,,8.07%,2.34%,,0.11,4,,,6.27000,1066715,34.78,31.99,43.38,0.84
NGL,5683000,-0.85%,-3198297000,3203980000,,-3.24%,14.94%,-0.30%,-793.03%,-144.30%,2.26%,1.19%,-6.80%,-35.34%,9750578,,-6.40%,-551834,1.21,4,29.84,,3.10000,1984557,20.29,23.19,39.87,-2.53
ALRS,61239000,1.16%,-255781000,317020000,,71.17%,-16.33%,36.20%,-61.51%,4.40%,,6.50%,0.40%,9.84%,228513,2.19%,1.00%,19933,0.05,4,,,16.13000,67508,26.13,30.76,38.81,0.83
ACNB,47262000,-7.21%,-226661000,273923000,,55.27%,7.51%,21.55%,-55.20%,10.80%,,7.25%,1.30%,11.04%,267077,5.52%,1.14%,76553,0.05,4,,,38.74000,43879,41.04,43.82,51.17,3.75
MUX,19081000,-0.81%,-23030000,42111000,,-7.54%,1.56%,-5.76%,-5.60%,-8.90%,-6.83%,-20.31%,-6.70%,-14.56%,93604,-9.42%,-10.74%,-23439,0.27,3,5.13,-1.26,7.57000,742443,51.81,45.12,46.63,-0.86
KELYA,39000000,3.59%,-263600000,302600000,,56.53%,489.86%,35.89%,-66.25%,,-1.21%,0.18%,,,777702,-0.98%,,-108,1.68,5,,2.69,11.70000,316163,32.59,28.04,31.60,-0.02
NWPX,5007000,-18.00%,-124871000,129878000,,-11.15%,-16.45%,75.11%,-30.38%,9.60%,9.34%,5.59%,5.60%,7.54%,362701,7.73%,4.52%,25189,0.80,8,4.64,3.21,40.99000,84866,43.57,41.55,52.87,3.40
PFIS,135851000,-18.05%,-19725000,155576000,,63.32%,105.82%,-3.39%,-4.85%,2.10%,,6.96%,0.20%,9.06%,214115,1.36%,0.90%,15796,0.03,4,,,40.67000,19910,34.53,33.85,43.52,0.99
CAPR,151515877,-11.97%,150064763,1451114,302.84%,-20.34%,-35.10%,,37.33%,-66.40%,-27.08%,-88.42%,-46.10%,-128.68%,139190,-28.97%,-47.02%,-252920,0.25,2,,8.35,8.88000,1113705,35.23,38.21,50.18,-1.15
CVGW,48490000,-4.35%,23697000,24793000,,-43.01%,-65.11%,-24.61%,5.88%,4.70%,6.53%,1.34%,2.80%,-3.36%,326839,8.21%,-1.88%,4561,1.98,7,15.51,5.45,22.74000,159569,45.31,43.18,41.23,0.54
FWRD,105266000,2.76%,-2040532000,2145798000,,88.56%,10.28%,64.30%,-504.26%,-199.50%,-31.12%,-1.12%,-25.40%,-24.66%,375685,-45.28%,2.62%,-124046,0.77,4,,-0.04,13.31000,1593915,32.01,24.17,28.53,-30.63
PUBM,140587000,28.36%,95206000,45381000,-37.98%,27.87%,107.76%,,23.15%,4.50%,5.54%,8.85%,1.80%,14.36%,277651,0.86%,6.14%,11920,0.43,6,,1.54,8.29000,644130,36.16,26.57,37.91,0.23
BWMX,14460647,-1.99%,-237614379,252075026,,50.11%,-6.35%,48.36%,-59.90%,52.00%,-2.37%,35.18%,6.50%,88.32%,269248,15.97%,14.32%,13454,1.31,7,1.80,2.59,10.80000,24441,44.75,40.62,41.16,0.92
NLOP,68426000,-29.32%,-100790000,169216000,,,-68.78%,,-24.65%,-14.60%,,,-9.10%,,722066,-5.85%,,-464320,0.14,4,,,27.11000,107453,28.26,35.61,55.18,-6.18
AROW,154546000,-73.87%,120941000,33605000,32.95%,-21.76%,-34.83%,-32.30%,30.13%,7.60%,,9.21%,0.70%,11.26%,243007,6.84%,1.00%,53626,0.03,4,,,24.01000,36984,40.62,39.17,45.81,1.77
TYRA,342441000,-1.52%,336219000,6222000,69.83%,73.91%,-4.22%,,83.88%,-23.50%,-24.78%,-6.03%,-22.40%,1.86%,,-29.82%,-39.94%,-1441350,,2,,,7.55000,417209,27.36,26.70,36.49,-1.51
GNE,131421000,388.34%,122753000,8668000,3.64%,,,15.53%,30.60%,6.30%,6.78%,14.30%,3.70%,21.12%,2797382,4.14%,13.12%,82816,1.25,4,21.41,3.18,14.83000,50403,49.02,47.38,49.57,0.46
CBLL,194370000,-0.75%,172410000,21960000,,,,,29.39%,-102.50%,-18.11%,,-28.50%,,232897,-18.63%,,-143968,0.46,3,,10.06,11.15000,1368572,22.95,25.23,0.00,-3.39
MGTX,105668000,-2.23%,20871000,84797000,-49.57%,52.88%,-5.00%,29.62%,5.28%,-161.80%,-64.37%,-56.41%,-51.60%,-80.52%,87346,-107.59%,-33.54%,-387903,0.12,2,,-3.71,5.07000,607519,31.08,40.69,43.87,-2.12
ALTI,65494000,-67.50%,2439000,63055000,,14.13%,-74.00%,,0.61%,-17.10%,,0.14%,-7.80%,,481244,-12.04%,,-239614,0.16,3,,,2.81000,40149,44.00,36.47,38.87,-1.59
EHAB,30300000,-1.98%,-539200000,569500000,,115.51%,-6.65%,,-134.36%,-25.60%,-10.67%,-0.51%,-11.60%,,96710,-10.53%,,-14598,0.77,6,,1.06,7.91000,261084,38.55,46.11,38.89,-3.11
HONE,231071000,-4.23%,-285484000,516555000,,79.13%,-9.13%,5.89%,-72.36%,4.70%,,4.21%,0.50%,5.94%,307088,2.51%,0.80%,51228,0.03,3,,,9.16000,285661,29.14,32.19,40.27,0.66
CLW,79600000,-75.48%,-202600000,282200000,,-23.86%,-35.85%,-21.85%,-51.42%,27.40%,14.60%,3.18%,9.40%,12.66%,628909,-6.59%,4.20%,89227,0.67,4,6.24,2.40,24.55000,250280,46.24,39.32,41.13,11.70
UNTY,180438000,-16.71%,-50376000,230814000,,66.16%,-37.06%,-4.68%,-12.59%,14.80%,,8.11%,1.60%,16.08%,452329,7.87%,1.60%,181798,0.04,4,,,39.53000,26924,40.27,44.69,59.44,4.06
DNA,561572000,-1.53%,122806000,438766000,-83.00%,170.03%,97.79%,92.11%,28.91%,-65.60%,-43.10%,-73.03%,-36.10%,-96.86%,272234,-48.47%,-66.16%,-655910,0.15,3,,-6.26,7.30000,2127595,51.14,41.34,30.84,-10.54
NBR,397299000,0.11%,-2114686000,2511985000,,-8.40%,-20.17%,-5.58%,-530.21%,-81.60%,2.33%,-2.56%,-3.80%,-59.32%,239423,,-7.22%,-14200,0.65,6,12.55,0.26,27.54000,575930,31.59,28.68,34.93,-22.37
BCAL,388162000,-0.36%,300127000,88035000,,44.12%,-23.44%,,76.39%,1.40%,,,0.20%,,366969,0.91%,,18799,0.03,4,,,12.24000,95486,26.00,31.57,40.49,0.22
INDI,284548000,105.87%,-111047000,395595000,,268.70%,130.41%,83.59%,-31.45%,-29.80%,-14.63%,-47.15%,-15.90%,49.96%,235524,-20.91%,-22.04%,-144134,0.26,2,3.04,-0.10,1.90000,3477088,39.85,31.40,36.59,-0.76
SHBI,459851000,0.21%,324290000,135561000,13.04%,25.48%,58.50%,45.18%,82.40%,8.30%,,5.17%,0.70%,6.82%,329913,6.49%,0.66%,73516,0.03,4,,,11.80000,221645,27.69,30.92,41.97,1.32
GDOT,1616587000,24.45%,1556920000,59667000,138.40%,56.25%,-11.32%,-2.75%,391.67%,-3.00%,-1.83%,3.33%,-0.50%,2.40%,1499023,-0.18%,0.52%,-23219,0.32,2,,0.09,7.24000,602435,44.48,34.49,33.65,-0.50
KFII,,,,,,,,,,,,,,,,,,,,0,,,9.97000,603415,59.56,0.00,0.00,-0.01
CCIX,2412564,,2412564,,,,,,0.62%,-170.20%,2.94%,,4.00%,,,11.64%,,,,1,,,10.70000,2088,51.11,67.43,0.00,0.33
ASPI,61890048,5.08%,24144123,37745925,318.77%,244.08%,1661.66%,,6.51%,-129.90%,-36.62%,,-50.40%,,30472,-30.77%,,-258186,0.06,4,,3.99,5.44000,3114218,58.56,53.75,57.98,-0.63
GCI,106299000,6.51%,-1181004000,1287303000,,-4.70%,-0.54%,-7.88%,-295.72%,-12.00%,1.81%,-2.84%,-1.30%,-38.24%,214471,-2.97%,-5.94%,-2252,1.22,5,64.80,0.61,2.73000,1164670,36.13,28.79,42.06,-0.18
IVR,210881000,-5.61%,-4683077000,4893958000,,-11.19%,9.76%,-23.91%,-1139.73%,4.40%,,-5.56%,0.60%,-37.76%,,1.06%,-7.00%,,0.01,5,,,6.33000,2842441,21.26,25.46,30.60,0.65
ODP,166000000,1.05%,-892000000,1058000000,,1.86%,9.87%,-16.61%,-233.43%,-0.30%,3.02%,5.74%,-0.10%,-1.06%,367895,-0.71%,-0.42%,-158,1.91,3,7.22,1.96,13.07000,778979,40.08,24.24,28.28,-0.08
SRDX,30145000,0.13%,554000,29591000,-90.33%,43.57%,0.50%,,0.14%,-12.20%,-4.12%,-4.51%,-8.20%,-5.76%,322488,-5.52%,-3.94%,-37036,0.71,4,2.13,6.18,27.24000,112624,34.05,27.47,40.49,-1.02
PSTL,1799000,7.13%,-294909000,296708000,,45.99%,23.31%,38.99%,-97.64%,2.70%,,2.24%,1.10%,1.36%,1697156,3.37%,0.60%,146578,0.12,5,,,12.86000,184724,35.68,42.85,41.24,0.21
MNMD,273741000,-10.11%,251887000,21854000,194.35%,,54.67%,,65.02%,-48.20%,-40.41%,-58.11%,-37.30%,-63.06%,,-39.47%,-52.82%,-1468635,,2,,,5.14000,1070743,36.79,39.22,41.48,-1.54
SKBL,15426,1.25%,-11679998,11695424,,,,,-3.24%,32.70%,36.34%,,5.00%,,206871,9.76%,,3940,2.63,1,,14.28,12.77000,191464,63.42,0.00,0.00,0.03
FIP,147296000,3.20%,-1508604000,1655900000,,28.03%,17.39%,,-391.72%,-85.90%,-4.63%,-3.64%,-12.30%,,494772,-5.35%,,-439491,0.14,4,,-0.13,3.38000,1428286,27.42,24.00,36.81,-2.72
CRMT,126358000,3.63%,-736673000,863031000,,25.82%,7.09%,31.02%,-195.92%,1.50%,,8.51%,0.50%,13.18%,607645,4.09%,6.28%,3370,0.90,3,5.74,,46.60000,152684,49.35,46.19,40.74,0.90
GTN.A,134000000,-0.18%,-6095000000,6229000000,,15.57%,-0.26%,9.43%,-1647.92%,-0.40%,5.14%,6.35%,-0.10%,9.74%,347611,,1.90%,-947,0.31,7,,0.67,6.73850,13674,40.59,45.23,41.73,3.36
SWBI,26704000,7.20%,-116484000,143188000,,55.71%,42.24%,-9.76%,-30.59%,7.90%,7.98%,30.81%,5.10%,30.12%,326736,5.55%,19.68%,19749,0.85,4,1.99,3.91,8.73000,428777,34.01,26.93,37.57,0.65
ASLE,4698000,-27.95%,-71272000,75970000,,,14.19%,86.67%,-18.55%,1.30%,2.56%,4.23%,1.00%,4.84%,542557,1.37%,3.96%,9200,0.58,5,0.70,2.93,7.20000,494883,44.68,53.92,39.64,0.11
TDUP,44176000,-22.14%,-14664000,58840000,,-8.28%,-5.52%,27.76%,-3.78%,-100.80%,-67.85%,-20.09%,-35.70%,-40.72%,159528,-35.28%,-28.92%,-47231,1.21,5,30.11,-2.47,3.30000,1927358,71.98,73.41,48.14,-0.69
BWMN,8587000,4.70%,-141851000,150438000,,75.12%,6.93%,63.89%,-37.11%,1.30%,-2.41%,-0.23%,0.60%,-5.88%,193893,-2.38%,0.48%,1275,0.90,5,,1.70,22.14000,97722,47.42,44.02,45.02,0.17
OUST,172744000,-7.69%,152494000,20250000,26.23%,1.66%,-71.03%,-25.97%,40.60%,-56.20%,-47.89%,-41.02%,-33.50%,-40.72%,380483,-51.79%,-93.28%,-332346,0.38,3,3.56,-2.38,7.10000,990388,39.03,42.15,41.35,-2.08
SFIX,219103000,-5.51%,113780000,105323000,25.31%,-16.11%,-24.24%,-6.75%,29.84%,-36.00%,-25.67%,-27.90%,-14.10%,-39.02%,278602,-27.95%,-16.56%,-15451,2.54,5,5.94,2.01,2.96000,2055984,35.92,37.67,40.63,-0.52
CCSI,33545000,-3.23%,-573605000,607150000,,-9.11%,-18.96%,,-150.42%,-79.70%,29.88%,20.26%,14.60%,-19.00%,676413,20.71%,11.74%,172654,0.57,5,,1.57,19.51000,142938,31.83,35.84,39.38,4.62
VSTA,33249866,2.18%,-166404843,199654709,,2.58%,2.05%,-8.40%,-43.70%,10.60%,-461.31%,2.20%,6.70%,0.78%,174436,8.03%,0.50%,50688,0.23,5,2.26,1.14,4.73000,66062,66.72,80.81,55.42,0.90
TCBX,421202000,-1.09%,288668000,132534000,6.86%,37.48%,-6.47%,,77.16%,9.70%,,5.28%,0.90%,8.22%,448992,8.04%,0.70%,116320,0.04,3,,,27.48000,90985,26.89,37.66,51.16,2.78
DH,290164000,-1.59%,37052000,253112000,-7.69%,-2.21%,-5.53%,,13.02%,-67.30%,-47.47%,-27.61%,-30.00%,,322509,-101.91%,,-528292,0.18,4,,-1.34,2.48000,2097956,31.97,32.79,27.07,-3.54
NRIM,62736000,30.49%,21894000,40842000,-74.38%,4.51%,23.48%,4.09%,5.74%,14.60%,,12.01%,1.30%,14.26%,302050,12.01%,1.32%,73501,0.05,2,,,68.39000,26151,37.64,43.03,55.06,6.62
PGEN,97910000,-4.30%,92408000,5502000,65.73%,-69.30%,-22.47%,-52.71%,24.55%,-215.70%,-103.45%,-98.96%,-115.60%,-114.74%,27448,-306.78%,-45.20%,-882762,0.04,2,,-19.49,1.28000,1441066,38.98,47.18,45.06,-0.47
RLAY,783442000,-2.64%,734940000,48502000,5.09%,28.42%,-9.28%,14.33%,193.11%,-44.40%,-41.16%,-34.20%,-39.60%,-51.74%,38341,-46.68%,-38.20%,-1293900,0.01,1,,-0.57,2.22000,2163390,34.84,27.87,32.57,-2.36
ANGO,44760000,,44760000,,-42.95%,,,,11.96%,-21.40%,-20.55%,-31.07%,-13.90%,-22.84%,378770,-26.33%,-17.84%,-55337,0.95,3,2.13,1.08,9.24000,414534,48.71,53.22,49.81,-1.01
NL,184190000,,183690000,500000,-5.33%,,,,49.03%,17.60%,16.79%,3.69%,11.60%,9.14%,48102,7.88%,5.66%,22158,0.25,3,3.54,3.17,7.67000,15372,53.43,53.71,55.79,1.38
CWCO,99350121,-5.44%,95887724,3462397,139.99%,5.55%,29.80%,12.47%,25.59%,13.80%,13.99%,7.37%,12.00%,7.46%,436373,7.94%,6.36%,91979,0.57,5,6.96,10.26,23.60000,136369,33.38,39.64,48.06,1.77
VALU,75791000,-7.29%,71901000,3890000,15.66%,-20.23%,-24.19%,-16.61%,18.61%,22.60%,24.02%,8.82%,15.40%,28.28%,292582,4.79%,16.34%,176385,0.26,4,,7.67,39.78000,6337,57.14,46.59,46.41,2.28
NATH,23711000,-13.41%,-33072000,56783000,,-28.58%,-14.67%,-18.31%,-8.69%,-96.10%,105.90%,41.55%,44.30%,-31.82%,995823,70.91%,19.34%,161231,2.74,8,164.08,9.67,91.45000,18275,44.24,55.68,59.51,5.80
INNV,86866000,-3.22%,-19543000,106409000,,7.64%,-5.37%,-11.39%,-5.02%,-9.70%,-5.21%,-2.04%,-4.80%,-2.58%,343240,-7.93%,-2.98%,-10952,1.52,4,,2.18,2.76000,42958,38.74,26.41,29.57,-0.20
FFIC,152574000,7.96%,-809923000,962497000,,3.44%,9.11%,-5.64%,-217.20%,-4.60%,,2.23%,-0.30%,5.90%,195575,-2.71%,0.48%,-53287,0.01,2,,,11.04000,340089,27.50,30.40,38.68,-1.05
ALMS,288263000,-1.21%,257541000,30722000,1462.27%,,-5.70%,,69.92%,,-101.43%,,-98.40%,,,-103.41%,,-1730782,,2,,,6.83000,328686,53.00,47.24,0.00,-10.38
GPAT,,,,,,,,,,,,,,,,,,,,2,,,10.33000,2668,59.12,76.79,0.00,0.34
CLFD,113014000,10.49%,89506000,23508000,-37.54%,130.64%,20.37%,57.11%,24.24%,-3.30%,-4.18%,10.82%,-2.90%,14.98%,419878,-6.54%,11.98%,-22727,0.54,2,1.76,7.85,26.22000,139530,35.99,37.86,40.46,-0.63
FBIZ,157702000,-8.17%,-170273000,327975000,,-7.84%,-3.50%,-0.54%,-46.23%,14.00%,,5.34%,1.20%,13.48%,414413,6.74%,1.14%,124269,0.04,4,,,44.60000,22229,38.06,43.94,54.56,5.20
AXL,552900000,-2.09%,-2184600000,2737500000,,-5.36%,-5.16%,-6.15%,-592.66%,5.80%,6.40%,7.43%,0.70%,-31.78%,322363,4.08%,-1.60%,1842,1.16,7,11.63,1.53,3.12000,3299870,26.25,23.31,33.18,0.29
LXEH,31521784,-15.92%,22588116,8933668,31.36%,-1.80%,-28.77%,,10053.15%,-60.10%,60.41%,-11.48%,-24.80%,-24.60%,28065,-47.41%,-8.36%,-88867,0.08,1,,-1.22,19.26000,72410,53.86,70.59,47.44,-21.63
ALF,,,,,,,,,,,,,,,,,,,,1,,,10.27000,7,55.24,74.41,0.00,0.33
SNDA,40490000,7.83%,-610900000,651390000,,-1.57%,3.49%,-11.32%,-157.54%,-41.10%,4.59%,-5.34%,-1.00%,36.26%,60108,-2.05%,-6.50%,-1498,0.42,4,,0.11,20.50000,34283,37.05,37.76,46.88,-0.54
MBAV,,,,,,,,,,,,,,,,,,,,1,,,10.23000,2721,54.94,81.23,0.00,0.24
RGC,7961235,-81.51%,7875494,85741,,,-97.58%,,2.10%,-42.50%,-52.18%,18.75%,-40.90%,-24.04%,,-57.04%,-138.02%,-358486,,2,,,28.24000,21523,53.68,59.49,65.33,-0.33
SPMC,,,,,,,,,,,,,,,,,,,,1,,,18.10000,34841,36.58,38.39,0.00,
SATL,22493000,104.00%,-57456000,79949000,,17.61%,870.37%,,-16.04%,,-418.97%,-80.86%,-168.40%,3438.56%,93942,-193.95%,-97.58%,-848701,0.19,3,,-13.20,3.78000,582340,50.03,57.06,55.48,-1.28
AKBA,51870000,-2.43%,9630000,42240000,,-31.47%,-3.19%,-16.38%,2.33%,,-36.65%,8.37%,-31.80%,-58.92%,884972,,-34.88%,-383481,0.73,4,3.96,-9.59,1.55000,7327774,35.35,43.13,49.08,-0.33
DHIL,41624604,-0.83%,35289114,6335490,-23.65%,,723.95%,,9.67%,26.80%,,22.62%,19.00%,26.44%,1189725,19.04%,18.70%,339982,0.67,5,,,131.28000,23043,33.61,32.16,38.20,15.66
SENS,74912000,12.64%,14286000,60626000,-76.98%,-1.13%,27.88%,-12.11%,3.87%,,-113.95%,-43.69%,-72.30%,368.98%,192068,-169.82%,-125.02%,-671932,0.21,3,3.32,-11.88,0.56070,7049649,39.52,46.87,45.91,-0.12
IMXI,130503000,10.76%,-44702000,175205000,,28.23%,-16.93%,13.10%,-12.26%,42.20%,30.61%,20.47%,11.20%,39.90%,505487,21.64%,13.02%,45143,1.25,7,,3.93,11.90000,239598,34.72,21.82,35.57,1.79
LXU,184201000,2.61%,-334611000,518812000,,-2.51%,-15.11%,1.55%,-91.95%,-3.80%,0.80%,6.80%,-1.60%,-16.94%,896055,,-2.64%,-33196,0.43,3,8.22,1.20,5.06000,533728,26.23,26.59,36.70,-0.27
ALNT,36102000,-2.86%,-207492000,243594000,,12.35%,2.38%,14.55%,-58.94%,4.90%,5.82%,6.01%,2.20%,9.70%,209888,4.63%,3.92%,5214,0.89,5,3.18,2.58,21.56000,203270,38.25,40.61,42.33,0.79
CMCO,41224000,-2.96%,-444573000,485797000,,-2.31%,-11.68%,14.04%,-118.79%,1.10%,3.06%,5.93%,0.50%,6.00%,279272,4.21%,2.70%,2661,0.55,6,3.17,1.40,12.68000,632223,24.71,20.57,30.55,0.33
TRAK,28041398,55.01%,27108694,932704,19.63%,-16.13%,57.17%,-32.29%,7.50%,12.50%,14.11%,7.60%,11.20%,8.18%,290404,10.33%,7.18%,80615,0.40,6,,32.86,19.84000,73526,51.08,35.12,36.67,0.32
GCBC,166443000,76.03%,-84407000,250850000,,41.14%,40.17%,32.47%,-23.26%,12.50%,,10.77%,0.90%,16.14%,315062,5.61%,1.14%,126048,0.02,3,,,21.24000,30779,31.91,33.09,41.14,1.54
LND,32799459,,-143805126,176604584,,122.83%,56.64%,,-38.55%,10.40%,102.23%,11.35%,6.40%,15.46%,571848,6.83%,9.64%,122390,0.30,4,4.02,2.10,3.77000,37257,46.14,41.91,40.19,0.42
KRNY,141554000,-14.93%,-1117395000,1258949000,,22.43%,-24.48%,-0.25%,-307.33%,-9.00%,,1.59%,-0.90%,2.24%,268243,-3.34%,0.38%,-126855,0.02,2,,,5.72000,534061,33.10,33.80,38.50,-1.13
LWAY,16728000,-11.39%,16658000,70000,60.99%,-78.79%,-97.54%,-53.54%,4.72%,13.10%,18.75%,9.14%,10.30%,9.94%,639795,12.43%,7.40%,30908,2.14,6,15.55,15.47,23.39000,43094,49.11,53.37,61.96,0.60
ZVRA,69496000,0.62%,9200000,60296000,-61.62%,236.11%,37.77%,-5.39%,2.66%,-221.30%,-57.47%,-63.60%,-63.40%,-70.14%,400203,-87.04%,-57.62%,-1788322,0.14,2,0.65,-3.52,6.56000,375276,33.07,36.70,47.83,-2.28
ASC,46988000,47.40%,2751000,44237000,,-50.85%,-52.93%,-36.38%,0.78%,21.30%,20.74%,12.74%,17.90%,12.98%,7246143,21.54%,9.36%,2296554,0.56,8,18.07,4.78,8.75000,576799,38.35,30.98,38.10,3.06
CANG,349714410,249.50%,326535631,23178779,-31.36%,-56.10%,87.25%,-42.10%,91.99%,7.60%,-4.05%,-1.85%,6.10%,7.76%,507852,4.18%,5.28%,189265,0.16,3,,1.45,3.41000,164599,41.46,46.32,56.46,0.35
BAND,83787000,-4.81%,-419799000,503586000,,0.03%,-21.87%,82.69%,-119.24%,-2.10%,-0.84%,-2.38%,-0.60%,-3.68%,680443,-2.46%,-1.80%,-5931,0.73,4,,1.00,12.36000,324485,33.75,32.18,38.31,-0.24
RZLV,60298,1536.25%,-45371732,45432030,,600.18%,1963.45%,,-13.01%,,114.25%,,-220.10%,,4334,,,-751499,0.01,2,,-106.03,1.13000,2292854,35.83,28.16,0.00,-0.02
TITN,23420000,8.06%,-160206000,183626000,,8.10%,24.70%,3.98%,-44.37%,4.70%,10.45%,10.11%,1.50%,12.96%,749756,7.73%,5.46%,8549,1.33,4,1.86,2.07,15.60000,291949,46.19,47.33,41.10,-1.63
XPOF,32971000,-2.61%,-338026000,370997000,,41.15%,-6.31%,19.35%,-96.07%,,-7.36%,13.70%,-14.60%,-7.50%,719879,-34.72%,-4.88%,-152040,0.69,4,8.43,-1.54,7.28000,505385,34.04,31.95,40.82,-2.27
TBRG,16987000,-2.75%,-156884000,173871000,,18.36%,-13.71%,8.79%,-43.32%,-11.60%,1.75%,1.40%,-5.00%,-2.20%,107077,,-0.68%,-6387,0.84,6,271.39,1.94,24.54000,344462,44.51,64.82,60.92,-1.38
STOK,216974000,,216974000,,7.74%,,,,65.72%,-42.20%,-43.90%,-46.14%,-33.00%,-40.94%,285586,-44.26%,-33.06%,-695164,0.14,2,,1.88,6.52000,903916,38.82,34.89,39.38,-1.65
SNDL,191803361,-3.32%,83109912,108693449,113.64%,65.70%,-8.83%,-4.81%,23.17%,-7.90%,-8.52%,-22.92%,-6.60%,-42.32%,245469,-4.19%,-24.90%,-25281,0.64,5,5.29,0.76,1.37000,903984,37.36,30.05,30.82,-0.25
SBC,141419214,-56.80%,129205071,12214143,36.31%,,-46.58%,,33.70%,32.70%,35.83%,,22.30%,,238025,21.54%,,54014,0.98,6,21.53,6.47,3.40000,68278,48.18,39.84,0.00,0.48
DCTH,53233000,-66.19%,52195000,1038000,133.88%,-59.86%,-89.81%,-18.35%,14.87%,-109.80%,-37.63%,-135.18%,-59.20%,60.20%,387552,-17.83%,-113.52%,-274854,0.84,4,1.21,17.54,10.53000,483428,34.23,43.16,31.23,-0.93
MERC,184925000,-7.76%,-1293854000,1478779000,,5.93%,-8.56%,5.54%,-374.25%,-17.00%,1.11%,4.10%,-3.50%,1.06%,570771,,0.76%,-23782,0.83,6,4.78,1.54,5.26000,291354,35.68,37.10,36.56,-1.27
MYE,32222000,-2.94%,-381649000,413871000,,47.10%,333.42%,37.80%,-109.62%,2.50%,6.23%,11.16%,0.80%,16.30%,309734,3.42%,7.64%,2667,0.91,6,6.02,1.58,9.36000,388518,33.09,34.60,35.56,0.19
CCIR,,,,,,,,,,,,,,,,,,,,1,,,11.03000,155800,41.68,56.21,0.00,0.16
LVRO,115095009,1.17%,-202302033,317397042,,,-2.70%,,-57.64%,-67.10%,-0.95%,,-9.70%,,440612,,,-45835,0.94,4,3.25,1.11,2.97320,1176,31.24,35.89,32.16,-1.52
BWB,229760000,2.28%,-223160000,452920000,,49.80%,9.79%,21.05%,-64.18%,6.50%,,6.03%,0.60%,10.42%,365641,3.60%,1.00%,99210,0.02,4,,,12.60000,51736,35.60,40.04,46.38,1.03
KMDA,78435000,-0.88%,67373000,11062000,43.90%,-36.07%,25.39%,13.99%,19.81%,5.70%,4.33%,4.72%,4.10%,3.42%,383221,8.04%,2.68%,34433,0.45,7,1.09,2.70,5.91000,126442,34.19,43.13,51.71,0.25
WOW,38800000,4.38%,-1000100000,1038900000,,10.97%,8.58%,-14.84%,-272.44%,-25.90%,0.49%,-5.12%,-3.90%,95.96%,477955,,2.56%,-44545,0.42,4,,0.51,4.23000,831839,39.49,43.69,37.64,-0.72
BLDP,606052000,-13.17%,582158000,23894000,-20.83%,11.75%,33.50%,3.88%,168.20%,-39.70%,-45.88%,-13.14%,-35.30%,-17.88%,78614,-26.30%,-16.16%,-365552,0.08,1,1.79,-2.04,1.16000,13852649,45.83,36.90,31.38,-1.08
NPCE,52877000,-0.22%,-20461000,73338000,,13.74%,1.30%,3.15%,-5.91%,-258.10%,-23.08%,-20.07%,-28.30%,-131.30%,434272,-26.64%,-38.54%,-147505,0.83,3,1.69,-4.41,10.64000,120584,41.10,48.75,50.41,-0.93
PERI,374469000,-2.73%,352167000,22302000,-24.49%,18.54%,191.68%,-11.33%,99.87%,1.70%,2.05%,5.97%,1.30%,11.16%,943723,-0.33%,7.48%,23890,0.53,4,,2.52,7.67000,357701,45.18,40.88,33.77,0.25
HOUS,124000000,-0.85%,-2786000000,2910000000,,-5.92%,-2.61%,-6.49%,-789.88%,-8.00%,0.54%,-0.58%,-2.20%,-6.42%,720051,,-1.64%,-16192,0.99,5,,0.10,3.10000,1451437,40.84,40.20,38.62,-1.15
CNDT,366000000,-12.20%,-411000000,777000000,,-21.35%,-46.00%,-14.92%,-119.23%,53.80%,31.21%,3.43%,15.10%,-2.50%,59929,30.70%,-0.38%,7607,1.19,3,,1.08,2.13000,2427480,14.41,27.40,35.01,2.23
SANA,156329000,-1.96%,62132000,94197000,-40.79%,-5.31%,-9.51%,14.58%,18.17%,-84.80%,-58.55%,-31.89%,-45.20%,-29.96%,,-79.12%,-39.08%,-1375046,,2,,,1.53000,4249982,38.20,35.56,34.73,-1.16
CMTG,133500000,-4.71%,-4755649000,4889149000,,2.30%,-12.02%,,-1373.21%,-10.40%,,2.36%,-3.00%,1.90%,,,0.78%,,0.03,4,,,2.47000,1162899,31.36,32.82,32.85,-1.60
LASR,100956000,-3.96%,88823000,12133000,-10.26%,-11.79%,-14.31%,198.73%,25.99%,-26.00%,-26.50%,-16.77%,-21.00%,-16.08%,248185,-28.72%,-13.00%,-75990,0.69,2,3.56,2.81,7.02000,372111,38.22,30.27,37.27,-1.27
PHH,1293490,248.90%,1223172,70318,-99.61%,-96.37%,-99.96%,-87.35%,0.34%,38.00%,50.90%,35.35%,17.90%,,140109,30.37%,,28151,0.89,6,,139.77,13.02000,414202,59.27,82.48,0.00,0.02
UPB,470645000,-5.51%,468811000,1834000,,,,,139.44%,-44.10%,-13.34%,,-25.50%,,45577,-16.49%,,-1469135,0.01,2,,17.19,6.40000,314386,35.04,30.45,0.00,-5.58
MITK,121208000,0.02%,-27454000,148662000,,4.41%,4.80%,79.38%,-7.96%,2.10%,3.11%,3.45%,1.10%,3.74%,273683,4.51%,2.22%,7078,0.42,5,,1.87,7.57000,282343,36.54,34.38,39.80,0.09
LDI,527221000,-2.72%,-3910299000,4437520000,,-21.45%,3.92%,1.24%,-1145.33%,-32.70%,,,-1.60%,,216374,-1.15%,,-20068,0.17,2,,,1.06000,2411617,33.10,33.45,31.06,-0.53
HBCP,98548000,0.94%,-136996000,235544000,,95.37%,-6.71%,38.54%,-41.76%,9.50%,,7.58%,1.10%,10.72%,275410,5.77%,1.20%,75732,0.04,4,,,42.17000,32879,34.68,39.43,49.42,4.55
SD,99511000,,99511000,,-60.81%,,,,29.12%,14.40%,6.34%,-14.41%,11.40%,3.22%,1204712,10.90%,6.62%,605635,0.23,4,,0.94,9.20000,410917,31.61,31.25,36.08,1.69
KULR,29831858,-31.53%,27985812,1846046,3221.45%,48.55%,424.17%,,8.13%,-101.50%,-29.72%,201.87%,-71.50%,-326.52%,188377,-25.70%,-101.62%,-307432,0.44,3,6.20,35.51,1.20000,13104370,41.24,46.53,51.47,-0.09
ARTNA,1147000,-2.46%,-177964000,179111000,,1.36%,-1.07%,3.09%,-52.22%,8.60%,4.72%,5.78%,2.60%,9.18%,433542,5.89%,2.60%,81904,0.14,5,11.86,0.80,33.10000,48156,56.87,50.68,40.25,1.98
OMER,90132000,-2.35%,-333145000,423277000,,6.76%,17.06%,16.88%,-97.91%,,-66.89%,-60.28%,-45.30%,1941.80%,,-70.33%,-11.92%,-776312,,1,,,5.86000,1419110,30.51,42.00,49.73,-2.70
GFR,48201600,5.89%,-193625026,241826626,,,-13.29%,,-56.74%,16.80%,12.44%,,10.00%,,2747050,34.04%,,436856,0.63,7,36.99,2.04,4.86000,166384,40.59,35.00,45.72,1.18
FLWS,247220000,-20.80%,-30782000,278002000,,-3.86%,-12.56%,10.34%,-9.24%,-1.60%,-0.52%,5.27%,-0.70%,7.18%,439475,-1.51%,3.34%,-1903,1.66,4,6.61,2.38,5.33000,871265,40.89,34.50,33.07,-0.11
LSAK,60737000,25.24%,-147148000,207885000,,58.96%,14.69%,13.50%,-41.89%,-25.20%,-11.66%,-8.96%,-7.90%,-17.16%,227817,,-8.04%,-18079,1.00,6,15.76,1.82,4.44000,45185,40.13,42.55,48.13,-0.60
BACQ,,,,,,,,,,,,,,,,,,,,1,,,10.01000,224474,60.97,85.38,0.00,0.10
SION,148500000,-2.46%,138751000,9749000,,,,,39.01%,,-35.18%,,-51.90%,,,,,-1504585,,1,,,7.66000,148634,23.21,0.00,0.00,-15.99
MSBI,121873000,-23.62%,-450778000,572651000,,-6.73%,-18.18%,-9.43%,-135.54%,5.60%,,4.78%,0.60%,9.42%,277138,3.82%,0.92%,48434,0.03,0,,,15.70000,169556,35.33,29.50,36.75,2.01
GIG,1344228,,1344228,,,,,,0.40%,,1.16%,,,,,-47.54%,,,,1,,,10.12000,100,52.80,58.68,0.00,0.10
ACCO,74100000,-7.94%,-848900000,923000000,,-5.98%,-9.17%,0.02%,-262.08%,-15.60%,-2.00%,2.24%,-4.30%,0.34%,333240,-2.42%,,-20320,0.70,6,3.72,0.51,3.63000,682488,33.10,29.12,36.21,-1.06
SB,135897000,,-400744000,536641000,,-4.48%,-11.69%,,-117.86%,11.00%,9.78%,10.41%,6.50%,13.20%,326921,9.39%,7.70%,94980,0.22,7,8.12,1.45,3.21000,710876,34.82,29.53,40.50,0.83
BSRR,100664000,-5.71%,-173427000,274091000,,12.72%,-50.40%,27.72%,-51.16%,11.50%,,5.82%,1.10%,11.24%,300734,6.42%,1.10%,83115,0.04,4,,,24.39500,45684,31.64,36.89,50.49,2.82
DMAA,,,,,,,,,,,,,,,,,,,,1,,,10.03000,11310,54.97,0.00,0.00,-0.03
WOLF,1404800000,4.11%,-5028200000,6433000000,,140.22%,24.26%,68.01%,-1537.85%,-134.60%,-13.89%,-7.19%,-12.50%,-28.54%,154917,-11.83%,-9.16%,-195133,0.10,1,1.95,-0.70,2.16000,21458294,29.73,31.00,30.69,-7.68
GILT,120237000,-7.66%,111666000,8571000,24.36%,27.85%,-42.48%,-8.46%,33.31%,8.60%,8.44%,4.16%,5.80%,5.72%,273209,7.53%,3.76%,22226,0.72,6,4.96,0.89,5.88000,201999,40.07,46.12,48.49,0.44
NVTS,88240000,-6.88%,80920000,7320000,-43.92%,1.91%,-14.34%,8.81%,25.01%,-22.30%,-22.99%,-35.90%,-19.70%,64.38%,297507,-36.78%,-48.66%,-302139,0.19,3,2.91,3.05,1.76000,3142135,40.54,35.00,37.24,-0.46
CYH,37000000,-0.21%,-12065000000,12102000000,,-1.91%,-0.59%,-2.91%,-3474.44%,,3.61%,3.16%,-3.60%,-0.52%,210567,,0.10%,-8600,0.89,6,5.91,0.69,2.53000,2369545,40.52,35.06,41.93,-3.90
MSB,95910149,,95910149,,318.59%,,,,28.47%,231.10%,,151.27%,205.70%,152.34%,,96.41%,104.38%,,2.19,4,,,25.52000,46327,47.54,51.42,56.07,7.00
BSVN,234196000,,234196000,,29.36%,,,,67.00%,23.20%,,18.95%,2.60%,20.12%,785879,21.43%,2.02%,368532,0.06,2,,,35.37000,35043,34.25,36.68,53.13,4.84
VENU,37969454,11.31%,10949575,27019879,127.34%,,75.63%,,3.35%,-39.60%,-17.18%,,-20.10%,,88728,-22.31%,,-150944,0.12,3,52.11,3.46,8.87000,23600,45.02,36.49,0.00,-0.86
USCB,77035000,34.79%,-94416000,171451000,,50.61%,-11.82%,,-27.45%,12.00%,,6.43%,1.00%,,399593,6.38%,,123990,0.03,4,,,16.60000,42951,37.45,46.13,56.88,1.24
MAZE,197900000,-66.36%,171272000,26628000,,,,,51.46%,-1.00%,24.29%,,2.20%,,1340000,-19.79%,,27240,1.07,5,,4.82,7.60000,231519,28.66,0.00,0.00,1.25
CKPT,6604000,,6604000,,34.01%,,,,2.00%,,445.47%,177.55%,-742.60%,-630.92%,1708,,-416.74%,-2343333,0.01,2,,-86.46,3.97000,2162327,60.44,59.55,45.38,-1.42
YSG,185456969,14.10%,165095359,20361610,-38.49%,-29.28%,31.53%,-10.88%,971.23%,-19.60%,99.93%,-25.92%,-15.90%,-38.94%,308871,-25.74%,-27.84%,-64459,0.76,2,2.10,-1.97,3.61000,96479,36.96,46.03,36.20,-0.96
OOMA,17871000,-19.57%,5637000,12234000,,3.01%,-58.77%,18.89%,1.71%,-8.30%,-6.30%,-5.66%,-4.60%,-5.24%,216570,-7.12%,-2.56%,-5819,1.70,3,6.14,3.41,12.00000,243289,31.89,39.50,48.17,-0.26
SCM,20058594,3.14%,-572952015,593010609,,4.60%,2.98%,10.13%,-171.50%,13.00%,,6.27%,4.80%,8.80%,,7.55%,3.10%,,0.11,2,,,12.03000,214646,29.54,30.46,40.62,1.79
EGY,91458000,14.41%,-6717000,98175000,,112.51%,8.12%,24.09%,-2.07%,11.90%,18.56%,14.29%,6.50%,9.48%,2082557,9.52%,6.32%,254304,0.53,5,28.71,1.81,3.19000,845220,34.52,30.66,36.26,0.56
ZEUS,11912000,32.74%,-298354000,310266000,,-4.47%,37.73%,7.23%,-91.28%,4.00%,5.24%,8.27%,2.30%,12.18%,897675,3.97%,5.64%,10624,1.91,6,3.84,3.52,29.64000,88798,40.88,36.20,39.49,1.97
KE,53865000,-16.84%,-150636000,204501000,,25.67%,-36.44%,11.36%,-45.61%,1.50%,3.58%,6.80%,0.70%,8.10%,226692,4.69%,3.84%,1150,1.35,6,3.86,2.80,13.47000,157497,30.39,29.93,34.20,0.32
RICK,34718000,-2.29%,-231290000,266008000,,10.10%,-2.04%,9.36%,-69.95%,1.80%,3.90%,6.80%,0.80%,9.14%,81146,3.95%,4.28%,1331,0.49,5,8.65,1.75,37.29000,95316,31.22,28.82,36.98,0.56
LAND,18275000,-0.59%,-509247000,527522000,,-7.57%,-8.11%,1.82%,-154.82%,-1.50%,,2.55%,-0.80%,-1.60%,1217371,,-0.76%,-149357,0.06,3,,,9.12000,470304,29.72,29.49,31.59,-0.29
DOMO,45264000,1.46%,-85830000,131094000,,1.82%,1.25%,5.34%,-26.22%,,198.79%,1132.76%,-40.60%,76.08%,357032,,-42.32%,-92269,1.57,2,,-9.61,8.26000,371352,52.06,51.26,39.41,-2.13
EYPT,371063000,-0.29%,349205000,21858000,7.02%,-17.14%,345.54%,-15.29%,116.94%,-50.70%,-35.40%,-45.33%,-38.10%,-124.24%,262261,-40.70%,-40.88%,-793152,0.13,2,1.20,-0.70,4.80000,1236785,38.18,35.48,41.47,-2.32
SOUL,,,,,,,,,,,,,,,,,,,,0,,,10.00000,54062,0.00,0.00,0.00,
LAR,96342000,2.44%,-114403000,210745000,,-7.24%,3.83%,13.50%,-35.50%,-1.80%,-0.08%,-7.25%,-1.40%,14.46%,,-5.81%,13.64%,-17922,,0,,,1.99000,774556,40.68,32.42,27.53,-0.09
CLNE,221904000,-0.24%,-143225000,365129000,,64.31%,1.28%,24.56%,-43.28%,-11.50%,-4.43%,-5.81%,-6.70%,-9.84%,720737,-3.37%,-6.74%,-143969,0.34,3,6.48,-0.30,1.47000,2699285,36.53,29.39,36.22,-0.37
SMC,25199000,3.83%,-968376000,993575000,,-9.83%,-32.44%,-9.40%,-285.08%,-19.40%,6.41%,4.05%,-6.20%,-3.32%,1579482,,-1.12%,-498147,0.20,4,,0.40,27.09000,109678,31.70,31.29,0.00,-12.78
AHG,91367333,,86617130,4750203,766.99%,,,,115.41%,-6.40%,-3.26%,-44.25%,-5.70%,-65.58%,939438,-3.34%,-33.76%,-731973,0.07,2,14.92,3.67,0.91100,58364,31.96,42.09,46.04,-0.06
GTN,135000000,-4.56%,-5558000000,5693000000,,-5.88%,-8.77%,8.72%,-1474.96%,15.20%,9.76%,20.93%,3.00%,10.96%,383498,31.07%,2.14%,33993,0.34,7,,0.87,3.37000,1333117,35.83,41.46,36.05,3.36
CELC,235103783,0.78%,137150726,97953057,-4.18%,87.39%,161.58%,228.48%,41.90%,-77.70%,-47.56%,-45.50%,-44.80%,-61.96%,,-53.03%,-46.26%,-1284817,,1,,,8.65000,225984,36.66,34.09,39.50,-2.83
MFH,15079458,-17.36%,7118018,7961440,3372.20%,,,,2.13%,-62.80%,-70.01%,-47.09%,-38.00%,-86.84%,79651,-45.91%,-83.00%,-1179236,0.03,4,,-19.52,5.26000,52446,48.63,51.66,59.79,-0.22
RRBI,268975000,-3.96%,266111000,2864000,-11.78%,-9.33%,-23.97%,-9.05%,79.71%,11.00%,,11.25%,1.10%,11.80%,294133,10.61%,1.14%,92778,0.04,4,,,48.26000,6070,37.88,38.62,45.41,4.95
FRBA,-39584000,2.58%,-256546000,216962000,,16.79%,41.65%,4.13%,-78.58%,7.82%,-0.14%,9.71%,0.85%,9.11%,595266,14.61%,0.96%,95919,0.05,3,,-0.10,12.99000,64955,30.06,37.74,47.04,1.67
HRZN,70264000,7.82%,-397640000,467904000,,22.01%,1.23%,25.21%,-120.50%,-1.70%,,8.89%,-0.70%,3.08%,,,1.52%,,0.13,4,,,8.07000,414332,31.89,27.03,32.96,-0.16
HYAC,,,,,,,,,,,,,,,,,,,,1,,,11.00000,5,61.05,75.84,97.52,0.38
FVR,5094000,-36.28%,-261444000,266538000,,,,,-135.13%,,,,,,1670084,,,298594,,4,,,11.19000,186146,21.42,16.35,0.00,-0.90
RWAY,5751000,1.81%,-546581000,552332000,,64.42%,8.28%,32.62%,-164.35%,14.30%,,8.24%,6.90%,9.60%,137745,10.10%,6.08%,70104,0.14,3,,,8.69000,625176,26.20,26.40,33.43,1.89
VACH,,,,,,,,,,,,,,,,,,,,1,,,10.25000,1805,54.71,74.28,0.00,0.24
CARE,,-22.22%,-70000000,70000000,,115.44%,-82.21%,47.58%,-20.75%,6.60%,,3.24%,0.50%,5.26%,207163,5.40%,0.38%,36063,0.03,4,,,14.00000,104575,28.84,30.14,44.11,1.06
SKYT,18844000,10.88%,-48602000,67446000,,4.30%,7.33%,7.05%,-15.07%,-12.50%,1.43%,-17.28%,-2.20%,-81.98%,487563,,-10.78%,-9677,1.11,5,18.25,1.21,6.72000,437309,41.77,37.87,44.20,-0.14
SAR,250164023,0.15%,-573614528,823778551,,22.53%,3.80%,24.32%,-180.18%,9.20%,,6.48%,2.80%,10.12%,,9.10%,4.44%,,0.13,7,,,22.39000,87705,35.28,38.17,42.91,2.51
GHM,30046000,-4.22%,23206000,6840000,467.25%,-43.34%,-38.22%,77.98%,7.35%,8.30%,8.78%,-0.01%,3.70%,0.08%,335497,7.25%,0.12%,15420,0.81,5,4.28,2.65,29.45000,115783,42.21,38.78,52.29,0.83
ETON,14936000,603.79%,-14982000,29918000,,64.71%,453.83%,45.68%,-4.66%,-22.00%,-4.62%,-31.57%,-8.80%,-86.36%,1267129,-4.28%,-43.72%,-123323,0.90,3,1.93,2.48,11.97000,168630,38.71,47.97,61.77,-0.15
IPI,42298000,-10.86%,39680000,2618000,4573.73%,11.69%,-57.72%,-48.69%,11.33%,-33.80%,-3.31%,4.81%,-28.40%,3.20%,544218,-4.16%,2.48%,-454797,0.34,4,1.55,1.96,26.10000,152517,44.89,52.80,49.73,-16.53
PRTC,502052000,6.81%,357319000,144733000,8.36%,,,,111.60%,-13.10%,-6.65%,-20.21%,-9.40%,11.72%,37000,-24.38%,7.94%,-729967,0.01,0,,1.48,13.49500,34130,27.09,31.03,36.54,-3.00
ALT,131933000,,131933000,,-33.32%,,,,40.64%,-65.30%,-73.77%,-50.65%,-58.60%,-48.10%,339,-83.53%,-43.30%,-1611169,,1,,5.53,4.16000,2056104,34.30,29.53,41.75,-1.34
CLDT,29844000,-6.41%,-397639000,427483000,,-8.98%,-15.33%,-6.84%,-127.04%,-0.50%,,3.08%,-0.30%,-2.96%,18659353,,-1.50%,-222588,0.25,4,,,6.39000,704850,32.56,25.73,32.08,-0.08
ABVX,168933772,-3.66%,47368239,121565533,,,121.85%,,13.56%,-149.00%,-131.86%,,-66.20%,,187938,-115.47%,,-2660658,0.05,2,,-3.91,5.59000,122376,38.91,37.42,37.92,-2.92
VREX,338400000,25.87%,-253700000,592100000,,8.80%,26.06%,7.77%,-80.23%,-8.50%,3.26%,-2.94%,-3.80%,-0.50%,356870,-21.87%,-0.18%,-20652,0.65,5,1.77,1.49,7.74000,579579,24.58,26.28,30.66,-1.18
CTEV,29672000,0.08%,-4511545000,4541217000,,-2.67%,-0.58%,-3.51%,-1360.91%,-318.80%,-29.26%,-6.17%,-29.20%,-85.20%,344676,-30.05%,-10.86%,-609567,0.17,5,,-1.30,19.67000,79559,44.96,53.04,36.21,-101.92
SVC,157386000,2.82%,-5553317000,5710703000,,-7.19%,3.45%,-1.19%,-1744.81%,-28.20%,,0.96%,-3.90%,-16.94%,,,-3.04%,,0.27,5,,,1.91000,1851153,34.48,29.69,28.13,-1.67
RXT,144000000,-0.93%,-3177100000,3321100000,,-6.24%,-3.27%,-5.50%,-973.68%,,-34.25%,-16.25%,-26.20%,234.66%,536686,-39.24%,-13.18%,-168275,0.84,4,,-1.65,1.34000,812608,26.32,30.89,35.12,-3.82
PNRG,1582000,,-1418000,3000000,,-55.27%,,-45.34%,-0.43%,32.80%,26.76%,11.07%,18.10%,12.22%,1934461,29.02%,6.94%,513130,0.68,6,,3.68,185.11000,9510,40.27,48.93,61.26,23.26
PACK,76100000,0.40%,-355100000,431200000,,1.85%,0.56%,0.51%,-111.10%,-3.80%,0.47%,-0.77%,-1.90%,-4.02%,461125,-1.31%,-2.04%,-26875,0.33,4,11.75,0.60,3.80000,413121,28.15,27.64,39.83,-0.26
VBNK,276468376,4.22%,200093945,76374431,1058.69%,3.01%,3.36%,,67.88%,8.10%,,6.83%,0.80%,8.84%,636346,5.60%,0.96%,201974,0.02,2,,,9.05000,43039,37.17,27.46,43.19,0.90
OBE,,-2.11%,-244681831,244681831,,-5.02%,50.22%,-9.82%,-77.22%,-12.60%,-12.31%,-1.81%,-8.80%,-17.50%,2586891,-12.18%,,-693076,0.33,4,,-0.04,4.32000,1234426,35.74,37.22,38.18,-1.85
BEAG,,,,,,,,,,,,,,,,,,,,1,,,10.10000,200,54.12,85.38,0.00,0.21
TCMD,108907000,-3.12%,63796000,45111000,156.69%,-17.59%,-10.45%,22.15%,20.11%,8.30%,9.94%,1.86%,6.00%,-0.06%,282530,6.12%,0.56%,16355,1.03,7,3.70,4.33,13.40000,174585,47.00,39.40,44.41,0.70
BTBT,263269403,22.10%,249463186,13806217,323.24%,,122.10%,,79.27%,8.50%,6.68%,-24.34%,7.40%,-17.70%,2000939,5.06%,-16.74%,524182,0.28,4,,3.21,1.73000,15562778,32.54,32.12,43.04,0.19
RAPP,305385000,-10.60%,303909000,1476000,108.99%,,-31.22%,,97.39%,-33.80%,-25.58%,,-26.10%,,,-27.06%,,-1134884,,2,,,8.63000,113069,39.26,33.66,0.00,-3.78
CUB,891017,,891017,,,,,,0.28%,-89.00%,2.46%,2.92%,3.30%,-16.78%,,5.55%,1.26%,957,,1,,,10.26000,1462,62.87,90.90,0.00,0.27
RYAM,125222000,-5.62%,-604601000,729823000,,-7.72%,-6.13%,-7.58%,-194.78%,-5.30%,2.20%,-0.67%,-1.80%,-2.24%,693748,,,-16487,0.76,6,7.05,1.29,4.76000,745599,30.27,31.09,44.26,-0.59
MLP,9522000,-0.64%,6269000,3253000,-25.11%,,,25.74%,1.92%,-21.70%,-18.82%,-11.04%,-16.40%,-10.58%,771000,-22.79%,-7.08%,-492733,0.26,4,,9.68,15.90000,13843,38.64,34.56,45.64,-0.38
BMRC,137304000,-3.60%,115641000,21663000,,-5.72%,-55.97%,6.88%,36.52%,-1.90%,,5.10%,-0.20%,6.20%,238537,-2.26%,0.66%,-29505,0.02,2,,,19.65000,78353,31.64,34.42,44.44,-0.52
NNDM,760751000,1.95%,748827000,11924000,-12.76%,49.38%,-16.79%,27.96%,245.73%,-9.60%,-3.68%,-31.46%,-9.10%,-25.68%,111098,-9.75%,-18.26%,-169823,0.06,1,1.50,4.43,1.43000,2786948,19.52,27.79,34.92,-0.41
SIMA,,,,,,,,,,,,,,,,,,,,1,,,10.22000,365911,61.05,78.91,0.00,0.25
SMLR,15052000,,15052000,,-73.75%,,,,4.76%,34.60%,20.51%,28.51%,32.70%,40.14%,712582,7.75%,34.94%,517709,0.45,3,11.85,22.46,32.63000,224474,38.70,40.17,45.95,5.13
SSBK,260234000,8.38%,129010000,131224000,92.62%,50.56%,-28.56%,60.13%,39.93%,13.90%,,8.15%,1.30%,13.22%,450431,8.48%,1.26%,166833,0.04,4,,,31.54000,39669,45.69,46.95,55.44,3.67
ABSI,128372000,-15.71%,118267000,10105000,20.72%,-20.37%,-36.37%,10.93%,37.83%,-49.00%,-55.40%,-31.06%,-42.10%,-27.54%,28879,-57.54%,-47.56%,-656726,0.02,4,,1.13,2.45500,2693880,38.75,41.58,35.83,-0.94
MLAC,,,,,,,,,,,,,,,,,,,,1,,,10.07000,10,76.22,0.00,0.00,0.05
EICC,,,,,,,,,,,,,,,,,,,,3,,,24.95000,70476,45.96,47.28,0.00,
TECX,141826000,10.69%,138523000,3303000,,-39.54%,-90.52%,,44.87%,-42.50%,-40.96%,-35.42%,-38.20%,-67.36%,,-40.27%,-52.08%,-1136902,,1,,,16.68000,282845,36.34,35.35,41.83,-6.83
CRNC,107992000,-8.53%,-162069000,270061000,,-2.29%,-7.25%,-0.03%,-52.40%,-289.40%,-139.35%,-29.59%,-85.40%,-39.26%,174332,-167.74%,-17.46%,-454445,0.33,3,,-4.75,7.20000,1247510,36.85,43.99,40.01,-15.19
TRML,258530000,-15.86%,258286000,244000,27.38%,,-41.20%,,83.80%,-22.30%,-24.40%,18.08%,-21.80%,-1.04%,,-29.88%,-20.34%,-989324,,0,,,12.10000,393441,30.02,37.36,37.35,-2.89
HPP,99177000,1.11%,-4523807000,4622984000,,3.07%,5.05%,7.03%,-1506.05%,-11.90%,,1.05%,-4.40%,,1137949,-0.61%,,-492085,0.10,2,,,2.14000,3242841,31.94,32.95,30.47,-2.58
DIN,229098000,2.55%,-1397189000,1626287000,,-2.87%,2.56%,-2.53%,-438.56%,-27.70%,12.02%,7.20%,3.70%,-18.46%,818857,8.31%,2.68%,63483,0.47,6,,0.95,20.32000,706362,36.33,29.05,27.76,4.22
GPRK,296838000,2.91%,-243418000,540256000,,-8.05%,1.31%,3.69%,-78.74%,50.20%,35.33%,15.08%,9.10%,373.72%,1406038,14.68%,5.80%,205062,0.63,5,13.60,1.75,6.04000,1031367,31.87,32.33,34.34,1.81
GRRR,33656362,-15.26%,12348933,21307429,74.68%,,-10.74%,,4.06%,44.30%,34.39%,,22.60%,,555918,23.79%,,157584,0.80,6,436.17,3.75,16.76000,1757369,39.96,49.30,36.65,2.89
OFLX,51699000,-6.67%,46421000,5278000,6.94%,16.10%,79.16%,46.32%,15.05%,22.20%,24.24%,31.66%,17.70%,36.20%,581034,18.53%,25.96%,102937,1.00,5,2.61,11.49,30.65000,28035,27.69,28.26,20.76,1.78
WTBA,243478000,-10.52%,-149151000,392629000,,25.24%,-33.75%,11.74%,-48.21%,10.60%,,6.32%,0.60%,15.74%,416910,3.88%,1.06%,127249,0.02,4,,,18.38000,22356,37.73,36.16,45.56,1.42
WALD,16302000,-3.39%,-165804000,182106000,,,-8.60%,,-59.91%,-6.60%,-2.80%,-3.95%,-4.20%,,964324,-6.94%,,-149447,0.27,4,1.53,0.49,2.52000,41007,35.19,35.82,33.36,-0.39
AMLX,177947000,-22.83%,175966000,1981000,-52.16%,,-53.25%,,59.37%,-127.50%,-182.86%,-24.86%,-101.10%,-5.80%,710333,-188.75%,-159.88%,-2453195,0.29,2,,-1.93,3.49000,459947,44.72,43.04,36.95,-4.43
HFRO,25211337,,3489337,21722000,,,-95.64%,,1.22%,7.70%,0.92%,3.09%,7.40%,6.48%,,-1.14%,5.63%,,0.04,0,,3.37,4.73000,261557,39.41,35.79,31.07,1.39
CLPT,20104000,-3.41%,16536000,3568000,79.76%,-33.77%,-74.41%,7.69%,5.37%,-62.50%,-65.59%,-42.18%,-40.80%,-125.36%,272957,-68.19%,-32.96%,-164470,0.68,3,1.66,6.46,11.15000,316634,39.64,40.33,51.73,-0.70
USAS,24529000,-18.58%,2190000,22339000,,4.43%,1.96%,7.53%,0.70%,-98.80%,-29.94%,-58.07%,-24.60%,-71.24%,170969,-47.88%,-29.98%,-76701,0.55,5,8.55,-3.24,0.49390,93484,48.38,53.78,50.76,-0.17
DRDB,,,,,,,,,,,,,,,,,,,,1,,,10.00000,160437,50.99,0.00,0.00,0.02
CWBC,120398000,0.48%,-82933000,203331000,,72.73%,35.79%,108.54%,-26.94%,2.40%,,7.14%,0.20%,10.30%,296907,1.35%,0.92%,21534,0.03,4,,,16.09000,60304,28.90,34.07,43.43,0.45
ZH,664292023,-72.84%,661676533,2615490,-10.66%,-46.17%,-58.17%,,198.65%,-4.00%,3.34%,-14.22%,-2.80%,-3.20%,180520,-11.58%,-24.16%,-8618,0.59,2,,,3.59000,710238,34.64,44.12,37.13,-0.26
MOV,181548000,3.80%,83287000,98261000,-22.99%,8.61%,5.87%,-7.61%,38.56%,4.70%,5.09%,3.56%,3.10%,5.86%,446022,3.23%,4.04%,16129,0.87,5,1.77,2.96,13.81000,240010,29.40,19.82,29.96,1.04
ORIC,255960000,,255960000,,22.95%,,,,81.72%,-44.50%,-51.28%,-40.80%,-40.70%,-41.20%,,-58.78%,-35.84%,-1111713,,2,,,4.31000,849021,28.68,32.67,39.50,-1.83
SPOK,29145000,-3.69%,20372000,8773000,-2.54%,-20.24%,-20.86%,-12.41%,6.57%,9.50%,11.90%,-1.01%,6.90%,0.40%,335739,8.66%,0.04%,36500,0.64,5,,4.32,14.97000,121439,30.09,41.71,52.02,0.73
ECX,70379930,-10.07%,-221501128,291881058,,26.32%,18.06%,,-69.71%,,2.36%,-98.33%,-24.10%,,397194,-235.20%,,-66587,1.44,2,22.33,-2.52,0.82320,3123099,24.71,34.16,34.36,-0.38
IBEX,20206000,41.48%,-74200000,94406000,,-9.43%,22.58%,,-24.27%,24.40%,29.06%,11.62%,12.70%,29.86%,17391,17.86%,7.72%,1232,1.80,6,,3.85,23.13000,181926,37.35,52.18,57.18,2.12
RMNI,89222000,17.11%,-7089000,96311000,,-1.26%,18.46%,,-2.29%,,-68.22%,4.94%,-10.10%,-0.50%,210173,-119.59%,0.86%,-17780,1.20,2,,0.19,3.34000,157234,43.51,56.94,50.78,-0.40
BNTC,78370000,-35.07%,78233000,137000,291.36%,-46.82%,-67.61%,,25.65%,-44.30%,-27.51%,-636.63%,-41.00%,-146.26%,,-31.66%,-112.02%,-1377125,,1,,,11.94000,75851,39.56,48.38,42.14,-0.01
HAIN,56200000,-1.93%,-747257000,803457000,,-0.82%,-10.25%,14.80%,-245.70%,-19.10%,-6.72%,1.06%,-8.40%,-2.58%,596999,-6.51%,-1.04%,-62731,0.80,5,4.65,1.30,3.37000,1272417,35.22,33.39,27.21,-1.95
SDHI,,,,,,,,,,,,,,,,,,,,1,,,10.03000,1989,0.00,0.00,0.00,
AUTL,589448000,-0.15%,288719000,300729000,1653.11%,64.13%,34.33%,62.89%,92.33%,-43.80%,-29.06%,-43.85%,-26.20%,-63.90%,15569,-33.13%,-40.66%,-339480,0.01,4,,-1.39,1.14000,2051651,27.45,29.20,35.97,-0.86
HOND,,,,,,,,,,,,,,,,,,,,1,,,10.55000,200,63.59,95.11,0.00,0.20
AMBC,47275000,-95.90%,-102725000,150000000,,-71.45%,,-54.12%,-33.92%,-44.00%,,-10.70%,-6.60%,-6.86%,620566,-5.01%,,-1464339,0.03,3,,,6.55000,1154216,22.84,24.07,32.33,-0.13
BRT,31077000,-0.14%,-452557000,483634000,,26.84%,5.24%,23.22%,-163.60%,-4.60%,,0.04%,-1.40%,4.50%,11953750,,1.82%,-1223875,0.14,4,,,15.26000,34615,30.95,35.42,42.57,-0.52
HVT.A,117863000,-2.53%,-94389000,212252000,,-3.08%,-4.41%,2.64%,-32.14%,15.00%,11.87%,12.54%,7.10%,22.92%,351918,8.04%,9.38%,19855,1.25,5,3.10,3.24,18.25000,16,27.98,32.83,36.11,1.19
TTI,37208000,-0.33%,-176390000,213598000,,3.71%,10.02%,-2.68%,-58.31%,60.70%,9.52%,11.17%,20.70%,-116.34%,427936,49.29%,9.84%,77346,1.14,3,4.63,1.66,2.28000,2364640,28.20,33.87,39.76,0.82
NUS,197994000,-9.92%,-254058000,452052000,,-0.94%,-21.24%,-0.68%,-83.35%,-20.50%,-12.68%,4.39%,-9.20%,6.28%,558737,-13.74%,3.00%,-47288,1.09,4,2.34,2.90,6.07000,704407,34.13,37.17,28.09,-2.95
ERAS,298717000,-1.98%,246828000,51889000,-3.92%,40.29%,-7.11%,69.68%,81.82%,-40.10%,-34.31%,-11.32%,-33.60%,-10.30%,,-37.78%,-52.12%,-1569417,,1,,,1.06500,1584698,35.06,30.67,28.15,-0.69
OB,166129000,-6.74%,154346000,11783000,306.33%,-63.18%,-90.74%,,51.26%,-0.30%,2.06%,-0.51%,-0.10%,0.20%,494375,,0.32%,-395,1.53,5,,1.91,3.21000,239141,29.61,31.05,36.00,-0.11
ALDF,1004085,,1004085,,,,,,0.34%,,0.80%,,,,,10.18%,,,,2,,,10.09000,100,53.62,83.62,0.00,0.21
BBCP,85132000,10.82%,-357958000,443090000,,4.71%,6.91%,1.23%,-119.00%,5.20%,6.22%,3.60%,1.70%,-0.88%,260760,4.98%,-0.38%,9839,0.46,6,40.37,0.84,5.67000,180179,50.12,42.55,44.93,0.28
MNTK,45629000,1.44%,-17286000,62915000,,-7.51%,-7.60%,-1.35%,-5.58%,3.70%,5.53%,4.98%,2.70%,5.44%,1058651,4.02%,3.70%,58639,0.49,4,,3.00,2.12000,273377,42.58,32.30,33.51,0.07
SERV,123266437,310.06%,120922706,2343731,,,-46.40%,,40.24%,-75.50%,-29.00%,,-65.80%,,14979,-28.57%,,-323893,0.03,3,3.48,21.81,5.29000,3566810,35.76,34.37,0.00,-1.07
POLE,,,,,,,,,,,,,,,,,,,,0,,,10.18000,410,65.34,90.07,0.00,0.17
SPIR,19206000,0.19%,-88946000,108152000,,28.37%,-14.97%,13.51%,-29.64%,-367.40%,-196.04%,-54.47%,-45.70%,-110.46%,247094,-71.25%,-40.80%,-230018,0.49,3,,-4.22,9.69000,870878,52.75,44.96,44.06,-4.26
TACH,,,,,,,,,,,,,,,,,,,,0,,,9.98000,1083360,,,,
GAU,105775000,-7.60%,66903000,38872000,21.49%,352.70%,19048.77%,130.53%,23.02%,2.60%,11.40%,-3.60%,1.30%,8.08%,9639125,13.70%,7.54%,254917,0.48,4,,0.39,1.22000,116431,52.11,47.69,52.14,0.02
VCIC,1088000,,1088000,,,,,,0.36%,,1.01%,,,,,14.68%,,,,0,,,10.18000,1422,55.34,79.17,0.00,0.12
JACS,,,,,,,,,,,,,,,,,,,,1,,,10.07000,201489,61.66,0.00,0.00,0.04
XPER,130564000,-0.80%,60632000,69932000,-1.39%,12.58%,-13.23%,,19.90%,-3.50%,0.30%,-41.47%,-2.20%,,293862,-17.45%,,-8338,0.78,0,,-0.03,6.54000,425310,31.58,29.59,29.92,-0.31
ALLO,302768000,,302768000,,-34.04%,,,,98.48%,-55.30%,-50.07%,-44.48%,-43.50%,-41.32%,96,-64.71%,-34.38%,-1124847,,1,,-4.14,1.37000,2526372,37.81,38.22,32.71,-1.32
KLTR,81334000,-2.06%,31304000,50030000,115.19%,9.04%,-8.75%,-0.69%,10.52%,-128.90%,-30.26%,-31.06%,-17.80%,-55.46%,317437,-32.38%,-40.06%,-55622,1.01,6,,-1.80,1.93000,272035,51.39,49.48,39.90,-0.21
TBN,59442407,-21.43%,36765324,22677083,454.49%,,-14.54%,,11.00%,-13.40%,-10.09%,,-9.50%,,,-11.80%,,-840102,,2,,,21.60000,13353,39.63,48.15,0.00,-2.65
EIC,,,,,,,,,,,,,,,,,,,,3,,,14.05000,251743,39.35,29.57,40.53,2.81
POET,53816570,1875.64%,46574152,7242418,1780.42%,164.59%,1235.55%,16.93%,16.55%,-278.30%,-265.50%,-172.87%,-144.10%,-170.70%,714,-107.64%,-118.36%,-977514,0.00,1,,-4.56,3.67000,529594,45.95,45.03,49.37,-0.94
FMAO,178833000,-5.25%,-129259000,308092000,,34.08%,-6.26%,33.42%,-41.54%,7.90%,,5.23%,0.80%,8.78%,214080,4.03%,0.96%,54837,0.03,4,,,21.91000,16878,39.46,37.16,45.25,1.90
BNED,9185000,-15.76%,-354912000,364097000,,-8.16%,-31.95%,1.54%,-113.78%,-39.80%,-5.32%,-10.15%,-6.90%,-41.52%,405116,,-6.84%,-18087,1.55,5,3.23,0.93,8.69000,306216,43.02,39.02,33.20,38.99
LMNR,1133000,42.80%,-56831000,57964000,,-26.26%,11.30%,-14.86%,-19.55%,4.30%,5.62%,-1.39%,2.50%,-0.54%,772104,-0.92%,-0.04%,32058,0.61,6,,2.54,16.31000,62596,30.36,24.34,41.20,0.41
WTF,,,,,,,,,,,,,,,335194,,,83218,,4,,,6.10000,349840,0.00,0.00,0.00,0.05
HVT,126314000,-1.72%,-92065000,218379000,,-1.76%,0.29%,4.06%,-31.44%,6.50%,5.06%,12.17%,3.10%,22.60%,309725,2.91%,9.24%,8550,1.12,5,3.20,2.86,18.17000,148442,37.63,29.44,36.06,1.19
GRAF,479628,,479628,,,,,,0.16%,-77.50%,2.21%,,3.00%,,,-5.81%,,,,1,,,10.22000,1000,53.47,68.89,0.00,0.30
MVIS,74963000,273.89%,23325000,51638000,-62.38%,101.93%,243.41%,90.88%,8.21%,-135.00%,-122.26%,-73.14%,-88.70%,155.78%,25384,-85.17%,-69.20%,-523865,0.04,1,2.44,-9.71,1.20000,4293102,46.53,47.64,41.00,-0.46
TATT,7129000,5.05%,-12526000,19655000,,7.47%,-34.38%,22.87%,-4.26%,10.90%,10.25%,0.71%,7.30%,0.72%,239931,9.34%,0.34%,17614,1.00,6,1.99,5.38,26.85000,78461,52.98,56.98,72.08,1.00
LPAA,,,,,,,,,,,,,,,,,,,,1,,,10.21000,186,60.08,91.51,0.00,0.29
API,273406000,31.55%,223266000,50140000,10.67%,89.15%,229.87%,,304.27%,-7.30%,-6.58%,-10.17%,-6.20%,-17.90%,168678,-8.56%,-15.22%,-54085,0.19,4,,-0.17,3.14000,953893,27.09,39.94,41.19,-1.84
GSRT,,,,,,,,,,,,,,,,,,,,1,,,10.03000,1100,62.26,87.20,0.00,0.10
CIVB,63155000,12.99%,-387728000,450883000,,30.21%,-0.73%,10.43%,-132.88%,8.30%,,5.26%,0.80%,10.80%,282911,3.77%,1.16%,60120,0.04,4,,,18.85000,56041,42.50,43.94,50.02,2.01
UAMY,18270898,-5.20%,17187652,1083246,43.24%,71.39%,3708.48%,25.51%,5.88%,-6.60%,-5.65%,-15.70%,-5.70%,-13.74%,240935,-8.05%,-10.00%,-28031,0.49,4,8.72,28.21,2.54000,26923056,67.33,69.10,79.32,-0.02
MREO,69802000,-3.77%,63373000,6429000,23.13%,-34.06%,8.01%,,23.01%,-67.80%,-69.60%,-370.72%,-54.50%,-287.48%,,-70.28%,-67.42%,-1201472,,1,,,1.83000,1046448,32.34,28.27,40.40,-0.30
LPBB,,,,,,,,,,,,,,,,,,,,1,,,10.12000,1000,61.47,79.16,0.00,0.16
RM,157347000,5.73%,-1355230000,1512577000,,10.28%,5.64%,12.83%,-456.29%,11.90%,,5.38%,2.30%,15.08%,276163,5.24%,3.18%,19346,0.32,7,,,29.57000,45869,43.64,42.36,47.41,4.14
CDRO,45288670,105.50%,32599151,12689520,-62.98%,,91.69%,,11.46%,,,,,,,,,,,1,,,6.39000,46819,37.04,39.18,49.89,-0.73
RIGL,77321000,-0.44%,17356000,59965000,,25.19%,-1.01%,10.55%,6.02%,-95.90%,26.11%,-57.35%,12.50%,136.28%,1093159,36.41%,-17.12%,106616,1.28,7,3.24,-8.64,16.26000,189154,34.59,43.28,49.69,0.99
NREF,7053000,-6.02%,-4817849000,4824902000,,-15.51%,-26.43%,14.55%,-2125.03%,5.40%,,0.60%,0.30%,8.18%,72603000,0.73%,,17693000,0.01,6,,,12.75000,51807,24.17,32.16,41.63,1.02
TKNO,30396000,-1.35%,224000,30172000,,36.47%,-0.94%,267.52%,0.08%,-32.20%,-24.31%,-14.88%,-22.30%,-24.66%,218179,-23.23%,-17.40%,-154595,0.32,3,3.32,2.98,5.41000,606438,51.08,45.32,47.24,-0.57
PAMT,110680000,12.77%,-214902000,325582000,,13.57%,24.41%,6.13%,-75.28%,-10.50%,-4.54%,7.40%,-4.30%,16.60%,310176,-6.10%,5.56%,-13800,0.96,2,121.75,1.83,13.23000,26365,53.10,39.97,39.39,-1.45
NXXT,487340,649.04%,-7721953,8209293,,158.31%,22.42%,67.01%,-2.39%,,-315.15%,-2118.82%,-225.40%,547.94%,170370,-70.26%,-181.98%,-100904,3.81,4,195.56,11.64,2.57000,39200,43.29,43.68,23.70,-4.66
AIRJ,28021748,-3.50%,27867519,154229,8441.51%,,211.35%,,9.67%,91.20%,81.17%,,57.70%,,,-18.98%,,12687974,,2,,,5.14000,32443,35.87,34.03,0.00,4.03
LOCO,2484000,-0.30%,-260536000,263020000,,4.05%,-3.77%,-3.30%,-90.86%,10.10%,7.98%,5.20%,4.30%,9.10%,114170,5.72%,4.12%,6199,0.80,7,170.01,1.48,9.63000,271602,39.57,35.89,43.57,0.86
SDA,44767000,2.28%,-39353000,84120000,,,,,-13.78%,-692.60%,-73.86%,,-36.80%,,771693,-79.35%,,-163098,1.74,2,,0.71,2.63000,269667,16.61,24.32,15.13,-0.88
LAES,84624000,-54.79%,75748000,8876000,,,-37.14%,,28.42%,-51.20%,-20.86%,-60.87%,-33.80%,,163896,-19.82%,,-316433,0.18,3,1.62,8.00,2.55000,5162384,44.55,48.51,36.96,-0.60
MG,18317000,-7.46%,-171809000,190126000,,-4.18%,-8.07%,-6.90%,-60.18%,9.70%,10.12%,-2.02%,3.50%,-9.72%,152008,8.02%,-3.02%,3950,1.35,7,34.70,2.29,9.20000,177167,38.85,43.52,51.84,0.60
LOVE,61691000,0.25%,-121180000,182871000,,19.79%,13.01%,,-49.29%,3.50%,2.39%,5.53%,1.50%,12.76%,346381,1.30%,5.00%,3617,1.42,5,2.50,2.11,18.49000,2597152,53.95,42.62,43.29,0.38
CZNC,126174000,-8.00%,-81495000,207669000,,38.86%,-1.93%,7.47%,-27.05%,9.60%,,5.99%,1.00%,9.34%,274946,5.37%,1.08%,67249,0.04,4,,,18.41000,40395,33.90,40.62,44.60,1.69
ZBIO,350856000,161.20%,349853000,1003000,,,,,128.99%,-362.00%,-50.07%,,-71.70%,,38462,-52.28%,,-1207600,0.02,2,,0.95,6.78000,203481,39.87,33.68,0.00,-11.89
IVA,11364451,35.73%,-70846661,82211112,,588.41%,296.11%,,-23.55%,,2628.45%,-135.91%,-189.00%,-375.20%,168502,,-56.22%,-910796,0.35,1,,-16.61,3.08000,17669,55.05,61.26,45.02,-2.22
FSBW,33362000,65.79%,-329594000,362956000,,55.40%,141.78%,29.42%,-109.97%,12.20%,,8.14%,1.20%,14.64%,245414,5.32%,1.46%,61771,0.05,4,,,36.90000,12931,46.85,41.66,50.14,4.36
EVTL,31470115,3.72%,28614503,2855612,-69.82%,-33.04%,-20.80%,,10.07%,,16.57%,-264.89%,-1185.30%,-256.14%,,,-328.02%,-2790143,,1,,,3.34000,171581,39.63,40.33,38.21,-48.07
MTRX,181777000,-4.17%,159802000,21975000,222.68%,-3.28%,-2.92%,-14.53%,56.64%,-21.10%,-19.11%,-19.58%,-7.20%,-17.82%,343149,-21.21%,-9.04%,-16334,1.51,2,86.10,1.69,10.22000,113566,35.01,40.30,48.84,-1.22
SHYF,15780000,-4.89%,-159543000,175323000,,47.01%,32.45%,6.26%,-56.84%,-1.10%,1.63%,12.36%,-0.50%,12.54%,307701,,6.52%,-1094,1.47,5,5.85,2.55,8.05000,300992,43.01,32.79,37.49,-0.08
PHAT,300125000,7.29%,-235046000,535171000,,80.28%,21.95%,86.73%,-82.12%,,-89.65%,-81.87%,-92.80%,318.50%,129396,-98.54%,-78.46%,-782965,0.15,3,0.66,-5.67,4.11000,1269436,35.31,33.08,37.55,-5.29
MPX,52379000,,52379000,,-27.20%,,,,19.09%,13.30%,13.88%,24.51%,9.80%,26.72%,383395,11.96%,19.26%,28935,1.30,4,3.42,7.35,8.02000,28341,41.80,32.85,36.71,0.50
WEYS,71815000,-10.00%,60748000,11067000,8.45%,-0.14%,-18.08%,-16.74%,21.48%,12.10%,14.40%,7.80%,9.70%,9.08%,500500,10.86%,6.90%,52276,0.93,5,2.13,4.85,29.33000,16409,47.48,41.83,47.30,3.16
REFI,26400448,92.77%,-77695802,104096250,,,57.72%,,-27.63%,12.50%,,,9.40%,,,9.01%,,,0.14,4,,,13.40000,297952,18.90,30.60,37.89,1.88
NNOX,73206000,-4.64%,65760000,7446000,-11.17%,8.86%,-11.31%,69.90%,25.52%,-30.00%,-27.48%,-30.47%,-26.90%,-34.26%,68799,-28.87%,-29.88%,-326317,0.06,2,11.38,4.49,4.39000,1169499,33.34,34.53,41.58,-0.91
TRDA,423948000,-3.44%,364741000,59207000,26.78%,,-13.22%,,125.43%,16.90%,13.66%,3.29%,12.10%,5.72%,1151814,9.51%,-27.54%,358612,0.39,5,,3.17,7.85000,447192,30.89,27.89,37.34,1.68
PBFS,96521000,,56521000,40000000,-59.52%,,,31.95%,19.72%,6.10%,,4.08%,0.90%,4.20%,307097,5.30%,0.60%,65409,0.04,3,,,11.08000,14708,37.82,45.40,53.84,0.73
OTLY,98923000,0.00%,-392528000,491451000,,48.79%,-7.77%,,-143.34%,-95.00%,-47.62%,-29.94%,-21.90%,-52.44%,555780,-31.23%,-22.86%,-136268,0.89,3,8.80,-1.79,9.30000,123872,44.54,38.13,17.84,-6.80
DC,9408270,132.77%,9081324,326946,-64.13%,,42.39%,,3.05%,-35.80%,-36.45%,-26.48%,-34.00%,,,-37.12%,,-826452,,1,,,2.79000,34276,46.77,51.98,47.49,-0.37
HRTX,59283000,-0.27%,-118480000,177763000,,3.68%,-1.04%,55.12%,-43.33%,,-7.83%,-73.14%,-6.10%,-341.70%,1182664,-8.00%,-49.18%,-111311,0.65,2,0.81,-9.85,1.82000,1459136,36.44,45.67,42.53,-0.09
PANL,86805470,37.57%,-310566215,397371685,,8.99%,50.27%,17.55%,-111.87%,8.10%,5.56%,10.13%,3.80%,16.14%,3156096,5.87%,6.38%,170020,0.70,4,17.53,1.45,4.22000,315425,36.09,31.57,37.56,0.63
AMPX,55155000,1.34%,17396000,37759000,70.65%,,6.16%,,6.13%,-71.30%,-42.99%,-114.74%,-40.40%,,244111,-43.14%,,-451222,0.22,4,11.64,0.77,2.34000,2213828,45.13,48.25,42.38,-0.45
ORKA,375648000,-2.02%,374680000,968000,906.47%,36.22%,374.51%,,136.62%,-39.90%,-21.48%,-25.25%,-38.60%,-28.66%,,-23.00%,-27.24%,-2990143,,1,,,7.37000,396866,30.49,29.44,32.57,-3.87
NODK,50930000,,50930000,,24.11%,,,,18.47%,-2.50%,,1.13%,-1.00%,-1.82%,1505574,,-0.42%,-28056,0.56,4,,,13.33000,11183,40.51,36.65,40.48,-0.29
DDD,171324000,0.63%,-102712000,274036000,,-18.31%,-29.02%,24.21%,-37.42%,-86.30%,-53.40%,-29.35%,-34.70%,-28.12%,240110,-61.61%,-11.68%,-139440,0.60,3,2.04,-2.82,2.03000,2137458,34.70,37.98,37.18,-1.94
TWNP,18095000,5.31%,-551753000,569848000,,,96.94%,,-198.69%,,-2.14%,,-8.70%,,,-1.72%,,,0.64,3,,0.58,5.47000,9443,20.44,0.00,0.00,-0.47
LE,18812000,-19.71%,-243617000,262429000,,-2.89%,-5.65%,-9.38%,-87.75%,2.70%,9.47%,1.57%,0.80%,-6.26%,309758,6.03%,-2.02%,1417,1.70,8,2.50,2.37,8.88000,128109,37.66,29.00,41.52,0.20
RBB,258345000,-0.28%,-106045000,364390000,,0.33%,15.58%,26.22%,-38.29%,5.20%,,5.36%,0.70%,9.58%,281833,3.06%,1.16%,71680,0.03,4,,,15.45000,36811,33.94,27.34,40.44,1.47
BRBS,176830000,-16.76%,-21572000,198402000,,37.91%,-38.85%,8.07%,-7.88%,-5.30%,,1.28%,-0.50%,2.96%,224272,-3.14%,0.34%,-35449,0.03,1,,,3.12000,828,40.32,45.91,31.41,-0.31
NC,72833000,39.40%,-35723000,108556000,,52.78%,142.65%,23.76%,-13.07%,8.60%,6.92%,3.95%,5.80%,7.42%,396180,6.97%,5.10%,56235,0.41,5,2.42,2.51,36.80000,29856,71.48,67.41,57.15,4.55
HLLY,56087000,-0.68%,-496499000,552586000,,-5.05%,-5.41%,0.97%,-179.66%,-5.20%,2.35%,5.58%,-2.00%,4.62%,410514,,1.32%,-15838,0.51,5,1.89,1.10,2.30000,376158,38.10,35.97,39.30,-0.20
SOHU,904425000,,904425000,,-6.13%,,,,309.01%,-10.20%,-3.41%,-2.84%,-5.60%,13.58%,139163,-11.86%,4.80%,-23318,0.33,3,,1.08,9.09000,202133,20.15,33.65,38.93,-3.13
NEN,17615940,-0.16%,-388589970,406205910,,3.12%,-0.60%,6.27%,-142.32%,-23.70%,,5.65%,4.10%,-8.12%,,7.38%,1.38%,,0.21,5,,,78.00000,100,46.75,47.97,56.28,4.46
FERA,,,,,,,,,,,,,,,,,,,,0,,,10.01000,20600,54.49,0.00,0.00,
ACTG,333765000,69.49%,212999000,120766000,-50.19%,-12.98%,884.96%,148.91%,77.64%,-6.60%,-4.66%,-3.39%,-5.10%,10.80%,118062,-5.18%,4.04%,-34804,0.17,2,4.83,0.91,2.84000,488068,23.95,17.03,33.51,-0.36
SZZL,,,,,,,,,,,,,,,,,,,,0,,,9.99000,30464,0.00,0.00,0.00,
APPS,35314000,0.13%,-372840000,408154000,,4.85%,9.12%,,-137.09%,-163.90%,-41.69%,10.04%,-36.30%,-2.72%,641349,-43.77%,0.14%,-410847,0.57,2,,-1.26,2.59000,2714084,42.88,47.73,38.28,-3.04
RGNX,236717000,-2.41%,154684000,82033000,-17.72%,-1.82%,-8.13%,48.67%,58.00%,-69.90%,-59.11%,-37.53%,-41.60%,-38.00%,236057,-68.29%,-23.68%,-643348,0.15,5,,-2.91,5.41000,1436741,38.68,36.06,36.02,-4.59
BCML,364032000,0.91%,277268000,86764000,25.84%,0.84%,-0.50%,29.48%,100.69%,7.40%,,5.68%,0.90%,7.42%,297077,5.74%,0.88%,72883,0.04,4,,,24.51000,37637,43.59,43.87,54.60,2.10
VERV,529055000,-1.79%,459072000,69983000,-17.11%,,-6.57%,,163.35%,-37.30%,-32.81%,-12.23%,-29.00%,-9.70%,118000,-40.59%,-43.46%,-725215,0.05,3,,-0.55,3.05000,1942327,25.60,33.45,36.47,-2.35
PDLB,139839000,1.86%,-497306000,637145000,,70.30%,-12.47%,,-190.14%,2.10%,,1.39%,0.40%,2.64%,377794,0.96%,0.20%,47404,0.03,3,,,11.28000,59556,26.13,36.67,52.69,0.46
GWRS,11156000,-1.36%,-113609000,124765000,,3.38%,13.98%,1.68%,-41.04%,12.10%,3.65%,4.13%,1.50%,11.74%,421536,4.00%,1.44%,46312,0.13,5,,,9.98000,57530,35.36,34.27,38.00,0.24
NVEC,20392936,252.03%,19443132,949804,4.40%,14.33%,139.08%,40.27%,7.26%,23.20%,28.01%,21.44%,22.70%,23.32%,475708,20.72%,22.68%,277502,0.39,5,0.59,102.29,55.73000,28934,33.22,30.27,38.35,3.10
AACB,,,,,,,,,,,,,,,,,,,,0,,,10.07000,731,53.14,0.00,0.00,-0.02
HCAT,392000000,10.41%,-10265000,402265000,,25.27%,61.51%,50.18%,-3.88%,-19.40%,-13.09%,-18.13%,-9.10%,-30.98%,204389,-9.10%,-16.50%,-46335,0.40,4,,-1.33,3.83000,580842,33.51,29.48,31.71,-1.15
LXFR,6300000,-35.11%,-38800000,45100000,,-8.87%,-37.53%,-13.17%,-14.27%,8.50%,11.01%,8.40%,4.70%,9.62%,270276,7.87%,4.86%,12690,1.01,6,3.41,2.96,10.05000,172492,31.66,29.97,41.00,0.68
CHPT,224971000,-0.97%,-87388000,312359000,,130.91%,3.76%,49.03%,-32.09%,-134.00%,-41.04%,-40.68%,-28.30%,-73.24%,298984,-56.24%,-48.72%,-198614,0.43,2,1.55,-2.82,0.58600,9783705,40.93,27.84,33.74,-0.64
RNAC,212610000,-4.55%,198626000,13984000,201.15%,-26.54%,27.65%,-6.22%,67.49%,,-18.72%,-183.09%,-19.80%,329.12%,589591,-611.21%,-38.46%,-1173091,0.10,3,,-1.79,10.36000,183120,31.19,34.25,36.91,-4.49
NNNN,10310390,,10310390,,,,,,3.86%,16.50%,12.56%,,15.10%,,248592,13.23%,,83471,0.45,4,,306.89,6.10000,49836,39.92,0.00,0.00,0.05
PSNL,185009000,-2.02%,150127000,34882000,97.91%,-12.90%,-8.97%,122.55%,50.30%,-53.90%,-33.97%,-35.50%,-36.50%,-42.58%,369493,-28.70%,-30.40%,-354952,0.38,5,7.04,-0.10,3.03000,655234,39.76,40.27,44.24,-1.37
MTW,48000000,-14.56%,-389200000,437200000,,0.06%,4.27%,4.56%,-144.49%,9.20%,4.22%,5.58%,3.20%,-1.04%,453750,22.93%,-0.46%,11625,1.25,4,2.83,2.09,7.60000,223395,34.85,34.90,37.63,1.56
VPG,79272000,-1.27%,23905000,55367000,-6.18%,-15.10%,-5.33%,0.81%,8.96%,3.00%,5.06%,5.77%,2.20%,7.04%,139328,2.51%,4.54%,4505,0.67,6,2.10,3.15,20.10000,243470,42.39,35.72,33.61,0.74
RNGR,40900000,3.36%,7100000,33800000,,-25.88%,-0.29%,-9.48%,2.61%,6.90%,9.04%,-7.02%,5.00%,3.56%,292872,6.58%,2.78%,9436,1.55,6,78.15,3.66,11.97000,133025,34.29,37.99,48.84,0.81
EM,411721239,-18.40%,410535238,1186000,-8.50%,-63.99%,-47.30%,,153.55%,0.60%,-1.14%,-24.09%,0.40%,,80701,-0.66%,,680,0.43,2,6.74,-1.07,1.03000,21527,28.38,56.16,41.66,0.01
MTA,9717000,-3.28%,-2976000,12693000,,6.48%,-6.59%,23.88%,-1.07%,-2.20%,-1.35%,-5.57%,-2.00%,-6.96%,510590,-1.69%,-6.34%,-684500,0.02,2,,9.63,3.02000,41216,56.76,51.91,45.13,-0.06
RLGT,19908000,18.31%,-46870000,66778000,,-21.60%,11.73%,4.39%,-17.24%,6.60%,6.58%,8.56%,3.70%,12.44%,922342,4.40%,5.36%,14953,2.29,5,,3.98,5.77000,16246,39.60,37.60,45.91,0.28
CLCO,165720000,30.28%,-1140155000,1305875000,,,24.92%,,-442.11%,13.10%,8.86%,,4.60%,,357819,7.86%,,103744,0.16,5,20.30,0.60,4.90000,204192,37.22,27.23,28.81,1.82
CVEO,5204000,-13.86%,-44750000,49954000,,-35.78%,-33.23%,-33.29%,-16.39%,-6.10%,1.09%,-2.58%,-3.60%,-7.12%,262355,,-3.30%,-6564,1.45,5,73.38,-0.65,19.40000,52297,38.15,38.87,42.51,-1.19
MCFT,62862000,,62862000,,9.63%,,,,24.21%,-3.60%,-3.00%,18.05%,-2.20%,24.48%,316975,-3.79%,11.50%,-7259,0.96,2,6.06,4.19,15.80000,166676,40.10,34.94,39.98,-0.39
PMTS,33544000,0.09%,-246861000,280405000,,-2.62%,5.81%,-1.85%,-86.31%,-45.60%,21.57%,22.96%,5.90%,-29.12%,320401,19.79%,7.82%,13014,1.44,5,4.32,3.09,23.53000,29784,32.80,38.65,48.18,1.64
CEPO,,,,,,,,,,,,,,,,,,,,0,,,10.33000,1869,68.56,0.00,0.00,-0.02
CZFS,46022000,28.48%,-251699000,297721000,,59.06%,-7.55%,28.46%,-97.05%,9.50%,,6.60%,0.90%,11.82%,242120,4.66%,1.12%,67849,0.03,4,,,55.30000,20846,43.51,43.28,46.65,5.85
UIS,390600000,-0.67%,-131500000,522100000,,-3.19%,-1.45%,-3.85%,-49.02%,,-3.50%,25.77%,-10.30%,237.84%,126314,,-5.36%,-12164,1.07,7,89.75,-0.30,3.77000,537225,35.19,34.54,40.97,-2.79
ATNI,89544000,-1.73%,-605703000,695247000,,13.58%,6.14%,35.18%,-226.81%,-5.20%,0.27%,0.30%,-1.50%,-2.88%,316989,-0.07%,-1.10%,-11491,0.42,4,18.42,0.91,17.25000,45384,35.97,42.14,39.06,-2.10
LANV,20532283,31.97%,-296420533,316952815,,,15.50%,,-93.85%,-71.00%,-27.09%,,-17.80%,,156017,-30.43%,,-50411,0.55,3,1.47,-1.24,2.23000,36928,52.24,56.45,34.31,-1.06
CYRX,264651000,7.43%,13948000,250703000,-67.13%,-16.27%,-39.74%,120.58%,5.34%,-29.00%,-17.12%,-8.70%,-15.30%,-28.14%,206683,-20.05%,-17.42%,-111091,0.28,4,5.29,-0.70,5.23000,544241,42.08,35.73,35.31,-2.49
DOGZ,6057762,-1.06%,-12009464,18067226,,83.51%,-15.71%,,-3.83%,-6.20%,-5.58%,-6.12%,-4.80%,-5.00%,84765,-6.62%,-4.16%,-19560,0.21,5,4.20,8.13,20.48000,118494,30.66,40.96,46.16,-0.39
PKOH,53100000,-5.36%,-614100000,667200000,,0.89%,-3.00%,1.23%,-221.75%,10.20%,8.38%,3.72%,2.30%,-0.16%,262889,7.52%,-0.08%,5048,1.19,7,3.30,2.27,19.21000,17315,36.25,28.47,41.11,2.40
SBXD,819362,,819362,,,,,,0.32%,-71.30%,1.69%,,3.40%,,,4.83%,,,,1,,,10.20000,134,67.10,79.65,0.00,0.22
TSVT,174754000,-1.51%,-68963000,243717000,,-4.77%,-5.05%,,-26.67%,-26.00%,-13.03%,-47.58%,-11.40%,-99.70%,582492,-25.93%,-34.16%,-880723,0.08,1,,-1.03,4.96000,863235,75.68,65.62,42.88,-1.10
TTSH,20957000,1.45%,-121623000,142580000,,-0.20%,1.87%,-8.45%,-43.71%,1.90%,1.46%,4.01%,0.70%,7.62%,230306,0.95%,2.84%,1540,1.08,6,1.32,2.10,5.81000,105252,33.68,36.51,44.36,0.05
QUAD,29200000,-21.59%,-435400000,464600000,,-20.70%,-25.70%,-17.46%,-167.69%,-75.70%,3.33%,2.64%,-3.70%,-33.34%,219033,,-2.12%,-4172,1.95,7,12.26,1.40,4.95000,260387,37.36,39.48,47.65,-1.07
ZUMZ,147558000,-5.33%,-52263000,199821000,,-9.31%,-9.49%,-10.43%,-19.87%,-0.50%,0.85%,3.17%,-0.30%,5.18%,102207,-0.15%,2.84%,-197,1.36,5,4.26,2.58,13.52000,395494,44.40,31.26,38.12,-0.09
NEWT,381374000,8.15%,-333165000,714539000,,14.09%,9.75%,10.09%,-128.52%,17.80%,,5.96%,2.90%,15.76%,391541,5.03%,4.44%,83338,0.14,3,,,9.85000,230986,29.56,29.92,37.54,1.96
MATV,94300000,-4.43%,-1058800000,1153100000,,-3.83%,-1.39%,16.27%,-372.77%,-5.50%,-0.19%,-2.66%,-1.90%,-2.18%,388451,,-0.48%,-9549,0.77,6,4.57,1.19,4.74000,796754,32.67,20.73,27.95,-0.90
AMCX,784649000,-0.53%,-1648590000,2433239000,,-7.02%,-1.99%,-6.15%,-638.51%,-22.10%,-0.46%,5.08%,-4.80%,13.80%,1345174,-1.20%,1.68%,-125859,0.51,6,,1.53,5.85000,582221,34.00,28.32,36.46,-5.10
VMD,17540000,-5.40%,10674000,6866000,324.41%,1.75%,-33.49%,-18.85%,4.14%,9.20%,12.02%,13.20%,6.80%,14.56%,190209,9.10%,10.88%,9555,1.35,7,20.35,5.93,6.53000,115722,23.85,30.74,43.11,0.28
MEC,206000,-22.09%,-109845000,110051000,,17.63%,-39.25%,7.73%,-42.52%,10.80%,11.69%,3.01%,5.50%,3.22%,264365,9.53%,1.46%,11804,1.23,6,7.69,2.75,12.59000,81758,41.15,33.61,44.27,1.24
HVII,20005,,-56785,76790,,,,,-0.02%,,-11.23%,,,,,-89.07%,,,,1,,,9.87500,6893,57.53,0.00,0.00,-0.01
SMTI,16979773,1.13%,-15305255,32285028,,323.37%,173.78%,72.74%,-5.89%,-23.50%,-8.98%,-30.79%,-12.00%,-29.68%,614698,-12.07%,-19.88%,-68543,1.08,4,2.18,3.56,28.85000,29003,40.38,38.19,44.94,-1.14
RAC,,,,,,,,,,,,,,,,,,,,0,,,10.03000,25000,43.77,0.00,0.00,-0.13
BIOX,31195634,7.13%,-254448150,285643784,,14.75%,20.71%,20.52%,-100.93%,0.50%,5.92%,0.35%,0.20%,-0.76%,1047658,5.50%,0.10%,3858,0.49,6,2.09,,4.09000,97542,43.56,33.68,28.81,0.02
NRC,4233000,16.88%,-58451000,62684000,,33.16%,70.88%,12.90%,-20.35%,69.30%,36.50%,35.27%,19.70%,56.24%,388750,28.39%,24.32%,67345,1.14,4,,3.33,11.17000,96753,29.45,23.59,22.16,1.04
GHI,31305671,4.99%,-1132483833,1163789504,,9.25%,10.82%,15.10%,-431.37%,6.60%,,4.56%,1.40%,11.14%,91271399,5.51%,2.60%,21323333,0.06,5,,,11.06000,48451,31.48,36.41,33.92,0.76
GCL,10304720,1182.36%,-9268445,19573165,,,2368.24%,,-3.86%,-23.60%,-2.55%,,-2.20%,,,-6.83%,,,1.18,1,,4.04,2.00500,8592,46.50,0.00,0.00,-0.06
GPRE,209395000,3.22%,-439913000,649308000,,-6.30%,-4.02%,0.95%,-178.61%,-9.30%,-3.09%,-4.35%,-4.60%,-11.44%,2663918,-3.13%,-5.04%,-89379,1.38,3,10.51,1.34,3.95000,1899234,33.13,18.44,25.42,-1.29
GLUE,377012000,-2.25%,334297000,42715000,75.07%,,-7.22%,124.44%,143.21%,-36.10%,-24.89%,-18.59%,-21.30%,-9.96%,564343,-30.53%,-48.18%,-542537,0.22,2,,-0.50,4.15000,1130725,30.44,38.15,41.32,-0.98
FC,40393000,-18.62%,36241000,4152000,21.78%,-47.70%,-62.75%,-36.54%,13.60%,23.10%,31.37%,8.48%,7.50%,16.34%,264018,22.93%,5.44%,16404,1.21,8,15.87,3.49,19.64000,197396,20.16,20.14,28.65,1.33
PKE,70042000,-3.17%,69675000,367000,-5.64%,15.37%,149.66%,-4.12%,27.30%,6.60%,8.24%,5.69%,5.70%,6.14%,499350,6.70%,5.14%,59398,0.48,5,4.92,10.05,12.80000,69975,42.03,39.86,43.53,0.36
DCGO,107337307,0.35%,50150339,57186968,94.98%,51.30%,22.99%,,19.48%,6.30%,10.88%,0.25%,4.10%,3.26%,139904,4.41%,2.56%,4536,1.28,7,,3.19,2.50000,859323,29.80,33.30,39.36,0.18
CIX,60782000,,60782000,,-20.80%,,,,24.91%,10.50%,14.76%,9.42%,9.60%,10.52%,286159,8.89%,9.56%,32524,0.85,4,3.54,11.45,20.66000,25,43.09,39.04,43.40,1.35
AUDC,62385000,-0.38%,25923000,36462000,,23.13%,-7.18%,0.62%,10.10%,8.20%,6.66%,10.24%,4.60%,12.08%,256000,7.64%,6.86%,16185,0.73,6,2.23,2.37,8.63000,76647,35.39,39.72,37.52,0.50
ARCT,292028000,-3.81%,267030000,24998000,-16.84%,-28.23%,-3.51%,4.73%,110.88%,-31.60%,-34.51%,-28.90%,-21.30%,-29.10%,865398,-35.97%,-20.00%,-459892,0.40,2,,-0.07,9.35000,581957,30.07,27.51,37.66,-3.00
FNLC,49736000,-3.14%,-96542000,146278000,,2.37%,110.01%,-4.58%,-36.84%,10.90%,,8.61%,0.90%,13.68%,280775,6.78%,1.22%,95229,0.03,3,,,22.60000,25451,32.53,34.91,41.87,2.43
GEVO,259033000,-0.32%,188416000,70617000,-38.31%,0.35%,0.62%,36.97%,73.15%,-15.30%,-13.36%,-14.49%,-12.90%,-18.60%,138648,-16.22%,-15.98%,-644590,0.03,3,2.89,-0.31,1.09000,2701984,37.52,41.49,34.87,-0.34
MTLS,114578573,-22.16%,68341263,46237311,-3.41%,-25.32%,-35.89%,-20.25%,26.99%,5.50%,6.12%,1.13%,3.40%,1.74%,114026,3.09%,1.18%,5743,0.67,6,6.81,2.00,4.28000,145464,29.54,35.52,37.44,0.24
PBPB,12478000,-1.40%,-142260000,154738000,,-10.34%,-17.25%,-8.10%,-56.81%,92.70%,3.83%,-1.24%,16.10%,-333.06%,92520,30.79%,-1.96%,8059,1.84,5,36.23,0.88,8.46000,255285,34.51,39.71,47.61,1.31
NRDY,52541000,,52541000,,-29.78%,,,,20.72%,-90.70%,-66.17%,-133.21%,-39.40%,,317052,-177.58%,,-70975,1.76,2,,-2.58,1.38000,588146,41.76,43.68,38.23,-0.38
LOKV,,,,,,,,,,,,,,,,,,,,0,,,10.10000,233,67.74,0.00,0.00,
TRVG,150251676,-1.49%,107185438,43066238,10.35%,-6.84%,-5.65%,-17.36%,43.68%,-11.90%,-11.68%,-25.48%,-7.60%,-21.84%,718639,-13.62%,-16.20%,-36954,1.48,4,,-0.61,3.59000,73469,40.85,52.04,44.83,-0.36
GROY,2481000,1.81%,-47337000,49818000,,746.95%,51.91%,,-19.42%,-0.60%,-0.18%,,-0.50%,,631438,-0.66%,,-213187,0.01,4,,0.69,1.48000,93116,56.25,54.85,41.66,-0.02
LZM,63492965,2808.37%,11499936,51993029,-80.24%,,9870.28%,,4.46%,-4412.40%,-301.88%,,-265.60%,,794,-413.90%,,-2057460,0.01,1,4.76,-7.30,3.12000,143405,25.47,25.47,32.93,-0.59
BZAI,,,,,,,,,,,,,,,,,,,,3,,,2.48000,239738,41.18,21.05,25.41,
SFST,162863000,,-102040000,264903000,,94.31%,-14.91%,12.67%,-39.69%,4.80%,,6.35%,0.40%,9.18%,313933,2.61%,0.80%,52290,0.02,4,,,30.81000,20971,36.58,35.41,44.44,1.91
HLXB,,,,,,,,,,,,,,,,,,,,1,,,10.70000,4100,46.07,51.25,44.47,0.36
ZIMV,74974000,-0.47%,-153695000,228669000,,71.52%,-55.84%,,-61.02%,-6.60%,0.53%,-4.61%,-3.00%,-18.68%,254095,-3.39%,-9.48%,-14590,0.51,5,2.10,0.35,9.07000,115080,24.89,21.70,37.19,-0.94
CBAN,231034000,0.01%,-17005000,248039000,,41.02%,4.02%,23.66%,-6.39%,8.80%,,4.71%,0.80%,8.96%,247035,4.53%,0.76%,52457,0.04,3,,,14.32000,59270,31.93,39.59,50.77,1.36
FNKO,34655000,-14.40%,-225652000,260307000,,2.94%,-28.16%,-3.76%,-87.79%,-6.50%,2.60%,-0.23%,-2.00%,-10.32%,818277,,-2.84%,-11472,1.42,6,5.80,1.61,4.60000,1095332,24.72,23.99,36.06,-0.28
JILL,35427000,-0.90%,-173392000,208819000,,-18.47%,-29.27%,-15.22%,-70.11%,44.80%,23.98%,4.81%,9.50%,17.84%,188014,17.60%,-0.78%,12152,1.46,7,3.16,2.02,16.44000,104275,33.78,23.90,39.16,2.61
SNWV,10237000,-26.64%,-15259000,25496000,,-3.21%,-20.19%,29.72%,-6.09%,,144.84%,-1960.04%,-130.30%,99.62%,709435,,-130.60%,-682000,1.36,6,2.28,-9.99,29.29000,49549,47.48,63.16,61.48,-7.03
CMPS,165470000,-1.11%,133277000,32193000,-28.95%,107.30%,-2.59%,8.83%,71.35%,-74.50%,-82.97%,-52.71%,-59.20%,-54.88%,,-95.35%,-44.82%,-934470,,2,,,2.70000,992324,37.49,30.03,33.85,-2.30
DMRC,28730000,-3.78%,23517000,5213000,10.99%,71.80%,-13.03%,15.89%,9.37%,-53.20%,-58.48%,-59.87%,-44.10%,-61.26%,178688,-62.05%,-50.86%,-181442,0.43,4,,3.26,11.63000,229333,31.42,26.64,36.64,-1.83
GMGI,30125944,-0.18%,-9102286,39228230,,418.00%,,,-3.67%,-1.80%,3.10%,21.01%,-1.00%,,125930,-2.47%,,-1234,1.03,3,,2.47,1.89000,187678,44.88,42.00,39.55,-0.01
AURA,151094000,-1.65%,132325000,18769000,-35.95%,168.01%,-4.03%,,53.01%,-47.80%,-51.80%,-24.27%,-41.30%,-62.34%,,-56.29%,-53.36%,-797422,,1,,,4.97000,292754,27.52,27.23,36.02,-1.75
OACC,,,,,,,,,,,,,,,,,,,,1,,,10.14500,300,50.12,70.44,0.00,0.12
MXCT,154482000,-1.56%,136448000,18034000,-8.76%,46.96%,-3.78%,20.12%,50.87%,-18.90%,-18.35%,-17.33%,-16.50%,-21.12%,338833,-22.83%,-15.54%,-360132,0.16,3,0.67,3.95,2.34000,1158034,33.10,31.39,34.17,-0.39
STIM,20595000,69.68%,-62033000,82628000,,27.84%,32.26%,19.21%,-24.97%,-207.80%,-33.22%,-31.25%,-42.10%,-92.44%,104595,-31.33%,-31.36%,-61045,0.72,2,3.36,-2.90,3.77000,1362180,45.79,58.62,53.72,-1.38
PCYO,22139000,-0.49%,15218000,6921000,-7.44%,90.57%,-1.48%,112.42%,5.95%,10.90%,13.61%,3.94%,9.70%,10.30%,766949,5.95%,9.32%,363487,0.20,4,,10.47,10.29000,47277,51.11,44.42,49.50,0.58
MAMA,7150000,-8.50%,-2964000,10114000,,-13.16%,-22.76%,11.07%,-1.19%,16.40%,17.26%,16.40%,8.00%,32.38%,622869,10.99%,12.60%,18742,2.66,6,22.84,9.83,6.58000,398693,50.18,45.29,55.38,0.09
AIP,43841000,-2.12%,37850000,5991000,13.26%,15.28%,-22.73%,,14.86%,-849.30%,-65.94%,-173.56%,-33.50%,-230.24%,216195,-657.84%,-26.04%,-125985,0.57,3,,-0.69,6.04000,158956,39.52,38.96,40.83,-0.86
ASUR,21425000,37.06%,3692000,17733000,-81.43%,-24.57%,69.91%,-12.32%,1.52%,-6.00%,-4.61%,-5.21%,-2.70%,-6.18%,188649,-4.99%,-2.40%,-18540,0.27,2,215.34,-0.14,9.16000,81397,42.15,45.04,49.13,-0.45
EXFY,48772000,-1.40%,42305000,6467000,135.60%,-54.79%,-78.12%,,16.01%,-8.60%,-0.60%,-11.63%,-5.50%,-26.92%,1210748,-0.61%,-10.16%,-87435,0.77,4,,3.74,2.70000,239856,42.93,47.20,29.09,-0.12
LIEN,,,,,,,,,,,,,,,,,,,,2,,,10.79000,6109,37.00,36.69,45.37,0.67
BLZE,54915000,-6.15%,8576000,46339000,,11.70%,0.83%,,3.41%,-91.10%,-41.26%,-34.58%,-34.40%,-36.04%,368867,-37.34%,-28.96%,-140263,0.90,5,,-0.05,4.51000,434392,36.20,32.91,34.19,-1.11
KGEI,4314000,7.72%,-29679000,33993000,,26.21%,10.22%,,-12.21%,10.00%,11.77%,,7.70%,,7331375,9.43%,,2264375,0.25,5,,2.29,6.87000,46788,42.15,55.20,66.13,0.50
PCB,198792000,74.45%,165121000,33671000,-9.87%,24.51%,-43.06%,2.34%,68.12%,7.00%,,8.67%,0.90%,10.10%,366194,6.49%,1.26%,94966,0.03,4,,,17.13500,24704,36.22,35.57,46.29,1.74
FACT,,,,,,,,,,,,,,,,,,,,0,,,10.04000,5,64.92,97.09,0.00,-0.01
HUMA,95146000,0.64%,15255000,79891000,-34.26%,16.00%,39.05%,24.03%,6.64%,,-118.24%,-127.71%,-107.70%,60.64%,,-420.24%,-48.98%,-675914,,1,,,1.57000,3839362,33.14,29.55,38.60,-1.26
ATYR,75076000,-2.11%,61793000,13283000,-28.61%,112.82%,-12.00%,2.52%,24.66%,-85.00%,-78.21%,-53.41%,-62.80%,-55.44%,3615,-81.53%,-44.60%,-984969,0.00,0,,-3.47,2.74000,1266338,40.95,46.22,49.59,-0.86
HDSN,70134000,28.31%,65217000,4917000,751.84%,-63.23%,2.65%,-45.76%,26.69%,9.90%,12.38%,22.90%,8.10%,29.88%,996294,8.90%,15.54%,102471,0.79,5,1.37,4.92,5.53000,481260,40.82,36.67,37.90,0.52
CAN,147013000,-0.49%,120138000,26875000,26.82%,81.28%,1784.64%,4.24%,67.29%,-72.80%,-60.38%,-46.70%,-49.30%,-48.94%,605222,-77.48%,-24.64%,-561240,0.53,2,2.99,-1.06,0.65220,22286726,25.94,30.80,38.58,-0.91
PINE,7951000,7.12%,-304918000,312869000,,5.33%,13.49%,,-133.81%,0.80%,,3.54%,0.40%,4.22%,,2.48%,1.80%,,0.09,6,,,15.28000,110937,37.58,38.25,42.72,0.14
AZ,13732000,-31.16%,12340000,1392000,3425.71%,14.89%,-30.19%,,4.91%,-228.20%,-226.16%,-124.30%,-158.00%,-418.70%,24758,-95.65%,-168.54%,-84557,0.67,4,9.90,2.79,6.96500,47357,51.70,59.46,56.73,-0.80
NECB,78359000,-55.71%,72024000,6335000,,-42.30%,-91.10%,-24.25%,24.61%,15.50%,,9.42%,2.40%,11.26%,733112,14.50%,1.90%,329189,0.05,4,,,20.81000,41575,37.74,38.93,53.77,3.52
NTWO,,,,,,,,,,,,,,,,,,,,1,,,10.07000,501,66.72,78.89,0.00,0.10
TCI,40472000,0.88%,-141384000,181856000,,-20.81%,1.52%,-17.11%,-54.57%,0.70%,,-0.88%,0.60%,17.32%,,-0.43%,10.26%,,0.05,3,,,28.11000,834,62.70,57.07,46.85,0.68
AMBI,74584792,13.61%,-389285968,463870760,,,45.80%,,-151.20%,4.00%,145.05%,,1.00%,,81794,5.42%,,1253,0.67,4,47.36,1.54,4.38000,1646,46.64,46.63,42.09,-10.58
OBT,150334000,-11.44%,7243000,143091000,,85.61%,-43.67%,78.03%,2.99%,15.40%,,8.34%,1.10%,14.80%,444569,8.48%,1.02%,123924,0.04,4,,,21.35000,28182,41.94,35.78,46.86,2.47
FLIC,38330000,-2.33%,-418634000,456964000,,12.31%,-19.47%,-3.41%,-172.04%,4.50%,,4.52%,0.40%,9.02%,320483,2.04%,0.82%,64438,0.02,3,,,10.70000,92452,34.46,37.76,42.23,0.75
ATLN,678676,-0.54%,-82037006,82715682,,291.83%,-41.47%,100.96%,-34.41%,,-463.08%,39.69%,-106.60%,773.00%,1475366,-104.50%,-69.94%,-451600,3.48,3,,-0.14,3.88000,25505,42.23,45.76,23.67,-3.68
AEHR,32217000,-4.07%,25785000,6432000,-41.53%,67.08%,0.30%,20.39%,10.84%,19.90%,0.94%,2.57%,17.00%,9.70%,441174,-11.89%,8.90%,191522,0.39,2,0.69,8.31,8.13000,1566188,47.32,38.44,41.67,0.75
NHIC,,,,,,,,,,,,,,,,,,,,1,,,10.05000,52,54.52,0.00,0.00,0.02
BARK,115259000,1.17%,28824000,86435000,-31.79%,4.37%,-2.91%,16.37%,12.07%,-25.20%,-19.08%,2.78%,-10.70%,-7.68%,692452,-17.54%,-25.24%,-44792,1.66,4,1.96,0.73,1.38000,966008,42.76,40.20,37.83,-0.19
SLI,31695000,-20.50%,31218000,477000,110.34%,10.39%,-51.77%,,13.70%,43.70%,47.75%,-25.63%,38.60%,-11.62%,,-15.36%,-10.70%,2237698,,2,,,1.20000,890003,40.24,38.78,39.82,0.54
FLYX,97235000,0.17%,-218427000,315662000,,22.47%,0.97%,,-90.86%,,0.06%,,-5.00%,,,-102.13%,,,0.64,2,53.74,-0.10,3.00000,5100,45.19,44.91,38.66,-1.07
JMIA,133945000,-0.23%,122747000,11198000,7.21%,-3.69%,84.33%,1.69%,104.95%,-153.50%,-60.89%,-76.55%,-54.90%,-103.22%,80659,-67.36%,-51.52%,-45810,0.93,4,8.43,-14.79,1.96000,2505056,37.73,32.72,39.96,-0.90
TPVG,78727000,-1.18%,-320100000,398827000,,-5.16%,-34.39%,3.50%,-133.36%,9.10%,,9.64%,4.10%,4.20%,,11.42%,2.54%,,0.14,5,,,5.98000,234603,28.18,28.94,34.78,0.82
ATAI,72330000,3.78%,47624000,24706000,-70.35%,221.57%,29.07%,175.03%,20.04%,-91.50%,-108.97%,-64.22%,-70.90%,-86.66%,5704,-72.83%,-73.62%,-2764241,0.00,3,,-5.44,1.21000,1271892,40.25,42.21,32.33,-0.93
TSHA,141636000,0.96%,80333000,61303000,-7.75%,18.13%,3.10%,,33.49%,-110.60%,-66.50%,-108.85%,-51.50%,147.78%,114151,-68.86%,-74.94%,-1223260,0.05,2,,-4.55,1.17000,1007839,33.54,38.67,38.67,-0.36
ASM,27317000,-16.49%,24688000,2629000,,34.98%,-23.89%,-18.52%,9.70%,7.00%,11.13%,0.06%,5.90%,-1.08%,131306,6.55%,-0.88%,23143,0.48,8,5.23,6.98,1.76500,339809,55.61,62.57,67.15,0.06
ATII,,,,,,,,,,,,,,,,,,,,0,,,10.07000,571,54.36,0.00,0.00,-0.02
AQST,71546000,2.02%,-50305000,121851000,,1.45%,8.24%,15.09%,-19.72%,,-33.11%,-301.29%,-38.50%,89.68%,405359,-49.88%,-70.54%,-310824,0.50,3,2.79,-3.57,2.42000,1264256,38.18,36.35,44.75,-0.51
TG,7062000,-51.69%,-70306000,77368000,,-4.20%,-44.19%,4.61%,-28.81%,-39.40%,-22.70%,-5.77%,-15.30%,-15.04%,398049,,-6.76%,-43043,1.41,6,9.52,2.56,7.04000,104326,40.96,45.32,46.68,-1.88
SJT,3323927,,3323927,,-83.46%,,,,1.39%,730.80%,480.81%,1151.05%,327.81%,1151.44%,,730.17%,542.52%,,4.31,2,,,5.12000,244450,48.98,58.07,47.79,0.11
BKSY,53784000,9.37%,-61927000,115711000,,17.46%,33.70%,-0.73%,-25.99%,-63.10%,-19.58%,-52.39%,-24.50%,134.66%,300274,-21.12%,-38.08%,-168288,0.44,4,,-2.52,7.54000,736248,37.85,40.01,39.76,-2.67
LNKB,166100000,9.28%,37885000,128215000,,41.57%,45.05%,,16.09%,9.60%,,2.59%,0.90%,,331801,6.42%,,80150,0.04,3,,,6.37000,54196,39.09,38.24,43.70,0.71
RHLD,71589000,-39.43%,-130051000,201640000,,,-45.15%,,-55.29%,-93.80%,85.95%,,58.60%,,60081571,76.72%,,15751143,2.24,4,4.62,4.10,27.92000,97422,32.69,0.00,0.00,12.93
VNDA,374643000,47.47%,366553000,8090000,-3.86%,-6.99%,15.47%,-8.27%,156.75%,-3.50%,-4.12%,0.59%,-2.90%,2.08%,540141,-7.44%,1.78%,-51359,0.31,3,1.02,1.63,4.08000,822858,26.38,36.99,37.06,-0.33
HIVE,301351000,-9.60%,276144000,25207000,335.51%,-17.05%,-24.10%,,125.58%,-2.10%,-0.25%,39.52%,-1.80%,,6049950,,,-329600,0.34,2,,2.90,1.43000,5444093,38.35,29.66,38.77,-0.04
PLBC,82018000,-47.14%,20186000,61832000,,30.86%,-46.72%,18.62%,8.52%,16.70%,,13.06%,1.70%,19.06%,444126,11.94%,1.62%,156388,0.05,4,,,40.03000,7928,40.46,43.38,52.85,4.80
ZJK,10264170,75.49%,8954994,1309176,,,,,3.78%,42.50%,34.67%,,21.90%,,106821,23.98%,,28276,0.83,4,3.78,11.49,3.86000,13213,36.69,41.43,0.00,0.17
CMCL,4260000,-4.66%,-10792000,15052000,,123.29%,-18.95%,35.38%,-4.56%,7.60%,12.72%,6.99%,5.30%,7.82%,85244,11.56%,5.98%,8337,0.54,6,4.81,1.83,12.37000,986,60.51,60.83,52.60,0.91
OPAL,26042000,21.13%,-284517000,310559000,,10.67%,47.46%,,-717.41%,-0.20%,2.80%,3.04%,0.10%,,877111,25.58%,,1640,0.37,6,19.51,0.28,1.37000,60232,22.58,19.58,26.02,0.02
PLMK,,,,,,,,,,,,,,,,,,,,1,,,10.07000,390,55.94,0.00,0.00,-0.02
EU,71498000,-5.30%,51058000,20440000,313.49%,334.31%,3.70%,,21.76%,-17.00%,-18.09%,-14.22%,-14.80%,,,-23.58%,,,0.14,2,6.25,1.13,1.21000,1465795,30.58,24.23,30.09,-0.34
XOMA,106513000,0.21%,-12685000,119198000,,704.41%,-4.22%,29.41%,-5.39%,-22.10%,-5.64%,-5.66%,-8.50%,-11.86%,2191308,-19.88%,-7.80%,-1484077,0.13,3,,-6.30,19.70000,20432,42.21,33.89,44.71,-1.65
NMG,78134372,7.07%,64577240,13557131,,62.10%,-67.00%,41.80%,26.84%,-63.50%,-62.35%,-62.87%,-42.50%,-565.88%,,-49.98%,-54.44%,-450375,,3,,,1.58000,142690,51.44,47.17,39.53,-0.49
GOCO,40921000,0.94%,-487049000,527970000,,-8.81%,-2.78%,12.64%,-459.31%,-1.30%,6.28%,-20.48%,-0.20%,-24.60%,353337,-0.92%,-4.74%,-1295,0.58,2,,0.41,10.17000,49496,31.25,41.01,34.40,-0.66
OLMA,434086000,-15.89%,432657000,1429000,66.80%,-24.26%,-40.88%,,184.86%,-48.30%,-31.64%,-32.06%,-43.20%,-35.30%,,-34.66%,-32.76%,-1348687,,1,,,3.41000,1270566,30.00,27.87,32.03,-2.20
FDBC,83353000,-59.68%,66362000,16991000,,-7.64%,-87.33%,-22.22%,28.51%,10.40%,,9.61%,0.80%,12.16%,248166,9.41%,0.92%,64981,0.03,4,,,39.85000,5417,39.80,33.76,40.74,3.60
VSTM,89059000,1.99%,46805000,42254000,-51.15%,136.85%,1.68%,-17.04%,20.11%,-2003.60%,-178.40%,-230.98%,-114.30%,-477.50%,128205,-860.38%,-66.56%,-1674833,0.09,2,,-15.34,4.52000,1502928,34.39,44.92,42.63,-3.66
OZ,24737000,22.21%,-156105000,180842000,,141.81%,623.31%,,-72.83%,-7.70%,,-2.26%,-4.90%,,,-2.96%,,,0.01,1,,,61.69000,17590,42.65,42.50,40.82,-6.56
AFRI,16368000,-10.73%,-161074000,177442000,,,-8.45%,,-66.29%,-92.00%,-3.39%,,-5.30%,,541830,-0.59%,,-28017,1.03,5,6.86,0.44,8.62000,4310,47.94,29.72,38.18,-0.60
HCAI,19272,-10.77%,-12938557,12957829,,,,,-5.59%,12.40%,6.01%,,3.60%,,445182,8.88%,,23649,0.68,4,6.40,5.21,7.30000,20523,55.28,0.00,0.00,0.10
EBS,105600000,0.17%,-558100000,663700000,,-7.59%,-22.84%,-3.94%,-241.11%,-37.30%,-5.86%,-7.92%,-12.30%,-19.92%,1159556,-9.48%,-6.92%,-211778,0.68,5,2.13,0.90,4.26000,732335,32.28,35.07,37.15,-3.60
HBB,45644000,-0.96%,-48557000,94201000,,-0.92%,-3.97%,10.00%,-19.68%,20.30%,13.03%,13.24%,7.90%,31.54%,935276,15.31%,8.32%,43941,1.68,6,3.85,3.29,17.10000,85898,40.44,42.09,48.27,2.20
ITRG,68392000,111.44%,42973000,25419000,,188.53%,113.59%,155.09%,18.87%,-15.00%,-3.22%,-54.88%,-7.70%,-61.66%,99508,-10.05%,-27.06%,-31151,0.25,2,,0.72,1.33500,185670,61.08,65.21,43.71,-0.10
CERS,81547000,0.20%,-16550000,98097000,,3.85%,2.19%,8.76%,-7.13%,-40.10%,-8.62%,-22.81%,-10.90%,-57.46%,319557,-9.22%,-20.18%,-33203,1.05,4,1.45,-5.12,1.24000,1800627,38.27,36.85,38.10,-0.11
AVIR,454721000,-10.52%,453079000,1642000,-21.30%,102.75%,-31.64%,,199.91%,-35.90%,-37.54%,-15.70%,-33.40%,-12.26%,,-43.80%,-12.02%,-3006875,,2,,,2.69000,298214,32.14,36.92,39.45,-2.00
SEPN,351828000,0.99%,326352000,25476000,,,,,130.90%,-37.60%,-16.29%,,-24.40%,,14333,-18.14%,,-957307,0.00,3,,4.12,5.16000,229132,36.98,27.88,0.00,-7.26
ATXS,328132000,-5.05%,322779000,5353000,31.10%,144.78%,1527.05%,18.90%,142.99%,-27.40%,-29.16%,-68.25%,-26.00%,-96.22%,,-34.37%,-64.44%,-1208462,,1,,,4.06000,522846,25.69,23.34,35.90,-1.68
BYON,186093000,-10.25%,153428000,32665000,-42.00%,-13.99%,-14.56%,3.01%,65.62%,-115.40%,-145.75%,-17.16%,-54.40%,-18.76%,2286826,-97.73%,-10.38%,-424254,2.93,2,89.87,-0.63,4.25000,2387081,40.19,33.80,37.79,-5.56
TSBK,164071000,-0.34%,142570000,21501000,4.66%,43.44%,-1.35%,50.09%,58.91%,10.20%,,11.63%,1.30%,12.04%,261545,9.85%,1.48%,86274,0.04,3,,,28.75000,10208,42.50,43.02,48.94,3.10
COFS,96751000,-14.22%,-114001000,210752000,,35.34%,-10.51%,44.72%,-30.04%,11.50%,,6.90%,1.00%,10.86%,234214,5.90%,0.94%,68181,0.03,4,,,25.50000,43640,24.88,27.96,44.83,3.25
IAUX,19001000,8.28%,-172396000,191397000,,66.54%,-1.40%,,-72.99%,-28.90%,-14.97%,-9.33%,-16.90%,,433922,-20.88%,,-1047698,0.07,2,4.94,-0.58,0.54080,830268,36.06,40.44,32.87,-0.34
CLBR,,,,,,,,,,,,,,,,,,,,1,,,10.74000,66954,51.08,49.63,59.80,0.27
CMPX,126722000,-3.53%,120088000,6634000,-20.33%,18.01%,282.80%,-14.91%,49.62%,-34.80%,-37.54%,-43.13%,-32.60%,-63.68%,24286,-42.94%,-53.10%,-1410714,0.01,1,,5.84,1.65000,751649,36.60,41.61,43.20,-0.36
RCEL,35885000,-1.19%,-9200000,45085000,,266.21%,8.60%,75.24%,-4.04%,-337.90%,-94.76%,-54.96%,-71.50%,-106.92%,247119,-114.14%,-46.80%,-237865,0.74,3,1.41,-5.47,8.63000,171930,50.32,44.42,43.68,-2.39
NYXH,95227336,-2.90%,70013323,25214012,39.65%,24.73%,78.31%,,33.27%,-55.70%,-36.93%,-27.46%,-42.10%,-32.98%,25650,-44.01%,-26.22%,-336079,0.03,2,0.39,0.12,6.01000,201213,28.01,33.06,38.05,-1.88
NGS,13424000,4.29%,-156576000,170000000,,741.79%,3.66%,178.15%,-67.53%,6.90%,7.07%,1.54%,3.50%,1.14%,672020,7.71%,0.40%,70314,0.34,7,3.40,1.65,18.21000,135708,33.27,34.48,47.29,1.37
OCFT,335618019,-60.44%,332998564,2619455,-26.25%,-71.36%,-93.74%,-64.11%,161.61%,-15.80%,-0.14%,-19.06%,-8.20%,-22.04%,158988,-11.78%,-9.98%,-32509,0.40,2,,-1.16,5.65000,67767,38.53,64.63,41.92,-1.73
SEG,167845000,-0.74%,18782000,149063000,,,-26.85%,,7.74%,-34.70%,,,-23.70%,,617422,-15.27%,,-851178,0.17,3,,,17.92000,10951,36.52,32.82,0.00,-16.82
RMAX,169287000,-0.67%,-302781000,472068000,,-2.18%,-2.46%,10.48%,-132.22%,1.70%,9.72%,1.67%,1.20%,-2.68%,574039,6.05%,-1.84%,13289,0.54,8,,0.79,7.21000,135950,31.42,31.25,34.74,0.37
JOUT,101617000,1.47%,51559000,50058000,-7.98%,1.09%,-6.47%,4.09%,22.80%,-9.60%,-10.46%,6.23%,-7.00%,8.52%,468209,-13.01%,5.90%,-38148,0.86,2,1.63,2.79,22.24000,38877,33.97,24.38,27.19,-4.47
IMMR,153911000,-15.35%,-168231000,322142000,,,,,-72.32%,,,2.95%,,7.34%,,,6.50%,,,3,,,7.00000,323937,40.15,35.16,44.97,1.80
ZSPC,4864000,-45.42%,-7091000,11955000,,,-37.31%,,-3.16%,-23.30%,-344.74%,,157.60%,,544257,645.13%,,321771,2.67,5,6.65,-16.92,9.91000,17109,48.61,42.00,0.00,1.03
OABI,59994000,-2.83%,36830000,23164000,-40.58%,18.70%,-9.38%,,16.10%,-21.10%,-23.00%,-15.35%,-18.40%,,231500,-23.97%,,-544149,0.08,2,,2.73,1.85000,658767,24.25,24.26,33.80,-0.61
NIU,152903722,9.85%,85448674,67455048,-22.70%,13.57%,84.79%,17.86%,74.40%,-19.40%,2.22%,-5.07%,-7.30%,-1.36%,819003,-17.64%,-0.24%,-48120,1.25,1,5.35,0.97,2.91000,949761,42.31,55.62,44.96,-0.33
LPA,31469119,3.06%,-247846777,279315896,,13.96%,2.30%,,-111.80%,-8.70%,-1.70%,,-3.20%,,1907060,-3.19%,,-844611,0.07,3,,0.53,7.13000,333,19.60,45.57,0.00,-0.94
KINS,28669441,-35.42%,17498021,11171420,,-27.91%,-55.75%,-17.64%,7.65%,36.20%,,-5.50%,5.40%,-8.20%,1567092,27.13%,-1.14%,185439,0.46,5,,,16.44000,258046,48.93,55.80,74.89,1.48
HYLN,120145000,4.04%,113353000,6792000,-27.12%,-7.72%,-11.09%,-25.95%,51.46%,-19.80%,-20.92%,-25.38%,-18.70%,23.38%,16226,-25.60%,2.94%,-559656,0.01,2,,6.17,1.29000,34596,32.64,34.09,42.97,-0.30
IDR,9449761,-40.66%,7717022,1732739,2855.86%,-23.44%,-25.21%,4.03%,3.40%,30.00%,21.37%,-3.92%,24.30%,-5.46%,613461,21.37%,-1.38%,210397,0.71,8,14.43,39.01,16.50000,614129,67.82,68.07,67.24,0.67
CADL,102920000,-15.93%,89449000,13471000,592.49%,188.67%,-40.82%,100.09%,42.57%,-468.80%,-76.56%,-35.54%,-118.60%,-157.88%,,-41.82%,-61.82%,-1452026,,3,,,4.77000,672007,31.83,40.85,48.74,-1.74
RGCO,2098363,5.34%,-154473870,156572233,,0.70%,4.69%,6.59%,-68.69%,10.90%,8.26%,5.26%,3.70%,2.68%,841455,5.05%,0.84%,115486,0.27,5,3.85,1.03,21.84000,9373,59.24,58.63,54.26,1.17
EVI,3905000,25.66%,-33085000,36990000,,18.40%,-11.44%,-1.82%,-15.67%,5.40%,7.59%,3.54%,3.10%,4.98%,480615,5.09%,2.68%,9844,1.50,6,4.71,3.16,17.63000,16,49.27,48.70,44.49,0.47
ONIT,265600000,26.07%,-14426900000,14692500000,,12.60%,34.55%,11.90%,-6149.13%,7.50%,,3.19%,0.20%,-1.62%,226977,2.53%,-0.06%,7767,0.07,3,,,28.55000,41878,40.87,43.54,48.14,4.13
HPAI,852463,-83.68%,54538,797925,-61.70%,50.23%,,,0.03%,24.90%,30.99%,,12.30%,,1851510,25.79%,,220375,1.03,4,,9.54,6.05000,84868,50.51,51.83,0.00,47237.90
ACB,128719075,0.01%,56578298,72140777,-25.17%,-37.54%,-2.28%,-30.03%,25.08%,-3.90%,-1.03%,-16.13%,-2.60%,-57.52%,255772,,-42.84%,-14219,0.47,4,1.00,-8.62,4.11000,662352,41.13,42.28,35.36,-3.00
URG,118667000,17.72%,117438000,1229000,150.50%,-53.64%,-84.13%,-36.82%,52.96%,-38.80%,-20.11%,-25.62%,-25.90%,-33.12%,198723,-31.11%,-17.10%,-465048,0.11,3,3.38,0.91,0.61540,195426,34.83,29.04,32.83,-0.13
TDAC,,,,,,,,,,,,,,,,,,,,1,,,10.09500,100135,59.82,0.00,0.00,-0.01
LFMD,35004924,-0.16%,9901694,25103230,-30.34%,138.54%,32.59%,97.06%,4.47%,,-133.54%,994.55%,-32.50%,2184.34%,692032,-82.30%,-299.44%,-71622,3.14,4,8.66,-0.83,4.98000,651776,43.12,46.35,47.77,-0.53
MACI,,,,,,,,,,,,,,,,,,,,1,,,10.25000,1111,53.22,62.65,0.00,0.26
TBCH,12995000,-8.91%,-82037000,95032000,,,,43.43%,-34.92%,14.30%,10.70%,-1.80%,5.70%,-0.38%,1422771,14.08%,-0.88%,61767,1.31,5,4.23,1.95,11.03000,358313,35.30,35.65,42.19,0.78
DYNX,1543566,,1543566,,,,,,0.94%,,-0.08%,,,,,,,,,2,,10.79,9.94000,0,68.06,84.78,0.00,-0.02
OSUR,267763000,31.48%,253159000,14604000,-8.57%,5.96%,8.15%,15.12%,117.52%,-4.60%,-3.97%,-0.30%,-4.20%,-1.22%,370912,-5.61%,-1.02%,-38922,0.40,3,2.60,2.58,2.94000,714982,37.60,27.02,36.32,-0.26
KFS,13136000,-0.23%,-47083000,60219000,,-14.57%,32.02%,-25.48%,-21.86%,-60.40%,,5.34%,-4.90%,48.02%,252614,,2.10%,-21827,0.57,3,,,7.98000,33958,50.56,46.61,48.70,-0.35
PVLA,83602000,,83602000,,1037.44%,,,,36.35%,-58.30%,-17.21%,-53.00%,-42.70%,54.76%,,-22.51%,-21.10%,-1245286,,2,,,19.87000,46462,40.03,62.27,0.00,-7.83
ALLT,58766000,-0.92%,12424000,46342000,-3.28%,77.75%,10.53%,46.06%,5.70%,-12.20%,-5.80%,-23.17%,-4.30%,-29.66%,164340,-6.25%,-13.56%,-10462,0.68,5,2.78,-0.22,5.53000,501048,46.77,49.93,55.58,-0.15
EJH,100810078,-41.63%,98045292,2764786,112.06%,,-67.88%,,993.49%,-13.10%,-11.41%,-1.61%,-11.60%,-5.40%,95995,-9.74%,-4.90%,-37025,0.30,2,2548.54,0.78,1.19000,1355175,60.45,26.68,0.48,-24.03
NFGC,18543377,-3.29%,18455785,87592,-54.75%,6.87%,-21.99%,,7.83%,-72.30%,-78.94%,-89.28%,-62.40%,-89.68%,,-90.44%,-75.82%,-563042,,1,,,1.16000,12512,39.52,32.52,30.30,-0.18
ALCO,5150000,13.86%,-99738000,104888000,,-7.76%,23.82%,-7.52%,-46.16%,-17.50%,-14.25%,-2.94%,-11.10%,6.98%,249005,-17.52%,3.66%,-226829,0.12,3,3.19,1.47,28.47000,62917,43.71,49.84,50.31,-5.92
EGHT,104627000,-7.72%,-321131000,425758000,,-6.93%,-21.60%,2.41%,-148.23%,-42.30%,-5.15%,-17.90%,-6.20%,-85.16%,368296,,-18.04%,-23307,0.97,5,,-0.57,1.65000,609204,31.24,34.22,36.24,-0.36
IMMP,98922003,5.71%,97875510,1046493,133.71%,-38.21%,76.85%,-18.54%,47.69%,-30.50%,-26.17%,-27.82%,-28.70%,-40.42%,220482,-25.10%,-33.78%,-878899,0.07,2,,17.35,1.41000,164827,27.66,32.43,40.45,-0.21
BWFG,307524000,0.04%,148073000,159451000,34.67%,23.60%,0.15%,-1.87%,63.48%,3.60%,,6.23%,0.30%,10.34%,447083,2.27%,0.86%,67847,0.02,4,,,28.25000,11215,48.78,48.32,51.95,1.23
SLRN,448424000,-4.39%,442154000,6270000,-38.60%,,425.13%,,212.71%,-45.20%,-53.43%,,-40.40%,,,-68.08%,,-2990675,,1,,,2.15000,1019786,34.82,34.77,32.38,-2.50
NATR,84700000,-7.01%,70496000,14204000,4.52%,-14.83%,-4.82%,-11.84%,32.85%,4.80%,10.49%,8.55%,3.20%,9.70%,554779,4.84%,6.06%,9397,1.88,5,2.05,4.56,11.70000,98101,34.20,33.24,42.03,0.40
SVCC,,143.88%,-167696,167696,,,,,-0.08%,,310.05%,,,,,-5.07%,,,,0,,,9.99000,100613,0.00,0.00,0.00,-0.03
ORN,28316000,-8.35%,-45170000,73486000,,2.02%,-14.04%,-5.38%,-21.34%,-1.30%,5.34%,0.90%,-0.40%,-4.04%,450704,,-1.48%,-930,1.96,7,75.53,2.49,5.53000,359862,46.20,39.96,47.81,-0.05
KNOP,66933000,-3.96%,-839070000,906003000,,-2.24%,-5.52%,-1.90%,-399.45%,1.40%,6.38%,4.55%,0.50%,3.96%,318599000,4.87%,1.40%,7131000,0.20,6,32.03,,6.17000,86773,53.24,57.61,45.78,0.21
ONEW,36558000,4.92%,-1020893000,1057451000,,16.97%,-7.15%,25.60%,-440.79%,-2.90%,5.85%,11.97%,-0.60%,19.74%,810000,,4.64%,-4769,1.09,4,2.02,1.58,13.21000,148204,34.06,34.01,36.33,-0.72
GHG,224498006,-6.05%,-13464106,237962112,,81.73%,-4.59%,96.11%,-9.49%,10.30%,-7.06%,19.08%,3.00%,7.34%,78552,22.12%,3.66%,8650,0.28,6,,0.67,2.12000,12304,27.62,32.74,34.72,0.22
QSI,209603000,-6.34%,196655000,12948000,-18.88%,17.03%,-15.39%,,91.00%,-44.30%,-43.95%,-23.19%,-39.70%,-28.62%,20523,-47.54%,-45.62%,-677899,0.01,3,0.36,0.26,1.17000,2837472,41.40,44.32,42.11,-0.71
SNFCA,140546421,-0.23%,33806317,106740104,58.07%,-24.83%,1.12%,-13.27%,15.31%,8.00%,,7.48%,1.80%,11.90%,227103,6.70%,2.14%,18015,0.23,4,,,9.19000,36255,23.87,34.54,49.52,1.11
UROY,12465905,-98.84%,12306930,158975,61.42%,-74.03%,9.36%,-56.18%,5.96%,0.40%,-0.04%,-1.43%,0.40%,-1.92%,1147569,-0.28%,-1.66%,53373,0.08,2,0.08,136.80,1.54000,4317809,36.30,34.37,40.11,0.01
LAW,129127000,19.11%,119826000,9301000,-20.32%,111.08%,1.53%,,54.44%,-32.90%,-35.50%,-15.67%,-28.20%,-16.78%,258184,-39.36%,-25.08%,-99419,0.73,2,,2.39,3.52000,98484,28.97,24.94,32.11,-0.93
LFCR,5417000,-1.47%,-123994000,129411000,,-1.37%,2.49%,-8.83%,-58.29%,-788.60%,-10.94%,-7.82%,-19.90%,-8.32%,248681,-15.51%,-15.76%,-94265,0.52,5,2.34,-0.03,5.71500,465563,42.82,45.65,45.99,-1.45
DRUG,41106974,178.12%,41028825,78149,754.62%,,,,19.42%,-5.70%,-1.85%,-82.98%,-5.50%,-95.60%,,-4.73%,-86.08%,,,1,,,28.76000,11541,33.75,46.49,60.60,-0.17
VLN,132093000,3.46%,125448000,6645000,-11.55%,,3397.37%,,58.74%,-24.30%,-27.19%,-9.59%,-21.20%,-0.76%,226012,-27.68%,-20.96%,-142902,0.34,2,1.97,3.08,2.00000,195681,47.11,45.20,37.42,-0.35
AVNW,52583000,-9.90%,-26056000,78639000,,181.67%,48.82%,39.47%,-12.36%,-1.40%,0.08%,15.51%,-0.60%,20.92%,473283,,11.60%,-3854,0.78,3,4.12,0.06,16.63000,149371,35.21,38.01,37.80,-0.30
HSHP,19369000,-0.81%,-694518000,713887000,,,62.43%,,-331.18%,13.40%,8.02%,,2.50%,,41193333,7.67%,,7014667,0.14,6,,0.59,4.46000,268119,30.07,34.41,43.57,0.48
FSTR,2454000,-21.43%,-59195000,61649000,,12.30%,-8.18%,-1.70%,-28.30%,26.40%,7.93%,6.63%,12.80%,1.38%,502143,23.91%,0.80%,40630,1.59,7,5.75,3.55,19.60000,38835,41.35,36.88,47.43,3.89
CPS,170035000,-0.83%,-1020998000,1191033000,,1.12%,0.04%,5.95%,-494.75%,,1.17%,-5.46%,-4.40%,46.04%,140046,,-9.80%,-4038,1.53,6,16.79,1.45,12.15000,399028,36.54,41.28,44.25,-4.48
MBI,87000000,1.27%,-3341000000,3428000000,,-0.56%,1.30%,-6.32%,-1606.01%,,,-9.79%,-19.50%,42.80%,736842,-17.33%,-11.66%,-7842105,0.02,3,,,4.13000,328004,28.50,36.17,38.88,-9.43
MBX,262149000,-18.57%,261978000,171000,,,,,126.62%,-67.00%,-24.05%,,-35.10%,,,,,-1440047,,2,,,6.27000,726541,33.18,28.77,0.00,-5.82
HFFG,14467000,-6.84%,-195465000,209932000,,3.26%,3.25%,16.95%,-93.01%,-17.60%,-8.58%,6.54%,-8.10%,-28.38%,1154339,-8.71%,,-46207,2.02,5,9.80,1.55,3.97000,131167,55.12,61.17,49.50,-0.92
OIS,65363000,-0.92%,-85197000,150560000,,-10.31%,-6.69%,-12.42%,-40.70%,-1.60%,0.11%,-11.90%,-1.10%,-14.12%,283964,-0.20%,-8.98%,-4616,0.69,6,2.57,1.87,3.39000,820292,29.29,36.05,37.92,-0.18
SAMG,68611000,-1.66%,46079000,22532000,12.47%,-18.52%,-23.18%,-16.72%,31.45%,11.40%,,14.95%,5.30%,15.54%,753970,11.55%,6.26%,58140,0.68,5,,,15.34000,38083,31.72,31.42,41.77,1.00
MVBF,317913000,-2.46%,241367000,76546000,-22.91%,-3.21%,-10.10%,-20.24%,115.42%,6.70%,,7.40%,0.60%,11.08%,327969,5.29%,1.02%,44351,0.04,2,,,16.15000,16384,35.61,33.08,38.32,1.53
QSG,165865199,-19.61%,159376171,6489029,19.84%,,-39.17%,,75.14%,77.80%,-12.32%,,28.30%,,4211250,54.44%,,506265,2.35,3,38.73,19.55,4.09000,270057,55.27,71.03,40.91,7.59
GCO,34007000,-15.22%,-451082000,485089000,,-8.47%,-7.24%,-9.63%,-216.22%,-3.50%,1.48%,0.74%,-1.40%,2.78%,129170,-2.57%,1.18%,-1049,1.70,5,3.05,2.42,18.90000,390180,35.61,29.78,39.20,-1.74
TMQ,25213000,-8.84%,25079000,134000,1146.47%,-28.98%,,-27.01%,11.70%,-6.50%,-6.54%,-5.36%,-6.40%,8.26%,,-5.41%,8.14%,-1721800,,2,,,1.33000,10414,43.31,53.43,62.43,-0.05
FFNW,45717000,6.99%,-69706000,115423000,,4.30%,-11.73%,-4.18%,-33.57%,0.70%,,2.91%,0.10%,5.24%,278585,0.39%,0.58%,7941,0.03,4,,,22.61000,120805,58.35,56.74,67.13,0.12
JAKK,70137000,157.62%,13613000,56524000,-71.94%,-20.86%,135.07%,-23.23%,6.55%,16.20%,13.72%,22.34%,8.40%,117.88%,1016238,11.49%,6.54%,51838,1.65,5,9.07,2.66,18.66000,131771,27.93,31.11,44.15,3.14
PAL,20341840,10.48%,-73229705,93571545,,,644.98%,,-33.36%,-3.40%,-1.25%,,-2.30%,,358949,-1.83%,,-12631,0.64,2,178.59,1.22,7.68000,207152,39.38,37.64,0.00,-0.47
WSBF,39761000,-20.28%,-406758000,446519000,,-2.19%,-26.93%,-1.58%,-173.28%,5.50%,,4.50%,0.80%,10.04%,226063,2.38%,1.82%,31147,0.06,4,,,11.93000,72129,29.35,34.83,39.78,1.01
WHF,26972000,0.07%,-326485000,353457000,,-9.50%,-8.61%,3.40%,-157.91%,3.60%,,4.73%,1.60%,6.84%,,5.82%,3.06%,,0.13,5,,,8.93000,95959,34.58,30.64,33.25,0.47
LSEA,57243000,-0.93%,-668111000,725354000,,16.30%,33.39%,30.73%,-321.22%,2.60%,,3.11%,1.00%,4.26%,2788376,1.34%,2.06%,30991,0.92,6,1.07,,5.71000,185771,36.20,27.86,38.01,0.47
LUNG,101739000,1.19%,45268000,56471000,-40.37%,28.75%,36.32%,20.95%,21.01%,-57.60%,-37.85%,-29.30%,-33.80%,-65.86%,287935,-40.56%,-26.84%,-193794,0.50,4,1.15,-2.06,5.21000,345528,24.35,39.01,37.99,-1.44
SSTI,13183000,,9183000,4000000,,,-42.86%,,4.56%,-12.40%,-10.22%,-5.26%,-6.40%,-2.78%,322883,-11.01%,-1.52%,-29051,0.72,5,,1.25,16.36000,47142,48.12,56.66,45.99,-0.72
BLDE,128404000,-60.74%,119082000,9322000,-16.59%,135.25%,-61.99%,,53.77%,-11.90%,-11.78%,-29.48%,-9.90%,-45.12%,802235,-14.67%,-12.62%,-88087,0.90,4,,4.07,2.60000,1300862,44.07,40.19,42.99,-0.35
PKBK,221527000,0.02%,33227000,188300000,170.91%,15.92%,12.01%,4.93%,16.04%,9.30%,,8.06%,1.30%,13.86%,576676,5.63%,1.62%,254556,0.03,4,,,17.49000,26340,34.67,35.11,43.67,2.27
SLDB,148920000,-2.19%,124743000,24177000,28.11%,127.14%,-7.95%,27.88%,59.95%,-70.40%,-78.51%,-58.34%,-56.70%,-70.62%,,-80.37%,-55.30%,-1246970,,1,,,2.67000,783780,28.18,34.51,39.33,-3.06
JMSB,122469000,1.53%,36309000,86160000,520.56%,21.61%,-7.51%,,17.08%,7.10%,,7.26%,0.80%,,403669,5.14%,,128729,0.02,4,,,14.54000,24705,32.63,29.15,37.66,1.20
PDYN,40071000,-3.10%,29035000,11036000,8.79%,,-10.97%,,14.31%,-372.90%,-140.12%,-445.56%,-152.50%,-148.80%,109662,-1791.28%,-94.28%,-1022775,0.16,4,6.14,-13.67,5.87000,702050,42.64,49.00,43.73,-2.71
CIA,29419000,,29419000,,3.07%,,,,14.31%,7.40%,,12.04%,0.90%,14.48%,980004,7.09%,1.48%,59648,0.14,5,,,4.12000,139182,43.12,47.18,54.80,0.29
SWKH,5927000,20.49%,-31718000,37645000,,1575.74%,-12.72%,,-15.62%,4.80%,7.06%,5.67%,4.20%,5.54%,1874458,2.56%,5.04%,562000,0.14,5,,-14.19,16.78000,6601,46.18,49.14,47.94,1.08
RR,35894000,29.87%,35168000,726000,386.48%,,137.25%,,16.78%,-32.20%,-16.54%,,-29.60%,,77018,-17.20%,,-156825,0.15,3,1.12,80.98,1.79000,3776128,44.39,48.47,37.33,-0.13
MEI,103800000,-3.92%,-251400000,355200000,,14.83%,-0.64%,4.51%,-122.93%,-12.40%,-5.60%,4.97%,-6.70%,7.06%,142440,-5.83%,4.42%,-12213,0.78,4,4.21,1.81,5.73000,624803,33.91,30.81,27.41,-2.60
SES,262544000,-4.23%,251982000,10562000,-20.94%,,-23.02%,,117.66%,-31.60%,-32.58%,-3.91%,-27.90%,9.06%,8160,-37.82%,-22.16%,-400740,0.01,1,1.95,1.16,0.56010,11371152,46.73,44.05,38.52,-0.31
BYND,132954000,-0.03%,-1089072000,1222026000,,1.83%,0.40%,108.24%,-527.87%,,-25.33%,-26.81%,-22.80%,87.72%,432960,-25.15%,-22.86%,-212570,0.46,3,2.34,-2.35,2.68000,1937037,34.63,30.28,33.26,-2.43
ENGNW,,,,,,,,,,,,,,,,,,,,3,,,0.56990,9824,35.07,36.26,49.56,
ENGN,213888000,0.44%,188755000,25133000,208.42%,,2.48%,,92.11%,-27.70%,-24.19%,,-24.30%,,,-28.40%,,-1211351,,3,,,4.00000,137284,32.50,32.22,43.29,-1.52
EMX,32807000,-0.64%,-1743000,34550000,,-12.02%,5.49%,,-0.81%,-2.80%,2.81%,-5.48%,-2.10%,-7.12%,389002,-2.80%,-5.60%,-67102,0.18,6,,3.11,2.02000,817867,58.84,60.74,56.79,-0.03
ISPR,34395386,-9.42%,31577751,2817635,40.29%,80.63%,-34.66%,,15.34%,-73.40%,-83.75%,,-18.70%,,1515558,-80.05%,,-234332,1.21,4,15.08,1.55,3.56000,56238,54.24,38.33,39.76,-0.41
WGRX,1113344,13.50%,-23885419,24998763,,,7042.50%,,-11.76%,-136.20%,-31.24%,,-20.00%,,584801,-19.36%,,-221169,0.53,2,,1.66,3.91000,343073,54.28,0.00,0.00,-0.15
ESCA,4194000,-28.85%,-22632000,26826000,,-23.42%,-55.17%,85.21%,-10.82%,7.80%,10.47%,9.85%,5.40%,12.32%,550350,7.46%,7.78%,28416,1.04,7,2.25,5.14,14.85000,15063,46.36,48.83,50.31,0.93
ABEO,98058000,-0.26%,75010000,23048000,59.04%,34.95%,326.81%,23.72%,35.37%,-165.40%,-64.46%,-142.87%,-58.20%,-173.84%,,-95.72%,-71.88%,-468632,,2,,,4.18000,673708,31.22,33.24,38.07,-1.55
ESEA,80666327,-5.78%,-124737591,205403918,,20.28%,58.00%,18.08%,-63.12%,34.50%,23.11%,24.61%,20.60%,51.10%,583280,21.12%,23.66%,308974,0.39,5,20.66,1.87,28.67000,34094,42.51,36.76,46.49,16.20
EWCZ,56194000,0.00%,-324625000,380819000,,28.80%,0.11%,11.07%,-154.35%,13.70%,5.69%,5.77%,1.50%,,1068552,8.88%,,51537,0.30,5,2.88,0.58,3.65000,598251,35.19,28.43,25.89,0.22
ODV,76252173,-40.97%,42907353,33344820,119.97%,50.69%,150.80%,,19.82%,-15.50%,-10.42%,-19.67%,-10.90%,,31667,-14.07%,,-599604,0.01,1,0.60,-0.63,1.57000,462203,58.71,47.70,37.93,-0.64
FLD,26900010,28.98%,-155933428,182833438,,,1624.59%,,-97.90%,,-62.50%,,-83.30%,,848327,-5.05%,,-2324599,0.30,1,115.82,-2.09,4.28000,148333,29.78,0.00,0.00,-9.20
ACRE,66294000,-12.73%,-1106075000,1172369000,,-15.21%,-27.50%,-2.57%,-556.22%,-6.10%,,2.48%,-1.80%,1.24%,58042,,0.28%,-29161,0.04,3,,,3.65000,772818,23.35,23.98,28.65,-0.64
FOA,301968000,1.31%,-28389228000,28691196000,,12.34%,7.87%,,-14337.58%,6.10%,,-65.73%,0.10%,-312.96%,449098,-0.02%,6.76%,20568,0.01,4,,,18.67000,147554,33.83,44.65,49.89,1.18
HMST,406600000,-42.24%,-818531000,1225131000,,94.30%,-37.80%,15.45%,-409.67%,-29.10%,,2.98%,-1.60%,1.04%,96191,-7.43%,0.32%,-183410,0.01,1,,,10.56000,134613,52.15,48.46,42.77,-7.65
NWFL,72339000,8.84%,-142523000,214862000,,33.25%,8.35%,12.60%,-71.14%,-0.10%,,5.50%,,9.58%,178476,-0.06%,,-590,0.02,2,,,21.67000,33097,25.02,28.74,39.05,-0.02
NVCT,18533000,,18533000,,-3.10%,,,,9.29%,-160.80%,-195.61%,-62.03%,-102.80%,,,-204.33%,,-1461538,,1,,,8.52500,102087,48.46,54.78,52.03,-1.11
PDEX,4737000,19.10%,-12589000,17326000,,6.34%,28.45%,19.26%,-6.29%,21.70%,21.72%,12.85%,12.40%,23.54%,412182,16.12%,13.30%,45595,1.12,5,2.46,7.00,61.10000,52422,74.48,72.78,74.11,2.00
CHMG,47035000,98.93%,-71483000,118518000,,66.79%,190.51%,57.65%,-35.92%,11.30%,,9.71%,0.90%,12.98%,283776,7.09%,0.98%,69012,0.04,4,,,41.56000,13532,36.14,36.67,45.77,4.96
CDZI,17292000,3.90%,-68598000,85890000,,7.72%,40.31%,-10.94%,-34.38%,-104.80%,-19.36%,-17.72%,-25.40%,-49.54%,384320,-19.40%,-31.08%,-1245600,0.08,3,2.85,-6.24,2.43000,536977,24.45,30.93,40.70,-0.53
ONTF,182736000,0.65%,179348000,3388000,-7.23%,-0.27%,-37.13%,-32.44%,89.21%,-25.20%,-25.49%,-21.70%,-16.40%,-16.70%,338858,-31.12%,-7.48%,-96467,0.57,4,,0.09,4.68000,143788,30.05,28.67,23.47,-1.01
ITOS,494947000,-7.81%,489851000,5096000,-6.90%,-1.55%,-15.88%,,248.07%,-22.20%,-18.61%,-3.56%,-19.30%,0.08%,202312,-26.79%,-1.20%,-776960,0.05,2,,1.50,5.18000,386222,29.48,26.43,36.38,-3.32
FRST,77274000,38.81%,-216410000,293684000,,10.82%,107.76%,18.53%,-111.08%,-0.80%,,2.50%,-0.10%,4.88%,193936,-1.99%,0.62%,-5492,0.03,0,,,8.00000,153986,25.76,22.96,36.98,-0.12
YMAB,67234000,-23.72%,66414000,820000,-13.99%,-39.12%,-42.21%,-18.13%,34.56%,-31.30%,-32.43%,-63.23%,-23.40%,-48.10%,843125,-33.61%,-39.34%,-285250,0.69,2,0.73,-0.93,4.35000,179567,39.82,26.66,36.37,-0.67
WILC,65281088,-2.00%,64034491,1246597,1.69%,3.84%,113.06%,3.87%,31.59%,12.10%,20.55%,6.01%,10.80%,8.52%,771182,6.74%,7.78%,94175,0.88,4,5.16,9.27,14.12000,94748,36.07,46.55,54.48,1.39
OVLY,168751000,,168751000,,-22.08%,,,,85.60%,14.10%,,14.45%,1.30%,15.42%,338567,13.60%,1.20%,108000,0.04,4,,,23.71000,9806,42.12,39.42,46.59,3.02
CRVS,51964000,216.95%,50842000,1122000,97.25%,-32.49%,-18.34%,-18.85%,27.57%,-192.30%,-185.92%,-58.54%,-107.20%,-72.66%,,-81.75%,-50.68%,-2009452,,1,,,2.87000,701401,30.09,34.95,47.42,-1.02
OCGN,58821000,379.18%,26318000,32503000,-19.07%,114.23%,368.28%,87.36%,13.68%,-183.90%,-88.75%,-96.80%,-91.30%,-134.40%,42684,-88.13%,-92.20%,-568526,0.07,2,,-5.12,0.66960,2662779,51.51,42.58,38.45,-0.20
MNPR,60212202,,60212202,,728.68%,,,,29.85%,-84.80%,-28.32%,-76.28%,-75.60%,-72.68%,,-29.37%,-62.34%,-1558642,,1,,,31.87000,13404,48.64,55.55,66.09,-4.11
WRN,49027463,74.42%,48984409,43054,116.48%,-48.08%,-69.35%,,25.40%,-3.90%,-3.68%,-4.36%,-3.80%,-3.58%,,-5.08%,-3.48%,-320455,,2,,,1.01000,9569,44.61,44.22,41.45,-0.03
PWOD,37955000,-10.21%,-261722000,299677000,,30.58%,-25.29%,11.87%,-134.66%,8.90%,,4.06%,0.80%,9.54%,219862,3.51%,0.82%,57039,0.03,4,,,25.53000,38835,34.51,40.38,51.49,2.35
INBK,466410000,-35.47%,66260000,400150000,,-13.54%,-44.41%,-7.30%,33.00%,6.70%,,3.05%,0.50%,8.26%,360896,3.22%,0.66%,77534,0.02,3,,,22.32000,89619,33.99,28.08,42.72,2.88
FTK,4506000,27.94%,-8343000,12849000,,-1.05%,-28.13%,-6.18%,-4.31%,9.70%,10.17%,-65.95%,6.50%,-89.94%,1317077,9.06%,-34.32%,73930,1.16,5,11.30,1.10,6.53000,136233,36.31,43.61,50.75,0.34
INSE,29300000,-6.60%,-321500000,350800000,,1.83%,5.82%,4.46%,-164.37%,-107.90%,9.33%,67.29%,17.50%,-10.12%,185688,318.04%,-0.92%,40500,0.80,5,3.06,-0.08,7.20000,105492,36.67,34.68,39.24,2.22
DOYU,558835874,-22.04%,556692050,2143824,-33.63%,-36.66%,-26.96%,,28.75%,-5.50%,8.07%,-5.04%,-4.40%,-1.66%,437908,-13.32%,-1.30%,-30498,0.63,0,,7.28,6.12000,103027,31.02,36.52,38.85,-1.32
LCNB,35994000,-0.34%,-125274000,161268000,,113.92%,-25.61%,28.27%,-62.95%,5.50%,,5.83%,0.60%,7.96%,201621,3.26%,0.94%,34331,0.03,4,,,13.67000,22289,37.33,38.05,43.13,0.97
EB,489490000,-0.08%,246323000,243167000,-12.65%,-12.77%,-32.63%,57.27%,134.18%,-8.80%,-1.20%,-14.64%,-1.80%,-41.86%,434583,-7.45%,-10.80%,-20817,0.38,5,,-0.65,2.04000,1660218,36.57,30.16,30.97,-0.17
VABK,17103000,-55.08%,-12028000,29131000,,40.63%,-63.55%,,-6.24%,10.70%,,9.26%,1.10%,11.76%,373733,8.96%,1.04%,116205,0.03,3,,,35.76000,3371,50.47,47.79,51.86,3.15
ANIK,55629000,-4.86%,31615000,24014000,-26.18%,7.67%,-7.34%,2.36%,16.29%,-30.00%,-29.35%,-6.21%,-23.50%,-14.84%,416344,-2.87%,-11.72%,-195781,0.50,3,1.82,3.15,13.60000,63607,32.05,24.52,31.21,-3.83
ELMD,16235000,,16235000,,55.60%,,,,8.28%,15.70%,21.29%,9.28%,13.40%,9.98%,342678,14.46%,8.70%,38868,1.18,6,3.53,16.71,22.53000,732,36.45,39.70,55.92,0.75
BSII,,,,,,,,,,,,,,,,,,,,1,,,10.07500,400,46.39,63.39,0.00,0.11
SSP,23852000,-6.38%,-2631719000,2655571000,,-6.63%,-11.49%,5.53%,-1351.10%,2.40%,7.67%,0.57%,0.60%,-6.44%,501954,5.74%,-1.74%,5798,0.48,7,,0.65,2.22000,746354,42.68,48.22,38.04,1.01
XNET,287756000,102.42%,258128000,29628000,3.70%,13.63%,29.10%,8.02%,657.16%,0.40%,-0.31%,-1.98%,0.30%,1.46%,265959,-4.52%,0.96%,1000,0.69,4,89.56,0.99,3.13000,608511,35.23,52.34,58.92,0.02
TENX,94851000,,94851000,,920.89%,,,,432.00%,-33.40%,-19.11%,-313.07%,-31.80%,-288.24%,,-21.19%,-206.94%,-2933667,,2,,,5.35000,7678,39.91,46.60,30.19,-1.15
BPRN,117348000,-2.90%,94407000,22941000,-25.24%,7.32%,-5.51%,,49.52%,4.10%,,,0.50%,,281692,3.59%,,41466,0.03,4,,,27.71000,8916,28.55,33.27,41.93,1.55
LAZR,184549000,-8.36%,-350099000,534648000,,-4.79%,-19.07%,124.64%,-185.18%,,-81.03%,-85.00%,-67.50%,179.56%,129991,-138.61%,-71.34%,-470931,0.19,3,7.46,-9.32,4.52000,1741810,40.35,36.18,30.47,-8.70
EVBN,42716000,-29.04%,-79221000,121937000,,18.56%,-35.77%,34.30%,-39.52%,6.60%,,6.02%,0.50%,11.30%,254474,3.92%,0.86%,44940,0.03,2,,,34.85000,6,31.19,33.18,48.86,2.16
FINW,109162000,-4.99%,103796000,5366000,-6.06%,72.25%,-17.27%,,53.57%,7.60%,,13.94%,1.90%,21.16%,356245,7.11%,5.06%,65010,0.11,2,,,14.42000,7045,29.00,40.75,51.80,0.93
INGN,117415000,-3.68%,98009000,19406000,-8.01%,-10.06%,-11.48%,23.64%,53.33%,-19.40%,-16.62%,-20.37%,-11.70%,-17.74%,438257,-22.00%,-12.28%,-46851,1.10,4,7.76,1.35,7.08000,371930,41.01,37.17,39.68,-1.52
JRVR,391050000,,86195000,304855000,322.69%,-5.94%,-6.59%,3.05%,46.74%,-22.80%,,0.67%,-2.40%,-12.40%,1097095,-6.07%,-1.50%,-183363,0.14,1,,,4.17000,213691,48.21,35.09,22.44,-3.06
IONR,21552000,2.88%,20232000,1320000,-70.68%,,340.00%,,415.34%,-4.70%,-3.88%,-5.19%,-4.60%,,,-4.98%,,,,1,,,3.30860,19109,34.15,38.59,34.71,-8.80
HWBK,50994000,-10.21%,-81695000,132689000,,-4.55%,-15.86%,-5.48%,-42.55%,12.80%,,6.91%,1.00%,11.60%,268231,6.47%,0.88%,68119,0.04,4,,,27.24000,12699,42.81,45.39,54.26,2.61
ESPR,144761000,5.65%,-446451000,591212000,,4.56%,9.29%,34.54%,-235.05%,,7.69%,-73.97%,-15.00%,269.92%,1093138,,-65.56%,-170214,0.96,6,0.86,-5.00,0.96000,15170820,19.24,32.58,34.89,-0.28
ZYBT,7057899,38.49%,-5225921,12283820,,,,,-2.76%,11.10%,-8.04%,,6.20%,,104378,10.63%,,15037,0.42,5,,6.18,4.00000,75849,45.01,0.00,0.00,0.10
PHLT,9292000,-2.31%,8447000,845000,24.44%,-66.87%,55.05%,-58.62%,4.46%,-13.00%,-10.41%,-7.90%,-9.80%,-16.52%,127574,-12.28%,-8.42%,-10265,1.21,3,,4.66,2.42000,94071,37.27,40.92,44.70,-0.13
EP,2251464,26.93%,-9628596,11880060,,7.96%,77.89%,8.75%,-4.73%,-30.90%,-14.31%,35.71%,-13.90%,295.04%,692862,-18.31%,-32.64%,-257111,0.38,3,22.87,0.96,5.62000,28517,45.37,44.00,44.01,-0.54
MBCN,55792000,56.37%,-128268000,184060000,,142.54%,5.26%,59.51%,-66.89%,7.40%,,6.23%,0.80%,9.14%,267825,3.93%,0.98%,63085,0.04,4,,,23.41000,6029,42.91,42.08,45.07,1.92
CFFI,65586000,-13.85%,-57023000,122609000,,10.67%,11.93%,-5.32%,-30.72%,8.90%,,8.34%,0.80%,12.28%,209290,5.70%,1.10%,36393,0.05,4,,,58.39000,13560,32.76,35.52,47.58,6.01
OPOF,140044000,3.11%,66278000,73766000,,28.92%,-27.32%,7.91%,34.46%,8.50%,,4.57%,0.70%,7.36%,209326,5.06%,0.62%,32674,0.04,4,,,36.89000,20948,86.57,88.41,73.41,1.88
RITR,6301565,26.84%,-1230338,7531902,,,,,-0.62%,22.30%,-3.67%,,8.90%,,619663,15.09%,,48969,1.13,3,,6.58,3.01000,11404,56.91,46.01,0.00,0.06
FBLA,98845000,-63.82%,18808000,80037000,,,-56.50%,,9.00%,-3.10%,,,-0.50%,,197371,-1.56%,,-18888,0.05,1,,,10.25000,106953,30.69,32.25,0.00,-1.74
NEWP,18309787,,18309787,,-29.67%,,,,9.98%,-3.50%,-3.56%,-5.22%,-3.50%,-3.26%,,-4.84%,-3.20%,-95042,,1,,,1.07000,8052,45.79,40.90,38.82,-0.03
NTHI,64893,-99.63%,40171,24722,,,,,0.02%,,169.54%,,-508.20%,,10375,,,-1487308,0.04,3,,-19.94,10.00000,107411,0.00,0.00,0.00,-0.69
CRGX,340271000,2.95%,310845000,29426000,-17.71%,,3.10%,,166.05%,-42.70%,-43.06%,,-37.70%,,,-48.09%,,-1003006,,1,,,4.07000,198565,42.96,31.31,28.12,-3.72
ARL,40475000,0.86%,-144923000,185398000,,-20.78%,1.49%,-17.09%,-77.35%,-2.40%,,-1.52%,-1.40%,18.20%,,-0.84%,7.94%,,0.05,2,,,11.60000,3770,43.90,39.92,42.87,-0.91
CDTX,196177000,-9.31%,192601000,3576000,523.28%,-10.93%,-26.68%,-21.14%,102.89%,-173.30%,-102.77%,83.26%,-112.60%,109.12%,33553,-105.52%,-77.08%,-4469132,0.01,1,,-3.51,17.09000,339170,35.03,44.44,48.06,-26.75
AMRN,294520000,-5.99%,286797000,7723000,-8.21%,-3.43%,-11.61%,-33.54%,154.85%,-15.50%,-15.27%,-10.03%,-10.90%,-9.08%,831324,-18.59%,-6.08%,-298847,0.30,2,0.52,-2.16,0.45150,1291267,49.95,42.53,33.52,-0.20
TERN,358164000,3.22%,356817000,1347000,35.76%,,123.38%,,195.10%,-30.50%,-25.44%,-17.48%,-29.10%,-19.68%,,-29.34%,-33.94%,-1505983,,2,,,2.14000,1117806,29.38,25.15,33.32,-1.12
QTRX,291732000,-2.91%,254361000,37371000,-9.95%,19.51%,-9.87%,37.29%,133.42%,-11.40%,-10.45%,-15.51%,-9.40%,-15.30%,291764,-14.32%,-12.50%,-81807,0.33,2,1.84,0.85,4.81000,1102496,28.70,27.18,30.38,-1.00
SOPH,80226000,-5.19%,50196000,30030000,-52.03%,31.99%,61.44%,28.82%,26.45%,-53.90%,-46.19%,-39.32%,-36.00%,-49.18%,154073,-52.61%,-36.34%,-147738,0.38,2,3.44,-2.31,2.79000,8570,39.53,38.80,33.58,-0.95
CDXS,74861000,43.13%,14966000,59895000,-70.43%,7.92%,273.78%,18.06%,8.42%,-92.90%,-43.75%,-30.79%,-45.10%,-43.98%,315665,-46.14%,-25.22%,-347213,0.41,3,7.26,-4.20,2.25000,917140,38.05,35.81,39.04,-0.89
SLDP,118197000,6.81%,108790000,9407000,-34.66%,316.71%,-1.53%,,58.06%,-21.60%,-22.25%,-34.31%,-20.00%,40.40%,77458,-25.10%,-22.30%,-371231,0.04,3,,2.02,1.02000,2244157,43.07,39.92,36.85,-0.54
CPSS,137397000,0.84%,-2993550000,3130947000,,17.18%,21.99%,6.46%,-1587.31%,6.80%,,5.31%,0.60%,22.70%,421764,4.47%,1.74%,20582,0.12,5,,,8.63000,6672,45.53,39.71,47.13,0.79
GASS,80653398,-1.83%,-4236271,84889669,,-34.43%,-31.34%,-25.36%,-2.23%,11.60%,11.47%,3.57%,9.50%,4.74%,277844,8.41%,3.66%,116050,0.23,7,22.76,2.15,5.02000,43966,39.12,40.68,48.37,1.90
TE,76645000,4097.10%,-627419000,704064000,,,,515.04%,-372.82%,-96.20%,-50.54%,-45.83%,-55.20%,-70.36%,8970,-8.32%,-22.60%,-1372680,0.00,1,,-1.66,1.18000,1784731,39.31,41.07,37.13,-3.20
TVGN,1282995,-2.65%,-1602864,2885859,,-50.28%,-96.98%,,-0.86%,,180.78%,,-284.90%,,,,,-570761,,2,,,1.00000,461564,48.48,42.64,22.51,-0.07
ELLO,46827937,7.89%,-537051106,583879043,,11.46%,16.72%,23.64%,-296.35%,-5.90%,1.07%,9.44%,-1.10%,12.38%,1621274,-0.93%,1.56%,-279728,0.06,2,,0.20,14.29000,17,38.11,42.48,45.06,-0.56
FUNC,78327000,8.84%,-109395000,187722000,,27.12%,18.88%,4.19%,-59.40%,12.00%,,6.74%,1.10%,13.10%,235798,5.60%,1.04%,63095,0.04,4,,,28.34000,33533,42.70,42.32,54.84,3.15
FVCB,90950000,-9.55%,14617000,76333000,,11.13%,-32.96%,3.86%,7.98%,6.60%,,4.99%,0.70%,8.06%,509798,4.83%,0.80%,132140,0.03,4,,,9.96000,45242,43.89,38.81,39.31,0.82
CRNT,35311000,-0.59%,-5796000,41107000,,4.17%,-18.12%,10.49%,-3.13%,16.00%,20.01%,2.77%,7.70%,-3.22%,373286,16.48%,-1.62%,22787,1.26,7,4.01,1.50,2.06000,778527,32.81,34.87,43.51,0.27
INV,16297000,585.38%,1390000,14907000,,267.64%,1066.43%,,0.79%,,-356.10%,,-120.50%,,,,,,0.04,2,,-3.77,3.68000,93665,24.99,21.45,0.00,-5.43
TTEC,84991000,-5.33%,-994375000,1079366000,,6.25%,-4.49%,18.47%,-545.06%,-91.10%,-11.62%,4.80%,-17.10%,-2.98%,42454,-13.05%,0.56%,-6172,1.18,5,,1.67,3.81000,250674,51.53,41.71,25.21,-6.74
COOK,14981000,-1.72%,-419150000,434131000,,1.07%,-5.36%,-0.64%,-237.65%,-11.80%,-0.35%,-9.41%,-4.10%,-26.30%,907015,-0.41%,-10.92%,-51063,0.72,5,3.43,-0.08,1.39000,148007,27.01,25.37,28.99,-0.27
MFIN,169572000,-0.10%,-116715000,286287000,,7.72%,14.26%,4.88%,-62.33%,10.00%,,6.80%,1.30%,9.60%,789443,7.08%,1.28%,206195,0.05,5,,,8.10500,25389,36.98,41.15,48.60,1.52
GDEV,135032000,-39.11%,133732000,1300000,-2.73%,,47.56%,,72.60%,-25.40%,429.97%,-2.57%,8.60%,4.30%,579798,-34.34%,-4.06%,35171,1.42,5,,0.65,9.99000,13263,30.45,33.50,31.57,1.38
AZUL,409675287,,-4061859062,4471534349,,,68.56%,,-2422.60%,,-4.93%,32.21%,-12.10%,53.40%,247930,,-23.20%,-31808,0.95,4,16.33,-0.68,1.47000,426501,40.23,30.31,35.38,-4.22
PVBC,169142000,-62.31%,120717000,48425000,8.30%,39.37%,-55.52%,10.89%,60.43%,3.20%,,1.80%,0.40%,2.12%,309497,2.60%,0.32%,40620,0.03,4,,,10.77000,29888,35.09,42.58,48.75,0.43
ILPT,242480000,-0.10%,-4058057000,4300537000,,73.17%,-0.13%,25.05%,-2218.86%,-15.90%,,3.39%,-1.70%,-7.36%,,,0.42%,,0.08,4,,,2.73000,956327,28.81,31.87,35.80,-1.46
PLX,34830000,-2.78%,29304000,5526000,60.32%,-45.14%,-78.97%,-38.12%,16.26%,8.80%,10.91%,-20.34%,3.70%,-134.18%,250700,5.67%,-9.92%,13765,0.68,5,1.21,-2.11,2.31000,401319,41.66,56.79,58.33,0.04
SKGR,169659,19.88%,-8173878,8343537,,,48.46%,,-4.79%,-19.70%,3.09%,,2.80%,,,26.92%,,1584197,,2,,,12.02000,162616,40.61,43.82,56.53,0.21
ARQQ,18705000,-87.11%,17715000,990000,-56.93%,,-87.36%,,9.31%,-139.10%,-374.31%,30.98%,-86.30%,331.18%,4702,-195.83%,-108.44%,-665622,0.01,0,,-15.92,14.37000,402476,47.55,47.14,40.09,-4.74
FHTX,245455000,-4.96%,208324000,37131000,9.25%,-13.98%,-17.62%,17.43%,113.69%,,-39.92%,247.39%,-29.50%,-52.40%,201804,,-33.76%,-773393,0.08,0,,-2.57,3.23000,72948,39.87,35.10,42.48,-1.58
PROK,358292000,-49.74%,355056000,3236000,-0.97%,34.36%,-26.67%,,197.79%,,-15.26%,-77.07%,-13.60%,,373,,,-299931,,0,,-0.56,0.61350,1458931,25.55,27.71,31.82,-0.62
GSHR,,,,,,,,,,,,,,,,,,,,0,,,10.02000,3943,0.00,0.00,0.00,
NTCL,415280,-61.48%,402158,13122,-57.37%,,-86.69%,,0.29%,-39.90%,-45.45%,,-21.50%,,273017,-43.19%,,-39941,1.47,2,66.88,21.18,10.05000,23012,57.06,61.04,0.00,-0.09
AOMR,42893000,-0.87%,-1778473000,1821366000,,-4.32%,10.16%,38.10%,-998.40%,11.20%,,-0.96%,1.30%,-5.58%,171527,1.56%,-0.36%,95833,0.02,4,,,7.62000,131875,22.26,27.19,36.96,1.17
LXRX,237957000,0.40%,137659000,100298000,95.21%,338.44%,0.79%,-16.37%,76.15%,-93.90%,-73.00%,-66.48%,-56.80%,-95.18%,301757,-80.05%,-53.38%,-1945660,0.09,3,2.01,-9.65,0.49530,5940506,53.81,39.97,37.74,-0.63
MAPS,51966000,-2.93%,21873000,30093000,1573.53%,-12.45%,-8.93%,171.15%,13.37%,27.60%,5.07%,4063.28%,4.40%,223.80%,419350,22.15%,1.22%,17361,1.07,7,,2.56,1.06000,790788,36.69,42.63,40.24,0.08
UFG,5504202,-2.37%,4129251,1374951,,,,,2.27%,36.00%,75.34%,,11.00%,,4163855,20.83%,,71282,6.40,3,,15.63,5.50000,3151370,62.50,0.00,0.00,0.02
FLXS,11789000,-2.12%,-54020000,65809000,,-14.05%,-24.60%,36.00%,-28.54%,13.00%,12.84%,1.24%,7.30%,3.96%,287021,8.91%,1.70%,13279,1.58,6,3.45,4.36,33.76000,20823,33.02,31.99,48.13,3.56
FF,109541000,,109541000,,-50.08%,,,,63.23%,7.40%,7.67%,6.96%,5.50%,9.38%,453145,2.95%,7.44%,28870,0.86,4,9.72,4.32,4.06000,365793,44.03,32.90,38.70,0.35
BRY,30036000,0.97%,-399597000,429633000,,2.88%,0.38%,1.73%,-223.90%,2.70%,5.05%,2.71%,1.30%,1.40%,725702,3.96%,0.18%,17992,0.51,7,,0.82,2.30000,1133821,29.86,22.39,29.02,0.25
EHTH,85330000,-2.03%,-11591000,96921000,,32.82%,-6.05%,19.93%,-6.49%,-6.30%,2.88%,-5.33%,-3.30%,-8.98%,300288,,-5.28%,-19718,0.50,4,,1.30,5.93000,130604,32.66,40.28,42.56,-1.19
CIO,33959000,-0.19%,-613013000,646972000,,-0.34%,-3.37%,1.28%,-346.00%,-3.30%,,2.02%,-1.70%,16.32%,8556300,,7.28%,-1255000,0.12,3,,,4.39000,293489,26.83,35.45,37.95,-0.63
SPKL,,,,,,,,,,,,,,,,,,,,1,,,10.77000,642,54.89,69.22,94.88,0.19
LOGC,149000000,,149000000,,-60.37%,,,,83.33%,-48.20%,-45.70%,-76.78%,-36.80%,21.46%,5375000,-52.32%,-39.32%,-9375000,0.21,1,,-8.45,6.72000,232818,43.52,48.30,33.56,-2.92
IHRT,259580000,-2.60%,-5597991000,5857571000,,-3.74%,-3.21%,-2.47%,-3164.83%,,-16.78%,-10.09%,-16.90%,87.68%,381637,-17.05%,-11.62%,-99994,0.65,5,,-0.74,1.16000,643550,29.84,35.26,34.21,-6.68
GOSS,294518000,0.02%,92597000,201921000,6.11%,3.46%,-3.46%,40.26%,52.59%,-117.80%,-16.32%,-60.88%,-17.40%,-473.56%,791041,-25.89%,-53.74%,-389848,0.35,2,,-4.35,0.77700,1629396,32.50,42.08,37.72,-0.25
DRTS,59600000,-0.23%,47064000,12536000,-31.31%,,-5.57%,,26.33%,-44.50%,-35.40%,7.18%,-33.80%,32.10%,,-47.93%,-36.02%,-254000,,2,,,2.50000,6880,43.09,43.63,39.91,-0.45
BDMD,1510484,787.94%,-10002992,11513476,,,54.73%,,-5.46%,2671.20%,33.21%,,10.50%,,212553,21.61%,,71257,0.31,3,3.47,7.32,4.91000,24504,46.21,53.37,0.00,0.36
RGP,72495000,-4.33%,45942000,26553000,-53.61%,-30.23%,79.44%,-22.30%,26.21%,-30.20%,-39.64%,9.10%,-23.70%,10.98%,708204,-39.42%,7.36%,-136539,1.23,3,,1.73,5.30000,489157,27.49,20.54,22.34,-3.28
ESSA,52931000,-20.73%,-182391000,235322000,,199.25%,-38.33%,-1.44%,-102.58%,7.30%,,4.77%,0.80%,8.28%,266522,3.54%,0.90%,65656,0.03,3,,,17.35000,18854,34.86,35.55,46.28,1.74
MITT,138568000,-0.83%,-6191228000,6329796000,,31.61%,13.75%,12.85%,-3556.19%,6.70%,,-5.75%,0.50%,-19.24%,,0.77%,-6.42%,,0.01,5,,,5.90000,373022,24.02,34.12,41.39,1.23
MPAA,12719000,-13.75%,-190601000,203320000,,-2.50%,-11.80%,-1.73%,-114.70%,-6.50%,6.83%,5.53%,-1.80%,-2.06%,127750,,-0.54%,-2951,0.77,7,1.59,1.31,8.91000,58970,40.05,51.75,48.82,-0.89
FET,44661000,-9.64%,-216875000,261536000,,-0.81%,36.07%,-10.27%,-125.28%,-32.80%,-15.79%,-9.80%,-14.30%,-16.40%,453569,-14.92%,-7.18%,-75181,0.86,5,1.99,-0.18,14.06000,122097,32.09,39.84,39.08,-11.00
UTMD,82976000,-5.69%,82694000,282000,-10.67%,-10.70%,-4.41%,-5.59%,45.97%,11.20%,14.15%,11.62%,10.70%,12.90%,244928,9.54%,12.00%,83078,0.32,5,1.82,24.29,52.90000,31694,22.80,22.90,26.71,3.96
TLSI,11288000,3.02%,-12162000,23450000,,,1281.85%,,-6.97%,,-304.27%,,-216.60%,,240098,-1427.02%,,-495170,1.05,3,1.23,-16.37,5.55000,24214,52.80,52.83,46.29,-1.98
LFVN,21595000,-4.45%,8826000,12769000,148.48%,-9.67%,-7.33%,33.23%,5.08%,26.60%,25.13%,16.61%,11.70%,20.42%,955640,18.11%,10.18%,33063,3.37,6,2.64,4.43,13.82000,194356,39.12,43.85,58.02,0.56
WLAC,,,,,,,,,,,,,,,,,,,,1,,,10.03000,9538,61.76,90.51,0.00,0.02
NAMI,16138010,-23.86%,15063643,1074367,,,,,140.66%,-39.60%,-36.74%,,47.40%,,576036,-59.38%,,103416,2.56,4,,3.78,2.70000,16888,46.95,36.80,0.00,0.38
SATX,14433000,-1.99%,-55436000,69869000,,44.51%,11.79%,,-32.16%,,105.41%,-376.77%,-136.30%,,169007,,,-338259,0.68,3,6.04,-24.44,1.99000,998058,68.51,68.49,34.34,-0.54
BLFY,42502000,-2.67%,-331522000,374024000,,19.03%,-13.66%,3.89%,-171.86%,-3.50%,,-2.59%,-0.60%,-6.08%,221163,-1.69%,-0.86%,-64734,0.02,2,,,8.56000,71861,29.75,35.12,40.81,-0.55
FXNC,162874000,-52.62%,132419000,30455000,478.63%,16.48%,-52.62%,16.38%,76.86%,5.30%,,7.73%,0.40%,10.20%,390910,3.54%,0.84%,44654,0.04,2,,,19.22000,13949,26.47,35.99,48.84,1.00
EQC,160511000,,160511000,,-92.57%,,,,93.68%,1.70%,,4.94%,1.70%,6.20%,2656045,-2.82%,5.88%,1905773,0.02,3,,,1.60000,848021,39.97,7.67,12.16,0.38
EARN,31840000,20.23%,-553712000,585552000,,-20.88%,-19.74%,-14.72%,-319.79%,3.90%,,0.77%,0.80%,-1.88%,100460,0.75%,-0.02%,43907,0.02,5,,,4.58000,705048,23.09,19.35,29.73,0.28
TLS,54578000,-4.66%,44432000,10146000,-49.39%,-12.71%,-11.53%,-23.32%,25.58%,-37.50%,-38.10%,-22.75%,-29.90%,-23.60%,208617,-40.70%,-17.12%,-101195,0.62,3,46.11,0.58,2.36000,364930,37.02,36.11,37.26,-0.73
FORR,104669000,-5.70%,44860000,59809000,-13.42%,-24.69%,-17.70%,-21.26%,26.59%,-2.50%,1.88%,3.90%,-1.10%,5.46%,275283,-0.56%,1.64%,-3658,0.83,4,,1.74,9.02000,35512,34.29,23.36,27.20,-0.30
MYFW,236041000,-4.59%,126438000,109603000,65.51%,12.17%,-38.44%,45.93%,74.41%,3.40%,,4.58%,0.30%,8.70%,280595,2.34%,0.72%,26396,0.03,2,,,17.61000,25128,33.64,40.23,44.94,0.87
III,23158000,-10.74%,-39433000,62591000,,-6.78%,-25.89%,-7.18%,-23.05%,3.00%,6.66%,6.28%,1.30%,9.64%,187139,1.97%,4.02%,2146,1.10,6,,1.96,3.54000,110833,49.36,54.62,45.86,0.06
GENC,116585000,-17.49%,116165000,420000,23.34%,-22.26%,-3.67%,,68.29%,8.60%,10.59%,3.26%,8.00%,4.38%,356833,6.10%,4.08%,51139,0.56,6,1.24,17.66,11.65000,5,41.16,26.90,39.53,1.10
VGAS,19144067,-26.32%,18911905,232162,-32.31%,-9.41%,-75.28%,,12.86%,-31.90%,-15.81%,,-12.40%,,,-111.22%,,-333436,,0,,,3.82000,67437,44.06,42.67,38.91,-0.53
OM,162014000,-0.11%,-39844000,201858000,,74.78%,48.22%,47.35%,-24.36%,-216.50%,-44.97%,-44.98%,-41.60%,-8.96%,236852,-49.58%,-39.14%,-266617,0.37,4,1.38,-5.04,9.60000,138744,43.68,39.21,31.20,-36.90
ELDN,140178000,90.42%,139224000,954000,174.50%,7.45%,149.09%,24.11%,84.54%,-84.70%,-21.56%,-152.38%,-29.30%,-76.10%,,-59.26%,-51.60%,-1167226,,0,,,2.83000,150548,32.09,36.45,41.81,-0.75
TSSI,46448000,-4.54%,42578000,3870000,75.78%,16.83%,-13.64%,0.77%,27.40%,87.90%,55.52%,3.48%,11.80%,-9.48%,1512679,55.27%,-1.30%,54309,3.30,3,29.27,2.48,6.97000,524666,39.01,42.58,56.85,0.17
HURA,12657178,,12454636,202542,843.49%,,-91.36%,,7.81%,-348.90%,-119.86%,-1591.07%,-240.00%,-2718.04%,,-119.28%,-294.46%,-22649572,,1,,,3.87000,129102,56.03,43.36,33.65,-1.21
OXSQ,34926468,-9.66%,-100700314,135626782,,-9.89%,10.28%,0.18%,-60.50%,3.80%,,9.92%,2.00%,-3.10%,,11.57%,-1.10%,,0.14,4,,,2.42000,467506,33.87,30.71,36.80,0.09
CVRX,105933000,-0.03%,55783000,50150000,-7.32%,,65.06%,21.43%,31.10%,-93.10%,-45.26%,-27.97%,-51.80%,-23.04%,248990,-49.08%,-37.48%,-291092,0.44,2,0.72,-3.83,6.48000,448591,24.18,32.09,40.47,-2.65
BEEP,15819000,4.83%,-197340000,213159000,,0.96%,10.50%,,-155.66%,-5.80%,,,-1.80%,,2056000,,,-418833,0.09,4,,,4.20000,288,52.89,54.59,43.36,-0.24
RDCM,94672000,281.19%,91268000,3404000,18.57%,16.88%,114.36%,-11.36%,52.00%,7.80%,3.01%,-3.39%,5.90%,-0.74%,198726,3.01%,-0.60%,22697,0.51,6,15.31,3.71,10.52000,8101,36.71,42.34,49.43,0.43
EVC,101394000,-0.42%,-135409000,236803000,,-0.53%,-8.41%,-2.33%,-79.81%,-79.70%,-30.15%,-1.03%,-24.60%,-13.96%,368634,-13.56%,-4.24%,-150412,0.60,6,,-1.44,1.85000,254213,39.36,40.49,36.51,-1.66
SGC,18766000,0.88%,-77755000,96521000,,-6.96%,-9.19%,-4.53%,-46.35%,6.00%,6.59%,5.24%,2.90%,6.34%,78566,5.87%,3.22%,1667,1.39,7,3.54,2.89,10.18000,79775,36.66,25.66,39.80,0.73
CTRN,38872000,-2.92%,-186285000,225157000,,2.26%,-7.48%,6.79%,-110.96%,-17.60%,-10.97%,5.41%,-5.10%,20.84%,157726,-10.34%,6.04%,-5300,1.53,1,3.69,2.61,19.96000,125223,41.75,41.22,44.05,-3.06
MYPS,109179000,-8.50%,99115000,10064000,-19.39%,,1.30%,,61.46%,-10.80%,-9.98%,-2.77%,-8.50%,-0.90%,509558,-12.90%,-0.92%,-50505,0.86,2,,2.08,1.25000,188093,42.81,33.06,32.27,-0.22
WTI,110555000,0.17%,-282668000,393223000,,-18.67%,0.67%,-11.38%,-168.69%,,-6.65%,16.71%,-7.70%,85.36%,1313153,-12.39%,2.02%,-217862,0.47,3,,-0.43,1.13000,1567645,27.27,31.42,30.93,-0.59
ZVIA,30653000,-13.68%,29340000,1313000,-2.22%,76.95%,-32.60%,0.56%,21.53%,-32.50%,-54.24%,-35.13%,-31.90%,27.20%,1435639,-35.74%,-43.02%,-220213,2.08,3,3.13,2.57,2.26000,246315,46.89,45.16,43.00,-0.34
PERF,165867000,-22.14%,165357000,510000,7.86%,-7.19%,-41.24%,,99.60%,3.50%,2.89%,-8.26%,2.80%,,176029,-2.50%,,14681,0.34,4,519.92,1.39,1.63000,92639,41.38,39.64,28.46,0.05
REI,7363452,-1.86%,-381740183,389103635,,9.96%,-9.51%,1.06%,-231.72%,8.10%,10.07%,1.70%,4.80%,-0.98%,3185456,8.17%,-0.60%,586698,0.26,5,20.23,0.76,0.82820,105855,28.91,27.98,34.01,0.34
VYGR,269558000,,225832000,43726000,6.44%,,115.46%,,141.01%,-19.90%,-18.74%,-24.61%,-15.10%,-11.80%,465122,-24.25%,-4.12%,-377919,0.19,2,,0.22,2.99000,270267,30.53,28.10,36.28,-1.13
CRNG,,,,,,,,,,,,,,,,,,,,4,,,9.00000,105,50.07,74.54,0.00,
BETRW,,,,,,,,,,,,,,,,,,,,2,,,0.08140,2266,44.98,47.35,40.63,
BETR,235517000,16.82%,-532383000,767900000,,-31.30%,14.26%,,-322.81%,-1301.20%,,,-23.20%,,86790,-28.95%,,-165032,0.12,2,,,10.83500,28000,46.84,43.08,31.36,-13.65
INBX,152596000,338.58%,144548000,8048000,113.25%,,-96.17%,,80.85%,1243.20%,1214.73%,,710.30%,,1242,-234.02%,,10481814,0.00,1,,33.30,11.32000,138378,29.75,36.04,0.00,112.62
IRWD,88559000,-2.50%,-510922000,599481000,,7.91%,-16.22%,5.65%,-306.56%,-0.30%,31.48%,-31.30%,0.20%,76.36%,1388972,0.42%,-10.18%,3478,0.89,6,,-4.20,1.01000,4575268,22.56,24.47,27.85,0.01
LHSW,126300,5.29%,-2515777,2642077,,,,,-1.58%,50.80%,28.34%,,19.90%,,1219956,27.72%,,93930,2.58,2,,10.95,3.14260,1176411,0.00,0.00,0.00,0.05
WNEB,66450000,-19.20%,-56691000,123141000,,76.79%,-21.29%,-12.53%,-34.27%,4.90%,,5.97%,0.40%,7.74%,219060,3.25%,0.68%,34824,0.03,4,,,7.95000,53557,34.08,40.29,48.41,0.56
BWAY,69616000,,69616000,,50.50%,,,,43.76%,6.10%,6.32%,-21.64%,3.90%,-24.50%,306090,1.89%,-15.66%,21799,0.55,6,2.56,2.98,8.43000,21280,34.46,43.16,56.07,0.16
MKTW,97876000,-7.85%,93509000,4367000,-37.39%,-18.97%,-24.86%,-22.84%,55.57%,-43.40%,-724.96%,128.62%,2.30%,22.00%,930982,-745.70%,-83.80%,16080,1.35,4,,0.78,10.05000,30119,43.64,39.09,31.15,3.60
IBAC,,,,,,,,,,,,,,,,,,,,2,,,10.35000,16002,66.03,76.48,0.00,0.16
VIRC,38858000,-1.06%,-3584000,42442000,,12.09%,155.84%,1.89%,-2.26%,24.60%,20.26%,8.43%,13.80%,5.42%,361308,15.32%,2.60%,32258,1.55,7,2.91,3.30,10.00000,102054,55.09,42.75,50.04,1.54
MDWD,43161000,0.82%,36648000,6513000,10.71%,7.02%,-24.32%,26.56%,21.30%,-113.60%,-36.95%,-356.00%,-45.10%,-881.42%,182180,-51.51%,-39.76%,-272288,0.30,1,6.35,-1.55,15.05000,44107,42.48,43.65,49.01,-3.03
SGMO,43418000,-5.32%,17165000,26253000,-64.96%,-15.85%,-21.67%,-8.62%,10.55%,-275.30%,-175.73%,-115.12%,-90.10%,-106.92%,315847,-212.08%,-49.58%,-535197,0.53,1,,-22.03,0.72380,5449780,43.52,39.81,40.66,-0.49
SLND,87561000,-3.25%,-274952000,362513000,,10.26%,13.40%,,-168.92%,-55.10%,-21.07%,-0.89%,-8.60%,,466752,-24.01%,,-50174,0.80,2,,0.69,3.01000,1,49.96,44.42,31.60,-2.19
MDV,11530000,0.01%,-268246000,279776000,,15.42%,0.08%,6.02%,-185.87%,1.20%,,-1.23%,0.50%,-9.38%,3896750,4.68%,-3.00%,194167,0.09,5,,,14.48000,31121,40.05,43.39,48.17,0.25
SEVN,69603000,-0.77%,-348336000,417939000,,104.63%,-7.68%,,-199.95%,8.38%,6.91%,2.61%,3.27%,6.27%,,5.50%,1.49%,,0.08,5,,0.42,10.89000,42045,33.65,34.49,42.12,1.21
GNFT,69076529,-3.38%,-6901490,75978019,,-26.33%,-9.92%,,-4.30%,26.90%,16.90%,-17.99%,12.10%,-70.04%,568073,14.49%,-12.08%,150612,0.46,5,,-0.22,3.26000,121858,45.81,38.61,41.51,0.40
ELA,20611003,-0.22%,2240930,18370073,,-11.14%,-4.83%,6.74%,1.39%,13.30%,14.07%,15.52%,8.90%,31.58%,583742,8.87%,16.38%,21868,2.37,6,5.57,7.46,6.29000,1017,51.11,49.52,54.99,0.26
FGMC,46285,,-78715,125000,,,,,-0.16%,-251.10%,982.14%,,-15.20%,,,-21.12%,,,,1,,,4.82000,47084,55.92,0.00,0.00,-0.01
EFSI,193159000,-25.15%,43647000,149512000,,,-23.11%,,25.56%,13.50%,,6.74%,0.80%,11.62%,289025,5.71%,0.86%,63140,0.04,4,,,30.35000,10908,41.51,31.38,44.25,4.32
IPHA,90469811,-12.70%,55752567,34717244,-15.97%,74.19%,-26.64%,,36.35%,-162.90%,-55.75%,-46.75%,-34.60%,-64.70%,115798,-129.49%,-19.90%,-284709,0.14,2,,-4.68,1.81970,4935,45.99,45.68,41.73,-0.64
RANG,,,,,,,,,,,,,,,,,,,,0,,,10.05000,861,67.14,0.00,0.00,-0.01
OPBK,134943000,23.30%,32086000,102857000,,115.29%,-10.04%,58.99%,18.81%,10.50%,,11.45%,0.90%,14.14%,343195,6.84%,1.30%,91208,0.03,4,,,10.78000,54697,33.08,33.41,46.34,1.39
TAVI,,,,,,,,,,,,,,,,,,,,1,,,10.06000,8400,70.18,87.43,0.00,0.01
OPRT,214625000,-1.21%,-2607818000,2822443000,,8.54%,-3.95%,11.99%,-1688.19%,-22.20%,,-2.94%,-2.40%,-15.32%,121533,-3.63%,-2.02%,-32393,0.09,4,,,4.43000,510020,36.15,46.60,46.07,-1.95
DENN,2804000,0.92%,-405392000,408196000,,7.91%,3.27%,-0.83%,-260.34%,-43.70%,11.79%,13.12%,4.60%,-66.00%,119035,8.93%,8.58%,5677,0.96,4,158.07,1.26,3.10000,1247858,29.77,28.80,26.45,0.41
FLX,108415203,-7.37%,102606740,5808463,,,,,188.44%,,6.90%,,-23.30%,,564647,-3.26%,,-32809,4.00,2,,,2.34000,33146,21.00,22.24,0.00,-1.03
TCX,61531000,0.14%,-451590000,513121000,,35.61%,12.30%,32.78%,-283.96%,,-9.05%,-7.51%,-14.20%,-3.92%,473562,-15.56%,-5.80%,-143608,0.47,3,51.90,0.10,14.47000,44192,28.21,36.41,37.79,-10.02
MRT,8965457,5.56%,-60639277,69604734,,,,,-38.12%,,-350.96%,,-154.10%,,34274,-189.41%,,-78994,0.67,2,,-7.35,2.72000,200,42.10,46.36,56.19,-0.72
FCCO,149828000,-12.69%,29108000,120720000,,18.73%,-29.51%,18.47%,17.90%,10.00%,,5.38%,0.70%,10.12%,241611,5.26%,0.82%,51685,0.03,3,,,20.77000,52510,39.05,40.62,49.98,1.81
HITI,24229871,-10.81%,-23120589,47350460,,4.59%,1.89%,22.63%,-14.79%,-4.80%,5.30%,-10.15%,-2.90%,-35.50%,306686,,-14.90%,-3889,2.25,5,14.14,3.67,1.97000,887772,44.00,37.28,45.48,-0.07
MLGO,64959568,1095.14%,42444797,22514771,4.73%,405.81%,12933.82%,,23.33%,-44.00%,26.71%,-9.18%,-33.40%,-17.06%,971901,-31.43%,-3.86%,-344160,0.94,2,,4.32,15.91000,2286174,56.73,50.13,30.63,-160.50
ESHA,,,,,,,,,,,,,,,,,,,,1,,,10.81000,167,48.10,52.50,76.88,0.28
FEIM,6871000,-6.53%,1875000,4996000,-69.29%,-19.13%,-23.13%,-15.56%,1.19%,57.40%,18.12%,-6.47%,27.90%,-6.46%,315942,39.01%,-4.06%,111662,0.79,6,1.50,4.31,16.38000,47001,58.44,56.11,65.54,2.40
LARK,24385000,-28.18%,-64120000,88505000,,44.96%,-10.63%,15.97%,-39.39%,9.80%,,8.05%,0.80%,11.74%,205541,5.79%,1.10%,45947,0.04,4,,,27.41000,23645,60.31,68.28,72.66,2.26
DSGN,245477000,-12.04%,243943000,1534000,-12.71%,-21.27%,-34.28%,17.16%,148.71%,-19.30%,-20.35%,-1.93%,-18.70%,8.30%,,-25.61%,-22.42%,-918296,,1,,,2.79000,185191,26.90,33.20,35.64,-0.88
CRDF,91746000,-9.67%,90223000,1523000,24.15%,-21.25%,-29.13%,-2.48%,55.93%,-74.00%,-54.24%,-38.45%,-60.60%,-45.06%,20697,-57.59%,-39.44%,-1377424,0.01,3,,0.74,2.38000,1706254,25.22,39.26,45.72,-0.95
LNSR,22850000,38.09%,20236000,2614000,-8.34%,-7.61%,13.21%,-33.78%,12.59%,-151.20%,-61.22%,-56.35%,-49.10%,-75.40%,382100,-142.66%,-33.66%,-224300,0.84,2,2.04,-1.27,13.40000,187573,47.94,68.28,76.03,-2.73
THRD,285516000,-5.73%,282308000,3208000,6.30%,,-18.85%,,182.75%,-16.50%,-15.82%,10.38%,-16.00%,,,-20.42%,,-857906,,1,,,3.47000,156339,39.45,25.66,32.86,-1.09
RFAI,,,,,,,,,,,,,,,,,,,,1,,,10.40000,1303,73.94,87.02,0.00,0.28
PLCE,5749000,6.27%,-695831000,701580000,,11.95%,27.25%,1.85%,-776.40%,,-34.28%,-1.39%,-20.70%,-46.52%,171380,-12.62%,-1.06%,-21371,1.66,3,2.08,1.01,7.08000,514973,41.28,36.66,37.24,-14.23
SMRT,142482000,,142482000,,-33.95%,,,,88.90%,-10.70%,-9.56%,-4.59%,-7.40%,-4.72%,354018,-14.43%,-19.96%,-68103,0.38,3,2.98,0.26,0.80870,6230682,31.12,25.05,26.57,-0.17
BCBP,318017000,-6.56%,-193444000,511461000,,61.36%,-2.35%,11.56%,-124.68%,5.20%,,5.07%,0.50%,10.26%,263896,2.23%,0.90%,53136,0.02,4,,,9.08000,67201,35.51,31.52,37.62,0.99
SMID,9013000,-2.61%,3719000,5294000,,4.82%,-10.91%,1.86%,2.39%,17.70%,16.29%,6.74%,10.10%,10.50%,419593,14.28%,5.58%,35758,1.19,8,11.03,6.22,29.33000,10177,43.70,38.19,47.60,1.21
SRG,97709000,-14.29%,-142291000,240000000,,-45.22%,-33.33%,-31.56%,-91.53%,-35.10%,,-5.29%,-20.50%,-19.14%,927474,-7.99%,-8.64%,-8338737,0.02,1,,,2.76000,441756,35.46,24.10,30.76,-2.82
RENE,236700,14.85%,-6343038,6579738,,262.21%,65.46%,,-4.12%,-42.30%,10.06%,,5.30%,,,7.58%,,4102764,,1,,,11.92000,450108,49.27,65.49,95.40,0.40
ISTR,27922000,-56.21%,-73099000,101021000,,-9.36%,-66.05%,-11.24%,-46.56%,8.60%,,4.00%,0.70%,8.32%,261009,5.92%,0.72%,60454,0.03,3,,,15.77000,44191,35.47,33.62,45.37,2.04
FSFG,76714000,-1.99%,-267478000,344192000,,7.19%,-15.16%,5.72%,-171.85%,11.00%,,3.70%,0.80%,12.78%,266544,3.63%,1.14%,68967,0.03,3,,,22.53000,5573,32.79,38.97,51.58,2.74
EAF,256248000,16.94%,-830667000,1086915000,,1.82%,17.42%,-9.72%,-502.54%,,-6.27%,18.01%,-11.10%,-472.74%,502595,-7.46%,10.84%,-122355,0.45,2,1.99,-0.09,0.60080,1401112,28.63,29.26,32.84,-0.51
INMB,20922000,-86.82%,20538000,384000,-19.18%,-70.68%,-96.32%,17.92%,13.19%,-124.40%,-130.12%,-58.58%,-87.80%,-62.42%,636,-131.26%,-47.66%,-1912818,,2,,3.70,6.73000,451076,41.94,46.78,46.00,-2.11
LTBR,39990827,,39990827,,39.84%,,,,25.11%,-38.60%,-29.08%,-41.26%,-37.60%,-49.28%,,-32.22%,-46.56%,-1178707,,2,,,7.54000,1306127,44.94,50.27,54.76,-0.81
NBTX,55704513,3.53%,-1304778,57009291,,,-4.26%,,-0.85%,,-409.17%,25.12%,-84.50%,9003.98%,,,-56.40%,-695792,-0.09,1,,-10.30,3.17760,770,41.98,40.15,39.15,-1.50
FRAF,203613000,-15.20%,-20349000,223962000,,109.25%,44.98%,112.56%,-13.32%,7.80%,,7.35%,0.50%,10.72%,226176,3.01%,0.84%,36271,0.03,4,,,34.39000,15914,42.33,52.41,54.01,2.51
NKSH,108117000,,108117000,,24.84%,,,,70.76%,5.00%,,11.16%,0.40%,11.10%,180122,4.87%,1.04%,31114,0.03,4,,,24.00000,19252,37.02,33.21,40.71,1.24
AARD,73663000,-10.25%,72884000,779000,,,,,46.56%,,-28.37%,,-46.80%,,,,,-1143778,,2,,,7.02000,65443,32.55,0.00,0.00,-5.15
ARAY,65388000,2.25%,-148102000,213490000,,1.51%,5.57%,-0.47%,-97.64%,-9.80%,5.53%,3.12%,-0.90%,-12.78%,459108,,-1.38%,-4430,0.96,5,2.03,0.06,1.48000,521840,28.44,36.51,37.86,-0.05
SANG,17450000,-11.69%,-52874000,70324000,,-4.28%,-33.17%,,-33.94%,-2.60%,-0.50%,-5.01%,-1.70%,,249672,-0.48%,,-10085,0.61,4,4.94,0.66,4.63750,2901,47.66,36.95,39.34,-0.21
SKIL,101802000,-5.11%,-497850000,599652000,,6.12%,-6.09%,,-325.22%,,,,,,,,,,,5,,,18.36000,25147,45.93,45.45,39.16,-41.56
POWW,52080376,-1.50%,39178052,12902324,-1.28%,32.86%,4.17%,-0.43%,25.87%,-6.90%,-7.59%,-8.16%,-6.10%,-14.38%,379020,-7.36%,-8.24%,-65924,0.35,3,1.87,1.91,1.28000,573040,37.40,42.23,41.44,-0.21
FSP,42683000,-9.59%,-204945000,247628000,,-19.51%,-38.81%,-23.84%,-127.26%,-7.80%,,0.86%,-5.30%,0.44%,4289714,-0.70%,-0.32%,-1882964,0.12,2,,,1.46500,38648,23.65,34.98,35.58,-0.51
ANNX,313049000,-2.14%,284077000,28972000,23.84%,-5.74%,-7.60%,,183.64%,-44.30%,-43.25%,-44.29%,-38.40%,-56.46%,,-47.84%,-43.50%,-1382000,,1,,,1.38000,1558934,24.28,23.41,37.88,-1.01
OPRX,13380000,-7.06%,-19813000,33193000,,366.14%,-9.86%,125.90%,-13.17%,-16.90%,-8.67%,-7.79%,-11.70%,-8.94%,714163,-9.13%,-7.20%,-155891,0.54,5,,1.51,8.16000,196858,54.66,56.99,42.66,-1.10
JYNT,25996436,-95.24%,25548151,448285,56.23%,-73.33%,-84.33%,-49.95%,16.43%,-38.90%,-27.26%,6.16%,-10.40%,15.60%,70512,-9.55%,2.90%,-11589,0.63,5,,1.60,9.94000,41956,29.05,40.45,39.79,-0.56
AENT,2490000,-15.52%,-102685000,105175000,,,-11.38%,,-75.74%,7.40%,7.08%,,1.80%,,1629840,21.43%,,10041,2.93,6,9.02,3.36,2.96000,54174,36.98,40.32,44.22,0.13
STRT,42625000,,29625000,13000000,,-8.55%,,-16.49%,18.93%,8.10%,8.20%,3.51%,4.50%,3.38%,164279,6.93%,1.94%,4799,1.54,7,5.66,4.02,36.10000,16494,36.16,42.99,52.47,4.01
DMAC,44147000,-6.85%,43807000,340000,-16.55%,86.99%,-15.00%,13.82%,28.28%,-51.90%,-59.61%,-45.84%,-47.70%,-46.30%,,-64.98%,-43.46%,-873000,,1,,,3.51000,58057,29.92,35.84,48.11,-0.60
CLPR,38052000,0.68%,-1228288000,1266340000,,3.83%,5.04%,4.88%,-2116.04%,,,2.66%,-0.20%,-11.78%,870029,,-0.42%,-14620,0.12,5,,,3.54000,133604,40.38,39.36,39.70,-0.25
DSX,207166000,1.68%,-430359000,637525000,,14.59%,-0.82%,6.06%,-271.34%,1.40%,,3.92%,0.60%,3.48%,232629,5.14%,1.28%,7112,0.20,6,,,1.37000,203514,27.65,20.27,30.20,0.05
MRCC,9044000,-1.61%,-282931000,291975000,,-4.21%,-2.95%,-5.92%,-189.53%,4.90%,,6.59%,1.90%,3.58%,,9.26%,1.48%,,0.12,7,,,6.93000,43185,33.16,30.06,38.49,0.45
ESOA,20348422,71.04%,-41886181,62234603,,57.42%,49.65%,46.73%,-27.93%,46.40%,31.11%,7.29%,15.10%,19.32%,259570,10.91%,6.02%,17132,2.28,6,,3.40,8.95000,296992,45.22,40.77,53.89,1.44
RZLT,96540000,-7.25%,94608000,1932000,5.02%,-48.88%,-23.12%,29.72%,63.27%,-70.30%,-70.15%,-90.55%,-62.40%,-81.56%,,-72.24%,-65.52%,-1205661,,1,,,2.47000,385582,34.11,31.75,42.51,-1.22
UHG,25549069,-16.66%,-94754989,120304058,,5.48%,-21.91%,,-61.95%,174.30%,,24.85%,16.80%,,,3.46%,,,1.66,5,2.32,,2.55000,12140,36.07,25.87,32.05,0.96
PRME,204504000,-1.10%,163710000,40794000,34.71%,57.68%,199.23%,,108.54%,-100.10%,-75.47%,-51.94%,-65.20%,,13939,-104.40%,,-915336,0.01,2,,-4.07,1.17000,1814083,26.10,28.33,27.26,-1.65
LAKE,15839000,4.76%,-30004000,45843000,,107.11%,326.80%,65.51%,-17.21%,-0.50%,1.06%,9.00%,-0.30%,10.30%,86755,,8.86%,-351,0.84,4,1.43,3.20,15.72000,240957,42.00,38.83,47.71,-0.09
RYET,1837609,44.12%,-1724016,3561625,,,,,-1.13%,-158.60%,-90.92%,,-30.30%,,79601,-78.23%,,-17445,1.38,2,29.57,8.81,4.41000,1528164,0.00,0.00,0.00,-0.06
BRLT,162141000,-3.38%,64479000,97662000,15.51%,15.38%,-2.53%,,44.74%,3.80%,2.82%,28.70%,0.20%,3.96%,546133,2.29%,6.58%,700,1.54,7,4.41,2.66,1.50000,49924,48.16,41.42,34.74,0.03
MYO,25240363,3354.90%,17134158,8106205,107.32%,122.59%,1248.11%,25.03%,11.30%,-45.30%,-18.14%,-82.44%,-27.10%,-85.12%,175952,-18.91%,-60.36%,-33426,1.43,3,3.77,2.73,4.31500,12086,36.97,40.05,46.80,-0.16
CCRD,24891000,-11.15%,23075000,1816000,-25.63%,-12.47%,62.00%,31.60%,16.02%,10.60%,12.81%,16.85%,8.80%,16.94%,57399,10.81%,13.38%,5448,0.92,7,,11.41,18.94000,19236,45.00,46.73,47.57,0.67
ATLO,107393000,-21.05%,8029000,99364000,,32.36%,-39.63%,16.14%,5.55%,5.90%,,6.50%,0.50%,9.22%,202317,3.73%,0.80%,38127,0.03,4,,,16.52500,28117,37.56,39.30,40.39,1.14
ARQ,13516000,24.37%,-11306000,24822000,,81.33%,18.61%,-10.97%,-7.64%,-2.60%,-0.84%,-10.17%,-2.00%,1.78%,536744,-0.81%,2.00%,-25167,0.42,4,3.56,2.04,3.50500,266605,25.50,28.46,41.99,-0.14
CRML,149480,40.30%,-5887073,6036553,,,4563.70%,,-4.14%,-303.20%,-139.49%,,-175.50%,,,-138.45%,,-40035254,,2,,,1.54000,388138,38.53,30.59,16.87,16709.76
NCT,3751921,-25.68%,-22557321,26309242,,,,,-15.53%,21.70%,19.62%,,4.30%,,1343523,13.64%,,165267,0.35,5,,1.94,5.55000,17612,0.00,0.00,0.00,0.12
ADUR,6554912,-7.61%,6470306,84605,,,,,5.04%,,,,,,,,,,,2,,,4.11000,145413,41.02,42.74,55.59,
HQI,3385000,-49.22%,-3532000,6917000,,28.80%,-53.15%,,-2.42%,5.70%,6.89%,12.44%,3.60%,16.36%,360396,5.74%,10.10%,38250,0.34,5,,4.28,10.47000,12845,28.16,31.07,38.55,0.26
MRBK,27462000,-10.57%,-146752000,174214000,,28.63%,-22.48%,0.76%,-98.89%,9.90%,,7.06%,0.70%,15.20%,313463,4.73%,1.24%,50764,0.04,3,,,13.15000,74644,39.17,44.56,50.47,1.45
ACIU,199764612,76.03%,193213587,6551025,60.78%,23.09%,55.19%,13.30%,131.94%,-39.90%,-34.46%,-36.04%,-23.10%,-35.14%,176415,-44.50%,-29.12%,-328915,0.12,4,,-1.87,1.48000,150551,19.79,23.05,39.02,-0.57
CURI,32187000,-2.58%,28300000,3887000,-16.60%,,-9.25%,,19.96%,-20.60%,-20.55%,-48.66%,-14.40%,43.18%,1136311,-21.60%,-31.04%,-287578,0.57,4,,-1.69,2.54000,80156,44.42,55.58,52.69,-0.24
STXS,12436000,-2.10%,6430000,6006000,-57.34%,-0.57%,9.40%,6.72%,4.27%,-236.80%,-95.71%,-82.49%,-58.60%,-94.84%,193655,-204.69%,-35.34%,-182396,0.62,2,1.47,-15.27,1.70000,21887,42.38,38.12,42.62,-0.30
BVFL,70500000,43.16%,20617000,49883000,-43.50%,10.64%,33.91%,,13.53%,5.80%,,,1.30%,,335434,4.78%,,103743,0.04,4,,,13.91000,25833,38.96,39.66,50.53,1.09
ACU,6398692,-12.02%,-26442839,32841531,,-11.80%,26.64%,-3.72%,-17.89%,9.60%,10.22%,7.58%,6.10%,13.24%,307251,8.25%,7.14%,15833,1.18,7,2.11,4.45,38.69000,544,51.15,50.14,52.57,2.45
GLDG,8528703,-5.15%,8253698,275005,-45.50%,-68.72%,-2.03%,,5.49%,-22.30%,-21.95%,-14.53%,-21.00%,-0.14%,,-21.13%,-0.34%,-596185,,1,,,0.77800,635215,45.62,42.31,42.78,-0.09
STRS,21154000,6.69%,-189135000,210289000,,20.35%,10.08%,-10.02%,-123.67%,1.00%,,3.03%,0.40%,14.08%,1593618,-0.53%,4.76%,57529,0.10,4,,,17.96000,5099,48.80,38.87,39.05,0.24
GAUZ,5734000,2.32%,-42639000,48373000,,,-64.18%,,-29.09%,-1322.30%,-51.03%,,-35.40%,,146225,-31.81%,,-75116,0.69,5,5.08,-1.56,7.73000,37988,41.07,38.76,0.00,-4.11
CSPI,33132000,-37.91%,30471000,2661000,-4.76%,-3.43%,139.08%,-12.14%,20.01%,0.30%,0.41%,-1.11%,0.20%,2.56%,500126,-3.76%,1.60%,1486,0.83,4,8.12,6.64,14.57000,15725,43.50,45.41,53.40,0.02
DBVT,46441000,3.48%,39029000,7412000,-73.54%,-13.99%,358.66%,-23.48%,20.47%,-106.10%,-164.22%,-68.11%,-76.20%,-71.50%,119190,-170.31%,-52.78%,-972276,0.09,1,,-4.03,7.19000,19205,62.01,72.96,43.06,-5.25
HMR,19232164,-29.73%,9366044,9866120,,,,,6.17%,102.40%,120.25%,,35.50%,,2584076,64.50%,,1029168,0.89,1,16.08,7.13,2.50000,147454,39.45,0.00,0.00,0.13
BFIN,118985000,1.81%,71198000,47787000,-53.86%,13.62%,-10.98%,35.97%,46.83%,2.60%,,4.23%,0.30%,5.08%,222647,1.99%,0.50%,18430,0.03,4,,,11.44000,16132,42.34,46.85,56.57,0.33
DBI,44752000,-3.73%,-1241283000,1286035000,,7.99%,3.73%,1.01%,-893.72%,-3.20%,2.40%,-2.27%,-0.50%,-7.86%,214947,,-1.12%,-753,1.44,3,2.94,1.74,2.96000,1757629,37.81,28.52,34.04,-0.20
FULC,242222000,-5.64%,233593000,8629000,3.14%,,-20.26%,,161.77%,-3.90%,-3.90%,-44.05%,-3.60%,-43.44%,1777778,-8.70%,-36.64%,-216111,0.30,4,,3.39,2.62500,237301,39.28,33.65,42.19,-0.16
NVX,42557621,-0.39%,-28896876,71454497,,,72.84%,,-19.08%,-46.50%,-39.56%,-18.29%,-30.60%,,,-26.03%,,,0.02,3,0.78,-1.54,0.95000,16442,36.83,31.72,28.66,-0.01
BHR,185057000,0.23%,-1044945000,1230002000,,-0.10%,0.59%,1.90%,-822.45%,-18.40%,,2.10%,-2.30%,-17.98%,6279345,,-2.98%,-439190,0.33,5,103.80,,1.90000,548768,23.67,30.74,39.36,-0.77
VOXR,8754391,,8754391,,-11.40%,,,,5.93%,-3.70%,2.66%,-14.66%,-3.10%,,1841294,-4.29%,,-274847,0.21,4,,10.31,2.94000,304027,60.15,60.55,58.65,-0.03
ALTG,13400000,-2.76%,-1185500000,1198900000,,20.84%,1.62%,26.41%,-854.92%,-59.80%,1.66%,19.25%,-4.20%,-17.32%,691345,,-1.88%,-22448,1.30,4,2.59,1.47,4.28000,252836,40.21,32.28,36.59,-1.96
AOUT,17070000,-1.00%,-16572000,33642000,,9.88%,-3.73%,,-11.46%,-2.50%,-2.14%,-15.52%,-1.80%,-13.06%,715149,-2.22%,-11.08%,-15180,0.84,4,1.05,2.30,11.02000,33163,35.76,40.42,49.86,-0.34
HNVR,162857000,-11.52%,21338000,141519000,62.14%,0.90%,-13.73%,,14.98%,6.40%,,4.33%,0.50%,,360744,3.65%,,70148,0.03,3,,,19.46000,16380,39.81,43.17,50.58,1.66
EPM,11667000,-0.06%,-27846000,39513000,,114.57%,39021.78%,222.72%,-19.42%,2.20%,3.65%,11.10%,1.10%,14.62%,7856636,3.84%,8.46%,160364,0.53,5,,2.03,4.19000,218132,26.77,31.86,38.40,0.05
MED,162344000,-8.51%,146219000,16125000,14.21%,-20.87%,-26.74%,3.46%,102.52%,1.00%,-0.46%,50.96%,0.70%,61.20%,1195363,0.70%,32.04%,4149,2.06,6,3.25,4.77,13.14000,229389,42.08,30.05,24.68,0.19
DOUG,149542000,1.19%,-6735000,156277000,,-1.77%,17.55%,,-4.70%,-41.90%,-17.99%,-4.71%,-15.90%,-8.38%,1271554,-21.61%,-3.24%,-97466,2.07,3,,1.69,1.58000,316970,41.63,44.35,34.48,-0.91
DERM,20305000,22.00%,-5400000,25705000,,41.64%,44.98%,,-3.81%,-106.20%,-26.43%,-29.25%,-21.30%,-65.34%,1369122,-29.88%,-19.90%,-357854,0.81,2,1.69,0.30,6.06000,131072,57.69,60.68,59.70,-0.72
PEBK,59266000,-30.51%,39666000,19600000,,-30.04%,-81.68%,-14.73%,27.21%,12.80%,,8.14%,1.00%,11.96%,279180,10.89%,0.94%,55622,0.05,4,,,25.66000,8146,47.31,43.57,47.96,2.98
TNGX,257917000,-3.01%,221424000,36493000,-25.90%,189.57%,-6.24%,33.71%,155.75%,-55.40%,-46.74%,-53.62%,-35.80%,189.50%,271413,-61.69%,-28.02%,-840658,0.12,1,,-1.85,1.29500,476355,35.95,25.07,36.20,-1.19
OVBC,83107000,-2.36%,33843000,49264000,-54.16%,18.90%,-9.27%,2.50%,23.94%,7.40%,,6.57%,0.80%,8.52%,219579,5.51%,0.94%,40587,0.04,4,,,29.70000,7583,55.80,61.01,58.19,2.32
CBNA,410739000,,410739000,,,,,,295.19%,18.40%,,,1.60%,,632298,14.52%,,249393,0.04,4,,,21.28000,24454,32.37,41.83,0.00,4.17
GENK,23675000,7.45%,-139334000,163009000,,122.00%,31.70%,,-98.79%,5.00%,0.48%,,0.30%,,77178,0.17%,,219,0.93,4,313.90,1.28,4.20500,56014,33.36,27.77,28.63,0.13
CBFV,49572000,0.03%,14854000,34718000,-55.72%,-15.17%,0.12%,-4.87%,10.75%,8.70%,,5.86%,0.80%,7.68%,316720,6.92%,0.64%,78224,0.03,3,,,27.19000,15019,41.40,44.83,54.23,2.38
EPSN,6519793,-4.26%,6042882,476911,-80.89%,,-15.35%,,4.34%,2.00%,3.18%,11.41%,1.60%,12.76%,3152278,1.91%,10.28%,192780,0.26,5,,3.47,6.32000,63383,39.07,51.18,55.96,0.09
EML,16061689,-4.58%,-44177429,60239118,,-9.99%,-2.67%,-11.52%,-30.57%,-6.70%,-1.02%,7.26%,-3.40%,4.74%,218902,,1.96%,-6845,1.10,6,3.62,3.04,22.70000,11487,32.35,31.38,44.63,-1.37
ACTU,8641622,,8641622,,192.08%,,,,6.34%,,-5284.79%,,-389.60%,,,-24149.82%,,-2728533,,2,,,7.11000,99985,48.59,45.31,0.00,-3.26
IKT,97543528,-49.04%,97433011,110517,671.44%,-23.71%,-82.23%,-21.63%,68.08%,-103.60%,-29.01%,-70.99%,-89.60%,-85.56%,,-30.10%,-63.36%,-1719993,,2,,,1.86000,92838,38.97,43.51,33.85,-1.16
FENC,26634000,-39.33%,8565000,18069000,,53.58%,-39.23%,,6.16%,,10.51%,-59.26%,-0.70%,-86.60%,1485563,,-60.54%,-13625,0.81,6,1.98,-2.86,5.01000,89746,29.82,36.97,41.40,-0.02
CEP,25000,,-307992,332992,,,,,-0.28%,-166.70%,1.51%,,3.00%,,,28.26%,,,,1,,,10.80000,5645,70.61,70.52,0.00,0.24
TARA,170292000,-5.34%,165809000,4483000,175.83%,-14.76%,-18.00%,,124.92%,-44.70%,-26.16%,-38.97%,-40.10%,-39.30%,,-28.64%,-36.12%,-1351394,,2,,,3.75000,356557,41.45,47.73,47.82,-2.17
CATX,226916000,-4.83%,222854000,4062000,3144.34%,84.01%,59.23%,29.44%,168.12%,-26.60%,-25.19%,-30.12%,-22.70%,-29.86%,10386,-30.84%,-24.06%,-566279,0.00,3,,0.59,1.86000,1726114,32.20,26.08,39.79,-1.23
MOLN,180390382,-11.03%,177440187,2950194,-19.78%,-26.03%,-33.08%,,128.66%,-35.80%,-36.10%,-26.95%,-32.30%,-31.54%,34841,-42.49%,-19.52%,-378850,0.03,1,,1.87,3.79000,904,40.11,38.91,38.95,-1.77
BSET,56422000,-4.63%,-45090000,101512000,,-3.62%,-10.04%,-8.87%,-32.66%,-4.00%,-3.85%,0.39%,-2.00%,6.48%,265090,-4.27%,2.80%,-5414,0.96,3,2.43,2.12,15.75000,32479,54.76,58.59,51.40,-0.76
KLRS,118289000,,118289000,,-24.83%,,,,86.52%,-49.50%,-51.87%,-65.05%,-45.50%,-67.74%,,-57.76%,-54.62%,-4197786,,1,,,7.31000,33183,38.10,32.89,33.85,-11.73
PBYI,100965000,-14.23%,26883000,74082000,,-14.04%,-33.55%,-9.23%,18.62%,46.10%,31.18%,3.40%,14.20%,,1339930,23.41%,,176035,1.08,5,8.15,-5.98,2.74000,272997,34.15,43.25,42.74,0.62
AEYE,5651000,-24.67%,-1586000,7237000,,95.60%,-3.03%,49.53%,-1.18%,-64.10%,-18.63%,-61.58%,-16.20%,-94.58%,300863,-20.33%,-35.90%,-36359,1.35,4,,0.31,10.93000,72533,43.06,35.88,46.25,-0.36
BHM,131241000,64.28%,-242541000,373782000,,81.03%,124.26%,,-594.51%,-3.00%,,-2.42%,-0.50%,,,-3.65%,,,0.06,2,,,10.41000,6900,20.60,27.43,29.84,-1.10
TZOO,17739000,-8.26%,9621000,8118000,34.73%,-12.91%,-12.21%,-8.66%,7.11%,2280.60%,104.07%,37.98%,25.70%,683.30%,369612,172.78%,7.86%,59753,1.59,6,,4.55,12.02000,76410,36.39,37.90,50.22,1.06
PESI,28975000,-5.65%,24112000,4863000,1374.74%,1.54%,-17.08%,-8.06%,18.64%,-41.60%,-19.92%,-8.36%,-23.80%,-7.88%,193826,-23.32%,-4.72%,-65505,0.70,3,47.20,1.28,7.34000,286926,43.91,33.71,42.55,-1.33
PROF,54912000,-17.77%,49791000,5121000,171.40%,54.93%,-34.91%,-14.13%,36.96%,-63.00%,-43.69%,-46.61%,-50.60%,-44.02%,52230,-50.44%,-36.90%,-195887,0.19,5,0.57,3.22,4.48500,52521,15.80,29.77,37.98,-1.12
CGC,132486818,-20.27%,-182971288,315458105,,-33.63%,-27.86%,-4.56%,-117.62%,-88.00%,-45.15%,-44.80%,-37.70%,-82.64%,186772,-19.90%,-38.80%,-316964,0.22,5,2.16,-13.48,0.85900,1512114,32.72,23.85,33.42,-3.40
ECBK,157717000,,-76283000,234000000,,196.25%,,,-60.79%,2.40%,,2.59%,0.30%,,382941,0.99%,,58691,0.02,4,,,14.79000,18133,46.95,53.90,54.16,0.48
NGNE,312744000,-5.27%,300316000,12428000,64.38%,-1.45%,-16.97%,59.31%,222.76%,-38.90%,-23.44%,-13.80%,-34.40%,-47.60%,,-25.88%,-31.42%,-702280,,2,,,8.97000,431154,31.19,32.94,35.71,-4.28
MASS,69600000,-7.97%,62993000,6607000,-54.92%,-31.83%,11.14%,-21.93%,47.29%,-51.70%,-53.96%,-25.78%,-39.20%,-27.70%,242402,-74.20%,-18.72%,-293520,0.32,2,1.91,-0.89,3.79000,373974,54.24,56.89,37.24,-2.12
FCAP,108612000,,108612000,,414.99%,,,,80.66%,10.70%,,10.75%,1.00%,11.50%,198099,10.43%,1.04%,56321,0.04,4,,,39.81000,10588,77.28,69.80,63.01,3.57
BKTI,7075000,-9.63%,5790000,1285000,,-36.67%,-84.58%,-17.59%,4.34%,33.20%,20.36%,-2.41%,16.90%,-6.54%,528221,28.51%,-2.94%,57648,1.55,7,2.29,5.77,38.69000,1172,58.91,67.87,76.60,2.25
GTE,103379000,0.51%,-643551000,746930000,,4.51%,34.55%,1.29%,-478.18%,-0.90%,8.88%,-5.47%,-0.20%,-25.06%,1442805,-0.91%,-8.36%,-8167,0.42,5,6.12,-0.13,3.70000,20362,29.73,27.71,36.58,0.10
UBFO,56211000,-69.72%,41478000,14733000,,1.97%,-80.26%,0.64%,30.72%,11.50%,,9.41%,1.20%,11.76%,426316,10.19%,1.12%,129675,0.04,4,,,7.61000,14814,29.49,31.26,45.00,0.86
PHX,2242102,5.93%,-27953715,30195817,,13.07%,-10.34%,-2.91%,-20.88%,1.90%,3.56%,-2.16%,1.40%,-2.18%,1920615,2.77%,-0.78%,128993,0.21,5,,2.94,3.53000,52264,35.82,42.91,48.93,0.06
TOYO,41799158,359.21%,-14883498,56682656,,,4452.82%,,-11.39%,58.90%,22.86%,,12.90%,,169629,16.86%,,24801,0.89,2,,1.27,2.75000,2101,45.37,48.96,0.00,0.57
BANX,443413,,-44556587,45000000,,,,,-33.65%,,,1.15%,,7.90%,,,6.01%,,,4,,,18.60000,22821,30.52,31.29,45.08,2.35
EGAN,70539000,6.92%,66660000,3879000,-21.38%,-3.14%,88.58%,-0.41%,49.57%,7.40%,9.77%,7.75%,3.60%,10.34%,163603,3.97%,4.34%,7945,0.75,3,,-1.19,4.70000,43415,46.06,39.57,38.44,0.14
UNB,25300000,7.40%,-250669000,275969000,,157.46%,236.81%,42.38%,-189.67%,13.10%,,9.64%,0.60%,17.28%,246895,2.56%,0.98%,45869,0.03,4,,,29.12000,18054,44.60,48.18,51.72,1.92
BZUN,398650899,0.27%,53708934,344941965,23.39%,-14.09%,-8.40%,-3.06%,130.55%,-4.70%,0.73%,0.12%,-1.90%,-4.04%,168721,-1.78%,-1.62%,-3316,0.94,2,2.29,1.24,2.28000,276957,27.47,38.85,36.13,-0.42
BOOM,14289000,-4.58%,-56529000,70818000,,-21.68%,-38.87%,37.76%,-42.38%,-28.30%,-13.43%,-6.21%,-12.20%,-3.84%,401782,-40.79%,,-59032,0.83,5,3.08,,6.49000,236700,25.96,31.24,34.10,-8.20
CLAR,45359000,,43471000,1888000,,-76.28%,-98.42%,-39.17%,32.42%,-18.00%,-13.34%,-13.33%,-14.80%,-5.72%,562372,-29.95%,-4.02%,-111249,0.75,4,1.98,0.47,3.41000,168460,33.28,29.22,31.35,-1.37
EUDA,376206,-18.34%,-2379413,2755619,,,-24.11%,,-1.76%,,312.62%,,-893.90%,,26497,,,-173142,1.37,2,,-57.98,3.65000,104688,43.89,46.35,47.20,-0.63
TBI,202452000,5.14%,135920000,66532000,-29.77%,-0.25%,8.47%,-3.69%,104.22%,-35.30%,-17.18%,-8.46%,-16.90%,-9.20%,373189,-24.29%,-4.08%,-29940,2.11,2,,3.01,4.39000,386939,31.33,27.01,28.82,-4.17
CZWI,50172000,-19.31%,-16434000,66606000,,-26.82%,-54.69%,-17.52%,-12.42%,7.80%,,4.86%,0.80%,9.50%,257569,5.60%,0.90%,59272,0.03,4,,,13.04000,15506,33.25,32.98,50.82,1.34
JUNE,7244941,-24.69%,6906655,338286,1758.53%,,-46.10%,,5.31%,-21.20%,-12.76%,-5.18%,-16.30%,,120966,-14.21%,,-35622,0.56,4,,75.75,10.01000,110035,63.85,86.43,0.00,-0.08
MPTI,12641000,,12641000,,225.21%,,,,9.73%,29.70%,31.26%,15.89%,24.80%,,199236,23.47%,,31041,1.59,5,2.87,18.41,44.72000,1766,55.18,54.88,60.04,2.65
WHG,18847000,-10.30%,15650000,3197000,-67.76%,-19.52%,-29.77%,-19.31%,10.67%,1.80%,,0.07%,1.50%,1.40%,627291,2.55%,1.08%,14669,0.63,5,,,15.64000,6375,49.90,52.72,57.57,0.26
CFBK,235372000,-11.52%,119225000,116147000,-7.76%,2.02%,-12.30%,19.98%,91.13%,8.00%,,6.77%,0.60%,15.24%,437689,4.70%,1.20%,126466,0.02,4,,,20.20500,5947,35.69,38.99,47.35,2.06
NEON,16427000,13550.00%,15881000,546000,-1.64%,-14.22%,5360.00%,-17.92%,12.34%,-41.20%,-38.49%,-32.85%,-36.90%,-41.76%,72279,-38.54%,-39.52%,-150372,0.18,2,,22.82,7.70000,83638,43.43,48.73,56.84,-0.41
HTCO,6862970,-58.73%,5342564,1520406,-70.85%,,-53.18%,,4.09%,,-243.49%,509.98%,-125.40%,,3489570,,,-761216,5.75,6,,3.77,1.08000,98748,35.44,40.87,47.54,-0.40
SHMD,3368148,5.41%,-66355095,69723244,,,1760.60%,,-51.36%,,-88.90%,,-37.70%,,149933,-810.76%,,-45037,1.25,6,,,3.00000,25237,50.67,52.11,0.00,-1.88
VUZI,18186506,-20.18%,17692270,494236,-32.61%,-23.80%,64.10%,-25.10%,13.73%,-158.70%,-197.19%,-72.50%,-149.70%,-66.10%,75718,-195.76%,-61.36%,-967607,0.12,2,1.64,18.28,1.69000,644863,31.71,40.15,41.73,-1.08
CTGO,20315522,-6.62%,-48653677,68969199,,122.63%,54.36%,,-36.48%,,-45.38%,-95.48%,-33.70%,750.26%,,-21.91%,-74.82%,-3169191,,3,,,10.90000,143810,60.22,42.39,39.62,-3.49
CMT,41803000,-2.08%,20283000,21520000,1715.85%,-10.10%,-6.38%,-15.33%,14.57%,9.10%,10.00%,10.16%,6.10%,9.88%,192597,7.52%,5.82%,8471,1.39,6,12.33,4.34,14.89000,132309,53.82,47.02,45.85,1.51
OGI,50643511,,50643511,,70.79%,,,,42.00%,-17.60%,-13.76%,-34.33%,-13.40%,,128461,-9.59%,,-40671,0.42,2,1.40,-0.74,0.96620,211983,36.59,32.43,32.70,-0.39
SFBC,43641000,-27.37%,1609000,42032000,,29.75%,-27.09%,20.11%,1.26%,4.50%,,6.01%,0.40%,8.46%,290870,3.18%,0.82%,37724,0.03,3,,,50.33000,1675,48.25,46.62,61.56,1.80
TOI,49669000,0.16%,-73483000,123152000,,776.32%,2.91%,,-57.40%,-288.80%,-47.44%,-38.17%,-35.10%,-108.84%,476863,-47.43%,,-78379,2.14,2,28.62,0.35,1.69000,561129,66.81,74.20,49.24,-53005.00
EBMT,31559000,-28.10%,-168520000,200079000,,79.03%,-14.76%,12.05%,-129.29%,5.70%,,5.39%,0.50%,8.56%,211246,2.61%,0.86%,25597,0.04,4,,,15.98000,71711,40.69,48.82,51.11,1.24
BRLS,721542,4.75%,-30530187,31251729,,,-52.00%,,-23.93%,-1067.50%,-66.58%,,-40.10%,,,-55.88%,,,0.43,3,3.16,-1.57,5.96650,524,50.48,47.17,39.29,-0.12
BROG,11141451,-1.16%,-239780916,250922367,,,,,-228.88%,-91.20%,-46.44%,-3.51%,-18.10%,-46.56%,4056690,-19.27%,-5.14%,-4956473,0.15,4,,-1.31,1.16000,944,47.08,45.19,33.98,-1.01
ACNT,16108000,-1.86%,-17162000,33270000,,-31.87%,1.35%,-21.75%,-13.57%,-13.90%,-5.62%,-6.09%,-8.80%,-5.70%,393522,-4.07%,-3.24%,-30084,1.16,5,3.34,3.39,12.60000,37298,56.13,70.31,61.80,-1.34
DLNG,68156000,-3.29%,-252561000,320717000,,-17.05%,-23.56%,-13.26%,-200.38%,11.00%,,7.13%,6.00%,11.44%,,9.61%,4.90%,,0.18,7,,,3.45000,49687,33.40,32.92,47.83,1.05
PLL,87840000,24.13%,56853000,30987000,-19.33%,164.41%,2371.05%,96.55%,42.90%,-21.70%,-22.02%,-14.11%,-19.10%,-18.76%,4342478,-11.50%,-16.46%,-2815696,0.30,3,,0.62,6.04000,371247,40.09,34.83,32.80,-3.30
TRUE,111835000,-2.34%,100558000,11277000,-17.95%,-29.03%,-21.74%,-23.49%,78.40%,-22.70%,-24.47%,-26.36%,-17.60%,-17.54%,503146,-28.73%,-13.96%,-88963,1.00,3,,-2.12,1.45000,189097,33.26,20.98,36.82,-0.34
KOPN,37292836,-6.92%,35004900,2287936,84.82%,10.38%,-17.42%,-6.25%,24.24%,-340.00%,-181.19%,-52.82%,-88.00%,-48.70%,307405,-190.64%,-32.30%,-336247,0.80,1,4.19,-7.43,0.82510,1322665,33.38,39.30,42.87,-0.41
KBSX,8230286,3228.14%,-20081794,28312080,,,9337.36%,,-140.62%,-41.40%,-12.13%,,-8.90%,,289194,-4.68%,,-31709,0.81,0,,1.02,2.05980,331008,41.06,0.00,0.00,-0.27
EUDAW,,,,,,,,,,,,,,,,,,,,2,,,0.11010,6201,47.22,49.14,46.16,
ATOM,26773000,-14.22%,24789000,1984000,55.96%,-32.80%,-45.45%,67.16%,20.03%,-95.90%,-71.65%,-63.91%,-78.40%,-77.82%,6750,-71.45%,-63.98%,-921750,0.01,2,,6.60,4.08000,358414,39.95,41.46,43.18,-0.68
SKIN,370063000,-0.03%,-198095000,568158000,,-8.69%,-24.48%,,-157.38%,-47.70%,-3.10%,-8.56%,-4.00%,-258.40%,434713,-10.93%,-14.70%,-37839,0.46,6,1.89,0.19,1.00000,456032,35.51,30.93,30.47,-0.36
USAU,9137995,16.73%,9088782,49213,256.10%,-14.75%,-41.59%,,7.51%,-100.10%,-58.89%,-51.16%,-68.30%,-60.24%,,-63.44%,-55.04%,-3712141,,2,,,10.02000,551667,58.40,62.83,67.28,-1.36
FNWD,70584000,-17.90%,-34532000,105116000,,93.18%,-11.01%,32.75%,-27.77%,7.90%,,6.29%,0.60%,9.14%,235516,4.73%,0.74%,39901,0.04,3,,,28.91000,9383,51.46,52.83,50.37,2.84
SEER,236934000,-2.02%,210970000,25964000,-26.87%,3.64%,-8.12%,,180.05%,-24.40%,-24.63%,-18.88%,-21.90%,-18.32%,105746,-28.31%,-16.92%,-646261,0.04,1,1.19,0.34,2.07000,335453,60.11,47.32,31.43,-1.39
RCMT,4959000,11.01%,-37219000,42178000,,32.28%,24.06%,0.41%,-30.73%,43.90%,28.56%,18.28%,10.70%,36.90%,65967,17.94%,11.10%,3158,2.24,4,,3.74,16.26000,30513,45.98,35.08,43.11,1.68
BTMD,39342000,-9.36%,-71520000,110862000,,43.73%,-3.49%,,-39.38%,-3.00%,21.35%,127.25%,2.60%,,908714,490.09%,,14548,1.66,7,3.62,1.52,3.35000,127313,39.10,25.82,36.97,0.09
BIOA,354349000,-14.78%,345645000,8704000,,,,,281.09%,-95.00%,-20.80%,,-37.00%,,,-23.56%,,-1111078,,3,,,3.43000,337135,37.49,25.99,0.00,-6.63
GLSI,5822367,,5822367,,-36.32%,,,,4.70%,-185.10%,-210.64%,51.00%,-164.30%,-22.50%,,-216.02%,-1046.74%,-1499333,,1,,,9.32000,98493,33.39,29.74,43.90,-0.80
LYEL,372217000,-0.87%,321223000,50994000,-34.39%,-8.54%,-10.37%,13.46%,272.01%,-65.90%,-78.48%,-14.42%,-55.80%,-11.08%,203,-82.70%,-30.78%,-1143313,,1,,-4.69,0.41490,451284,37.93,32.58,30.81,-1.31
CHEB,,,,,,,,,,,,,,,,,,,,1,,,10.34600,800,70.41,83.00,0.00,-0.16
RVSB,25348000,-14.08%,-88355000,113703000,,57.11%,-39.04%,31.11%,-70.97%,0.50%,,6.70%,0.10%,9.20%,206398,0.29%,0.92%,3482,0.03,3,,,5.78000,96329,57.08,63.76,53.32,0.04
SMHI,76140000,14.38%,-272324000,348464000,,-2.10%,8.53%,-2.61%,-223.18%,-23.90%,-6.25%,-3.10%,-10.80%,-10.96%,219016,-1.61%,-4.88%,-63054,0.37,2,90.30,0.16,4.41000,138325,39.94,30.33,35.96,-2.82
CXDO,19242000,-13.37%,17124000,2118000,89.91%,-8.74%,-3.11%,66.20%,13.62%,3.40%,3.65%,-14.25%,2.70%,-0.10%,328854,3.02%,-1.78%,9065,1.00,8,59.60,5.01,4.37000,100491,39.36,42.03,51.07,0.06
LFT,71564098,-12.63%,-804296185,875860283,,0.09%,-26.61%,9.94%,-659.91%,7.40%,,1.33%,1.40%,5.58%,60293,2.03%,1.04%,29849,0.03,6,,,2.33000,86548,28.03,36.58,45.85,0.34
CYBN,97597549,,97597549,,252.78%,,,,89.09%,-39.00%,-44.22%,-61.85%,-37.70%,,,-56.22%,,-1443111,,2,,,5.79000,838019,27.46,29.91,38.35,-3.41
KRRO,126095000,7.13%,81330000,44765000,-40.42%,-0.61%,34.81%,,66.02%,-48.50%,-39.49%,-16.82%,-36.40%,-69.06%,21837,-44.79%,-40.88%,-803663,0.01,1,,-1.12,12.97000,64446,29.33,32.20,41.19,-9.37
THM,992487,,992487,,-41.19%,,,,0.83%,-6.30%,-6.39%,-6.90%,-6.20%,-6.66%,,-6.73%,-6.58%,-1199791,,1,,,0.59900,16143,50.31,53.00,52.66,-0.02
ACR,57603000,-8.37%,-1348027000,1405630000,,-8.22%,-18.30%,-5.58%,-944.09%,2.10%,,0.69%,0.40%,-11.78%,20872000,0.63%,-2.04%,2280750,0.04,6,,,17.65000,28323,33.65,46.82,58.42,1.15
KVAC,,,,,,,,,,,,,,,,,,,,1,,,11.22000,424,63.43,89.07,98.71,-0.08
USGO,3967008,-10.70%,3857614,109394,-65.41%,,-21.79%,,3.18%,-110.70%,-179.37%,,-99.40%,,,-195.26%,,-943009,,1,,,9.74000,27393,51.79,52.29,52.49,-0.68
SIEB,258601000,3.45%,251674000,6927000,-13.45%,-26.81%,-5.12%,-11.17%,211.72%,16.70%,19.29%,9.45%,2.20%,8.88%,676621,14.83%,0.74%,107145,0.14,6,,0.69,3.00000,19471,59.82,57.58,56.74,0.33
SVCO,82677000,-8.13%,76597000,6080000,15596.11%,,54.59%,,63.77%,-50.70%,-35.25%,,-32.50%,,213907,-37.94%,,-141233,0.49,2,,1.58,4.23000,58185,35.40,27.67,0.00,-1.53
SIFY,87737379,12.83%,-350708518,438445898,,78.92%,100.33%,57.04%,-122.63%,0.90%,-0.12%,8.72%,0.30%,6.72%,105043,6.26%,2.22%,536,0.51,0,7.24,0.75,3.96000,25845,42.27,50.48,41.13,0.07
VCSA,201842000,9.77%,86076000,115766000,-61.89%,509.21%,,,62.56%,-214.30%,-42.38%,-110.52%,-14.80%,,211741,-98.52%,,-22138,1.42,2,,-2.32,5.35000,530356,51.48,59.46,26.75,-6.37
SNBR,1950000,2.01%,-934158000,936108000,,5.77%,-3.76%,9.72%,-772.57%,,-48.46%,20.71%,-2.30%,-24.94%,461282,,6.86%,-5576,1.91,4,6.22,0.30,5.37000,742540,33.30,33.28,36.39,-0.90
FDMT,424877000,-0.92%,400271000,24606000,46.32%,14.37%,67.72%,,340.34%,-28.60%,-30.28%,-31.58%,-26.70%,-38.64%,163,-35.10%,-30.56%,-708670,,1,,-0.10,2.59000,625700,31.02,25.30,32.14,-2.98
SBFG,27493000,-5.79%,-48092000,75585000,,14.26%,-40.46%,14.00%,-38.89%,9.00%,,6.73%,0.80%,10.56%,225456,5.65%,1.08%,45516,0.04,3,,,18.26000,11369,35.06,42.92,53.22,1.72
PRQR,167559935,-1.04%,148252322,19307613,33.27%,-34.18%,-12.76%,4.89%,125.25%,-61.30%,-20.17%,-46.66%,-21.50%,-64.48%,122573,-28.81%,-32.48%,-174111,0.15,2,,-2.36,1.13000,289182,23.81,31.09,41.35,-0.33
LWLG,27667964,-1.33%,24900993,2766971,-12.69%,72.78%,-4.95%,13.17%,21.37%,-64.50%,-62.56%,-68.16%,-57.60%,-87.18%,3084,-63.80%,-75.24%,-726937,0.00,3,,9.25,0.95060,355535,41.07,32.84,35.35,-0.19
PLG,2104000,-9.51%,1866000,238000,-72.57%,-78.24%,-21.19%,-63.31%,1.59%,-19.30%,-9.86%,-24.05%,-9.70%,-323.24%,,-21.34%,-15.88%,-375692,,1,,,1.16000,454242,42.94,40.26,42.55,-0.06
AISPW,,,,,,,,,,,,,,,,,,,,2,,,0.80000,12822,40.84,45.93,54.45,
TSE,209800000,0.43%,-2268000000,2477800000,,0.91%,4.70%,14.74%,-1942.88%,,-2.63%,-6.91%,-12.30%,-505.44%,1190915,-3.30%,-6.58%,-118136,1.24,5,8.64,0.99,3.32000,443956,38.22,39.97,34.78,-9.86
SLSN,1409000,-8.05%,-13888000,15297000,,1.22%,-28.04%,25.30%,-11.25%,36.10%,21.18%,4.25%,9.50%,-6.10%,534153,16.11%,1.66%,43214,1.18,6,2.39,0.77,1.68000,115410,30.17,39.56,49.60,0.07
BKKT,63938000,,63938000,,-37.39%,,,,117.71%,-98.70%,-35.31%,-577.60%,-4.40%,,6243685,-274.14%,,-83469,3.27,3,,8.60,8.57000,213686,41.33,36.10,41.70,-7.97
SERA,46236000,-58.56%,46040000,196000,-3.68%,15.26%,-84.69%,-53.80%,39.89%,-58.00%,-68.76%,-37.46%,-40.30%,-150.14%,1203,-76.32%,-49.68%,-514031,0.00,1,,-3.72,3.11000,66153,34.33,29.15,40.10,-0.99
AVR,70458000,-48.35%,69063000,1395000,825.30%,,-26.16%,,60.05%,-185.90%,-118.87%,,-137.20%,,19875,-122.16%,,-560963,0.05,3,3.31,-3.19,2.94500,145124,26.46,28.31,0.00,-3.68
RELL,26635000,-8.55%,24314000,2321000,17.89%,-13.93%,8.21%,-10.60%,18.61%,0.30%,0.27%,5.45%,0.20%,,459197,0.37%,,1063,1.04,5,1.24,4.44,8.12000,250921,20.62,21.06,35.63,0.03
RPT,64252000,19.30%,-658313000,722565000,,-16.12%,-27.55%,-9.43%,-542.55%,-36.80%,,-1.70%,-9.20%,-9.50%,,-9.58%,-2.22%,-92175000,-0.06,3,,,2.46000,261609,33.37,30.70,31.89,-2.29
MNSB,207708000,0.14%,134669000,73039000,401.17%,35.60%,-16.66%,5.91%,111.78%,-5.50%,,5.93%,-0.60%,7.90%,289525,-4.95%,0.82%,-59490,0.03,2,,,15.59000,11261,40.60,39.50,39.96,-1.60
ACRS,113594000,,113594000,,-4.63%,,,,92.33%,-94.10%,-69.98%,-68.77%,-71.60%,-69.22%,292500,-89.64%,-49.26%,-2063516,0.10,2,,-5.98,1.08000,1362165,17.28,31.88,36.33,-1.71
RMBI,22057190,5.10%,-243533249,265590439,,13.73%,-2.21%,11.44%,-185.45%,7.00%,,2.97%,0.60%,7.00%,248064,2.40%,0.82%,54204,0.03,4,,,12.07000,25733,40.12,41.54,46.06,0.92
NMRA,308791000,-32.50%,306938000,1853000,-31.79%,,-64.58%,,259.93%,-69.00%,-84.86%,,-64.00%,,,-91.19%,,-2216245,,1,,,0.71660,625829,22.52,25.21,31.63,-1.53
SRL,33126705,-17.03%,7214006,25912699,-73.66%,115.71%,-9.64%,-38.75%,6.22%,-6.20%,-2.47%,-1.93%,-4.40%,-1.84%,471725,-2.67%,-1.30%,-196898,0.11,3,,1.06,7.82770,1477,47.84,51.39,51.07,-0.96
SGHT,120357000,15.24%,81001000,39356000,-22.27%,6.42%,16.00%,25.08%,70.29%,-52.40%,-36.59%,-16.65%,-34.80%,-37.94%,369750,-39.83%,-41.20%,-238458,0.54,3,1.63,-1.62,2.26000,176959,42.10,30.56,30.08,-1.03
AKA,24192000,1.79%,-159397000,183589000,,10.55%,34.75%,,-132.86%,-19.70%,-3.94%,-11.95%,-6.80%,-21.44%,425701,-3.43%,-10.06%,-19252,1.50,4,2.65,0.75,10.81000,4349,39.71,39.28,36.80,-2.46
FLL,40221000,-0.04%,-487173000,527394000,,17.95%,2.49%,32.79%,-410.26%,-74.30%,0.45%,5.22%,-6.10%,-21.16%,145306,,-1.96%,-20235,0.44,4,72.41,0.38,3.22000,144180,32.02,33.30,37.96,-1.16
AISP,11414830,-50.46%,9171127,2243703,,25.26%,-60.59%,,7.99%,,-701.16%,,-701.40%,,434910,,,-1084243,2.81,2,,-17.92,3.61000,345229,41.82,45.67,41.81,-2.34
MAYA,,,,,,,,,,,,,,,,,,,,0,,,9.93000,321,55.31,0.00,0.00,
LRMR,184060000,-4.57%,178943000,5117000,116.68%,-5.18%,-7.74%,121.03%,157.45%,-39.70%,-45.83%,-49.36%,-35.60%,-47.98%,,-51.37%,-41.20%,-1240062,,1,,,1.78000,600921,33.02,25.44,38.19,-1.32
RGLS,75839000,-42.44%,75565000,274000,252.45%,-66.19%,-88.53%,-54.87%,66.71%,-50.30%,-60.25%,-71.91%,-46.80%,-82.68%,,-65.26%,-56.84%,-1363471,,2,,,1.72000,558704,58.56,57.61,42.80,-0.82
QH,14335635,11.55%,-1758015,16093650,,,3.50%,,-143.02%,-9.10%,1.70%,-7.45%,-4.00%,-8.46%,1008042,-6.69%,-3.22%,-11119,3.66,2,,1.81,1.27000,14890,33.39,48.32,21.12,-0.55
PCSC,,,,,,,,,,,,,,,,,,,,1,,,10.23000,91,26.98,53.80,0.00,0.23
AMWL,229111000,-9.86%,220910000,8201000,-38.81%,-20.97%,-30.42%,-9.35%,195.20%,-58.90%,-63.25%,-54.64%,-42.20%,-52.92%,290039,-69.51%,-38.96%,-237335,0.52,3,32.68,-6.15,7.25000,37974,41.89,40.38,27.02,-13.88
SVII,1567814,,1567814,,,,,,1.39%,,,,,,,,,,,1,,,11.44000,57862,42.85,61.72,78.54,0.37
ALDX,101151272,-1.99%,85848269,15303003,-32.49%,-1.18%,-2.26%,0.73%,77.09%,-60.70%,-62.70%,-42.56%,-45.70%,-44.58%,,-69.65%,-35.24%,-6205716,,1,,,1.89000,1582864,22.85,32.70,36.98,-0.94
RAPT,231055000,-12.27%,226563000,4492000,49.10%,,-34.96%,,201.92%,-98.90%,-67.65%,-54.90%,-82.20%,-57.70%,,-70.01%,-50.34%,-1909779,,1,,,0.85000,544120,30.73,34.35,35.66,-3.19
QVCGB,,,,,,,,,,,,,,,,,,,,6,,,4.80000,11204,43.65,53.29,49.66,
TSQ,32990000,-1.03%,-485969000,518959000,,-4.06%,-5.72%,-3.16%,-429.28%,,4.92%,1.30%,-2.20%,-25.04%,220099,,-3.06%,-6200,0.76,5,,0.30,6.94000,38165,33.87,26.76,35.47,-0.81
AFBI,41425000,,-17390000,58815000,,6.28%,47.04%,,-15.56%,4.30%,,3.77%,0.60%,5.22%,334163,2.90%,0.74%,59141,0.04,4,,,17.50000,7875,45.12,39.99,50.96,0.83
SHIP,29916000,,-227953000,257869000,,,39.30%,,-204.22%,17.70%,13.23%,7.37%,8.50%,4.24%,1800634,12.03%,3.32%,467441,0.33,8,15.85,0.04,5.34000,152507,30.54,29.65,31.44,2.11
OFS,6068000,-0.20%,-240594000,246662000,,-10.57%,-17.71%,-6.89%,-219.80%,18.20%,,7.20%,6.80%,9.50%,904981,7.96%,3.34%,536642,0.12,5,,,8.32000,58084,40.12,46.38,43.52,2.12
NSTS,53481000,,48481000,5000000,83.72%,,,,81.15%,-1.00%,,-1.25%,-0.30%,,168509,-0.97%,,-14887,0.03,2,,,11.38420,108,44.94,48.56,54.61,-0.16
TNXP,98776000,-6.59%,90657000,8119000,498.99%,104.02%,-17.26%,86.69%,78.04%,-142.90%,-89.94%,-69.58%,-112.20%,-84.08%,124617,-92.57%,-71.96%,-1605383,0.09,4,0.70,-5.12,17.30000,713961,47.73,34.61,30.38,-176.60
ADCT,250867000,-1.17%,129240000,121627000,-16.99%,-4.51%,-1.04%,89.09%,118.50%,,-44.50%,123.88%,-46.70%,59.00%,267309,,-49.50%,-595645,0.21,3,0.34,-6.40,1.12000,194615,31.61,32.69,32.20,-1.62
CHAR,,,,,,,,,,,,,,,,,,,,1,,,10.12000,1100,78.63,83.99,0.00,-0.07
PROP,5686000,146.25%,-45003000,50689000,,,37171.32%,,-40.42%,-87.40%,-42.51%,,-45.60%,,417842,-25.63%,,-2153263,0.09,1,,-1.56,4.13000,333678,36.60,35.80,40.72,-2.65
CSBR,3202000,-4.99%,-3235000,6437000,,-12.57%,-16.86%,10.16%,-2.89%,656.70%,59.51%,-37.91%,24.00%,270.44%,279005,53.04%,-10.30%,30605,2.19,5,,1.70,8.08000,19805,41.08,49.48,55.62,0.44
MMLP,55000,-5.52%,-485464000,485519000,,-1.94%,4.00%,-3.95%,-472.63%,,13.40%,-4.57%,-0.90%,10.82%,547695,,,-3930,1.32,3,6.22,,2.78000,85378,17.24,27.44,42.05,-0.13
AIFE,,,,,,,,,,,,,,,,,,,,0,,,10.03000,6326,45.21,0.00,0.00,
EPRX,33101294,-22.77%,33029435,71859,271.55%,,-99.31%,,29.91%,-133.20%,-78.96%,,-96.30%,,,-80.66%,,-780136,,1,,,3.03000,1270,37.30,46.22,49.51,-0.76
KOD,174258000,-4.21%,103913000,70345000,-50.56%,-4.19%,-13.83%,105.17%,85.65%,-89.10%,-56.84%,-56.02%,-45.60%,-60.04%,,-84.69%,-37.08%,-1616578,,1,,,2.09500,274740,28.23,31.81,39.78,-3.35
PTMN,39953000,0.08%,-225187000,265140000,,-8.60%,-17.76%,11.50%,-204.35%,-3.10%,,8.50%,-1.20%,5.12%,4802462,,2.04%,-456538,0.13,4,,,11.98000,53563,20.33,15.35,26.18,-0.64
CGTL,443322,9.24%,316436,126886,-67.01%,,,,0.29%,37.80%,38.47%,,30.90%,,2094809,31.52%,,251904,2.57,4,7.58,28.47,5.13000,1758745,65.40,55.58,0.00,0.21
SUNS,184626770,297.68%,-14213230,198840000,,,,,-11.85%,8.50%,,,4.70%,,,2.21%,,,0.07,3,,,8.18000,100135,24.18,29.48,0.00,1.00
GECC,,-17.51%,-189695000,189695000,,10.13%,35.29%,9.63%,-171.70%,2.80%,,9.33%,1.00%,-10.48%,,8.50%,-1.86%,,0.11,3,,,9.50000,19148,38.99,40.97,41.06,0.36
EPWK,227826,-7.90%,-6041535,6269361,,,-12.37%,,-6.64%,,22.24%,,-21.70%,,109868,,,-6538,3.66,1,,0.36,4.91000,1159511,49.85,0.00,0.00,-0.06
NXTT,78990817,,78990817,,120.61%,,,,72.14%,29.50%,33.14%,6.34%,26.60%,11.22%,300000,-0.01%,7.30%,3591591,0.02,3,,8.21,0.25100,64470,27.60,33.47,45.18,3.70
ARBE,24561000,-0.55%,-8061000,32622000,,87.92%,1772.68%,,-6.97%,-200.10%,-202.28%,-61.35%,-89.00%,-184.12%,5565,-90.08%,-93.74%,-357370,0.01,1,,-6.26,1.04000,752350,35.80,37.33,34.51,-0.61
LUCD,22358000,62.67%,1104000,21254000,-69.68%,,39.32%,,1.56%,-535.60%,-632.78%,-152.16%,-177.50%,-255.22%,60361,-172.84%,-209.34%,-736458,0.15,4,22.94,-12.29,1.25000,7826677,39.97,53.72,34.64,-1.05
NKTX,270097000,-6.06%,189824000,80273000,16.75%,86.08%,-9.13%,61.55%,176.00%,-24.60%,-22.56%,-27.44%,-20.10%,-37.48%,,-26.26%,-29.94%,-692930,,2,,,1.53000,554967,41.88,33.69,37.62,-1.60
AFCG,103610460,27.04%,-85001690,188612150,,3.24%,45.07%,,-79.45%,6.50%,,6.81%,3.90%,,,7.09%,,,0.11,4,,,4.80000,179030,26.25,23.40,30.30,0.78
CGEN,103255000,-1.22%,100343000,2912000,101.90%,1.93%,115.54%,-4.04%,91.32%,-24.40%,-10.24%,-29.45%,-12.30%,-28.78%,376541,-25.75%,-21.60%,-192311,0.24,3,,-3.99,1.21000,387437,28.64,34.15,41.20,-0.16
CSLR,83343000,196.09%,-120882000,204225000,,,252.61%,,-111.86%,,-177.74%,,-228.50%,,304455,-102.51%,,-978276,0.71,2,6.08,-8.23,1.46500,301228,47.22,43.75,32.70,7.82
RBKB,37484000,15.40%,-37444000,74928000,,47.82%,-43.76%,0.95%,-33.92%,-7.30%,,2.30%,-0.70%,3.52%,154232,-5.56%,0.30%,-51310,0.02,2,,,10.01000,3343,46.99,55.10,59.20,-0.80
CAAS,129387000,21.79%,56624000,72763000,-51.52%,15.08%,47.05%,6.07%,52.57%,8.40%,9.56%,3.48%,3.70%,5.70%,148955,7.97%,2.54%,6860,0.81,5,4.82,1.76,3.57000,28875,34.67,38.53,45.52,0.99
ILLR,47723249,-0.31%,-1869399,49592648,,150.28%,107.81%,,-1.80%,,-6947.46%,-208.94%,-367.50%,-370.72%,106363,-569.79%,-57.40%,-1397866,0.28,4,,-10.22,0.66000,569149,38.62,31.29,31.07,-2.79
INVZ,67964000,-0.73%,38370000,29594000,-66.02%,,-8.97%,66.32%,37.54%,-91.60%,-97.74%,-48.00%,-60.30%,-46.06%,58477,-93.91%,-63.10%,-228330,0.16,3,13.48,-8.45,0.54000,1861992,31.29,37.19,34.80,-0.57
FRGE,106256000,-5.28%,91687000,14569000,-32.07%,-16.62%,34.70%,,85.44%,-27.80%,-27.38%,-16.52%,-23.60%,-3.20%,264430,-34.54%,-18.40%,-221110,0.28,2,,-0.18,0.57040,311692,43.96,37.30,32.40,-0.36
INSG,39596000,-48.48%,-19766000,59362000,,-27.82%,-64.66%,-16.68%,-18.12%,-1.70%,44.26%,-32.28%,1.10%,254.50%,877266,3.20%,-29.84%,5977,1.58,8,7.18,-9.54,7.15000,116457,33.67,33.32,40.85,0.10
FTLF,4520000,-7.82%,-8861000,13381000,,406.47%,-33.30%,129.98%,-8.26%,27.30%,28.03%,30.17%,15.60%,46.72%,1653051,20.05%,30.02%,230359,1.12,7,3.61,4.99,11.63000,9196,40.41,35.06,46.01,0.91
MAMO,10210084,-9.61%,-4946074,15156158,,,54.33%,,-4.96%,14.30%,14.01%,,6.00%,,1112091,13.44%,,31542,2.11,4,2.90,4.80,2.58000,96681,35.29,39.02,0.00,0.08
FATE,289295000,-13.85%,204030000,85265000,-10.05%,-9.44%,-17.65%,25.93%,197.59%,-49.50%,-46.31%,-39.67%,-36.60%,-42.72%,75309,-52.05%,-30.74%,-1029072,0.03,1,,-4.61,0.93520,997793,50.16,35.06,33.19,-1.64
PAYS,122343186,-3.24%,119415108,2928078,12.61%,-9.98%,-11.59%,,112.49%,13.70%,12.57%,-12.17%,2.20%,-3.32%,337483,2.82%,-1.70%,22057,0.33,6,,0.98,1.99000,248081,35.68,30.71,38.59,0.07
MRAM,42097000,-6.37%,37455000,4642000,19.41%,-6.57%,-16.81%,-16.21%,35.31%,1.30%,1.09%,-0.03%,1.10%,2.64%,579333,-11.12%,3.12%,8977,0.72,3,2.77,3.24,4.83000,85621,40.05,35.43,35.84,0.04
CTNM,204760000,924.39%,198501000,6259000,59.29%,,994.23%,,179.69%,-30.70%,-20.83%,,-21.80%,,,-24.91%,,-1030683,,1,,,4.13000,85512,23.14,21.29,0.00,-2.18
NOTE,35250000,-3.81%,-137703000,172953000,,-19.47%,-31.27%,,-119.98%,9.30%,12.24%,31.54%,2.80%,,209888,14.01%,,16609,0.35,5,,-2.43,0.66190,879404,27.79,35.66,29.05,0.07
NWTN,73457000,-7.98%,68423000,5034000,,,55.06%,,61.46%,-130.10%,-45.75%,,-69.40%,,5660,-35.54%,,-1041657,0.00,1,,-1.53,0.37100,45027,43.53,30.96,32.58,-0.39
LESL,11615000,0.38%,-1041911000,1053526000,,1.64%,-0.64%,-5.83%,-974.54%,,6.97%,16.64%,-2.70%,-20.00%,345815,,7.66%,-7374,1.26,4,2.83,1.32,0.57200,2395698,29.76,18.29,28.05,-0.16
KNDI,252050391,5.36%,210517431,41532960,1.22%,665.90%,68.20%,-10.45%,198.34%,,0.75%,-1.17%,,,147142,-0.01%,,8,0.26,2,1.61,1.59,1.23000,101533,38.99,44.99,36.85,0.02
SSSS,20035640,-0.09%,-53214606,73250246,,0.10%,-0.67%,13.55%,-47.27%,-23.10%,,-3.13%,-15.90%,-0.18%,467343,-3.91%,0.28%,-3812425,0.02,3,,,4.49000,63032,37.67,42.55,46.96,-1.60
FRD,1113000,-8.75%,-34186000,35299000,,32.16%,-23.34%,223.10%,-33.66%,4.40%,6.61%,10.20%,2.60%,12.24%,1670209,1.81%,6.94%,21261,2.05,6,3.66,4.29,15.14000,16211,49.54,47.76,51.80,0.80
SRI,71832000,2.22%,-136229000,208061000,,4.16%,4.48%,7.18%,-131.17%,-6.20%,0.18%,0.34%,-2.50%,-3.02%,204111,,-1.26%,-3713,1.38,5,4.24,2.50,3.79000,228626,37.62,27.19,27.33,-0.60
AIRS,8235000,-2.09%,-91818000,100053000,,-0.18%,0.39%,,-76.09%,-10.00%,-1.00%,0.74%,-4.00%,-3.38%,427370,-1.01%,-0.68%,-19552,0.87,2,,1.13,1.80000,167037,27.57,29.33,34.41,-0.14
SRBK,53426000,32.19%,13380000,40046000,-78.74%,39.04%,46.70%,,13.17%,0.20%,,,,,247712,0.18%,,3551,0.03,4,,,12.09000,35123,55.12,56.92,71.31,0.08
ICG,75546244,-76.06%,75509057,37186,-21.82%,-50.19%,-85.41%,,135.95%,5.20%,9.46%,,4.90%,,2118549,2.48%,,387195,0.27,4,1.86,6.92,1.75000,13671,23.89,32.58,36.03,0.88
SNCR,33375000,-0.65%,-170116000,203491000,,6.34%,27.33%,27.26%,-138.23%,10.20%,11.92%,-12.26%,1.00%,-94.30%,216451,3.50%,-12.78%,3797,0.59,7,,-0.63,9.74000,67537,43.24,46.84,46.25,0.43
KRMD,9580947,-6.00%,5590934,3990013,-20.55%,87.62%,-10.24%,59.90%,5.49%,-33.50%,-30.29%,-24.91%,-22.20%,-25.60%,420581,-30.99%,-19.30%,-75833,1.23,3,3.92,5.39,2.28000,277123,32.46,33.02,43.52,-0.13
ZTEK,1055059,-17.74%,515257,539802,-84.26%,34.10%,-40.49%,,0.49%,-58.20%,-66.89%,,-50.90%,,1871,-59.28%,,-308380,0.00,3,0.21,23.43,0.99410,9464,45.35,49.17,45.48,-0.08
INFU,527000,-13.48%,-27897000,28424000,,-8.22%,-18.56%,-7.95%,-26.60%,4.30%,7.95%,6.77%,2.20%,,262375,3.69%,,4562,1.28,7,9.97,2.28,4.96500,10617,34.28,32.84,35.41,0.11
LPRO,253924000,-1.36%,110934000,142990000,11.86%,-1.78%,-3.05%,112.33%,106.60%,-74.30%,-21.39%,12.56%,-37.10%,39.38%,117190,-29.57%,0.20%,-658585,0.07,3,,-0.85,0.86880,7261647,12.56,18.20,28.51,-1.13
SLN,147334000,-32.66%,147217000,117000,115.09%,-11.93%,-66.18%,,142.35%,-64.80%,-23.93%,-156.47%,-20.30%,-315.20%,372914,,-39.72%,-390595,0.19,3,,4.68,2.19000,327674,26.64,21.28,32.13,-0.99
AXR,37391000,-9.37%,37362000,29000,107.84%,-82.83%,-21.62%,-50.56%,36.44%,10.60%,,7.34%,10.20%,9.50%,1382214,9.17%,8.68%,308738,0.46,8,0.56,,19.61000,16179,35.69,31.97,46.19,2.41
PFX,7187110,4.44%,-134556572,141743682,,22.22%,68.07%,-7.07%,-130.70%,10.50%,,5.72%,6.00%,-2.30%,2519600,4.26%,-0.42%,1838827,0.08,2,,,50.97000,982,37.95,53.25,62.47,8.15
AZI,2473000,21.67%,-10576000,13049000,,,22.09%,,-7.56%,-36.00%,23.90%,,158.80%,,1450430,26.32%,,377512,6.10,3,61.28,-4.36,0.96800,107981,70.61,42.29,0.00,0.32
MX,138610000,-11.18%,108183000,30427000,-29.42%,92.36%,532.45%,-37.00%,104.94%,-18.00%,-18.22%,-2.76%,-13.30%,41.96%,263039,-17.26%,8.36%,-61644,0.57,2,5.68,2.14,2.78000,305214,29.25,29.60,27.43,-1.44
AVD,11880000,-14.35%,-189047000,200927000,,7.28%,-16.85%,2.53%,-186.03%,-8.10%,-3.55%,4.53%,-3.70%,4.56%,655431,-3.68%,2.32%,-34239,0.71,3,1.63,1.65,3.56000,258849,31.41,30.29,31.93,-1.03
VIOT,184858456,-35.26%,163157615,21700842,15.77%,95.85%,6.90%,,491.52%,4.50%,-1.59%,0.75%,2.40%,-0.42%,387029,6.10%,-0.22%,11582,0.79,5,5.11,1.66,1.50000,150377,44.22,49.92,49.99,0.13
NRGV,33162000,27.62%,32663000,499000,-77.85%,-28.34%,-31.08%,,32.09%,-76.10%,-104.90%,-17.86%,-55.50%,11.12%,283429,-102.51%,-38.04%,-832822,0.19,2,153.30,-3.95,0.66000,1396136,33.81,34.35,33.60,-0.91
TOUR,126309112,-28.82%,125665186,643926,-23.21%,-61.05%,-81.69%,-57.14%,376.35%,7.20%,-1.76%,-31.60%,4.00%,-23.92%,72461,5.77%,-11.54%,10888,0.26,4,,-5.14,0.86240,355148,26.97,40.00,44.66,0.09
ISSC,604561,-5.40%,-25907930,26512491,,,149.85%,,-24.33%,14.90%,12.61%,13.80%,9.50%,17.14%,404953,10.02%,13.92%,50205,0.77,4,1.34,3.59,5.78000,70998,35.58,35.61,43.69,0.38
SCPH,75655000,0.30%,-3907000,79562000,,65.24%,97.58%,31.46%,-3.90%,-437.50%,-83.74%,-47.65%,-90.50%,-138.60%,221537,-69.74%,-50.02%,-519195,0.39,3,1.00,-5.16,2.01500,411436,24.61,27.38,32.36,-1.91
MCRB,39461000,-2.11%,-52179000,91640000,,23.03%,-53.90%,15.40%,-50.86%,-0.50%,0.14%,-84.43%,0.10%,-42.84%,,-115.07%,-34.22%,1320,,1,,,0.58060,1050910,38.67,38.32,35.56,-0.81
VERI,17318000,-15.55%,-101883000,119201000,,-15.14%,-15.10%,,-101.00%,,-21.28%,-43.11%,-12.30%,1108.32%,133099,-66.49%,-18.66%,-53713,0.31,4,,-3.00,2.25000,403287,43.17,42.05,40.93,-0.98
SLS,13986000,73.78%,12985000,1001000,653.19%,7.40%,10.49%,35.77%,12.88%,-325.50%,-311.24%,-133.49%,-144.50%,-671.10%,,-301.10%,-135.12%,-2058733,,1,,,1.11000,774727,47.48,47.80,35.07,-0.50
TAYD,35437415,,35437415,,43.91%,,,,34.55%,15.00%,14.33%,5.96%,12.70%,9.36%,334350,12.24%,8.20%,64044,0.66,5,2.54,7.87,32.14000,15566,47.23,37.85,46.93,2.50
NCTY,20612966,-21.87%,10517991,10094976,-90.03%,-41.53%,-25.95%,,3161.47%,15.90%,-6.21%,-119.66%,4.20%,-87.44%,505075,-113.44%,16.80%,56428,0.37,4,,-15.59,10.74000,106153,39.97,44.59,44.85,0.85
CRGO,37271000,-22.75%,36317000,954000,-27.92%,-18.20%,-26.56%,,36.29%,-35.80%,-38.43%,-71.24%,-27.80%,,62923,-41.09%,,-59500,0.29,2,,-0.92,2.00000,23283,39.96,42.00,38.70,-0.46
GIFI,67265000,-4.98%,48260000,19005000,73.07%,,-4.98%,,46.97%,16.70%,10.98%,-11.54%,11.20%,-10.72%,210860,7.82%,-6.90%,19525,1.21,8,68.83,3.51,6.12000,29481,47.53,46.51,56.44,0.88
STEC,55821861,-7.43%,32522660,23299200,26.28%,,,,205.58%,11.90%,-3.17%,19.97%,6.20%,22.32%,99455,9.12%,11.16%,6175,1.01,1,,3.16,1.19000,20313,40.80,52.48,37.23,-4.94
RCKY,3719000,-14.40%,-128555000,132274000,,-22.01%,-25.93%,157.96%,-124.20%,5.00%,8.47%,7.70%,2.40%,8.56%,179003,6.90%,4.22%,4492,0.97,7,1.64,2.39,13.39000,65764,27.41,24.46,38.21,1.52
AMPY,6385000,5.55%,-124298000,130683000,,-23.75%,8.82%,-14.63%,-123.77%,3.10%,4.41%,-10.07%,1.70%,-680.80%,1286817,5.15%,-9.42%,53817,0.40,6,,0.65,2.47000,442655,24.10,19.82,29.42,0.31
OBIO,66812000,799.29%,50283000,16529000,-41.47%,42.83%,879.79%,,44.64%,-135.20%,-101.76%,-10.40%,-79.60%,,37686,-129.94%,,-871771,0.03,2,1.28,-5.91,2.60000,40212,31.21,30.83,38.46,-1.66
MHH,27742000,-8.82%,23991000,3751000,49.31%,-41.02%,-26.15%,-34.01%,24.15%,4.00%,4.20%,5.73%,3.10%,8.46%,130454,3.20%,5.16%,2231,1.82,6,,5.57,8.46000,5,37.54,33.70,41.95,0.28
CMCM,276329756,,275646182,683574,,,,,13645.05%,-22.00%,4.52%,-11.40%,-11.20%,-8.94%,111751,-8.53%,-5.08%,-100633,0.12,2,,-0.25,3.32000,34674,24.13,38.40,45.56,-2.89
ALMU,3063059,12.42%,810093,2252966,-42.80%,61.07%,123.79%,,0.78%,-368.10%,-88.94%,,-102.90%,,208955,-187.86%,,-428916,0.50,4,,2.84,6.40000,30735,49.40,56.04,64.70,-0.46
MCTR,379145,-6.49%,-768682,1147827,,,,,-0.74%,58.10%,-12.17%,-37.49%,11.00%,,259942,17.81%,,12244,2.35,6,,40.42,6.45000,112682,61.38,0.00,0.00,0.02
KEQU,12335000,121.94%,-67560000,79895000,,66.69%,101.57%,39.49%,-67.07%,30.50%,8.19%,2.12%,11.90%,1.38%,218714,15.37%,,17476,1.49,4,6.01,2.61,34.55000,20765,32.43,35.07,49.53,5.94
EXOZ,9719310,-76.33%,8332478,1386832,,,-46.90%,,8.30%,-708.90%,-50.76%,,-95.10%,,,-50.24%,,-202115,,1,,,11.77000,1171,45.75,47.35,0.00,-0.89
SKYX,12639441,0.18%,-26718403,39357844,,76.18%,4.01%,56.72%,-26.57%,-466.20%,-79.78%,-35.98%,-52.50%,-161.00%,1106114,-73.97%,-101.66%,-461292,1.26,2,17.11,-3.18,0.94230,367469,34.03,41.27,35.74,-0.36
MKFG,53629000,-2.75%,20985000,32644000,-71.53%,,-24.33%,,21.47%,-79.60%,-67.11%,-31.10%,-42.30%,-21.82%,315148,-72.75%,-20.94%,-316911,0.42,3,1.79,-2.44,4.71000,139578,75.38,62.22,35.56,-4.22
IOTR,889481,,-34613,924094,,,,,-0.04%,39.72%,,,,,323350,28.30%,,33962,,3,,,3.74000,3060420,,,,0.03
COE,29188000,121.00%,26505000,2683000,16.46%,18.02%,325.20%,-24.09%,1743.69%,,53.69%,,-19.70%,263.38%,163523,,-25.66%,-23339,1.38,2,,,16.98000,542,33.87,46.38,53.49,-1.20
ZJYL,26757430,16.63%,15153661,11603769,114.37%,,,,15.61%,13.90%,15.50%,,9.30%,,87368,7.45%,,13665,0.60,3,2.35,5.49,0.62000,116734,41.41,36.73,46.21,0.02
CSTE,106336000,-3.19%,-5976000,112312000,,-11.92%,-7.80%,8.48%,-6.13%,-14.20%,-10.51%,-6.97%,-7.70%,-9.94%,289309,-10.75%,-5.60%,-27958,0.80,4,2.78,1.62,2.80000,120094,48.43,34.53,36.64,-1.13
VGZ,16950000,,16950000,,179.29%,,,,17.97%,73.50%,62.75%,-50.74%,59.70%,-31.10%,,58.83%,-27.24%,865308,,2,,,0.78105,1530169,56.64,64.07,58.19,0.09
TWIN,15906000,-6.68%,-25436000,41342000,,3.62%,49.32%,-9.03%,-23.63%,6.20%,7.46%,-2.28%,3.00%,-4.74%,353184,4.04%,-2.24%,10313,1.04,5,1.80,2.64,6.83000,84727,38.20,25.13,34.10,0.67
MIMI,1003534,2602.23%,-136268,1139802,,,,,-0.16%,97.50%,40.77%,,51.00%,,292200,61.69%,,52229,2.86,1,,31.56,4.19000,112019,39.16,0.00,0.00,0.03
KVHI,50572000,11.93%,49343000,1229000,-28.17%,-26.82%,14.33%,-27.91%,51.16%,-7.80%,-7.63%,-10.85%,-6.70%,-4.80%,449913,-8.50%,-3.76%,-43668,0.69,2,3.74,4.74,4.87000,51935,39.81,40.82,40.48,-0.57
BHST,2390000,29.18%,-11428000,13818000,,,-38.15%,,-11.88%,-574.70%,-65.06%,,-56.90%,,12594000,-46.14%,,-6456500,1.11,2,3.67,-3.18,5.55000,41521,45.07,49.86,66.22,-0.80
NB,512000,-75.47%,-831000,1343000,,-40.59%,-76.59%,-17.18%,-0.96%,-369.30%,-44.92%,4325.19%,-40.90%,-603.30%,,-142.01%,-70.70%,-1078714,,1,,,2.05000,538302,51.51,52.67,40.57,-0.19
NNBR,18128000,1.82%,-178831000,196959000,,-2.29%,-4.53%,-24.99%,-169.95%,-37.70%,-3.69%,-10.73%,-7.90%,-34.86%,178573,-10.15%,-6.60%,-14720,0.95,5,5.92,0.33,1.92000,193011,29.71,33.02,40.02,-1.11
IVCA,337093,,337093,,-97.91%,,,,0.35%,-640.90%,3.21%,,3.20%,,,3.30%,,4402295,,1,,,12.04000,13,61.28,76.35,99.36,0.21
NOEM,953069,-97.82%,941339,11730,,,,,0.98%,-0.30%,0.09%,,,,,0.81%,,,,2,,,9.97000,110,67.67,0.00,0.00,-0.01
LUD,7339830,-0.73%,-4626664,11966494,,,53.26%,,-4.88%,12.10%,15.58%,,4.20%,,322419,7.37%,,11490,1.19,6,6.62,3.77,4.21500,225200,51.30,0.00,0.00,0.09
IH,159785221,516.75%,157746394,2038827,-4.63%,-24.20%,286.35%,,815.22%,10.70%,-5.97%,3.60%,7.10%,4.36%,161340,6.57%,3.64%,17248,0.66,3,14.10,1.80,1.82000,8017,37.78,47.50,40.02,0.25
RMBL,96700000,-12.73%,-494100000,590800000,,5.77%,-15.56%,46.58%,-490.37%,-102.70%,-3.41%,-13.80%,-9.30%,-135.46%,615682,-2.34%,-16.42%,-40020,1.43,5,3.04,0.47,2.50000,217637,36.63,31.55,35.95,-2.22
FGBI,564458000,-0.47%,362535000,201923000,3178.19%,59.64%,-26.68%,18.41%,360.15%,4.00%,,5.65%,0.30%,8.46%,227733,2.72%,0.62%,24741,0.03,4,,,7.55000,12638,52.93,39.16,38.38,0.81
BKHA,,,,,,,,,,,,,,,,,,,,1,,,10.56000,3774,75.78,76.83,0.00,0.29
HOLO,215617626,-80.11%,214557889,1059737,7834.60%,184.96%,1309.56%,,250.24%,-7.30%,-4.38%,73.77%,-7.10%,,621357,-8.68%,,-135537,0.33,1,432.19,12.84,0.53230,11549190,33.54,42.89,46.47,-0.69
ELVA,8170000,-16.37%,-9204000,17374000,,,,,-9.98%,-18.90%,5.33%,,-3.90%,,459948,,,-15309,1.17,5,3.19,-0.41,2.34000,17565,45.85,47.77,44.37,-0.04
UMAC,3757323,-90.14%,3427332,329991,283.04%,,,,3.60%,-170.00%,-210.08%,,-142.00%,,347832,-112.17%,,-1998779,0.25,1,,35.32,5.59000,29557,40.33,43.60,52.42,-3.84
TUSK,82326000,-88.44%,76084000,6242000,,-60.14%,-88.02%,-44.96%,76.74%,-65.70%,-71.73%,-18.53%,-43.40%,-21.10%,294103,-49.68%,-14.06%,-324454,0.39,2,12.30,-1.52,1.95000,158275,41.54,32.64,36.99,-4.31
ODYS,18486000,-2.06%,17439000,1047000,10.97%,31.64%,-21.04%,13.62%,18.44%,-69.50%,-57.73%,-71.95%,-52.90%,-70.88%,64984,-64.83%,-51.46%,-192902,0.18,3,7.94,7.14,5.75000,6731,38.44,42.02,50.77,-1.03
BRAG,11586743,9.20%,211433,11375310,-93.79%,157.77%,79.59%,,0.23%,-7.20%,-4.41%,-9.43%,-4.90%,-18.88%,211655,-4.43%,-9.38%,-10680,0.98,4,,1.30,3.55000,23861,37.23,40.84,39.80,-0.22
PBHC,31572000,-8.13%,-104939000,136511000,,7.56%,-35.49%,4.24%,-105.95%,2.80%,,3.69%,0.20%,8.42%,217456,1.82%,0.68%,18588,0.03,4,,,15.20000,138,46.03,46.64,52.12,0.54
NAUT,129893000,-3.45%,99415000,30478000,-28.37%,0.49%,-11.98%,,96.94%,-30.90%,-30.10%,-5.52%,-26.60%,32.78%,,-34.06%,-20.90%,-456645,,1,,,0.73950,172052,38.64,26.09,26.21,-0.56
TISI,35545000,0.59%,-332987000,368532000,,-7.71%,3.63%,-1.73%,-359.65%,-219.30%,3.59%,-13.94%,-7.10%,-69.94%,157828,,-13.42%,-7086,1.58,5,16.40,1.00,20.75000,47547,69.15,63.16,56.88,-8.64
LGPS,,13.64%,-124856904,124856904,,,,,-115.14%,22.00%,-0.06%,,1.60%,,396915,2.93%,,9467,0.72,3,,,3.94000,28449,0.00,0.00,0.00,0.09
AREN,5773000,-9.32%,-107889000,113662000,,16.31%,-9.71%,,-117.16%,,72.43%,-133.68%,-84.30%,164.20%,357763,,-39.48%,-252554,1.19,4,,-9.33,1.96000,2066,64.55,66.51,41.13,-4.24
PROV,45539000,-1.60%,-199961000,245500000,,45.32%,1.24%,13.37%,-210.17%,4.80%,,2.96%,0.50%,6.32%,240269,1.66%,0.68%,38875,0.03,3,,,13.89000,1144,38.33,37.94,46.46,0.92
IROH,,,,,,,,,,,,,,,,,,,,1,,,10.48000,269,49.79,72.79,96.30,0.16
NKTR,255226000,-5.26%,152662000,102564000,-17.85%,-10.52%,-12.92%,-24.14%,168.10%,-150.60%,-37.57%,-66.96%,-35.20%,-96.20%,1613557,-64.42%,-40.86%,-1950180,0.29,3,,-16.22,0.49910,1024582,24.47,33.14,30.50,-0.58
TIL,115145000,1.94%,29941000,85204000,-55.68%,,1.07%,,31.54%,-39.70%,-25.48%,-14.92%,-26.10%,-2.54%,,-28.88%,-31.24%,-5295357,,2,,,14.18000,52285,38.31,38.67,35.52,-11.39
PLBY,33322000,-4.17%,-168720000,202042000,,-9.67%,-8.99%,2.98%,-183.65%,-1459.90%,-22.97%,-40.16%,-27.20%,-361.46%,188837,-26.16%,-24.58%,-129101,0.40,4,3.81,-3.40,0.98580,417786,35.12,39.46,43.14,-1.04
CUPR,314733,,-2204021,2518754,,,,,,,,,,,3636,-94.96%,,-50219,,1,,,4.40000,2225998,,,,-0.03
GNSS,13710000,0.58%,-2684000,16394000,,34.86%,223.93%,15.52%,-2.91%,-123.00%,-84.73%,-22.60%,-53.10%,-28.76%,131619,-84.58%,-17.34%,-143980,0.49,1,2.04,-2.60,2.05000,44818,37.29,35.89,42.87,-0.66
EDIT,269913000,140.25%,177447000,92466000,-38.08%,51.91%,153.08%,26.03%,185.96%,-113.40%,-95.00%,-55.18%,-63.50%,-53.98%,131358,-110.77%,-35.94%,-963793,0.09,1,,-7.33,1.11000,1509497,41.99,32.27,35.17,-2.88
FSHP,,,,,,,,,,,,,,,,,,,,1,,,10.37000,1,57.46,80.89,0.00,0.17
HSPT,,,,,,,,,,,,,,,,,,,,1,,,10.12000,28982,68.14,0.00,0.00,2.67
ELUT,13239000,2.52%,-21387000,34626000,,-6.62%,-15.66%,-5.05%,-21.63%,,2947.42%,-220.14%,-133.40%,292.88%,477941,,-67.08%,-1057824,0.60,2,3.52,-12.38,2.24000,104460,40.31,39.73,42.78,-1.86
DTSQ,,,,,,,,,,,,,,,,,,,,2,,,10.25000,250002,62.36,84.19,0.00,-1.94
OPTN,84485000,0.39%,-41997000,126482000,,0.02%,-2.88%,11.16%,-46.08%,,4.35%,-55.67%,-18.10%,-2.94%,611141,-18.95%,-44.56%,-168289,0.66,3,0.74,-7.52,9.05000,195917,76.44,53.12,37.11,-2.12
HURC,42345000,1.00%,30547000,11798000,16.04%,4.97%,-4.69%,-2.75%,32.51%,-9.30%,-4.42%,0.11%,-7.20%,-0.42%,273167,-4.08%,-0.40%,-28023,0.70,3,0.99,3.26,14.02000,9137,30.55,31.01,37.57,-2.98
QIPT,15451000,0.92%,-85274000,100725000,,55.31%,5.11%,39.14%,-93.35%,-6.70%,-0.20%,1.26%,-2.90%,-7.68%,201610,,-2.96%,-6050,0.98,4,9.65,0.47,2.00000,135881,34.74,33.01,33.29,-0.17
ENTA,217299000,3.59%,159840000,57459000,-49.36%,43.54%,125.42%,44.50%,174.25%,-75.50%,-32.38%,-38.84%,-27.30%,-37.20%,508328,-65.19%,-23.24%,-800977,0.17,2,,-1.13,4.26000,280263,21.20,32.83,32.93,-4.95
RPID,51097000,-4.43%,44929000,6168000,-47.14%,,-16.04%,-19.11%,50.32%,-52.10%,-62.07%,-26.92%,-41.80%,-60.64%,172092,-61.24%,-46.80%,-287663,0.25,3,1.40,-5.05,2.10000,100681,41.35,53.81,40.37,-1.08
SPCE,595506000,0.13%,175386000,420120000,-64.42%,,0.53%,76.48%,194.73%,-92.40%,-41.14%,-50.41%,-33.70%,-90.92%,9457,-50.73%,-50.24%,-466048,0.01,1,,-4.06,2.55000,1232972,34.29,27.57,34.15,-13.89
MGYR,58532000,6.50%,28108000,30424000,25.93%,12.52%,5.65%,-0.04%,31.05%,7.50%,,5.02%,0.90%,7.10%,321030,5.78%,0.76%,81347,0.03,3,,,13.97000,1739,46.47,52.29,61.29,1.32
PAVS,944242,,944242,,-94.62%,,,,1.06%,-99.60%,-195.17%,-22.28%,-46.00%,-58.40%,594984,-82.82%,-36.50%,-920563,0.30,1,,6.31,1.34000,11550,58.62,60.56,31.14,-2.14
RILY,160613000,-4.54%,-1996212000,2156825000,,-0.47%,-12.47%,20.00%,-2222.61%,,,11.18%,-21.00%,16.84%,433748,-14.79%,3.40%,-362924,0.25,4,,,2.95000,528074,30.23,35.80,35.96,-28.58
RILYP,,,,,,,,,,,,,,,,,,,,4,,,3.10000,2653,28.80,32.32,26.06,6.00
MHLD,34735000,0.02%,-220022000,254757000,,-0.08%,0.06%,-0.01%,-236.07%,-108.50%,,-12.73%,-14.40%,-12.34%,1343714,-63.13%,-1.36%,-4784976,0.04,1,,,0.90770,177707,58.26,42.03,37.60,-2.01
LCTX,47805000,-8.58%,45291000,2514000,39.19%,-3.55%,-14.84%,-13.42%,48.61%,-26.10%,-18.75%,-34.27%,-17.70%,-29.78%,123364,-26.55%,-21.24%,-241675,0.09,3,,-3.51,0.39340,28159,34.04,31.93,33.84,-0.09
RAIL,44450000,229.45%,-114544000,158994000,,18.27%,111.34%,15.04%,-71.55%,,-44.03%,68.61%,-32.70%,152.96%,275579,,-24.54%,-37348,2.42,6,4.92,0.79,4.71000,150484,34.06,34.65,46.98,-3.12
CLLS,260306000,-2.20%,150660000,109646000,53.81%,2.36%,3.57%,18.16%,122.37%,-29.40%,-6.97%,-32.63%,-9.50%,-55.98%,221698,-24.74%,-25.62%,-165590,0.13,5,,-0.53,1.23000,57882,44.32,37.38,35.47,-0.41
NIPG,6762378,44.38%,-9752868,16515246,,,,,-16.35%,,-5.04%,,-25.50%,,330705,,,-225979,0.37,2,,0.26,1.59400,56995,41.76,23.04,0.00,-1.32
ALEC,415243000,22.75%,372724000,42519000,-27.13%,-3.69%,9.25%,-2.41%,411.15%,-82.80%,-34.65%,-59.75%,-21.70%,-56.68%,422513,-85.64%,-19.26%,-500206,0.18,3,,-2.17,0.90430,460662,25.55,26.89,30.98,-1.23
GRO,18861029,,18255424,605605,,,,,19.64%,-35.10%,-33.50%,,-33.80%,,,-34.29%,,-1289124,,2,,,2.33200,107961,38.61,6.61,0.00,-1.28
LGO,22636000,-1.52%,-69644000,92280000,,73.89%,20.59%,,-81.98%,-25.70%,-30.23%,-3.04%,-14.90%,-5.54%,234371,-19.76%,-2.88%,-94869,0.37,3,2.39,-0.54,1.39910,219495,37.31,37.56,35.41,-0.78
GPMT,114470000,-8.33%,-1358491000,1472961000,,-20.56%,-24.51%,-15.37%,-1519.62%,-32.00%,,-2.51%,-9.10%,-8.66%,,-9.90%,-2.42%,-6710667,-0.06,4,,,1.83000,454826,24.26,25.87,31.91,-4.39
LCUT,2929000,-9.41%,-247489000,250418000,,-10.65%,-12.15%,-9.75%,-267.15%,-6.80%,2.15%,3.78%,-2.40%,-1.20%,578773,,-0.44%,-12852,1.08,6,2.16,1.62,4.03000,71015,30.73,33.77,35.24,-0.71
BSBK,52232208,-9.75%,-133530542,185762750,,28.32%,9.00%,13.12%,-145.97%,-1.60%,,1.26%,-0.20%,2.12%,172109,-0.79%,0.38%,-31006,0.01,0,,,7.03420,1329,27.92,33.93,39.29,-0.17
FFAI,38268000,-14.86%,-60885000,99153000,,-19.61%,-31.30%,-26.26%,-65.05%,-228.90%,-145.90%,-46.08%,-77.70%,1649.38%,1067,-69.93%,-77.44%,-704648,0.00,3,2.72,-16.99,1.04000,4068745,38.71,35.03,33.43,-19.61
STKS,28075000,-0.81%,-612943000,641018000,,69.07%,221.65%,33.95%,-655.65%,-59.50%,0.90%,3.09%,-4.40%,-2.28%,62347,,2.10%,-3238,0.85,3,62.92,,2.85000,50936,46.54,41.71,38.03,-1.12
MGRM,15658000,-8.23%,15294000,364000,16.77%,19.85%,-26.02%,,17.34%,-134.00%,-101.54%,-171.77%,-109.20%,-259.68%,,-102.98%,-124.78%,-610333,,2,,,2.50000,38961,44.07,48.96,43.68,-0.51
AFJK,28208,,-199492,227700,,,,,-0.30%,-323.30%,3.50%,,3.50%,,,85.26%,,,,1,,,10.97000,12,51.87,75.44,93.97,0.28
WBX,73655273,3.42%,-211745187,285400461,,,147.26%,,-243.17%,-77.50%,-29.12%,-26.76%,-22.90%,-124.70%,123720,-25.08%,-38.88%,-73557,0.39,1,1.52,-1.57,0.34300,2340408,49.45,31.41,25.14,-0.55
LSE,27029068,-5.77%,25179763,1849305,,-88.47%,-99.85%,-73.93%,28.61%,22.90%,19.62%,16.27%,12.00%,,399268,17.73%,,46797,1.02,5,,4.54,5.17000,59338,44.75,42.96,0.00,0.52
XBIT,172677000,2.50%,162427000,10250000,-18.80%,,,,158.56%,-19.80%,-20.52%,-13.62%,-18.10%,-10.50%,,-22.06%,-10.00%,-418815,,1,,,2.88000,49850,41.74,34.21,39.21,-1.26
CHCI,28761000,-3.34%,22488000,6273000,92.85%,-21.28%,-11.98%,-2.33%,25.07%,34.00%,18.42%,30.19%,27.40%,35.44%,204359,23.81%,22.56%,58008,0.97,4,,3.01,8.73000,22016,53.40,53.76,58.31,1.41
FNWB,72448000,-0.07%,-282585000,355033000,,43.40%,8.04%,25.49%,-289.21%,-4.20%,,2.07%,-0.30%,4.12%,230996,-1.48%,0.42%,-29132,0.02,2,,,10.04000,29674,42.04,43.83,41.07,-0.75
GNLX,30895000,-8.39%,29027000,1868000,40.42%,-57.83%,-25.84%,,31.90%,-106.60%,-107.39%,-82.28%,-82.50%,,333,-112.63%,,-1244542,,2,,-5.66,2.34000,369237,32.42,40.84,46.75,-0.95
ORMP,141930000,-13.29%,141558000,372000,28.19%,-9.39%,-99.28%,28.54%,168.22%,-11.80%,-10.04%,-19.83%,-10.80%,-21.50%,,-8.72%,-17.22%,-1466154,,2,,,2.13000,53677,42.80,43.96,41.40,-0.48
ONL,15600000,1.42%,-474622000,490222000,,-7.37%,4.56%,,-482.84%,-12.70%,,-2.84%,-7.60%,-6.92%,4121550,-5.53%,-4.32%,-2575300,0.12,3,,,1.55000,670315,20.95,19.72,25.51,-1.84
HOFT,20410000,-0.91%,-51933000,72343000,,9.68%,-9.48%,-0.12%,-58.77%,-4.40%,-4.28%,1.06%,-2.90%,1.84%,324005,-5.42%,1.26%,-7963,1.17,2,4.59,2.58,8.25000,95997,21.17,21.87,35.27,-0.91
BMGL,1082812,-56.11%,-1297972,2380784,,,,,-1.51%,27.60%,,,11.20%,,231768,18.77%,,35949,0.54,6,,,4.70500,92280,48.69,0.00,0.00,0.09
WMPN,16120000,-17.80%,-24165000,40285000,,3.07%,-38.32%,,-24.59%,-0.80%,,1.00%,-0.10%,1.54%,221337,-1.03%,,-11207,0.03,0,,,10.27000,19787,38.74,31.75,36.63,-0.11
CPHC,18687418,-4.21%,18509612,177806,-39.86%,37.22%,184.95%,0.77%,19.87%,2.50%,3.06%,9.66%,1.90%,9.94%,81974,5.31%,7.50%,2813,0.56,4,58.13,3.67,17.18000,438,22.21,31.50,39.45,0.42
WFF,679044,14.84%,43514,635530,,,,,0.05%,20.80%,24.85%,,9.60%,,48593,14.88%,,4164,1.12,5,8.44,23.14,3.46000,12518,0.00,0.00,0.00,0.02
AITR,,,,,,,,,,,,,,,,,,,,1,,,11.01000,1340,69.77,87.86,100.00,0.19
UFI,18669000,2.87%,-125347000,144016000,,16.92%,3.05%,1.27%,-145.64%,-12.80%,-4.88%,-2.27%,-7.20%,-6.72%,219519,-4.86%,-4.06%,-12334,1.28,3,4.22,2.68,4.69000,87404,44.00,34.94,34.39,-1.82
CHRS,125987000,-0.01%,-142226000,268213000,,-13.58%,-43.97%,7.29%,-154.50%,-29.50%,33.62%,-51.71%,4.80%,83.62%,1170877,-81.97%,-23.28%,125031,0.45,4,0.96,-3.58,0.74220,1326902,36.37,35.85,32.08,0.25
CCCC,248347000,-2.00%,182591000,65756000,-1.91%,15.32%,-7.35%,36.75%,197.85%,-43.70%,-34.55%,-31.92%,-28.00%,-47.88%,323491,-42.46%,-26.78%,-957418,0.10,3,,-2.28,1.21000,1173884,26.37,24.40,36.31,-1.52
AMTX,898000,4.92%,-337163000,338061000,,20.89%,14.71%,10.74%,-402.74%,,-44.87%,-41.59%,-35.70%,36.28%,1200179,-54.52%,-35.10%,-392543,1.09,2,12.27,-3.03,1.61000,513659,41.60,36.50,41.20,-1.91
FATN,845850,37.45%,-3050419,3896269,,,,,-2.86%,37.50%,29.18%,,23.50%,,122335,25.82%,,29909,0.96,3,,9.41,6.24500,491652,0.00,0.00,0.00,0.32
ANIX,17255000,-0.86%,17025000,230000,-27.97%,-2.74%,41.98%,19.54%,19.66%,-60.00%,-73.83%,-62.13%,-56.90%,-64.20%,,-75.26%,-60.36%,-2496600,,1,,,2.66000,37322,43.54,44.46,44.60,-0.39
AIMAU,4895,14.51%,-2132264,2137159,,,738.10%,,-4.22%,-18.90%,2.87%,,2.40%,,,33.07%,,,,1,,,15.20000,1530,57.84,77.15,75.97,-0.31
STHO,34957000,8.02%,-182392000,217349000,,,12.68%,,-212.96%,-23.90%,,,-13.70%,,,-1.69%,,,0.18,3,,,6.41000,120178,28.72,23.17,28.32,-6.51
TLSA,1183000,,936000,247000,,,-69.88%,,1.08%,-140.90%,-305.44%,-56.68%,-91.50%,8.94%,,-310.98%,-88.74%,-1965667,,1,,,0.78000,171581,34.68,44.77,47.31,-0.17
DIBS,103883000,-4.66%,81727000,22156000,-30.39%,,1.08%,,97.23%,-16.60%,-15.85%,-13.03%,-11.70%,-16.46%,310764,-21.58%,-16.80%,-65609,0.55,3,,-1.24,2.40000,147134,25.18,24.27,24.64,-0.49
GAIA,5860000,-2.06%,-5649000,11509000,,-6.77%,-7.51%,-8.99%,-6.93%,-6.40%,-5.30%,-2.22%,-3.80%,-2.42%,868875,-6.44%,-1.48%,-50317,0.65,4,,0.43,3.39000,59944,36.72,35.80,43.69,-0.22
RDZN,5901307,-4.06%,-17615780,23517087,,,24.84%,,-18.82%,,352.01%,,-278.20%,,113175,,,-281566,1.12,2,241.77,-19.53,1.14000,143907,50.30,44.55,37.56,-1.51
PPIH,14726000,-1.15%,-20378000,35104000,,2.58%,-4.92%,4.57%,-22.55%,26.40%,13.97%,5.02%,10.00%,6.60%,187516,24.38%,2.58%,19365,0.97,6,6.46,2.41,10.53000,35312,36.92,37.62,48.77,1.96
REKR,5329000,0.56%,-27107000,32436000,,42.06%,-23.37%,9.38%,-30.78%,-139.90%,-91.39%,-66.53%,-63.20%,-112.24%,142502,-81.59%,-51.08%,-190124,0.47,3,6.35,-5.09,0.75740,1404086,36.69,37.60,39.45,-0.71
BDSX,26245000,0.03%,-35731000,61976000,,83.61%,2.12%,11.49%,-44.68%,-216.00%,-41.81%,-73.14%,-42.60%,-6266.70%,261256,-41.64%,-55.06%,-157256,0.71,3,,-6.16,0.57000,298764,30.02,28.38,33.23,-0.33
OCX,10336000,-8.19%,6672000,3664000,-19.25%,-13.58%,27.71%,-9.20%,7.91%,-768.10%,-218.81%,81.47%,-97.10%,-223.74%,38388,,-54.90%,-1243388,0.03,4,,-18.44,2.90000,12025,42.18,50.12,35.13,-4.66
JVSA,,,,,,,,,,,,,,,,,,,,2,,,10.74000,2374,73.11,78.51,0.00,-0.69
WETO,380191,20.91%,-1319937,1700128,,,,,-1.54%,-13.60%,4.88%,,-9.00%,,234550,-18.56%,,-20536,1.02,4,,21.49,3.75000,10856,55.78,0.00,0.00,-0.03
COYA,38339762,,38339762,,17.51%,,,,46.03%,-42.70%,-38.50%,,-37.90%,,444258,-43.59%,,-1860098,0.09,2,,9.21,4.93000,82705,35.47,40.13,50.34,-0.98
FCEL,220995000,-2.75%,68823000,152172000,-58.53%,15.08%,10.69%,-3.42%,80.57%,-21.10%,-14.78%,-14.68%,-14.80%,-34.14%,195955,-18.91%,-15.52%,-235860,0.12,1,1.23,-2.19,3.90000,585313,26.19,30.54,31.75,-7.75
PN,5403943,-20.70%,2528727,2875216,,,,,3.07%,3.00%,4.08%,,1.50%,,441275,4.71%,,4168,1.62,5,,6.49,3.05000,16576,37.94,0.00,0.00,0.02
ONDS,29999321,65.10%,-30310850,60310171,,280.80%,70.90%,40.06%,-34.54%,-215.70%,-58.24%,-48.92%,-46.60%,-47.92%,58006,-45.01%,-64.80%,-342092,0.08,2,1.14,-3.31,0.77510,4630287,40.83,42.17,41.51,-0.61
ABAT,20623762,311.06%,10099369,10524393,,,-35.33%,70.83%,12.15%,-89.70%,-82.58%,-25.36%,-71.20%,-163.68%,8958,-67.24%,-1380.10%,-598089,0.01,2,15.40,-2.96,0.96740,446334,46.21,43.45,18.27,-0.97
ATMV,310950,,310950,,,,,,0.69%,,,,,,,,,,,1,,,11.64000,2041,85.39,80.63,96.16,-0.17
GALT,15120000,1.60%,-91106000,106226000,,54.07%,48.07%,,-108.83%,,231.70%,-840.90%,-188.80%,-10.50%,,-2961.13%,-139.50%,-3146667,,1,,,1.29000,147233,41.50,37.90,42.58,-0.76
ASPC,,,,,,,,,,,,,,,,,,,,0,,,10.10000,100,82.22,100.00,0.00,-0.38
SND,1554000,0.52%,-35669000,37223000,,-12.31%,-14.92%,-9.99%,-39.61%,1.20%,0.68%,-3.19%,0.90%,-0.52%,1092533,12.69%,-0.28%,10498,0.91,7,10.28,1.90,1.89500,294903,35.10,40.70,46.09,0.08
ZNTL,373711000,-2.18%,334134000,39577000,-24.48%,-3.80%,-8.28%,,423.30%,-43.30%,-43.87%,-53.96%,-34.40%,-55.38%,,-68.64%,-43.56%,-999030,,1,,,1.13000,687842,29.31,30.04,32.17,-2.33
KYTX,286531000,-9.79%,278289000,8242000,467.60%,,-9.22%,,346.22%,-40.30%,-47.01%,,-36.50%,,,-51.89%,,-1138187,,2,,,1.87000,170904,34.42,23.67,7.27,-3.33
ELTX,18796000,-0.04%,-7244000,26040000,,77.43%,276.46%,19.29%,-8.96%,,-308.87%,-71.70%,-194.40%,106.74%,,-305.45%,-132.28%,-1621812,,2,,,5.07000,5906,31.87,40.31,31.18,-4.25
BDTX,99394000,-4.51%,80612000,18782000,-26.74%,-12.61%,-15.34%,,103.09%,-70.40%,-68.26%,-56.79%,-50.40%,-56.72%,,-77.19%,-43.80%,-2903167,,1,,,1.42000,726762,39.08,32.12,36.62,-1.27
DIT,535862,26.07%,-212330953,212866815,,44.06%,20.35%,29.74%,-271.87%,3.30%,5.32%,6.29%,1.00%,13.20%,1776900,3.13%,4.74%,2312,7.33,4,15.58,8.07,124.03010,270,51.32,44.19,40.23,5.96
QUIK,21880000,-8.59%,19000,21861000,-99.44%,9.69%,-2.36%,4.81%,0.02%,-17.10%,-12.93%,-17.06%,-7.60%,-42.26%,340881,-7.34%,-15.54%,-65102,0.40,2,4.46,-6.21,5.06000,157644,42.80,36.52,40.38,-0.26
CRBU,209537000,-0.58%,183050000,26487000,-39.33%,,-2.29%,,241.17%,-50.20%,-52.75%,5.33%,-41.50%,56.16%,67986,-59.63%,-36.64%,-1014320,0.03,1,,-2.06,0.85950,832388,41.51,30.19,35.32,-1.65
YSXT,5882035,-1.22%,2112950,3769085,,,,,3.03%,27.30%,21.39%,,18.80%,,1501198,19.93%,,117076,2.41,4,,7.82,3.41000,214651,73.06,50.82,0.00,0.21
ATMC,186560,,186560,,,,,,0.23%,,,,,,,,,,,1,,,11.61000,2,59.25,74.13,97.52,-0.35
IMUX,35668000,41.94%,35404000,264000,-23.09%,-23.25%,-58.69%,-12.68%,42.47%,-194.40%,-537.67%,-213.36%,-135.70%,-111.90%,,-524.54%,-88.50%,-1305286,,1,,,0.88400,560320,34.73,40.03,36.48,-1.00
COLA,,,,,,,,,,,,,,,,,,,,1,,,10.01000,843,56.68,0.00,0.00,-0.05
LTRX,19210000,-5.04%,4524000,14686000,2.26%,-19.34%,-17.13%,20.05%,5.37%,-6.20%,-3.81%,-8.43%,-3.50%,-11.98%,417807,-4.12%,-7.34%,-13166,1.12,5,2.58,0.05,2.05000,288306,30.79,32.08,37.52,-0.13
DSY,748099,-6.48%,-1153211,1901310,,,,,-14.95%,-32.10%,35.08%,,6.10%,,146467,1.07%,,12810,0.70,2,,-0.05,1.39000,161012,50.78,42.77,0.00,0.01
YHNA,,,,,,,,,,,,,,,,,,,,1,,,10.21000,4066,73.36,84.32,0.00,-0.09
CHMI,70759000,-2.45%,-1157724000,1228483000,,6.72%,14.51%,-13.28%,-1482.10%,0.90%,,-0.73%,0.10%,-5.92%,2881250,0.83%,-1.04%,173250,0.02,3,,,2.45000,390040,20.02,32.56,33.57,0.07
LSBK,33131000,13.22%,19656000,13475000,29.55%,-18.78%,-65.05%,-18.68%,24.64%,5.60%,,4.52%,0.70%,6.20%,258460,4.77%,0.76%,49310,0.04,3,,,14.03000,1273,32.15,45.17,55.26,0.88
NSPR,34637000,163.34%,32841000,1796000,-13.54%,31.99%,73.03%,22.43%,42.46%,-80.40%,-81.64%,-72.60%,-65.70%,-71.54%,81500,-88.44%,-55.86%,-372151,0.14,1,2.35,-4.51,2.66000,30584,41.13,44.84,32.27,-0.76
TELO,1266131,,1266131,,,,,,1.61%,-1166.50%,-1896.34%,,-829.70%,,,-1903.81%,,-1836968,,2,,,2.65000,157686,35.85,36.73,29.93,-0.56
LGCY,16869726,70.92%,559004,16310722,,,,,0.70%,22.50%,17.60%,,13.90%,,198204,10.44%,,23478,1.17,5,,3.76,6.37000,187,38.20,47.90,0.00,0.60
MGNX,201667000,9.86%,164206000,37461000,-16.15%,13.73%,10.27%,4.15%,213.34%,-66.90%,-31.49%,-69.53%,-27.50%,-54.48%,439771,-72.03%,-33.88%,-196381,0.62,2,,-5.44,1.25000,791573,29.52,29.53,35.44,-1.07
EURK,,,,,,,,,,,,,,,,,,,,1,,,10.31000,23,58.12,87.17,0.00,-0.40
GAN,38742000,1.38%,-11573000,50315000,,,8.04%,119.74%,-14.69%,,-17.91%,-99.96%,-9.90%,-105.80%,215652,-9.19%,-36.06%,-12714,1.68,4,,-3.49,1.72000,69780,43.41,44.88,38.06,-0.18
CLYM,150919000,817.24%,150387000,532000,41.28%,,52.44%,,184.96%,-38.90%,-34.82%,-9.69%,-38.20%,-7.12%,,-38.61%,-47.88%,-4105389,,1,,,1.16000,154739,39.81,28.18,28.73,-1.53
FONR,53704000,-5.83%,14928000,38776000,-14.37%,0.12%,8.24%,6.00%,19.16%,4.40%,6.12%,6.50%,3.50%,6.60%,195327,3.61%,4.98%,14054,0.48,6,20.88,2.30,12.36000,7532,29.96,29.60,38.81,1.15
VATE,48800000,-4.16%,-614000000,662800000,,1.91%,-6.62%,-1.75%,-770.40%,,11.32%,2.19%,-3.90%,-15.44%,275124,,-3.66%,-8897,1.22,5,41.59,0.52,5.88000,14230,33.58,44.13,41.21,-3.08
BAER,53083000,-0.37%,-159474000,212557000,,51.70%,-0.96%,,-206.93%,,2.76%,32.84%,-14.50%,,516298,-4.66%,,-214168,0.35,7,85.46,-1.28,1.44000,245561,45.26,36.00,33.52,-0.81
VOR,94339000,-3.12%,62509000,31830000,-39.85%,20.90%,-10.74%,,86.62%,-119.70%,-94.07%,-23.46%,-82.40%,-25.84%,,-94.31%,-62.26%,-735308,,1,,,0.62350,205710,31.78,34.81,21.41,-1.70
GEOS,22065000,-14.26%,21626000,439000,-34.98%,-27.98%,-37.29%,16.79%,25.61%,-7.80%,-7.40%,-6.87%,-7.00%,-6.70%,256881,,-5.92%,-22764,0.79,2,1.63,4.63,6.09000,49257,33.88,25.37,37.82,-0.80
SY,170965088,-5.88%,138239403,32725685,-15.27%,31.34%,64.55%,8.63%,226.60%,-25.90%,31.34%,-12.13%,-18.90%,-5.56%,148060,-30.04%,-4.06%,-59512,0.47,1,4.19,0.18,0.77000,95153,44.31,43.81,36.41,-0.78
FNGR,164600,49.39%,-1472139,1636739,,,,81.71%,-2.01%,-50.90%,-55.31%,-136.04%,-20.20%,602.12%,524533,-48.44%,-46.06%,-84665,1.25,0,,1.35,1.36000,95690,45.66,43.29,42.03,-0.10
RSSS,7701155,,7701155,,185.48%,,,,9.83%,-32.60%,-17.93%,-11.90%,-9.70%,-15.60%,332468,,-4.80%,-27973,1.16,5,,1.27,2.38000,46638,25.55,33.73,45.18,-0.15
PSQH,40626608,1.87%,8113526,32513082,-49.86%,,9831.66%,,10.53%,-373.50%,-83.57%,,-108.40%,,272935,-93.85%,,-678674,0.44,4,4.45,-2.80,1.81000,462020,29.84,34.72,33.97,-1.80
SRZN,35253000,454.62%,26784000,8469000,-19.69%,2.81%,150.64%,-4.57%,33.37%,-1241.20%,-154.46%,-14.26%,-142.60%,-248.80%,253690,,-74.20%,-1513429,0.24,1,,-10.88,9.16960,5555,36.29,43.65,35.01,-21.67
IROQ,6156000,-6.98%,-112067000,118223000,,48.74%,-21.03%,22.46%,-139.32%,4.00%,,3.91%,0.30%,5.60%,208845,1.54%,0.56%,25784,0.03,4,,,24.00000,470,50.09,57.81,69.99,0.95
ULBI,6854000,587.78%,-47398000,54252000,,37.53%,111.72%,25.90%,-61.81%,4.80%,5.31%,2.56%,3.40%,3.02%,306821,4.07%,2.20%,11776,0.89,5,2.61,1.58,4.65000,44658,34.98,22.48,36.76,0.38
CGBS,4686000,112.87%,-2624000,7310000,,,395.73%,,-3.40%,-21.00%,-3.48%,,-15.60%,,,-7.19%,,-4072381,,1,,,0.16720,1013707,34.81,27.39,0.00,-0.20
FVN,,,,,,,,,,,,,,,,,,,,1,,,10.20000,145000,64.02,74.33,0.00,-0.21
MCRP,49302,-19.11%,-430828,480130,,,-45.51%,,-0.52%,,18.87%,,-210.90%,,140,-21.16%,,-80496,0.00,1,,-8.06,2.27000,424821,40.75,0.00,0.00,-0.15
PLRX,357206000,-0.03%,297014000,60192000,-38.68%,103.01%,429.30%,,370.25%,-56.80%,-56.99%,-40.26%,-45.50%,-40.12%,,-62.69%,-34.64%,-1229848,,1,,,1.25500,783161,27.96,20.14,30.95,-3.47
VERU,26607002,-3.42%,23089363,3517639,-36.00%,52.66%,-21.83%,-18.63%,30.07%,-108.50%,-111.20%,-118.29%,-65.00%,-112.06%,70218,-130.31%,-53.14%,-183194,0.25,3,,-9.23,0.52450,964394,47.27,42.75,37.66,-0.26
ENTX,8660000,-11.97%,8388000,272000,-21.08%,-3.43%,-30.26%,-1.88%,11.19%,-119.50%,-115.98%,-100.46%,-102.00%,-102.22%,9050,-114.76%,-81.48%,-477050,0.02,1,,15.02,1.69000,27368,36.46,41.07,49.50,-0.25
ORGN,102920000,-0.70%,93237000,9683000,-37.21%,11.66%,-0.82%,10.16%,117.41%,-22.40%,-22.62%,-34.95%,-20.20%,-464.42%,286991,-24.38%,-0.90%,-767862,0.08,3,34.72,0.82,0.52670,645601,25.68,30.70,32.03,-0.58
MAYS,2466622,-1.93%,-25529731,27996353,,-6.39%,-8.02%,2.50%,-33.33%,-0.50%,,-0.83%,-0.30%,-0.66%,787043,-0.46%,-0.38%,-8821,0.25,4,,,38.00000,1009,49.50,34.79,41.72,-0.12
ZURA,176498000,,176498000,,76.84%,,,,220.63%,-35.10%,-32.75%,,-28.00%,,,-37.59%,,-1512867,,2,,,1.12000,181802,44.46,33.56,32.55,-0.60
TRX,6787000,112.51%,3933000,2854000,-52.32%,,3558.97%,-17.55%,4.85%,10.40%,18.09%,-5.59%,5.90%,-11.92%,289425,9.60%,-6.76%,37163,0.46,5,4.23,0.64,0.26990,2433863,31.34,32.87,39.49,0.02
RDAC,,,,,,,,,,,,,,,,,,,,1,,,10.20000,0,83.22,84.86,0.00,-0.10
ESGL,256501,-16.00%,-6417644,6674145,,,,,-8.21%,-815.40%,-774.73%,,-368.30%,,86913,-564.65%,,-1316965,0.24,3,,-15.31,1.88000,5211,55.99,58.73,50.88,-14.62
HLVX,173063000,-1.84%,148550000,24513000,-41.50%,-46.32%,-52.12%,,189.31%,-75.30%,-81.68%,-151.76%,-58.60%,,,-86.76%,,-10519071,,2,,,1.55000,219692,46.12,31.95,33.12,-3.00
ATOS,71194000,,71194000,,-19.62%,,,,94.78%,-32.80%,-35.68%,-33.04%,-30.60%,-51.36%,,-38.64%,-42.26%,-1700267,,1,,,0.58970,563098,36.38,30.00,39.14,-0.20
SILC,72143000,-3.00%,65676000,6467000,34.08%,-11.05%,8.74%,11.32%,85.96%,-10.10%,-8.36%,-2.09%,-8.80%,-0.78%,294995,-9.89%,-1.16%,-69584,0.37,3,0.90,4.08,13.20000,50628,32.21,36.81,34.88,-2.28
SFWL,47553000,12.75%,-32082000,79635000,,,3.63%,,-42.29%,9.70%,9.84%,5.06%,3.80%,,399175,6.46%,,8613,1.75,6,,2.35,0.91950,13451,32.37,34.14,44.94,0.13
WHWK,47237000,-11.95%,46404000,833000,-56.86%,11.25%,-34.25%,37.42%,60.11%,-87.70%,-119.33%,-39.46%,-69.10%,-64.42%,649575,-126.54%,-54.38%,-1592275,0.28,3,0.52,-5.88,1.62000,55451,29.31,35.68,33.72,-2.36
DYCQ,,,,,,,,,,,,,,,,,,,,1,,,10.68000,830,57.04,76.40,0.00,0.29
CRDL,21745953,-4.49%,21633218,112735,-12.47%,10.47%,-9.07%,,28.62%,-207.90%,-166.67%,-110.09%,-137.30%,-110.70%,,-161.84%,-87.20%,-1415019,,2,,,0.89600,156117,39.41,32.56,40.27,-0.35
GPRO,102811000,-2.44%,-19400000,122211000,,-24.73%,-5.01%,-11.16%,-25.39%,-232.00%,-69.24%,-2.39%,-74.00%,-36.98%,1151542,-49.30%,-9.70%,-621136,1.37,3,4.67,-0.99,0.48120,2823510,24.22,23.96,25.38,-2.82
XGN,22036000,-1.14%,-969000,23005000,,-5.75%,-0.97%,-2.31%,-1.30%,-100.80%,-41.27%,-39.01%,-32.10%,-65.14%,258795,-41.90%,-31.02%,-70302,1.18,3,,-7.03,4.23000,28468,54.51,55.02,53.80,-0.83
FEAM,824000,0.50%,-72223000,73047000,,426.75%,71.73%,,-102.90%,-926.10%,-94.62%,-47.96%,-79.70%,,,-66.83%,,-1213123,,1,,,4.20000,36435,49.74,33.39,30.67,-25.07
SRTS,22056000,-7.53%,21454000,602000,-4.07%,38.83%,-23.12%,-15.83%,28.34%,12.40%,16.03%,3.17%,11.20%,10.90%,774204,10.56%,9.50%,123093,0.70,4,1.23,9.60,4.58000,76219,43.37,38.36,46.31,0.41
BTM,31716000,12.64%,-31791000,63507000,,-2.87%,102.68%,,-42.50%,,11.78%,,-13.20%,,4553198,,,-92746,6.46,5,,6.95,1.20000,119892,39.89,39.71,32.15,-0.60
HNNA,64990000,,24486000,40504000,21.28%,0.77%,2.73%,19.03%,33.04%,9.60%,9.57%,6.86%,5.80%,8.10%,1845000,6.11%,5.72%,485056,0.22,6,,2.42,9.68000,28358,35.14,38.61,51.16,1.12
CTM,12255048,1.03%,763968,11491080,,-0.68%,-3.91%,,0.93%,-70.70%,-31.25%,-34.34%,-31.90%,,188088,-22.87%,,-42435,1.41,4,,1.50,0.93720,22918,42.95,53.59,50.15,-0.18
SUUN,10493035,16.95%,-44067230,54560266,,,1591.10%,,-54.52%,-17.80%,-0.44%,,-5.30%,,2414521,-1.01%,,-275527,0.47,1,9.18,0.84,2.38000,93010,36.39,43.13,38.37,-0.17
SLNG,8987000,-4.85%,-356000,9343000,,-9.67%,-2.82%,-52.25%,-0.47%,7.10%,6.72%,-2.95%,5.40%,-4.22%,704740,5.86%,-3.06%,44221,0.87,8,202.60,2.98,4.04000,3286,30.25,39.76,45.99,0.25
QSEA,,,,,,,,,,,,,,,,,,,,0,,,10.10000,1300,72.75,0.00,0.00,
SNTI,51815000,-3.08%,18174000,33641000,919.87%,13.96%,-10.69%,,120.23%,-148.80%,-62.33%,-25.70%,-61.30%,,,-102.95%,,-1552647,,1,,,2.88000,28113,36.76,43.62,30.54,-12.03
AVTE,78623000,-22.78%,78206000,417000,-35.77%,-10.10%,-38.22%,-30.11%,102.98%,-81.40%,-90.94%,-31.87%,-71.40%,-18.92%,,-97.07%,-83.08%,-2320933,,1,,,2.58000,333170,57.50,38.29,37.41,-2.44
CAPN,,,,,,,,,,,,,,,,,,,,0,,,10.17000,8732,56.48,81.76,0.00,
MWYN,60548,-15.94%,-4636708,4697256,,,,,-6.33%,65.60%,22.64%,,10.10%,,441503,12.12%,,36966,1.21,1,1.54,6.21,4.37000,875368,47.17,0.00,0.00,0.06
FUSB,47216000,92.30%,26344000,20872000,-10.64%,0.28%,0.35%,15.80%,35.23%,8.50%,,5.44%,0.80%,6.90%,259007,6.84%,0.62%,54106,0.04,3,,,12.89000,40074,40.38,53.36,61.82,1.33
SGA,27787000,,22787000,5000000,-43.28%,,,-12.94%,30.79%,2.10%,2.40%,3.15%,1.60%,3.38%,135557,1.04%,2.60%,4154,0.51,6,,2.35,11.50000,2037,42.95,40.71,33.31,0.55
MLSS,4775597,-8.44%,4463905,311692,6.31%,-19.92%,-26.15%,41.57%,6.30%,-60.30%,-64.18%,-97.49%,-40.20%,-202.82%,522177,-88.86%,-60.16%,-271582,0.77,3,0.79,-4.90,0.95000,54500,43.89,46.48,48.68,-0.07
NEGG,53113000,7.11%,-43890000,97003000,,,7.11%,,-57.58%,-42.20%,-29.66%,9.86%,-13.30%,34.80%,1493383,-31.40%,-3.74%,-58598,3.40,4,9.27,2.94,3.80500,52146,31.06,22.67,36.36,-2.94
UBCP,19608000,-4.05%,-112606000,132214000,,49.76%,3.02%,13.48%,-145.18%,11.70%,,6.94%,0.90%,13.48%,229849,4.67%,1.12%,58746,0.04,4,,,12.73000,1390,46.12,47.24,48.23,1.27
CRVO,38922019,,38922019,,399.46%,,,,54.21%,-46.50%,-41.56%,-54.09%,-42.50%,-45.90%,649198,-46.50%,-37.92%,-1086046,0.25,1,,8.88,8.47000,276037,50.98,51.45,37.38,-2.02
ISRL,149000184,,149000184,,,,,,202.74%,,,,,,,,,,,3,,,11.56000,147,63.40,71.38,94.81,-0.16
YAAS,43021,42.63%,-405402,448423,,,178.91%,,-0.40%,,48.47%,,-129.80%,,16289,,,-40021,0.53,3,,-13.88,2.17500,101,49.13,34.01,0.00,-0.04
NTIC,5569834,0.90%,-2034821,7604655,,34.07%,23.89%,66.25%,-2.21%,7.30%,8.88%,-1.33%,5.60%,6.02%,326577,-1.98%,4.72%,19222,0.94,4,3.83,5.04,7.70500,145847,17.39,18.81,34.09,0.52
CDLX,65594000,-0.12%,-156057000,221651000,,3.97%,-16.68%,469.50%,-229.20%,-138.00%,-75.38%,-52.28%,-39.90%,-69.92%,612991,-66.91%,-27.22%,-416969,0.59,4,,-5.26,1.40000,609466,32.76,31.95,34.53,-3.91
MDXH,46798000,4.26%,-81122000,127920000,,92.32%,19.09%,,-113.42%,-690.60%,-19.50%,-46.99%,-26.80%,-274.88%,300163,-17.32%,-47.28%,-126897,0.64,2,10.50,-2.70,1.47000,47123,39.37,33.06,31.21,-11.60
HLP,2813322,12.97%,-7478872,10292194,,,76.80%,,-10.39%,-8.90%,-5.29%,15.28%,-5.70%,,86166,-4.71%,,-11251,0.44,2,3.75,4.53,0.99000,69556,24.48,34.13,37.20,-0.15
BRID,4659000,-7.24%,-1017000,5676000,,-48.04%,-17.91%,-23.82%,-1.41%,-4.50%,-5.52%,6.36%,-3.60%,9.72%,334363,-7.00%,5.60%,-8654,1.39,3,4.45,4.46,7.99000,6921,25.23,30.13,39.16,-0.63
ACHV,34360000,1.15%,24402000,9958000,,-12.75%,-40.48%,94.04%,33.58%,-110.60%,-117.83%,-117.54%,-72.00%,-319.14%,,-126.61%,-94.12%,-1593080,,2,,,2.09000,140213,32.62,26.20,32.11,-1.24
LXEO,124770000,-4.60%,114846000,9924000,1.56%,,-14.73%,,160.16%,-65.10%,-79.13%,,-54.20%,,,-83.43%,,-1365736,,1,,,2.17000,683354,38.65,33.24,31.64,-3.09
INVE,135946000,-5.26%,133927000,2019000,1002.64%,-2.92%,-83.50%,-36.14%,191.07%,67.10%,47.38%,-8.32%,55.40%,9.30%,160410,-17.89%,9.04%,450723,0.20,2,2.61,4.39,3.06000,48654,42.52,38.53,35.99,3.14
SGMT,151250000,-32.76%,151172000,78000,59.41%,-39.26%,20.00%,,217.10%,-26.00%,-29.25%,,-25.40%,,,-34.93%,,-3254786,,2,,,2.23000,319462,29.18,32.57,28.84,-1.45
WRAP,3610000,0.32%,1414000,2196000,-84.58%,239.74%,-3.98%,51.17%,1.90%,-189.40%,-306.31%,-226.43%,-35.30%,-103.30%,86673,-636.43%,-54.64%,-136404,0.22,1,0.34,-7.94,1.42000,92842,33.63,37.67,42.28,-0.16
HGBL,21749000,-9.84%,19037000,2712000,692.22%,-25.58%,-72.54%,6.74%,25.97%,8.00%,13.59%,10.48%,6.00%,26.70%,527453,5.42%,17.74%,60256,0.53,6,2.71,0.01,2.02000,10136,44.03,51.40,45.89,0.14
VXRT,51723000,-3.71%,34197000,17526000,74.25%,10.45%,-12.75%,49.93%,48.29%,-101.80%,-88.32%,-67.94%,-50.00%,-73.20%,273333,-86.71%,-49.14%,-637600,0.21,4,,-4.93,0.31440,1138661,29.49,31.76,36.71,-0.33
IMPP,206732012,-18.23%,206653251,78761,66.62%,-85.86%,,,296.87%,12.40%,12.02%,6.83%,11.80%,8.28%,1992973,10.49%,7.52%,677808,0.35,4,10.97,3.14,2.36000,80320,42.26,33.98,32.55,1.40
THCH,27854399,-0.92%,-229288810,257143209,,,-7.98%,,-297.11%,,6.19%,,-30.60%,,44508,-40.41%,,-18012,0.76,2,26.46,-2.93,2.26110,18423,28.11,33.14,28.94,-2.58
VIGL,98722000,-1.76%,85777000,12945000,-18.32%,139.95%,-6.53%,,123.35%,-96.50%,-100.85%,,-69.80%,,,-106.03%,,-1221101,,1,,,1.53000,258124,32.39,35.14,36.37,-2.07
MB,,,,,,,,,,,,,,,1579254,,,56339,,3,,,4.20000,4827677,,,,1.09
XCUR,12508000,-4.01%,7295000,5213000,,-28.53%,-13.68%,0.74%,10.04%,-319.70%,-80.73%,-110.12%,-82.40%,-172.00%,71429,-102.06%,-60.14%,-1385857,0.04,2,,-14.51,11.30000,6000,44.28,51.24,42.35,-4.75
SNT,12715000,-9.08%,11894000,821000,-16.52%,-36.86%,-15.01%,,15.81%,4.70%,-1.09%,3.30%,3.50%,5.88%,248272,-1.65%,4.02%,12713,0.68,4,1.79,4.69,3.06000,5685,41.95,50.68,60.92,0.07
AUBN,93354000,,93354000,,33.59%,,,,130.98%,8.20%,,7.78%,0.60%,7.86%,210779,8.17%,0.66%,44117,0.03,4,,,20.40000,1994,40.79,42.68,42.07,1.83
DHX,3702000,-0.95%,-38918000,42620000,,9.91%,-8.44%,7.46%,-54.94%,0.20%,3.88%,-2.57%,0.10%,-7.68%,342816,0.35%,-4.20%,611,0.63,6,,1.16,1.54000,129974,42.26,37.45,38.11,0.01
IOR,9000,,9000,,-87.32%,,,,0.01%,3.90%,,-0.95%,3.90%,4.22%,,-0.27%,4.22%,,,2,,,17.49000,300,52.33,51.18,63.05,1.14
TNYA,61446000,-6.40%,47838000,13608000,-48.13%,-4.66%,9.53%,,67.89%,-89.30%,-106.89%,-44.16%,-73.00%,-45.72%,,-108.91%,-50.32%,-1145660,,1,,,0.44000,1809794,33.04,33.73,35.85,-1.31
ZENV,17403581,-9.88%,-2969706,20373286,,-18.37%,9.49%,,-4.04%,-5.90%,-0.73%,-6.41%,-2.90%,,160602,,,-8657,0.53,4,,0.37,1.37000,27357,39.28,39.95,41.10,-0.20
INTT,19830000,-5.94%,-6212000,26042000,,-0.85%,49.12%,38.58%,-8.63%,2.90%,3.57%,5.37%,1.80%,7.94%,307506,2.26%,4.92%,6802,0.83,5,3.21,2.56,5.83500,320,24.83,31.11,37.42,0.24
HYMC,77512000,2.37%,-47487000,124999000,,-7.96%,-13.76%,-25.75%,-68.87%,,-30.47%,-49.83%,-40.80%,888.68%,,-47.85%,-43.02%,-1087429,,2,5.87,,2.83000,227987,48.57,54.39,38.09,-2.63
LPTH,3201066,-2.44%,-9276415,12477481,,-4.80%,-1.17%,8.89%,-12.49%,-31.10%,-24.65%,-6.74%,-19.10%,-10.94%,101767,-22.09%,-6.94%,-29070,0.67,3,3.33,-4.18,1.76000,72689,39.74,43.42,50.08,-0.24
CURR,49102842,-27.56%,26559579,22543263,,392.36%,8917.31%,,37.75%,,60.28%,,-23.10%,,,,,,0.69,2,,-1.13,1.51000,25797,44.74,41.24,0.00,-0.64
OAKU,967356,28.93%,587016,380340,,,,,0.89%,,,,,,,,,,,1,,,11.63000,47,73.14,73.45,100.00,-0.95
BLNK,64661000,13.67%,53383000,11278000,5.12%,62.32%,-29.38%,93.82%,69.47%,-54.50%,-59.42%,-64.68%,-38.10%,-69.96%,178749,-70.18%,-50.12%,-204405,0.37,1,2.12,-3.39,0.69280,6169289,27.04,24.46,33.38,-1.96
ANL,97987000,25.29%,58459000,39528000,,,-87.29%,,283.56%,,-97.30%,,-62.10%,,39370,-69.61%,,-425709,0.06,1,,-6.01,1.89480,855,42.85,37.72,31.70,0.93
NEOV,328746,,-304503,633249,,,,,-0.43%,-76.90%,-87.67%,-105.88%,-72.40%,,252493,-82.55%,,-325418,0.56,3,0.96,50.67,2.09000,181831,40.78,37.29,43.40,-0.10
SOL,50012000,-1.91%,-13376000,63388000,,3.09%,4.21%,-12.17%,-19.45%,-4.00%,-2.13%,0.48%,-2.70%,-0.40%,467345,-0.14%,-0.44%,-63335,0.20,3,,-0.52,1.36000,58228,37.71,38.94,37.41,-0.24
ADAG,85194502,-11.05%,66700963,18493539,-42.39%,,-33.88%,,126.42%,-55.20%,-63.80%,-27.96%,-32.60%,-61.26%,748,-51.41%,-38.38%,-242204,0.00,2,,-4.60,1.48000,23068,31.54,34.23,32.67,-0.74
CRBP,149732000,-10.28%,146493000,3239000,21100.14%,-50.43%,-84.49%,-19.27%,216.96%,-31.20%,-26.61%,-130.66%,-26.90%,-281.30%,,-33.45%,-70.46%,-1436036,,1,,,5.69000,125529,42.26,27.71,39.27,-3.68
GNTA,14014071,,14014071,,-57.51%,,,,19.84%,-54.10%,-68.94%,-44.51%,-48.00%,-35.38%,,-78.14%,-32.18%,-714142,,1,,,3.80000,1074,49.90,46.24,40.61,-0.51
UPLD,57052000,-2.49%,-234904000,291956000,,-17.96%,-39.25%,-11.36%,-327.03%,-5138.40%,-24.73%,-15.23%,-18.40%,-1064.66%,275345,-37.38%,-11.22%,-118561,0.43,5,,-1.61,2.46000,116177,36.22,39.97,35.64,-4.26
ASPS,29811000,1.69%,-200733000,230544000,,-1.82%,6.92%,-4.34%,-880.87%,,-4.56%,-18.91%,-24.40%,43.28%,149518,,-19.82%,-33274,1.10,4,,-3.08,0.79100,48883,50.62,45.33,30.80,-1.25
ADVM,155217000,-1.12%,92615000,62602000,69.84%,-19.08%,-3.98%,21.77%,124.36%,-65.10%,-46.07%,-47.04%,-40.50%,-54.84%,8264,-49.87%,-36.94%,-777777,0.00,2,,-6.07,3.33000,132945,35.67,33.69,37.73,-5.99
CODA,22541963,-5.02%,22149518,392445,-11.42%,,,-16.03%,32.07%,7.50%,8.89%,7.36%,7.00%,9.26%,204512,5.69%,8.48%,38146,0.38,5,0.50,12.27,6.15000,29634,40.30,34.53,44.85,0.35
PRPL,29011000,3.63%,-129116000,158127000,,-4.64%,4.83%,34.90%,-187.18%,-217.40%,-38.83%,-10.95%,-28.80%,-207.90%,406564,-51.69%,-27.88%,-81581,1.43,3,4.96,-1.64,0.64050,504884,37.16,38.22,35.96,-0.91
AMTD,78574000,175.88%,-186733000,265307000,,86.02%,1164.54%,,-2839.79%,7.10%,5.33%,13.82%,4.60%,15.84%,135185,-1.38%,11.24%,337815,0.02,3,,1.70,1.03780,13835,39.53,36.73,22.87,-148.08
ATHR,556499000,,556499000,,25.45%,,,,,6.20%,6.33%,5.76%,4.90%,7.70%,79789667,4.85%,5.98%,4640667,0.84,1,5.53,,5.78000,4579969,,,,4.71
ENGS,673537,8.51%,-13686865,14360402,,,,,-20.39%,,83.49%,,-27.60%,,185414,-36.06%,,-72126,0.72,4,2.70,-0.29,4.77070,28133,0.00,0.00,0.00,-0.21
ELPW,1817850,5409.25%,-25728389,27546239,,,,,-49.38%,,-70.21%,,-23.00%,,,-46.04%,,,0.07,0,,-2.25,1.07000,1806,66.88,32.88,0.00,0.62
EPIX,120810296,-7.35%,120505253,305043,-15.14%,0.28%,-18.62%,16.77%,178.60%,-24.60%,-26.15%,-24.09%,-23.90%,-23.46%,,-30.66%,-22.72%,-888869,,1,,,1.52000,47542,43.30,31.58,35.83,-0.69
DLTH,3335000,-21.22%,-159797000,163132000,,-5.00%,-12.40%,-6.10%,-236.60%,-21.70%,-11.35%,0.05%,-9.00%,-0.60%,278750,-10.66%,-0.40%,-19427,1.29,3,2.18,1.67,1.92000,65712,47.02,30.13,29.58,-1.31
ATLX,15537476,-2.60%,5200457,10337019,-73.22%,905.54%,2.05%,47.03%,7.72%,-233.80%,-80.94%,-67.29%,-77.10%,-336.90%,9530,-138.81%,-127.90%,-603446,0.01,1,,-4.54,3.97000,174943,29.36,31.48,38.38,-2.91
OPTT,10026000,-11.22%,7961000,2065000,21.34%,30.09%,-23.23%,8.70%,11.60%,-94.10%,-72.71%,-68.76%,-73.20%,-59.28%,142233,-67.88%,-48.24%,-507163,0.21,4,1.03,-7.12,0.39580,9355898,41.18,45.74,43.59,-0.25
AUID,8471561,1.74%,8230677,240884,-17.30%,-28.61%,7.33%,-37.96%,11.65%,-101.40%,-123.57%,-141.88%,-88.10%,-262.84%,19271,-124.91%,-126.76%,-310391,0.06,2,,-5.07,5.48000,188394,46.92,43.81,39.42,-1.40
SKLZ,311443000,0.10%,175364000,136079000,-11.91%,,0.15%,54.19%,231.86%,-18.40%,-12.68%,-81.90%,-9.50%,4.72%,471991,-12.76%,-41.24%,-165800,0.27,1,,-2.60,4.02000,90319,37.71,35.99,39.78,-2.01
HUHU,4317947,189.54%,-1518943,5836890,,,,,-2.27%,50.00%,23.32%,,18.00%,,226117,24.99%,,31535,1.29,5,21.36,4.48,3.17000,8665,35.54,42.04,0.00,0.08
ESP,28292045,,28292045,,61.90%,,,,38.83%,15.30%,17.72%,5.54%,11.30%,6.56%,296740,12.59%,5.06%,43460,0.77,6,1.84,5.47,25.79000,6627,43.00,45.11,56.14,2.45
ACOG,48564082,-58.84%,47652619,911463,13888.32%,,-24.76%,,72.71%,-156.80%,-30.67%,,-95.50%,,,-27.99%,,,,2,,,4.17000,33373,35.05,40.28,0.00,-2.02
BZFD,38648000,-57.05%,-24092000,62740000,,-23.81%,-71.26%,,-35.41%,-12.70%,-2.13%,-12.73%,-3.80%,-13.74%,310781,-14.05%,-9.50%,-16524,0.71,2,,-2.74,1.73000,156779,35.34,37.82,33.86,-0.91
XCH,24289192,10.75%,13087940,11201252,,,,,800.53%,,,,,,242683,,,-65424,,1,,,1.12000,29247,39.81,36.99,0.00,-0.17
DTI,7094000,12.70%,-69605000,76699000,,40.99%,306.87%,,-97.78%,2.80%,3.32%,,1.60%,,345517,3.04%,,6743,0.80,5,3.42,1.38,1.86000,71755,36.12,30.20,28.67,0.09
VTYX,218297000,-2.19%,207503000,10794000,-13.79%,,-13.69%,,304.45%,-48.20%,-51.22%,-30.78%,-44.30%,-10.54%,,-56.05%,-1935.86%,-1647829,,2,,,0.92810,736145,30.30,30.77,35.55,-1.97
ATPC,2040243,-17.22%,1677463,362780,-61.83%,14.67%,-17.12%,,2.54%,-85.50%,-116.30%,-61.03%,-60.90%,-66.72%,62988,-112.09%,-44.66%,-117642,0.33,0,11.96,24.61,1.32000,264525,58.33,38.59,23.69,-0.63
BOWN,,,,,,,,,,,,,,,,,,,,1,,,7.20000,66322,56.22,47.16,39.56,0.35
LVO,10884000,-35.97%,5684000,5200000,,-42.57%,-39.78%,-19.97%,8.58%,,-47.68%,186.08%,-16.80%,1743.48%,900114,,-41.56%,-75414,2.00,5,51.14,-4.18,0.68380,155865,44.81,39.93,40.26,-0.11
GGR,117148000,-5.76%,-303272000,420420000,,-9.59%,-10.77%,,-492.48%,-53.10%,-22.88%,-17.87%,-15.70%,-58.24%,164187,-23.72%,-10.70%,-64881,0.40,3,6.17,,0.21010,780926,24.06,22.38,23.84,-0.46
ALTO,36211000,10.77%,-78457000,114668000,,21.68%,8.73%,-15.64%,-119.83%,-23.50%,-14.89%,-5.00%,-14.30%,-7.82%,2456127,-15.21%,-4.70%,-153316,2.29,2,18.64,-0.38,0.85600,434496,22.87,30.17,36.55,-0.82
ALOT,4432000,7.11%,-46198000,50630000,,70.80%,80.19%,18.17%,-70.94%,4.20%,6.17%,3.79%,2.60%,4.18%,420589,4.69%,2.76%,10468,1.03,5,2.07,2.42,8.70000,9583,35.18,27.30,34.04,0.50
NCSM,25880000,16.04%,11245000,14635000,250.75%,3.62%,8.30%,-4.53%,16.81%,6.90%,5.59%,-15.29%,4.60%,-13.98%,645067,3.75%,-8.62%,26163,1.12,7,2.30,0.57,25.75010,8111,39.46,50.47,53.04,2.55
ICCM,7564000,-5.56%,7105000,459000,-32.09%,-20.37%,-23.37%,,11.11%,-156.30%,-222.26%,-100.76%,-103.40%,-93.96%,49864,-213.26%,-65.44%,-232091,0.22,3,0.86,-8.33,1.15000,171471,42.34,51.35,49.70,-0.30
BMEA,58648000,-8.32%,49877000,8771000,-70.12%,45.46%,-14.81%,,77.86%,-151.00%,-237.58%,-101.11%,-111.90%,-103.06%,,-238.75%,-53.50%,-1305906,,1,,,1.73000,722712,31.27,28.64,37.41,-3.83
ZYXI,40039000,-1.15%,-33785000,73824000,,28.14%,-3.08%,73.59%,-50.80%,8.70%,5.71%,12.05%,2.40%,20.00%,192354,4.51%,11.84%,2994,1.55,6,2.92,3.11,2.15000,135637,23.82,16.62,26.16,0.09
RIBB,,,,,,,,,,,,,,,,,,,,0,,,10.02000,3445,49.96,0.00,0.00,
STG,107082917,-27.42%,81531342,25551576,-0.58%,-33.62%,-39.44%,-26.68%,339.27%,67.40%,-9.32%,133.83%,15.90%,228.46%,129025,37.65%,13.60%,22177,0.92,4,,0.38,4.79000,676,30.97,37.23,42.18,3.43
QMCO,20603000,8.35%,-124573000,145176000,,11.62%,16.63%,-2.42%,-175.59%,,,137.83%,,16.22%,,,-8.22%,,,2,,,11.08000,807274,41.86,45.61,45.48,-25.76
UEIC,26783000,-6.23%,-19409000,46192000,,-13.05%,-31.63%,-11.20%,-30.03%,-14.90%,-9.23%,-6.10%,-7.50%,-10.12%,102887,-7.68%,-4.90%,-6261,1.23,4,3.35,2.51,4.93000,54213,26.42,21.90,30.66,-1.85
PETS,50101000,-8.98%,48996000,1105000,2.51%,,-32.70%,,72.98%,0.40%,1.45%,9.12%,0.20%,9.64%,860662,0.13%,8.26%,1244,1.61,5,7.70,3.49,3.13000,382982,26.78,34.89,27.30,0.01
LPSN,183237000,12.05%,-343885000,527122000,,-3.16%,-10.48%,21.57%,-508.91%,-834.30%,-25.02%,-21.77%,-19.70%,-260.52%,336718,-39.72%,-15.86%,-144691,0.46,4,,-2.16,0.70630,1209253,35.67,37.99,30.56,-1.51
FDSB,37916000,-16.65%,32636000,5280000,197.94%,,-36.78%,,49.12%,-1.10%,,,-0.20%,,165838,-1.10%,,-15853,0.02,1,,,11.60000,16615,46.39,51.86,0.00,-0.21
GMHS,18820140,49.54%,18132238,687902,16.09%,,72.28%,,21.16%,124.40%,24.36%,,12.30%,,1015642,23.68%,,57681,2.17,4,,7.47,1.20000,185476,34.67,0.00,0.00,0.05
JNVR,2857362,-49.63%,2843429,13933,-43.23%,-78.26%,-79.10%,,3.64%,-65.40%,-72.08%,-58.70%,-57.10%,,53837,-85.43%,,-69918,0.44,1,,49.81,44.97000,3854326,80.68,92.00,79.75,-1.95
GSIT,15298000,-2.61%,5462000,9836000,-73.76%,156.92%,1007.66%,64.97%,9.00%,-37.10%,-33.19%,-29.95%,-27.30%,-27.46%,133696,-32.87%,-23.42%,-86014,0.43,2,2.19,1.50,2.50500,246476,50.23,44.94,44.75,-0.50
RCT,2230354,90.11%,-46450816,48681170,,,,,-70.46%,,287.32%,,-424.60%,,53103,-843.97%,,-86825,2.60,1,,-23.95,1.45000,43972,17.52,0.00,0.00,-0.76
BOTJ,73309000,-0.73%,53961000,19348000,-1.72%,-2.72%,-2.93%,31.08%,84.83%,12.40%,,10.19%,0.80%,12.88%,257303,11.04%,0.80%,45394,0.05,4,,,14.11000,3971,46.29,50.49,53.83,1.75
TCRX,295141000,7.77%,197760000,97381000,88.99%,152.58%,5.35%,81.92%,309.25%,-60.10%,-36.95%,-13.69%,-38.20%,-34.64%,14441,-39.85%,-38.56%,-653841,0.01,2,,-1.38,1.13000,349750,31.02,24.35,34.53,-1.14
IRBT,135562000,6.01%,-86640000,222202000,,72.27%,-3.02%,32.25%,-125.72%,-103.10%,-48.72%,-26.47%,-24.30%,-46.08%,1260349,-36.32%,-15.72%,-268980,1.14,2,4.72,-0.03,2.05000,1155366,25.61,30.00,26.73,-4.92
SUP,40110000,0.07%,-449278000,489388000,,-7.00%,-20.55%,-4.47%,-629.16%,,2.65%,0.96%,-8.90%,187.86%,194976,,-7.02%,-12028,1.45,6,7.97,1.43,2.20000,139224,57.92,51.77,42.62,-4.25
THTX,4340000,10.40%,-46010000,50350000,,-4.11%,-14.86%,-4.16%,-75.24%,,64.55%,-28.52%,-5.90%,51.90%,606222,,-28.10%,-36000,1.42,4,2.83,-7.92,1.33000,185635,39.39,41.00,36.90,-0.08
ASMB,112079000,114.22%,108990000,3089000,-14.79%,-21.87%,31.90%,-24.11%,170.09%,-126.90%,-55.84%,-115.79%,-35.30%,-81.98%,,-202.86%,-50.34%,-550370,,2,,,8.46000,54230,29.98,29.33,33.78,-6.69
UNCY,26142000,-15.61%,25461000,681000,185.82%,30.56%,-14.12%,8.16%,41.71%,,-485.67%,1531.74%,-90.40%,768.42%,,-395.92%,-509.02%,-2701714,,2,,,0.53010,749884,45.49,45.42,41.13,-0.56
IGMS,183954000,-1.46%,138768000,45186000,-53.40%,16.25%,11.55%,25.13%,227.60%,-190.70%,-85.85%,-96.49%,-61.00%,-91.02%,17980,-223.42%,-47.90%,-1314060,0.01,3,,-6.91,1.06000,157515,32.49,27.51,37.72,-3.24
NA,37697572,4.63%,10509781,27187791,19.75%,,740.27%,,16.63%,-104.80%,11.39%,,-23.40%,,258573,-22.93%,,-720937,0.08,2,0.44,-0.33,3.81000,3761,31.76,38.06,26.92,-14.51
MNOV,40359738,-4.06%,40165969,193769,-20.91%,13.66%,-10.26%,,61.81%,-19.70%,-20.87%,-18.53%,-18.60%,-16.46%,,-24.05%,-15.58%,-849965,,1,,,1.27000,3606,36.52,37.04,38.90,-0.23
GCTS,1435000,1.66%,-42012000,43447000,,-20.21%,-45.74%,,-65.97%,,19.66%,,-48.70%,,75438,,,-102306,0.36,3,1.82,-42.56,1.29000,113304,29.84,28.78,0.00,-0.30
MBOT,5519000,18.09%,5408000,111000,-12.82%,-45.35%,-51.95%,-34.25%,9.43%,-234.00%,-320.44%,-162.12%,-175.80%,-130.42%,,-319.28%,-103.10%,-572150,,2,,,1.79000,7758953,57.88,55.47,46.88,-0.73
ZEO,4330062,19.64%,1475146,2854916,13.33%,121.62%,-6.22%,,2.23%,,-31.69%,,-24.70%,,389790,,,-59484,1.62,0,137.80,2.61,1.26000,9234,27.06,38.89,27.88,-1.82
ABOS,171789000,-1.90%,142370000,29419000,-33.19%,,-4.03%,,241.39%,-45.20%,-46.48%,-11.38%,-37.40%,-34.42%,,-53.98%,-35.48%,-1677525,,2,,,1.02000,171134,39.35,28.72,37.13,-1.71
GBBK,81897,,81897,,,,,,0.13%,185.30%,1.85%,,1.40%,,,1.90%,,,,0,,,11.32000,367,62.45,68.18,70.49,-0.03
QVCGA,905000000,-1.89%,-4661000000,5566000000,,-8.61%,-6.53%,-5.57%,-7308.03%,-57333.30%,-13.24%,-22.21%,-12.30%,-11495.98%,528708,-17.61%,-4.62%,-67952,0.96,6,6.20,0.69,0.15450,1605180,35.34,27.75,29.92,-3.26
EPSM,336078,-20.59%,130477,205601,,,,,0.21%,8.10%,9.65%,,6.50%,,1377406,7.85%,,49933,1.80,3,,27.32,4.62890,53647,0.00,0.00,0.00,0.05
OCG,42935567,,42935567,,5.91%,,,,67.52%,-6.80%,-6.52%,18.44%,-6.50%,30.32%,23613,-7.88%,25.18%,-64132,0.02,1,,15.28,3.29930,9892,75.66,83.37,50.22,-0.62
CRT,1111159,,1111159,,-46.32%,,,,1.69%,358.78%,265.42%,231.81%,251.60%,231.91%,,377.38%,146.90%,,2.43,2,,,10.20000,11698,40.91,45.04,41.28,0.95
CNTX,94429824,-10.22%,94210444,219380,551.98%,,,-60.15%,153.12%,-37.00%,-28.02%,-57.06%,-35.80%,12.40%,,-31.34%,310.96%,-2227092,,2,,,0.67930,94218,46.50,34.36,36.01,-0.46
IFRX,59208184,-10.34%,58306042,902142,-41.64%,-17.48%,-28.12%,-0.99%,96.52%,-60.70%,-72.64%,-50.47%,-51.80%,-41.42%,2334,-85.19%,-36.44%,-648429,0.00,1,0.36,-4.99,0.90000,420493,29.28,31.60,38.11,-0.81
IVVD,69349000,-20.15%,68045000,1304000,-65.72%,,-39.77%,,108.89%,-144.70%,-251.60%,,-99.30%,,253840,-256.93%,,-1699250,0.15,0,,-12.92,0.50500,1834051,34.66,42.14,36.19,-1.43
FKWL,42160072,-5.64%,40614600,1545472,23.66%,35.75%,,2.78%,70.77%,-6.10%,-6.99%,6.12%,-4.30%,9.86%,629614,-9.00%,3.12%,-31852,0.86,3,13.88,3.98,5.12000,15781,38.18,49.17,54.06,-0.19
CCG,20903001,51.42%,16094196,4808804,-50.02%,,19.85%,,26.73%,-17.20%,1.18%,,-5.70%,,749248,-17.02%,,-13210,3.25,1,,0.75,0.77500,112334,40.13,37.77,18.40,-0.11
WFCF,2012000,-3.23%,-534000,2546000,,-8.88%,-9.07%,-7.67%,-0.94%,21.90%,24.60%,11.39%,13.20%,17.98%,249961,12.59%,11.52%,20583,1.60,5,14.39,9.98,11.48000,1766,47.13,43.75,44.48,0.40
INLX,2489236,-6.40%,-1065369,3554605,,-14.50%,-37.10%,-6.25%,-1.77%,-5.30%,-1.45%,-1.95%,-2.90%,-8.70%,117002,-1.22%,-2.00%,-3547,0.96,4,61.60,3.77,14.10000,114,64.29,59.51,70.34,-0.13
DXLG,48417000,1.93%,-136198000,184615000,,8.57%,19.46%,-6.17%,-216.56%,2.00%,1.29%,6.70%,0.80%,-21.96%,322747,0.60%,7.14%,2111,1.23,4,3.19,1.38,1.12000,184699,22.22,22.02,29.56,0.05
VANI,19690000,-8.71%,1725000,17965000,-35.61%,114.83%,-6.98%,47.17%,2.77%,-106.20%,-66.02%,-293.99%,-50.40%,-1924.44%,,-69.37%,-101.66%,-533773,,1,,,1.01000,40888,41.07,38.08,40.86,-0.43
BAYA,,,,,,,,,,,,,,,,,,,,1,,,10.91500,623,68.97,82.40,91.52,-0.21
INCR,5630849,-21.06%,-34339276,39970126,,193.80%,-39.87%,,-59.20%,-13.50%,65.77%,-5.08%,-8.30%,,267877,-2.46%,,-64469,0.35,1,1.45,0.58,1.22000,21259,22.86,34.27,36.12,-0.38
YIBO,52350000,-11.88%,11960000,40390000,76.98%,,-12.08%,,19.30%,15.80%,13.04%,10.45%,5.30%,31.02%,106715,6.70%,5.26%,5067,1.11,3,4.67,2.36,1.10000,9328,36.21,36.86,41.42,0.13
ALTS,7177000,15.83%,-5891000,13068000,,25.31%,1748.37%,22.79%,-9.10%,-36.80%,-20.26%,98.43%,-9.90%,-475.52%,1253200,-22.27%,-20.16%,-624500,0.20,3,,-0.51,3.84000,146948,41.16,47.18,54.89,-0.56
VTGN,88560000,-4.52%,86847000,1713000,-30.13%,-18.30%,-24.03%,-16.33%,147.14%,-48.10%,-57.20%,150.38%,-43.80%,44.48%,17458,-63.79%,-117.28%,-1182610,0.01,1,,-3.45,2.05000,139082,29.92,32.43,34.05,-1.48
TROO,10308000,,10304000,4000,,-73.25%,-99.94%,,19.14%,-2.80%,-2.74%,-20.03%,-2.50%,-20.50%,187842,-2.97%,-16.86%,-90474,0.05,1,,1.87,0.52550,29973,24.29,26.66,38.14,-0.02
PIII,44102000,14.92%,-122061000,166163000,,22.71%,36.27%,,-192.57%,-106.60%,-38.08%,-257.71%,-16.10%,,4167931,-132.45%,,-377358,1.78,3,,0.14,0.16410,287342,44.33,34.80,29.04,-1.08
TOPW,2038221,-22.79%,-2418440,4456661,,,,,-4.36%,-28.50%,43.38%,,3.40%,,2687774,9.40%,,28104,3.26,2,8.73,12.41,2.37000,475136,0.00,0.00,0.00,0.01
CPBI,6638000,65.35%,5135000,1503000,-49.70%,,1.35%,,8.65%,4.60%,,,0.80%,,247280,4.48%,,49453,0.04,4,,,13.89000,14681,25.14,46.26,77.65,2.17
LINK,2950000,-7.53%,1821000,1129000,-56.07%,86.16%,610.06%,38.69%,3.09%,-20.90%,-20.10%,-3.63%,-17.00%,-4.70%,114500,-17.64%,-3.76%,-23373,0.84,1,3.05,8.74,5.97000,3623,43.05,48.11,49.63,-0.24
CTSO,9763884,0.25%,-16676437,26440321,,25.89%,47.39%,10.99%,-28.39%,-138.70%,-55.96%,-44.75%,-42.40%,-77.10%,191368,-44.71%,-36.46%,-111392,0.73,3,3.43,-8.43,0.94000,65169,37.97,45.60,39.94,-0.38
CBAT,65023092,-2.83%,34882566,30140526,51.11%,25.72%,-15.66%,-3.65%,58.06%,9.40%,9.24%,59.46%,4.10%,4.20%,120721,5.11%,4.28%,8059,0.61,6,4.79,0.23,0.65130,148669,30.37,34.68,39.30,0.13
VRA,30366000,-5.77%,-59278000,89644000,,-3.44%,10.67%,-7.88%,-95.53%,-27.90%,-17.03%,-6.92%,-17.60%,-7.56%,215633,-16.09%,-4.68%,-36051,1.05,1,1.62,2.47,2.11000,146311,37.07,22.44,32.16,-2.15
CBUS,14433000,3.41%,-221295000,235728000,,136.25%,24.15%,66.18%,-376.34%,-134.30%,-65.77%,-83.92%,-55.70%,-125.80%,26805,-78.81%,-58.76%,-1581057,0.01,3,,-4.83,1.69000,94679,40.23,32.55,40.47,-10.83
RENB,220571,0.91%,-3600650,3821221,,-19.46%,-16.89%,13.90%,-6.25%,-121.00%,-123.85%,-59.93%,-94.80%,-53.12%,,-123.73%,-44.68%,-4938513,,1,,,0.36260,1952968,27.72,37.45,40.17,-0.89
INO,94113529,-4.66%,82248342,11865187,-28.53%,-28.91%,-60.72%,-34.64%,141.08%,-128.70%,-137.50%,-87.40%,-88.80%,-86.68%,1625,-139.85%,-62.10%,-800404,0.00,1,,-23.07,1.58000,517916,39.47,27.82,35.44,-3.95
CLSD,20020000,5.00%,-32450000,52470000,,326.78%,22.02%,52.27%,-54.86%,,-168.96%,-108.20%,-107.00%,33.56%,52000,-212.13%,-71.70%,-1073500,0.05,2,,-22.90,0.74910,200593,31.26,39.28,40.07,-0.47
ASRT,100054000,-0.07%,61241000,38813000,75.34%,-19.17%,0.78%,-35.63%,115.82%,-16.70%,-10.87%,-29.86%,-7.70%,-28.28%,2154500,-15.46%,-15.10%,-372086,0.45,3,1.03,-2.52,0.60300,388866,35.60,27.94,35.44,-0.23
SSBI,-37712000,412.12%,86136000,35408000,-0.24%,-15.83%,17.14%,49.76%,151.42%,8.28%,1.46%,15.75%,0.75%,14.24%,483698,17.81%,1.23%,76425,0.05,2,,-0.46,8.52000,321,46.33,52.63,39.59,-0.62
RECT,2970084,12.29%,-4542405,7512490,,,33.35%,,-7.74%,13.00%,11.75%,,6.60%,,401582,6.79%,,16602,1.19,5,4.81,4.85,3.98000,3685,45.20,42.71,0.00,0.18
VTVT,36746000,-20.66%,36577000,169000,310.19%,-43.40%,-68.05%,-52.67%,78.95%,-114.50%,-55.52%,75.59%,-40.60%,39.42%,44217,-195.50%,-69.24%,-802696,0.02,1,,-10.33,18.09000,3274,49.13,51.04,43.81,-3.20
FORA,49357888,0.81%,24964233,24393655,2.81%,-0.80%,-1.17%,,42.70%,-9.80%,-6.74%,235.07%,-4.40%,,532695,-12.58%,,-69779,0.34,1,,0.66,1.86000,165790,37.81,42.59,37.31,-0.09
MCHX,12767000,-19.26%,11551000,1216000,-7.64%,-28.02%,-42.10%,-29.86%,19.57%,-14.50%,-13.11%,-29.61%,-11.10%,-24.62%,295227,-13.14%,-18.20%,-30350,1.08,3,,-6.08,1.33000,7856,19.43,33.03,40.84,-0.11
SAVA,128574000,,128574000,,6.14%,,,,221.80%,-16.80%,-16.70%,-45.84%,-12.50%,-27.24%,,-97.08%,-25.00%,-811400,,1,,,1.19000,849693,23.00,27.77,34.67,-1.46
BYFC,61365000,-34.20%,-200777000,262142000,,19.94%,-33.93%,24.01%,-348.33%,0.10%,,-0.02%,,-0.14%,308104,0.36%,,3387,0.02,4,,,6.30000,9596,35.20,38.88,42.96,0.04
HTLM,2580675,-45.98%,-128092,2708767,,,120.02%,,-0.22%,-66.10%,-35.07%,,-21.20%,,102280,-25.35%,,-41638,0.53,2,2.00,4.91,3.91000,467,39.43,43.20,0.00,-0.08
BRIA,5898466,,3766475,2131991,,,,,7.61%,46.00%,31.40%,,13.00%,,287400,45.20%,,16216,2.30,2,6.67,4.15,1.87000,955,30.17,13.90,0.00,0.13
VFF,24631000,-6.02%,-31001000,55632000,,-10.37%,-15.07%,7.89%,-51.39%,-13.00%,-10.44%,-8.20%,-8.50%,-9.64%,240129,-11.63%,-6.46%,-25607,0.80,4,4.39,0.51,0.50820,236500,34.11,27.17,33.77,-0.32
FURY,6640748,-40.37%,6594498,46250,12.33%,-47.95%,-71.49%,-53.31%,11.43%,69.80%,131.36%,-10.18%,66.90%,7.56%,,-13.23%,7.48%,7509583,,1,,,0.37580,9247,43.12,44.28,42.83,0.51
INZY,113398000,0.17%,66525000,46873000,-53.15%,140.47%,0.60%,,121.83%,-115.30%,-108.04%,-56.15%,-68.10%,-72.92%,,-99.36%,-49.06%,-1522746,,2,,,0.88070,268515,39.41,25.26,33.83,-1.62
IOBT,60031000,-5.15%,58116000,1915000,-58.69%,,-23.22%,,102.84%,-115.30%,-195.07%,-60.61%,-96.10%,-52.06%,,-194.52%,-91.20%,-1404279,,1,,,0.85780,127398,40.79,45.14,34.59,-1.45
NUKK,4074,105.54%,-3997998,4002072,,,851.47%,,-6.98%,,130.95%,122.18%,-596.50%,45.84%,492788,,-173.92%,-709877,4.14,3,,-81.14,11.79000,48059,40.83,47.10,38.32,-4.93
ELTK,17238000,-0.36%,11221000,6017000,104.76%,-24.07%,-9.65%,-6.58%,20.02%,10.70%,9.38%,12.73%,7.40%,21.80%,139721,7.71%,10.66%,12685,0.81,5,4.63,3.29,8.39000,6191,38.02,28.14,44.51,0.63
NEUE,93166000,70.15%,-111448000,204614000,,9.70%,-44.75%,,-197.20%,,68.37%,-51.56%,-23.00%,-39.46%,949956,,-29.24%,-188976,1.16,2,,-10.96,6.53000,6255,51.33,51.08,10.66,-22.65
CPIX,17964184,-4.23%,-2608233,20572417,,8.60%,11.63%,-0.88%,-4.73%,-25.50%,-13.41%,-13.54%,-8.30%,-14.48%,416131,-14.81%,-5.78%,-71206,0.49,3,0.41,0.50,4.03000,114942,40.10,55.23,64.47,-0.46
AKYA,35726000,-0.91%,-48420000,84146000,,36.70%,-1.82%,27.73%,-79.02%,-290.60%,-46.87%,-18.68%,-40.00%,-96.74%,398400,-51.49%,-33.56%,-270073,0.59,2,1.52,-2.96,1.13000,147728,32.44,31.98,29.95,-1.12
LOAN,201762,-10.82%,-22346246,22548008,,1.37%,-27.73%,1.58%,-39.71%,12.90%,,10.04%,7.90%,12.42%,1614774,12.02%,7.42%,931823,0.14,5,,,4.92000,28398,30.02,38.02,44.87,0.49
MATH,236715223,660.12%,236409314,305909,297.22%,,-4.86%,,414.87%,34.80%,24.97%,-13.22%,3.80%,-85.94%,1652582,34.48%,-36.02%,327498,0.19,4,,0.29,1.47700,7703,39.82,48.45,52.11,0.17
SPWH,2832000,-11.83%,-452439000,455271000,,9.88%,-5.49%,2.75%,-810.16%,-13.60%,-3.32%,6.08%,-3.60%,18.04%,221784,-2.64%,5.12%,-6122,1.31,4,2.37,1.75,1.47000,474176,53.05,41.01,33.05,-0.87
PYXS,128403000,-1.66%,108203000,20200000,8.81%,396.54%,-5.30%,,178.28%,-49.20%,-56.99%,-25.60%,-39.60%,-17.18%,366955,-63.47%,-54.12%,-1757523,0.08,2,,-2.93,0.90730,327181,40.06,29.19,31.28,-1.32
NHTC,43974000,-9.86%,41333000,2641000,-21.65%,-5.87%,-23.76%,-3.88%,73.87%,1.60%,1.79%,-0.83%,0.90%,1.28%,318244,-3.37%,0.80%,4237,0.71,2,2.96,2.29,4.86000,10927,48.57,44.03,41.86,0.05
JSPR,72054000,-12.37%,70241000,1813000,-16.89%,-14.35%,-34.92%,,126.03%,-79.40%,-110.22%,-64.63%,-68.00%,34.94%,,-120.09%,-53.58%,-1113578,,1,,,3.71000,145368,28.85,28.66,30.43,-4.89
ANRO,168729000,0.02%,152655000,16074000,110.02%,,63.01%,,275.06%,-35.60%,-35.85%,,-31.60%,,,-40.95%,,-808303,,2,,,2.05000,522727,36.31,31.77,14.90,-2.50
CABA,163962000,2.47%,148362000,15600000,-37.20%,,210.88%,,268.24%,-62.00%,-72.88%,-45.00%,-54.70%,-45.32%,,-74.52%,-41.84%,-706488,,1,,,1.09000,634040,30.15,31.83,34.03,-2.34
ADAP,153672000,-0.38%,79463000,74209000,-36.29%,42.83%,194.07%,23.86%,133.08%,-133.30%,-35.21%,-111.72%,-24.80%,-100.24%,351842,-79.90%,-35.28%,-139949,0.62,3,,-5.60,0.21500,602643,32.35,27.22,35.32,-0.30
SELF,7210061,-0.84%,-9146521,16356582,,-2.99%,-3.22%,-7.19%,-16.60%,4.50%,,4.14%,3.20%,4.58%,379705,4.54%,3.20%,64356,0.19,5,,,4.90000,46597,36.10,40.70,47.73,0.19
SOTK,12681178,,12681178,,0.71%,,,,22.24%,6.50%,7.10%,8.17%,4.70%,11.26%,214374,3.57%,7.92%,11727,0.86,4,2.34,7.00,3.50000,4095,48.54,38.54,39.36,0.07
BAFN,77788000,10.49%,55388000,22400000,47.99%,-35.21%,6.89%,,95.82%,10.70%,,4.08%,0.90%,12.38%,280164,9.49%,0.84%,36997,0.07,4,,,13.28000,4016,24.36,42.31,48.10,2.62
STEM,56299000,-0.07%,-541107000,597406000,,12.56%,-0.59%,31.52%,-941.03%,,-270.74%,-153.14%,-115.70%,115.52%,254102,-421.77%,-45.48%,-1500903,0.20,2,8.28,-11.12,0.33550,1651800,39.07,39.35,36.58,-5.29
BUJA,,,,,,,,,,,,,,,,,,,,1,,,11.12990,590,46.58,48.31,66.83,-1.29
BEAT,2377000,,2377000,,-85.32%,,,,4.28%,-280.80%,-1175.82%,-340.72%,-230.90%,-128.44%,,-1202.36%,-846.14%,-926095,,1,,,1.63000,55290,32.07,36.28,41.53,-0.73
ZENA,4055553,6.04%,-3178810,7234363,,,,,-6.15%,-30.80%,-9.92%,,-17.50%,,178510,-9.44%,,-407432,0.08,0,,,2.19000,114164,35.98,38.95,0.00,-0.22
JZXN,943435,,943435,,-84.14%,,,,1.80%,-935.10%,-701.22%,-150.76%,-537.40%,-235.44%,42428,-661.32%,-128.96%,-1791907,0.13,2,,-13.19,4.99000,104184,58.50,59.58,13.53,-6.60
XTNT,6221000,-2.24%,-28922000,35143000,,27.78%,49.17%,-14.86%,-52.15%,-36.30%,-18.55%,-10.51%,-17.20%,-10.92%,505461,-15.46%,-11.38%,-70901,1.23,2,1.30,-1.90,0.39500,2599,35.93,38.22,38.96,-0.12
RAND,834805,-84.62%,234805,600000,,,-96.31%,-43.89%,0.40%,13.30%,,3.56%,10.80%,10.22%,2139821,7.33%,8.28%,2206903,0.11,6,,,18.49000,10183,41.46,45.16,54.73,3.42
IMAB,173398000,2.67%,169516000,3882000,,-30.87%,,,731.90%,-10.00%,-10.88%,-19.97%,-7.60%,-33.06%,,-25.08%,-26.92%,-101045,,0,,,0.67420,49123,29.68,28.73,31.56,-0.28
MAXN,52622000,-19.83%,-265882000,318504000,,20.84%,-26.80%,,-551.17%,,-290.24%,-40.84%,-85.10%,-109.40%,177215,-646.97%,-20.54%,-166863,0.90,2,3.45,-6.90,3.28000,302910,45.87,27.41,35.46,-553.47
LEE,6122000,-0.65%,-474601000,480723000,,-2.94%,-3.06%,2.10%,-876.12%,,-1.27%,-0.03%,-6.50%,1233.96%,197002,-2.38%,-0.46%,-14204,0.91,3,36.16,0.23,8.81000,6592,42.34,37.93,42.56,-7.26
SYT,21404985,34.90%,-217446700,238851686,,,97.72%,,-4.00%,4.40%,-0.03%,,0.90%,,1333525,1.66%,,20245,0.58,3,1.13,13.89,2.04500,3259,54.74,54.41,37.29,0.07
EDAP,33209079,74.44%,21695649,11513431,-48.29%,1.12%,79.02%,3.62%,38.17%,-41.30%,-37.03%,-15.66%,-22.60%,-17.02%,215437,-40.07%,-10.02%,-63905,0.76,3,2.24,,1.45000,44893,23.15,25.47,28.07,-0.53
TLYS,51728000,-3.79%,-154021000,205749000,,-7.34%,-15.88%,-6.60%,-268.85%,-41.50%,-14.81%,2.57%,-12.80%,6.50%,98410,-13.82%,2.18%,-8783,1.44,2,4.99,1.24,1.79000,51304,23.89,28.46,24.11,-1.77
INUV,2459245,-6.00%,1443164,1016081,-58.73%,6.14%,7.65%,-26.56%,2.68%,-42.30%,-38.34%,-41.34%,-19.30%,-41.20%,1021876,-38.05%,-24.74%,-70266,2.81,3,,-3.85,0.37710,781453,46.30,48.04,49.65,-0.04
EMCG,398483,,398483,,,,,,0.74%,-63.80%,1.43%,,1.90%,,,1.90%,,,,2,,,11.91000,657,37.38,59.55,86.59,0.23
LSF,8514152,-18.70%,8267722,246430,12.88%,,-35.60%,37.03%,15.44%,-14.10%,-13.19%,-65.36%,-9.90%,-51.18%,1546255,-16.16%,-41.28%,-65006,2.35,4,4.16,0.14,5.20500,7382,40.67,39.48,44.99,-0.18
REE,88798000,14.45%,46748000,42050000,,,,,56.10%,-163.10%,-94.57%,-114.63%,-82.90%,,2566,-94.74%,,-449553,0.01,1,,-10.13,2.75000,297807,29.55,32.17,21.61,-9.12
OWLT,20631000,-21.63%,8934000,11697000,555.47%,-10.88%,-23.02%,-12.07%,16.05%,,-82.93%,-268.06%,-35.30%,161.38%,918306,,-59.54%,-202553,1.60,4,4.55,-5.99,3.23000,88578,38.05,38.77,29.21,-1.57
RRGB,39401000,-1.40%,-537958000,577359000,,-4.41%,-5.33%,-4.19%,-1047.54%,,-11.59%,-11.66%,-11.40%,30.64%,58227,-10.76%,-11.02%,-3616,1.84,5,40.75,1.22,3.06000,239028,24.13,32.47,36.03,-4.93
AXTI,33811000,-12.14%,-15430000,49241000,,45.30%,-10.91%,42.29%,-27.37%,-5.90%,-3.45%,-0.78%,-3.30%,0.36%,65069,-6.12%,0.38%,-7612,0.28,3,0.88,0.72,1.21000,279853,34.02,31.54,35.59,-0.27
GIFT,3640432,-4.30%,-6050674,9691106,,38.89%,2.99%,,-10.71%,-82.00%,-78.31%,14.28%,-49.40%,,1389594,-60.34%,,-294251,2.33,3,18.33,-0.50,1.83000,28379,53.63,51.18,43.44,-0.73
GEG,108676000,4.35%,44830000,63846000,-23.26%,15.13%,-0.85%,-8.33%,84.14%,,3.25%,-6.00%,,-5.06%,619484,-0.18%,-0.60%,97,0.14,5,,-31.09,1.88000,16821,47.49,51.45,46.20,-0.01
VEEA,2802970,-40.83%,-10154023,12956993,,,936.56%,,-18.33%,,,,,,,,,,,2,,,1.49000,2892,37.19,16.69,0.00,
WYHG,76707,2.86%,60593,16114,52.95%,,,,0.02%,11.90%,-0.05%,,9.30%,,278492,10.32%,,33948,0.76,5,20.10,8634.53,7.47900,22222,34.54,55.68,0.00,0.24
CCLD,5145000,-10.08%,1675000,3470000,,-40.97%,-76.45%,-3.27%,3.09%,-9.90%,17.13%,-14.22%,-6.10%,-27.58%,30366,,-19.16%,-1222,1.51,7,117.12,2.23,1.25000,418382,31.84,35.28,39.66,-0.28
AVTX,134565000,,134565000,,1714.52%,,,,247.24%,-502.60%,-26.66%,-261.97%,-29.20%,-216.58%,19174,-51.50%,-94.70%,-1527348,0.00,1,,-1.38,4.94000,62809,29.57,35.31,32.81,-20.91
YI,81468915,-6.91%,51942046,29526869,8.60%,-20.16%,-45.99%,7.31%,89.96%,,0.25%,30.08%,-2.20%,-394.46%,1297878,-0.51%,-13.72%,-5835,5.00,6,9.67,3.43,6.15000,26368,30.18,42.45,33.95,-1.04
UYSC,,,,,,,,,,,,,,,,,,,,0,,,10.07000,320504,0.00,0.00,0.00,
NTRB,5698187,-6.46%,5497706,200481,,-3.74%,-91.11%,-0.44%,10.69%,-63.00%,-60.26%,-120.07%,-56.10%,-95.30%,155521,-52.77%,-63.86%,-526703,0.17,3,8.07,18.69,4.72000,14898,23.51,42.63,48.12,-0.71
FOSL,123598000,-6.22%,-192231000,315829000,,-5.58%,-18.74%,-10.90%,-352.13%,-56.10%,-21.85%,-10.69%,-12.60%,-26.92%,220190,-22.38%,-7.12%,-19744,1.41,5,2.54,1.34,0.98320,175134,37.25,34.94,36.81,-1.94
ASYS,13214000,-3.10%,-3813000,17027000,,7.91%,-19.00%,25.42%,-7.02%,1.40%,2.95%,-0.93%,1.00%,-4.28%,306948,1.19%,-3.10%,3610,0.84,6,2.12,1.78,3.65000,267204,22.81,30.30,37.16,0.08
GRWG,57511000,-5.40%,20480000,37031000,-9.75%,-6.68%,-12.80%,35.87%,40.08%,-33.90%,-32.84%,-22.97%,-24.00%,-22.40%,617209,-33.08%,-16.62%,-161797,0.92,2,2.76,-0.73,0.87610,421069,28.80,30.41,33.04,-0.82
HYPR,37673000,,37673000,,-50.30%,,,,73.03%,-65.20%,-81.16%,-40.22%,-56.10%,-77.42%,116126,-88.14%,-45.40%,-366847,0.18,3,1.13,-5.01,0.66700,111866,39.75,39.04,32.15,-0.56
BEDU,61395500,-0.52%,-147421358,208816858,,-66.73%,-89.89%,-40.45%,-1052.00%,-139.90%,-422.02%,-80.30%,-45.20%,-28.24%,77186,-406.84%,-9.48%,-65867,0.53,5,305.64,-11.05,1.74000,7760,52.71,49.52,35.89,-4.88
QRHC,396000,6.65%,-77520000,77916000,,6.92%,18.42%,76.61%,-139.85%,-24.20%,-3.40%,0.64%,-8.40%,-7.92%,1282364,-3.38%,-2.74%,-66947,1.62,4,,1.05,2.51000,51522,34.28,18.95,29.46,-0.73
MGX,253555000,-0.64%,207777000,45778000,-8.95%,,-5.08%,,397.00%,-30.10%,-29.09%,,-21.00%,,258886,-31.68%,,-386426,0.14,3,,-0.48,1.38000,235250,35.63,32.92,12.36,-2.36
ALCY,4779,15.68%,-430743,435522,,,168.33%,,-0.84%,,,,,,,,,,,1,,,11.35000,20805,59.92,60.03,84.65,0.32
CULP,7558000,47.56%,-2978000,10536000,,-1.85%,103.40%,18.99%,-5.78%,-32.60%,-26.42%,-9.70%,-16.90%,-13.46%,213992,-28.93%,-8.48%,-21896,1.65,1,4.01,2.08,4.08000,12787,31.16,36.05,38.75,-1.75
PHUN,113077000,-10.30%,112145000,932000,,-47.53%,-85.87%,-15.64%,205.92%,-25.00%,-9.36%,113.22%,-20.30%,166.10%,127560,-12.85%,-88.88%,-412640,0.06,2,,1.34,2.54000,176806,38.37,37.23,43.77,-0.94
IKNA,124386000,-10.40%,116865000,7521000,-29.06%,2.49%,-29.96%,,284.60%,-35.30%,-37.54%,-20.83%,-31.70%,-16.38%,,-44.19%,-30.14%,-4923400,,1,,,1.06000,17085,31.87,28.10,27.65,-1.02
TBMC,866822,33.02%,-1662623,2529445,,269.84%,686.56%,,-3.26%,-6.30%,4.43%,,0.40%,,,17.87%,,,,1,,,11.33000,124,83.59,73.38,87.32,0.04
DOMH,7459000,-2.90%,4309000,3150000,-81.63%,,-11.22%,,8.13%,-50.10%,-55.32%,-28.66%,-44.90%,-32.12%,449607,-35.21%,-30.20%,-810286,0.25,2,,-1.90,3.55000,200493,40.56,49.80,44.08,-3.88
SELX,7539968,1.58%,3402063,4137906,560.50%,,,,6.73%,-50.20%,3.90%,,-31.70%,,25998,-26.84%,,-76658,0.11,1,,5.37,1.35040,3117,45.20,44.82,57.25,-0.04
NVA,2527005,79.38%,-5304155,7831160,,,,,-10.41%,-9.30%,-7.75%,,-7.80%,,,-8.34%,,,-0.02,2,,2.72,10.00000,8615,42.43,47.76,0.00,-3.02
PED,4303000,-8.80%,4075000,228000,-77.66%,5.35%,-27.85%,-10.50%,8.30%,16.50%,3.97%,-5.74%,14.90%,-3.04%,2636867,13.73%,-2.98%,1185933,0.33,6,,1.68,0.55000,238429,27.47,27.41,34.47,0.20
MIST,69695000,1.44%,14898000,54797000,4.71%,328.19%,5.84%,154.42%,39.44%,-152.30%,-56.31%,-62.19%,-48.40%,-94.72%,,-61.97%,-50.76%,-1258152,,1,,,0.75000,814994,32.13,33.81,36.01,-0.67
WPRT,37646000,-10.81%,-15138000,52784000,,-18.61%,-36.27%,-4.49%,-30.02%,-14.90%,-8.35%,-15.74%,-6.90%,-11.88%,200331,-9.71%,-5.50%,-14474,0.95,5,4.04,-3.95,2.78000,22222,33.04,31.98,35.20,-1.27
HSPO,402754,,402754,,,,,,0.81%,,,,,,,,,,,1,,,11.88120,117,59.78,69.87,96.73,-0.23
SMXT,8411304,-1.52%,-26431216,34842520,,-10.46%,-16.81%,,-52.19%,,-815.78%,-40.61%,-74.60%,,302459,-167.50%,,-460031,0.49,3,15.64,-5.73,1.08000,45506,43.29,43.18,39.19,-0.79
LRFC,15015000,7.76%,-88959000,103974000,,-5.40%,2.42%,-17.53%,-183.03%,,,4.79%,,,,,,,0.11,5,,,18.59000,29579,15.40,21.84,35.77,-0.01
JG,16343838,-15.06%,13495112,2848725,-10.57%,-48.21%,349.46%,-38.14%,456.86%,-10.00%,0.44%,-39.89%,-2.00%,-50.48%,116741,-11.15%,-17.74%,-2602,0.90,4,,-3.11,8.09000,19483,39.91,51.55,46.52,-0.16
PRTS,36397000,-5.65%,-4929000,41326000,,-3.78%,8.39%,21.14%,-10.17%,-41.10%,-32.60%,-8.88%,-17.30%,-12.66%,401668,-32.12%,-5.30%,-27695,2.51,2,3.58,1.16,0.83540,211316,40.05,40.07,31.74,-0.71
SER,3672000,-97.66%,3404000,268000,-18.45%,-72.72%,-92.22%,-32.80%,6.80%,,-243.58%,-650.34%,-124.70%,116.96%,4308,-1875.47%,-151.96%,-857000,0.01,0,,-9.01,4.90000,152,51.54,45.32,33.81,-1.51
CHGG,315724000,-19.30%,-188734000,504458000,,-33.18%,-18.36%,-11.33%,-400.54%,-196.20%,-201.34%,-20.86%,-71.00%,-33.50%,485896,-105.69%,,-658590,0.52,6,,-3.41,0.46220,3298075,24.81,21.94,29.02,-8.10
GROV,24304000,-52.97%,2219000,22085000,-58.20%,-37.51%,-75.34%,,4.89%,-9657.40%,-38.49%,-54.95%,-25.70%,,490181,-166.57%,,-68125,1.85,4,3.91,-10.69,1.10000,49705,21.02,33.97,19.23,-0.76
FSEA,7100000,-34.26%,-45168000,52268000,,21.06%,-43.80%,-4.62%,-86.96%,-0.80%,,-0.29%,-0.10%,-2.18%,211653,-0.45%,-0.28%,-6840,0.03,0,,,10.93340,14532,43.52,62.71,60.28,-0.12
LODE,2484121,-45.67%,-6493547,8977668,,-19.99%,-16.01%,10.65%,-12.95%,-77.10%,-60.52%,-25.75%,-52.70%,-21.70%,65569,-58.87%,-15.28%,-1159162,0.03,2,,-5.92,1.91000,6446,31.92,39.62,41.75,-3.21
GORO,1628000,,1628000,,-73.97%,,,,3.90%,-92.50%,-35.95%,-41.97%,-34.90%,-22.24%,130409,-173.15%,-8.46%,-112105,0.41,1,10.62,-1.17,0.43645,6662826,45.46,54.31,42.84,-0.61
MDBH,21281233,-67.39%,20569730,711503,316.24%,,-70.55%,,42.64%,28.20%,,-64.10%,25.30%,,53932,-40.39%,,292302,0.05,2,,,4.84800,1780,28.04,31.50,32.99,0.81
SHIM,35795000,-55.34%,10330000,25465000,-46.30%,,-43.00%,,22.02%,-7115.20%,-3341.25%,,-38.30%,,400197,,,-103957,1.47,3,,-0.47,1.40000,13886,30.48,36.10,26.01,-4.10
ACRV,179678000,-9.17%,176033000,3645000,42.85%,-13.48%,-21.51%,,373.08%,-46.20%,-44.91%,1.06%,-42.30%,,,-49.44%,,-1032769,,2,,,1.53000,165934,24.01,26.33,34.60,-2.38
STRO,317753000,-6.88%,294599000,23154000,-14.07%,-26.10%,-31.16%,18.58%,560.05%,-224.10%,-78.07%,-100.11%,-52.50%,-80.20%,200139,-351.93%,-30.00%,-733745,0.14,1,,-3.64,0.57200,1400745,31.07,27.42,32.75,-2.96
NTZ,37642574,,-77171196,114813769,,38.39%,2.57%,58.40%,-826.21%,-20.50%,-2.85%,-6.45%,-4.50%,-14.42%,101793,-9.69%,-3.88%,-4978,0.93,3,3.27,0.88,4.35000,569,44.97,46.20,38.39,-1.61
CFSB,28829000,-0.20%,17646000,11183000,,238.63%,-44.14%,,35.38%,-0.10%,,1.71%,,,276370,-0.15%,,-1778,0.02,2,,,7.65000,726,48.93,56.81,48.24,-0.01
FSI,10031971,15.52%,-780036,10812007,,30.32%,7.68%,6.05%,-1.64%,8.30%,9.35%,11.16%,5.20%,13.82%,831193,8.82%,8.50%,66055,0.66,6,2.27,3.33,3.78000,921,31.07,42.45,53.10,0.24
SQNS,62093000,-88.82%,51125000,10968000,,-43.43%,-85.78%,-26.47%,1070.28%,285.50%,131.71%,-16.59%,40.50%,-195.52%,139250,98.56%,-18.94%,216061,0.26,4,1.92,3.12,1.90000,24115,35.10,37.13,38.66,2.27
NOTV,38043000,0.45%,-409065000,447108000,,16.20%,4.34%,69.87%,-452.35%,-66.20%,-13.84%,-14.34%,-15.40%,-36.68%,228971,-15.00%,-11.56%,-58162,0.60,1,9.06,-0.66,1.41000,2273059,33.24,36.85,41.33,-4.61
CATO,80501000,33.78%,-65395000,145896000,,-7.50%,-4.72%,-7.05%,-129.85%,-9.90%,-6.08%,-4.81%,-4.00%,,92829,-9.05%,,-2580,1.44,1,4.17,1.62,2.56000,21283,38.83,36.83,32.59,-0.97
RCON,51837547,-4.65%,46622606,5214941,0.08%,34.99%,21.52%,25.05%,86.09%,-10.50%,-30.20%,-15.68%,-9.30%,-5.48%,48888,-14.38%,-3.94%,-35665,0.13,2,13.43,3.83,1.70000,81469,41.37,39.60,39.67,-0.53
SURG,12790389,2.34%,8198037,4592352,-10.67%,-15.75%,-15.65%,-12.50%,17.09%,-121.40%,-236.12%,27.28%,-95.50%,57.58%,468317,-209.87%,-58.94%,-351763,1.27,2,13.89,-2.95,2.33000,210456,67.38,60.93,42.38,-2.39
ISPO,35005000,-3.84%,-171058000,206063000,,149.50%,-27.10%,,-359.95%,,-10.63%,-9.99%,-3.00%,70.88%,595436,-13.68%,-11.04%,-18732,0.96,3,,-1.15,3.82000,3891,40.83,44.96,40.73,-0.91
FLNT,10694000,-7.17%,-26730000,37424000,,-11.09%,8.53%,-9.69%,-59.67%,-115.80%,-91.03%,-41.94%,-29.90%,-64.94%,919217,-37.93%,-25.76%,-105693,2.60,3,,-3.94,2.30000,1582,49.70,39.54,38.12,-1.80
KRON,114448000,-3.48%,89548000,24900000,-38.98%,-9.65%,-11.93%,118.85%,185.85%,-75.00%,-78.91%,-49.82%,-55.40%,-51.76%,984800,-82.58%,-40.64%,-8607900,0.06,3,,-7.15,0.77770,114808,31.69,35.52,28.33,-1.43
VNRX,3264429,-1.12%,-2556156,5820585,,13.16%,-0.64%,8.13%,-5.08%,,-1655.14%,87.22%,-197.60%,275.30%,11214,,-128.34%,-245162,0.09,1,,-43.03,0.49100,14129,42.66,40.05,34.65,-0.31
XPL,5926000,-16.67%,5876000,50000,-38.66%,-11.45%,-43.82%,0.82%,12.39%,-21.90%,-23.68%,-15.06%,-21.40%,-14.02%,,-26.82%,-13.72%,-766857,,2,,,0.58000,70700,42.58,40.78,45.34,-0.07
SACH,18066000,-6.79%,-287217000,305283000,,10.12%,-20.23%,39.79%,-562.12%,-20.20%,,5.92%,-7.80%,2.42%,1796875,,1.28%,-1371094,0.10,3,,,1.00500,768907,46.66,32.10,28.14,-0.93
VTSI,18040827,-1.26%,9784983,8255844,-2.74%,-4.13%,-6.07%,41.18%,20.59%,3.00%,4.03%,7.38%,2.00%,11.28%,237395,2.24%,6.62%,12285,0.40,6,0.51,2.87,4.18000,59877,34.25,29.80,41.99,0.12
GMM,11068560,121.30%,5092281,5976279,,,239.55%,,11.09%,36.40%,28.77%,1.42%,28.10%,,880020,12.35%,,258242,0.96,4,,3.93,2.68180,39027,33.17,27.97,0.00,6.37
MDIA,7673000,4.17%,-117816000,125489000,,1.79%,485.52%,56.00%,-242.38%,-7.30%,2.40%,,-1.30%,,597379,-13.69%,,-24052,0.32,1,,0.24,1.00170,18465,38.91,41.71,43.77,-0.41
IDN,4666000,,4666000,,-48.04%,,,,9.67%,-5.30%,-4.99%,-19.14%,-4.30%,-17.78%,392098,-6.58%,-14.32%,-18000,0.93,2,,1.29,2.36000,38627,42.86,45.27,45.54,-0.05
CLST,44295000,-67.61%,34737000,9558000,,1.96%,-50.68%,-17.49%,71.81%,-3.80%,,-0.28%,-1.10%,-0.28%,105592,-4.44%,-0.08%,-63041,0.02,2,,,11.10000,3060,35.32,34.06,39.67,-0.78
PVL,1533284,,1533284,,60.05%,,,,3.25%,19.45%,,10.23%,19.33%,14.76%,,-13214.53%,14.75%,,0.10,2,,,1.40480,20391,39.98,43.67,42.99,0.09
GUTS,67464000,-0.68%,4964000,62500000,,,-27.65%,,10.15%,-120.60%,-77.79%,,-51.70%,,869,-102.87%,,-658234,0.00,4,0.68,-6.53,0.94730,424761,26.43,30.75,6.25,-1.62
LOOP,323000,13.61%,-5235000,5558000,,9.75%,67.66%,-1.13%,-11.30%,-506.20%,791.88%,-88.85%,-183.30%,-81.74%,2250,,-65.58%,-482714,0.01,3,,-77.89,0.97200,17058,38.90,38.42,33.90,-0.56
FORL,1280,,-310220,311500,,,,,-0.68%,,-33.73%,,,,,,,,,1,,,11.34000,2,38.46,62.69,88.20,0.10
CYCC,3137000,,3137000,,-6.11%,,,,6.95%,,551.70%,-732.58%,-188.20%,79.88%,3583,,-98.24%,-934333,0.01,1,,-156.39,0.22200,26199,34.85,30.86,29.77,-2.09
APT,18636000,-2.33%,9861000,8775000,-36.50%,48.12%,81.00%,22.21%,21.59%,6.30%,7.11%,13.13%,5.40%,16.52%,441527,3.80%,14.04%,29992,0.79,5,1.63,5.06,4.25000,1046,26.35,29.62,39.79,0.35
CCEL,3496143,10.26%,-9437777,12933920,,66.13%,18.70%,7.63%,-21.03%,-3.70%,10.84%,1977.93%,0.60%,104.80%,371931,-177.04%,0.36%,4676,0.51,8,1.37,0.20,5.67000,391,37.87,35.60,44.27,0.05
CNF,244264680,6.62%,-1061222230,1305486910,,10.55%,26.46%,-5.61%,-46328.55%,4.20%,,1.78%,1.10%,5.60%,106955,1.24%,1.42%,25917,0.04,2,,,0.66800,32550,28.00,35.11,33.43,0.33
SCLX,3272000,-55.85%,-41486000,44758000,,-33.87%,-65.16%,,-70.84%,,42.50%,272.91%,-74.80%,,538952,,,-693400,0.58,5,5.02,-13.08,0.24990,1889583,38.35,32.89,29.95,-0.61
BLUE,62305000,-2.78%,-292563000,354868000,,58.23%,7.43%,13.19%,-644.03%,-656.30%,-157.14%,-69.37%,-45.80%,-200.10%,337931,-83.65%,-44.02%,-970625,0.16,2,2.03,-15.45,4.67000,94707,50.71,37.09,29.28,-24.84
OPHC,93630000,25.49%,40856000,52774000,,38.38%,-32.21%,25.65%,92.47%,14.30%,,5.41%,1.40%,9.10%,508096,8.42%,0.94%,179781,0.04,4,,,3.89000,15203,39.40,35.51,43.82,1.33
VOC,1446956,,1446956,,11.99%,,,,3.03%,112.42%,,,112.42%,70.15%,,37.53%,70.15%,,1.16,2,,,2.68000,63583,33.50,21.58,27.55,0.73
TCBS,23010000,-21.07%,-26868000,49878000,,21.85%,-35.14%,9.88%,-54.85%,-2.50%,,0.16%,-0.30%,0.54%,156552,-1.75%,0.08%,-19478,0.02,2,,,16.00000,2182,47.41,58.31,58.52,-0.44
BDL,27322000,-1.80%,-22000000,49322000,,0.63%,-2.27%,1.62%,-49.30%,5.40%,3.83%,5.45%,2.30%,10.50%,97208,5.28%,4.04%,1659,1.34,6,18.92,2.47,24.50000,112,38.87,41.18,42.30,1.77
ICCC,3758232,-2.79%,-11341536,15099768,,13.69%,-9.53%,12.39%,-25.58%,-8.50%,-5.28%,-5.19%,-4.90%,-8.40%,353242,-3.85%,-5.24%,-28755,0.61,6,2.49,1.79,5.06500,93596,50.80,54.85,49.21,-0.26
CLIK,221047,-10.56%,-342513,563560,,,,,-0.75%,496.60%,84.49%,,50.70%,,404081,78.19%,,57332,3.57,2,,34.50,3.05000,2957777,66.91,71.60,0.00,0.05
ICAD,17206000,-12.77%,16844000,362000,-20.58%,-32.07%,-21.48%,-56.21%,36.64%,-18.50%,-18.37%,-23.87%,-14.60%,-32.64%,297091,-21.58%,-20.74%,-85091,0.51,3,3.55,-6.59,1.67000,121072,31.59,41.42,43.67,-0.21
PODC,572000,,572000,,-59.29%,,,,1.31%,-36.30%,-37.31%,,-24.70%,,1081087,-38.53%,,-123196,2.17,3,,3.93,1.82000,73832,54.12,48.18,54.01,-0.23
CVU,5490963,-5.74%,-15026092,20517055,,-15.65%,-18.62%,-10.28%,-32.76%,13.50%,16.22%,24.53%,4.70%,-60.12%,399403,10.76%,10.68%,16253,1.17,7,54.22,1.48,3.47000,1018,42.87,44.38,50.38,0.26
PMVP,169454000,-91.03%,168264000,1190000,-11.72%,-52.63%,-91.04%,,372.41%,-29.30%,-42.28%,-27.86%,-26.40%,-25.66%,,-48.20%,-22.02%,-1249128,,1,,,0.87000,67289,20.61,22.67,30.85,-1.14
ONCY,11326329,,10570387,755941,-56.86%,17.55%,151.54%,16.01%,23.54%,-225.20%,-293.09%,-177.98%,-114.00%,-114.44%,,-496.41%,-73.16%,-786458,,1,,,0.50010,212199,32.91,28.15,33.97,-0.28
ARTV,185686000,-4.10%,171332000,14354000,386.50%,,-65.83%,,353.39%,-1195.80%,-33.13%,,-43.50%,,2820,-33.47%,,-734528,0.00,2,,-0.40,1.84000,163452,31.99,29.27,0.00,-5.81
MSW,1257540,14.95%,-6828102,8085642,,,,,-15.17%,336.90%,70.18%,,23.10%,,861647,31.60%,,72706,2.73,4,,5.62,3.45000,3192,34.27,43.01,0.00,0.17
OSS,10011158,-5.18%,7176487,2834671,-5.40%,-8.71%,-33.06%,4.37%,16.66%,-41.10%,-44.66%,-12.81%,-30.90%,,497221,-44.51%,,-123948,1.24,2,2.69,2.93,2.09000,43461,36.65,38.64,42.85,-0.65
IMRX,36144720,-1.84%,31981863,4162857,-60.61%,-8.11%,-6.72%,,69.08%,-100.00%,-135.00%,-38.02%,-85.30%,-25.64%,,-140.66%,-53.34%,-924797,,1,,,1.24000,152554,28.83,36.60,39.83,-2.04
QNCX,40784000,-4.13%,26069000,14715000,-57.48%,227.22%,7.02%,,58.08%,-115.80%,-52.93%,-65.12%,-42.50%,-61.12%,,-118.81%,-42.46%,-1578556,,1,,,1.01000,188647,24.65,34.41,39.72,-1.31
CUE,22611000,-6.69%,13735000,8876000,-59.57%,-4.07%,-39.60%,8.90%,31.74%,-172.10%,-215.53%,-86.18%,-93.90%,-99.76%,226512,-157.35%,-65.48%,-992049,0.21,3,,-16.47,0.71880,69154,33.83,38.62,35.64,-0.72
FATBB,79372000,3.33%,-1348599000,1427971000,,144.07%,23.17%,132.95%,-3056.38%,,0.21%,-2.47%,-7.30%,91.50%,73865,,-7.52%,-13504,0.40,2,46.70,-0.03,2.41480,2381,39.86,38.14,39.17,-11.60
DTIL,108881000,-0.86%,78836000,30045000,-18.98%,48.83%,-3.91%,,165.30%,12.30%,7.37%,-85.93%,4.50%,-101.02%,636074,-30.27%,-29.82%,66361,0.43,3,,-3.17,4.23000,163550,37.90,34.95,32.30,1.04
CNTY,98769000,4.22%,-964293000,1063062000,,29.05%,4.17%,16.18%,-2174.95%,-235.00%,0.25%,42.99%,-9.90%,-55.96%,141608,,-3.10%,-31515,0.45,2,76.47,0.41,1.44500,77412,25.60,27.10,34.24,-4.19
CTOR,112,,-3799999,3800111,,,187.89%,,-8.56%,-69.60%,-36.54%,,-26.00%,,,-39.83%,,,,3,,,0.61910,128995,39.23,39.50,9.46,-0.19
FAT,48622000,1.87%,-1425977000,1474599000,,13.36%,6.71%,117.07%,-3481.53%,,-7.27%,-6.79%,-14.10%,105.56%,83109,-5.13%,-10.06%,-26623,0.44,2,49.90,-0.40,2.48000,56064,33.44,34.16,39.71,-11.60
TYGO,19902000,4.83%,-22219000,42121000,,64.80%,23.33%,,-46.37%,-178.10%,-91.79%,-21.73%,-65.40%,-29.34%,385814,-102.95%,-22.26%,-448186,0.56,1,1.39,-3.19,0.71200,23893,41.46,37.88,33.00,-1.04
DLHC,451000,8.20%,-177874000,178325000,,42.83%,-4.33%,17.43%,-367.97%,5.80%,9.11%,10.90%,2.00%,13.36%,138882,7.34%,5.04%,2272,1.21,7,,1.63,3.06000,44929,21.39,18.46,27.84,0.44
BYSI,2922000,-84.02%,2333000,589000,-92.78%,-49.01%,-88.13%,,5.21%,,-47.32%,664.18%,-37.60%,-87.88%,,,-64.68%,-278075,,1,,,1.09000,65265,28.32,30.72,41.62,-0.28
PRT,1279462,,1279462,,-20.60%,,,,2.81%,6.81%,7.10%,,6.79%,4824.93%,,0.00%,4767.20%,,0.08,2,,,3.61000,57007,30.38,40.45,39.30,0.42
GANX,10385863,-15.13%,9732848,653015,-38.27%,-25.95%,-36.44%,25.88%,21.23%,-222.60%,-242.00%,-118.19%,-135.50%,-129.04%,,-254.62%,-83.58%,-816448,,2,,,1.58000,189628,36.39,43.17,35.76,-0.89
DMYY,309399,18.72%,-1669989,1979388,,,74.71%,,-3.81%,,-1.66%,,-3.20%,,,,,,,0,,,11.20000,36800,57.12,69.22,78.11,-0.21
PDSB,41689591,-11.52%,19861864,21827727,-39.28%,254.40%,-8.49%,,43.75%,-137.90%,-128.47%,-64.84%,-66.20%,-90.16%,,-88.95%,-55.60%,-1567099,,2,,,0.96330,168414,35.14,30.12,36.40,-1.03
AIRG,8510000,278.91%,4611000,3899000,-27.29%,8.39%,153.35%,,10.64%,-28.10%,-25.30%,-22.31%,-19.60%,-22.34%,500818,-25.61%,-16.26%,-71802,1.37,4,11.27,-0.08,3.77000,27944,41.56,31.32,39.20,-0.79
LNZA,86862000,211.07%,-33314000,120176000,,,293.36%,,-76.95%,-180.10%,-76.44%,,-58.50%,,140157,-75.17%,,-312589,0.26,2,,-7.18,0.22000,680233,30.31,30.47,27.28,-0.65
MAIA,9601298,,9601298,,34.27%,,,,21.63%,-3509.90%,-367.65%,-944.62%,-231.80%,,,-466.54%,,-1788820,,2,,,1.47000,2611,39.43,33.89,37.06,-1.05
PRE,42832258,174.38%,36344536,6487722,-54.33%,,23.40%,,90.42%,-25.40%,-26.52%,-34.81%,-20.30%,-57.32%,78893,-25.35%,-48.64%,-151264,0.11,1,1.86,1.01,3.56000,4659,26.10,31.14,14.31,-3.99
PTHL,6159823,-34.34%,5911854,247969,,,13.58%,,12.10%,-20.40%,-10.33%,,-15.80%,,44820,-11.97%,,-66059,0.11,2,0.50,55.19,3.05000,41057,50.03,48.35,0.00,-0.05
STTK,72987000,-8.61%,70481000,2506000,-44.60%,,-26.42%,,160.25%,-72.60%,-91.82%,-49.21%,-63.10%,-45.32%,130023,-98.09%,-38.98%,-1713864,0.05,3,,-5.30,0.90630,196025,44.65,33.47,38.03,-1.49
BTOC,11191040,6.81%,-111921036,123112076,,687.56%,46.94%,,-255.76%,-15.30%,-5.15%,,-3.30%,,886763,-6.02%,,-26827,1.08,0,,1.33,1.04000,68274,33.25,27.60,0.00,-0.12
MESA,24727000,-8.41%,-344415000,369142000,,-21.58%,-36.31%,-15.97%,-741.04%,-59.80%,-11.08%,-3.08%,-12.40%,-14.26%,206478,-13.70%,-3.92%,-41009,0.63,4,13.30,0.03,1.04000,647959,55.48,48.60,42.28,-2.30
AIRT,19949000,-3.11%,-122053000,142002000,,6.89%,25.05%,7.18%,-297.31%,-15.40%,5.86%,0.19%,-0.40%,-18.82%,477905,,-0.52%,-1301,1.62,5,5.03,2.22,15.75000,3534,36.74,35.91,41.62,-0.28
RFIL,1273000,-2.13%,-26841000,28114000,,182.80%,-15.86%,88.19%,-64.50%,-16.00%,-3.46%,-0.35%,-7.70%,-1.26%,233772,-2.92%,0.58%,-18152,0.99,4,3.14,1.94,4.00000,29210,43.30,46.69,47.79,-0.52
YXT,56986634,-3.34%,14077364,42909269,34.63%,,4.32%,,98.21%,-17.20%,3.92%,,34.20%,,49746,-34.51%,,42420,0.40,4,,-5.30,0.71000,4672,30.12,18.87,0.00,-0.23
CAMP,65663000,-9.41%,56930000,8733000,,,,,131.95%,,-75.38%,,-77.70%,,11855,-73.86%,,-941655,0.01,4,,-3.38,2.10000,27730,28.19,31.73,0.00,-11.04
NDLS,1149000,0.80%,-288371000,289520000,,5.32%,-2.39%,0.03%,-675.56%,-487.70%,-10.73%,-3.22%,-10.60%,-116.66%,67571,-9.78%,-3.84%,-4961,1.44,3,35.95,0.35,0.92000,73700,36.12,40.63,35.46,-0.80
TZUP,4680840,,4680840,,1705.80%,,,,11.60%,-264.20%,-82.43%,,-235.10%,,82,-82.77%,,-444434,,3,,68.08,4.44000,137058,61.57,54.62,46.25,-0.50
YOTA,391602,,-433398,825000,,,230.00%,,-1.03%,-4.60%,0.67%,,0.20%,,,0.70%,,108284,,1,,,11.35000,301,31.42,51.18,61.39,0.04
BRFH,235000,150.60%,-597000,832000,,106.13%,,-22.40%,-1.36%,-182.50%,-395.01%,-128.40%,-74.50%,-116.32%,974273,-196.67%,-59.62%,-256818,2.83,2,5.19,-16.74,2.64000,1293,36.23,45.62,49.48,-0.19
DVLT,3330000,,-6239000,9569000,,,,,-14.92%,-288.90%,-51.95%,271.56%,-214.70%,-378.34%,58130,-22.18%,-168.36%,-1472304,0.09,2,1.06,-4.06,0.65010,236048,31.68,26.35,17.85,-16.14
FBIO,58815000,7.19%,-16520000,75335000,,4.07%,-11.98%,-8.13%,-39.67%,-263.60%,-44.16%,-106.05%,-38.40%,-162.48%,571040,-112.55%,-26.82%,-553366,0.40,1,1.69,-7.20,1.41000,133828,35.19,39.98,31.20,-2.69
BLIV,230959,,110216,120743,,,,,0.16%,-203.61%,,,,,63856,-186.66%,,-73166,,1,,,3.92000,1102778,0.00,0.00,0.00,-0.26
SKYE,68415741,138.54%,67960151,455590,1087.83%,-40.25%,-90.13%,3.31%,164.35%,-35.90%,-37.72%,-33.90%,-31.60%,829.08%,,-44.01%,-245.74%,-1660445,,2,,,1.34000,116561,32.84,30.15,42.39,-0.73
RAY,10447203,,10447203,,569.72%,,,,25.57%,16.20%,-12.95%,,11.20%,,1649658,9.14%,,175539,1.06,4,,11.07,2.35000,3672061,69.75,60.44,0.00,0.06
TOP,21661469,306.54%,21397923,263546,-15.99%,,30.61%,,52.56%,-7.80%,,31.93%,-6.00%,,248263,-7.60%,,-278729,0.05,2,,,1.11500,115742,38.40,27.13,0.00,-0.08
LITM,1806662,-33.21%,1784422,22240,-89.42%,,-84.54%,,4.36%,-28.50%,-25.16%,-27.68%,-24.30%,,,-22.71%,,-5000670,,2,,,0.44200,1615919,43.42,46.88,36.59,-0.25
AGEN,40437000,27.01%,-49731000,90168000,,15.65%,15.58%,30.98%,-113.91%,,-2250.23%,-137.05%,-89.70%,366.68%,327415,,-61.60%,-719706,0.41,2,,-15.53,1.62000,244102,37.44,30.58,30.46,-10.59
OPAD,73626000,-5.42%,-163613000,237239000,,-38.63%,-7.77%,-7.07%,-406.50%,-89.40%,-69.97%,-19.14%,-17.40%,-42.68%,4594095,-16.16%,-13.48%,-310795,2.57,4,3.45,0.68,1.49000,65636,37.69,31.75,25.16,-2.27
ALAR,15081000,-2.27%,13491000,1590000,51.81%,41.43%,-19.90%,-26.99%,307.03%,26.00%,25.22%,-40.93%,18.40%,-42.06%,468000,19.86%,-28.68%,85000,1.01,6,,-1.65,6.32000,53219,44.13,34.99,31.11,0.80
VRCA,46329000,-2.49%,390000,45939000,-98.38%,1.91%,0.94%,200.33%,0.94%,,-267.36%,-86.52%,-149.10%,30.84%,106563,-182.71%,-73.34%,-1078577,0.15,4,1.57,-11.01,0.44260,228784,41.28,28.75,34.36,-1.48
RFL,64908000,0.04%,62519000,2389000,-13.10%,-45.52%,40.53%,,114.76%,-64.90%,-69.20%,-43.20%,-54.70%,-37.54%,22774,-149.88%,-32.74%,-1627935,0.01,3,,-1.74,1.63000,34420,35.55,41.24,37.81,-2.11
IMMX,17681954,-1.31%,16607184,1074770,-5.15%,178.05%,,,40.48%,-104.70%,-151.27%,-50.93%,-77.70%,-118.92%,,-158.28%,-125.14%,-1029208,,1,,,1.46300,29079,44.02,41.88,41.67,-0.76
DECA,579350,,579350,,,,,,1.43%,,-1.79%,,-1.70%,,,-1.80%,,-1501529,,0,,,12.15000,63,59.69,65.56,59.38,-0.40
HFBL,19540000,-30.52%,15271000,4269000,,6.28%,-72.27%,9.75%,36.65%,6.20%,,8.16%,0.50%,9.14%,243383,5.72%,0.82%,41123,0.03,4,,,13.30000,3936,57.24,56.73,46.92,1.10
CNVS,6083000,-48.05%,1705000,4378000,,549.21%,-25.82%,-38.98%,4.23%,-37.60%,-23.25%,-24.20%,-18.40%,-196.62%,404855,-19.61%,-24.10%,-68855,1.08,5,,-7.52,2.52000,41607,33.54,40.92,41.82,-1.14
KOSS,9700008,,9700008,,-33.54%,,,,24.63%,-2.40%,-2.30%,-16.50%,-2.00%,5.70%,409665,-5.51%,4.56%,-24985,0.33,3,1.58,5.06,4.29000,25037,36.17,32.87,44.00,-0.08
KORE,18909000,-0.13%,-288944000,307853000,,-6.97%,-28.08%,,-755.04%,,-25.83%,-11.31%,-29.00%,,475382,-44.39%,,-257200,0.54,3,14.84,-1.63,2.36000,7309,41.00,48.08,32.40,-8.02
QETA,,,,,,,,,,,,,,,,,,,,1,,,10.71000,3343,48.79,67.16,89.11,0.23
HOUR,2119581,-18.37%,-1995806,4115387,,,-19.96%,,-4.87%,11.20%,23.43%,45.86%,2.90%,50.16%,915582,5.40%,14.12%,4354,6.19,5,4.58,8.98,1.14000,77131,33.97,38.14,41.18,0.02
RGS,10198000,12.42%,-172305000,182503000,,-15.71%,-29.42%,-5.69%,-442.08%,265.60%,28.26%,-11.78%,18.10%,-323.28%,695767,6.47%,-3.26%,347858,0.36,7,,0.97,16.45000,12673,41.52,39.59,42.04,39.75
SRFM,21675000,123.46%,-64984000,86659000,,142.62%,94.75%,,-150.92%,,-193.27%,,-68.70%,,169879,,,-106555,1.10,4,,-8.89,2.36000,64432,35.63,41.42,31.85,-5.80
COHN,19590000,26.98%,-727855000,747445000,,-38.58%,67.54%,-37.10%,-5060.63%,-1.10%,,-0.24%,-0.10%,-6.60%,704407,-1.02%,-0.58%,-4301,0.09,4,,,7.00000,116,27.32,30.89,43.74,-0.08
CMTL,26666000,3.59%,-224527000,251193000,,13.25%,20.01%,5.29%,-520.47%,-112.90%,-66.91%,-6.01%,-32.30%,-13.12%,296325,-58.75%,-5.70%,-166984,0.57,1,4.57,-0.65,1.36000,146584,37.53,33.13,33.67,-9.58
OKUR,110761000,63.16%,109676000,1085000,275.58%,,60.98%,,259.14%,-62.70%,-50.18%,-9.81%,-59.20%,-29.10%,,-51.84%,-41.96%,-1145065,,2,,,2.96000,68311,16.65,13.29,0.00,-15.28
ECOR,12219000,2.35%,8083000,4136000,-18.80%,75.82%,560.70%,15.43%,19.34%,-144.20%,-105.83%,-124.19%,-61.10%,-119.08%,344959,-104.13%,-72.42%,-162822,1.30,4,1.70,-10.45,5.52000,51922,25.20,29.64,40.83,-1.59
OTLK,5702576,4.34%,-25327182,31029758,,11.45%,-15.09%,23.09%,-64.70%,,140.00%,-326.29%,-123.20%,-826.38%,,,-178.34%,-2035255,,0,,,1.24000,249962,40.55,28.81,34.16,-7.42
CTMX,101650000,-11.44%,92265000,9385000,-42.85%,-19.60%,-32.84%,-17.71%,232.89%,-146.80%,92.32%,-162.89%,21.10%,-217.04%,1141347,277.98%,-12.74%,263380,0.92,4,,-5.60,0.49460,744747,37.48,30.42,33.41,0.38
OMCC,27132000,608.21%,23336000,3796000,198.53%,-60.74%,,-49.60%,58.54%,-7.40%,-5.13%,-8.66%,-5.30%,-10.36%,1469286,-9.52%,-8.68%,-580571,0.13,1,,4.16,5.95000,347,40.51,43.64,43.73,-0.36
ANGH,26893710,81.34%,26583806,309904,1091.42%,-63.27%,70.14%,,151.66%,-80.30%,-31.62%,364.99%,-38.50%,150.68%,358041,-32.92%,-120.78%,-215929,0.64,2,,-1.75,0.59000,4205,37.52,33.71,21.61,-0.71
ANEB,14998467,,14998467,,125.73%,,,,37.44%,-119.50%,-49.65%,,-108.10%,,,-53.50%,,-2555759,,2,,,0.96000,40675,33.75,38.75,32.07,-0.28
MDCX,4164323,-7.65%,3842055,322268,123.46%,,,,8.48%,-357.90%,-334.69%,,-211.10%,,,-323.43%,,,,0,,,3.35000,30323,48.38,58.62,0.00,-1.16
OPTX,476784,18.52%,-10819961,11296745,,,,,-26.33%,3.90%,-0.05%,,1.70%,,190043,-3.09%,,2894,1.15,3,2.85,3.33,1.07000,94434,35.94,39.33,24.95,0.01
MIND,3505000,-11.89%,1979000,1526000,-51.16%,2.33%,0.59%,-9.07%,4.88%,66.90%,79.75%,-24.82%,45.10%,-45.22%,311703,21.48%,-33.58%,110759,1.27,5,1.61,1.81,4.91000,162598,29.94,40.44,44.12,3.11
AP,15427000,-1.44%,-117745000,133172000,,27.02%,-0.19%,12.13%,-300.49%,0.70%,3.64%,-2.61%,0.10%,-5.92%,256001,0.89%,-1.18%,268,0.76,6,2.79,0.99,1.94000,90875,42.37,46.25,43.47,0.02
ADVB,2646992,-0.10%,2520378,126614,5.59%,,-46.21%,,5.90%,,,,,,,,,-56914,,2,,,1.80000,5906,21.67,0.00,0.00,-0.11
RDIB,8350000,-5.79%,-386158000,394508000,,-6.03%,-9.16%,-1.65%,-1023.00%,-182.20%,-9.03%,-8.11%,-6.63%,-44.92%,109624,-2.83%,-4.07%,-16193,0.41,3,110.21,-0.26,7.34000,10457,51.19,49.00,35.89,-1.58
AGAE,92160874,22.04%,48910677,43250197,-28.73%,,506.20%,25.72%,120.21%,-13.40%,-12.19%,-28.50%,-8.70%,-19.22%,126795,-9.43%,-5.56%,-145423,0.08,1,,-0.42,0.88000,3782,31.26,43.61,44.05,-0.27
FBRX,58365000,,58365000,,57.21%,,,,157.79%,-132.00%,-67.60%,-65.54%,-103.10%,-96.34%,,-69.74%,-80.56%,-3942000,,1,,,5.89000,19426,37.74,38.61,34.09,-12.17
DXR,55863989,8.33%,18674153,37189836,-29.64%,39.87%,35.77%,21.32%,48.56%,-17.40%,-33.35%,-6.52%,-7.90%,11.10%,39090,-7.88%,7.04%,-194206,0.02,3,1.96,0.87,7.80000,1864,46.31,44.49,42.99,-1.70
CIIT,,,,,,,,,,,,,,,,,,,,2,,,2.60000,314567,30.38,34.12,49.87,-0.01
SPRU,109148000,16.31%,-601923000,711071000,,1610.84%,13.65%,124.80%,-1541.46%,-39.90%,-3.61%,-7.13%,-8.20%,-59.94%,578218,-5.90%,-10.60%,-496401,0.10,1,,-0.40,2.12000,56038,44.02,38.19,34.63,-3.82
ABLV,9054254,141.50%,-2176596,11230850,,,,,-4.80%,-37.70%,-9.98%,,-4.30%,,1327420,-17.71%,,-23853,2.37,3,,3.56,0.92000,31670,48.45,47.38,31.32,-5.35
RPTX,152791000,-24.58%,150858000,1933000,-31.50%,-35.82%,-43.31%,12.68%,386.65%,-44.50%,-55.05%,-35.48%,-38.40%,-32.48%,414550,-61.10%,-25.70%,-656504,0.24,4,,-2.65,0.90000,177889,30.82,27.32,31.78,-2.00
PEPG,121739000,-1.99%,103078000,18661000,12.22%,,-7.18%,,279.02%,-61.00%,-67.52%,-11.32%,-49.90%,,,-71.20%,,-1110877,,2,,,1.17000,161217,38.69,32.73,36.29,-2.85
ITRM,24159000,102.95%,-21375000,45534000,,19.74%,140.21%,27.67%,-55.19%,,-81.56%,-23.64%,-105.10%,-114.58%,,-45.10%,-99.50%,-2752667,,0,,,1.10000,327584,30.38,41.00,37.07,-1.26
OPXS,2491000,-33.28%,224000,2267000,,-14.67%,-18.48%,-1.04%,0.57%,23.00%,24.27%,9.81%,16.90%,13.40%,275188,19.19%,9.22%,32664,1.42,6,1.85,7.40,5.53000,17207,49.01,38.92,49.56,0.61
RANI,27639000,-11.93%,-2070000,29709000,,,-1.30%,,-2.86%,-782.50%,-149.23%,-102.07%,-67.70%,-194.14%,7343,-168.18%,-36.08%,-214414,0.02,1,,-4.52,1.13000,113959,39.31,35.22,40.38,-1.05
NRT,2548656,,2548656,,-75.12%,,,,6.56%,611.64%,617.10%,3654.81%,170.52%,3451.27%,2585836,591.13%,833.05%,2172960,2.19,6,,21.12,4.12000,19446,37.52,39.92,36.96,0.56
KPLT,16552000,17.29%,-96700000,113252000,,3.58%,30.53%,12.55%,-278.61%,,15.20%,-7.47%,-26.00%,248.94%,2629723,-12.19%,-13.68%,-275691,2.48,2,,-0.30,8.48000,35989,37.42,43.60,33.50,-5.96
DUOT,6266296,30.64%,-2266825,8533121,,17.87%,68.98%,40.62%,-4.42%,-327.50%,-55.53%,-117.39%,-47.30%,-227.08%,102548,-101.75%,-69.42%,-151612,0.32,1,5.85,-3.09,4.47000,65109,32.86,43.56,48.34,-1.39
UG,9398280,,9398280,,3.34%,,,,24.38%,27.90%,34.57%,30.51%,24.10%,30.16%,487279,24.28%,25.84%,130035,0.90,5,4.28,16.04,8.15500,6386,33.34,32.37,43.67,0.71
UCL,38760000,77.46%,28863000,9897000,23.77%,46.05%,29.12%,8.25%,790.69%,22.60%,21.15%,27.82%,7.70%,-88.84%,78300,41.68%,-29.74%,11282,0.53,5,,-3.75,0.99200,18349,35.07,39.23,39.67,0.10
VHC,38082000,,38082000,,-28.88%,,,,99.83%,-39.10%,-42.84%,-13.54%,-32.10%,-2.56%,,-51.49%,-3.00%,-790217,,1,,,8.79000,9334,56.96,58.12,41.94,-5.05
TELA,52935000,0.38%,11811000,41124000,82.30%,9.30%,1.50%,6.34%,28.99%,-383.80%,-46.07%,-58.96%,-55.70%,-227.26%,331579,-59.92%,-53.08%,-181057,1.02,2,1.76,-4.96,0.94000,120108,24.35,17.70,26.90,-1.33
NVNO,43153000,-7.32%,42089000,1064000,-6.49%,-19.05%,-24.11%,4.43%,104.35%,-51.20%,-50.91%,-62.85%,-48.20%,-105.66%,,-55.12%,-71.74%,-589703,,1,,,2.12000,67346,28.87,31.93,35.28,-1.27
FARM,5734000,5.50%,-54946000,60680000,,-19.79%,14.38%,-7.56%,-147.88%,-23.50%,-2.58%,-12.62%,-5.60%,-40.34%,343810,-6.29%,-10.90%,-10036,1.90,4,3.73,1.91,1.74000,136719,31.46,41.70,39.67,-0.48
UBXG,4834350,69.17%,4117815,716535,171.14%,,,,10.15%,-10.00%,-4.27%,-2.99%,-6.90%,,3035300,-5.98%,,-44032,4.77,1,,12.17,3.79000,2743,56.34,44.29,0.00,-0.48
ZBAO,5625173,0.50%,1484980,4140193,,,2.28%,,3.89%,27.80%,-2.38%,,7.90%,,154261,7.57%,,11130,1.09,3,,1.79,1.17500,64405,47.13,32.54,0.00,0.06
DGXX,6229312,-60.03%,6024951,204361,,,-85.88%,,17.11%,-24.70%,-28.02%,-29.14%,-17.50%,-38.80%,2466818,-55.12%,-22.82%,-453181,0.95,0,,0.66,0.98000,222225,36.49,0.00,0.00,-0.22
ACET,179206000,-5.30%,161972000,17234000,16.71%,-6.29%,-17.64%,,428.64%,-52.50%,-58.32%,-42.82%,-45.60%,-41.12%,,-62.60%,-35.14%,-770539,,2,,,0.44710,1612248,20.04,26.67,33.96,-1.33
AIFF,1810000,,1116000,694000,-47.92%,-0.25%,,35.93%,3.02%,-762.30%,2770.40%,-1217.35%,-246.30%,-205.32%,,-3151.72%,-79.54%,,0.03,1,,-30.09,3.18000,259603,41.38,45.77,38.35,-1.60
AREC,161803058,10.15%,-68083590,229886648,,118.26%,301.98%,53.77%,-184.78%,,-16.66%,-2012.70%,-18.30%,5336.38%,17390,-13.25%,-47.36%,-1429814,0.00,1,4.79,-2.06,0.47740,387714,47.54,38.57,38.04,-0.44
ICMB,12104547,10.06%,-109937150,122041697,,-11.73%,-8.84%,-6.56%,-290.03%,8.30%,,7.57%,3.20%,-4.18%,11680083,7.33%,-1.66%,3250842,0.12,4,,,2.56000,51474,18.15,27.48,34.27,0.46
ZEPP,111732000,-8.73%,-69048000,180780000,,0.83%,-5.79%,75.06%,-780.64%,-24.70%,-16.95%,2.51%,-13.30%,4.16%,217948,-10.93%,2.20%,-90271,0.32,2,1.59,0.22,2.46000,23512,39.62,41.54,35.31,-4.60
APLT,98867000,816.74%,96896000,1971000,162.43%,11.06%,268.41%,,263.61%,-583.40%,-2464.93%,-339.59%,-170.10%,95.28%,,-1173.65%,-137.88%,-7492400,0.00,3,,-13.64,0.31690,1275118,27.55,31.43,38.39,-1.61
XFOR,102060000,-0.15%,23974000,78086000,-57.14%,25.20%,33.98%,27.79%,59.50%,-84.50%,-24.98%,-69.60%,-23.10%,-124.78%,17881,-36.32%,-59.06%,-261888,0.02,0,,-4.70,0.21160,1235176,31.98,35.44,34.45,-0.19
RMTI,21602000,-11.09%,8998000,12604000,,-24.16%,5.84%,25.57%,24.35%,-1.80%,1.72%,-43.85%,-0.90%,-110.24%,415939,,-30.88%,-1967,1.85,6,14.00,-6.35,1.07000,323743,35.05,32.12,38.26,-0.03
SCWO,10651644,,9998948,652696,-4.27%,,,16.34%,24.70%,-104.60%,-77.44%,-53.11%,-88.80%,-51.70%,16498,-79.39%,-36.36%,-460523,0.03,1,0.68,3.10,0.25200,199212,37.48,26.44,35.77,-0.09
ANTX,83618000,,83618000,,-22.07%,,,,225.86%,-54.20%,-62.70%,-11.39%,-48.90%,,,-69.38%,,-2332773,,2,,,1.21000,64797,38.70,40.89,36.53,-1.72
WWR,4272000,-11.99%,4037000,235000,-61.53%,,-34.17%,-13.27%,10.70%,-9.40%,-9.40%,-12.04%,-8.70%,-24.82%,,-8.57%,-19.96%,-602714,,1,,,0.51030,992,36.02,40.80,36.71,-0.22
TURN,15433919,,15433919,,19.43%,,,,41.71%,-21.00%,,-6.39%,-19.50%,-14.70%,224024,-5.02%,-13.94%,-2045795,0.02,3,,,3.64000,45104,40.54,46.26,38.56,-1.59
OKYO,987199,,985391,1808,39.76%,,,,2.67%,,143.30%,-1347.28%,-410.60%,,,,,-3562623,,1,,,1.07000,11540,39.04,44.28,45.16,-0.38
YTRA,8589740,-51.29%,4567860,4021880,47.30%,-26.21%,-76.69%,-37.18%,11.89%,-1.20%,-0.02%,-20.98%,-0.50%,-41.84%,62565,-1.58%,-8.52%,-596,0.54,3,58882.73,-0.78,0.62060,145021,28.51,20.70,31.00,-0.01
TPIC,206157000,0.30%,-536097000,742254000,,47.03%,18.89%,22.24%,-1471.37%,,-62.12%,-16.57%,-33.10%,8.34%,113772,-29.46%,-16.94%,-20573,1.83,4,206.77,-0.33,0.76100,147067,41.27,31.81,33.11,-5.07
ATNM,72904000,-8.07%,71331000,1573000,-4.34%,71.84%,-25.56%,1.95%,181.47%,-96.40%,-55.63%,-75.37%,-45.40%,-66.66%,,-122.69%,-41.68%,-1033595,,1,,,1.16000,9367,40.19,37.95,33.42,-1.27
DYAI,9263327,-5.65%,4197110,5066217,-41.10%,,3599.89%,,11.48%,-171.30%,-71.92%,-84.00%,-52.80%,-82.82%,582565,-78.00%,-51.90%,-968193,0.32,4,,-9.74,1.20000,4276,38.85,41.54,42.67,-0.20
USIO,9975696,-0.40%,6109556,3866140,8.28%,7.56%,14.42%,7.96%,16.82%,19.10%,3.29%,-16.84%,3.10%,-9.52%,747134,-31.12%,-1.56%,29779,0.77,4,153.20,0.27,1.36000,71533,41.45,41.71,42.05,0.12
DWSN,1385000,18.86%,-4393000,5778000,,3.49%,-7.31%,-12.55%,-11.82%,-19.00%,-18.88%,-30.67%,-10.30%,-29.28%,263893,-19.73%,-21.08%,-14658,1.86,3,,-2.44,1.16010,2296,39.98,37.59,40.13,-0.13
TACT,14394000,14.03%,10208000,4186000,21.21%,17.66%,7.36%,6.54%,28.13%,-27.00%,-10.42%,-12.97%,-20.00%,-13.26%,401704,-10.41%,-9.58%,-91324,0.88,2,1.29,3.20,3.55000,1115,44.03,39.32,39.47,-0.99
JRSH,13219109,28.26%,7581138,5637971,-60.39%,53.68%,1082.41%,42.36%,20.22%,-6.00%,-2.46%,6.54%,-4.80%,6.40%,24667,-2.75%,5.22%,-676,1.74,1,6.82,4.23,2.90000,13871,23.65,30.37,38.45,-0.31
AGFY,31170000,22.86%,20129000,11041000,,61.54%,-49.34%,,57.29%,-468.10%,-141.40%,-267.77%,-96.50%,-23.92%,880000,-31.86%,-90.26%,-3795091,0.22,3,2.75,-9.29,18.24000,1864,48.47,47.93,37.10,-40.92
DIST,827272,,827272,,,,,,2.33%,,,,,,,,,,,1,,,11.11010,99,78.14,58.33,76.92,0.01
MASK,51809,,51809,,,,,,0.15%,78.70%,58.39%,,52.80%,,207362,55.87%,,70379,1.55,5,,23.14,3.16000,46212,45.24,0.00,0.00,0.15
USEG,7854000,-7.28%,7243000,611000,,66.24%,-89.45%,25.03%,19.47%,-77.00%,-67.62%,-47.63%,-40.00%,-46.34%,981857,-105.35%,-27.74%,-1227810,0.32,3,,-6.04,1.05000,161821,33.10,38.33,41.55,-0.96
HKIT,33231242,-2.47%,30685627,2545615,309.54%,,,,120.15%,2.00%,3.27%,10.88%,1.40%,14.26%,71858,-1.48%,10.84%,11403,0.09,3,6.89,2.42,1.21000,905,42.25,42.13,36.54,0.04
PRLD,137658000,-0.61%,119633000,18025000,-45.64%,117.99%,6.73%,133.80%,326.57%,-74.70%,-84.85%,-56.02%,-60.30%,-56.62%,,-98.15%,-46.76%,-970786,,1,,,0.64180,147032,41.89,31.23,36.60,-1.68
CNTB,93708000,-45.23%,93530000,178000,-38.46%,,-58.70%,,257.99%,-16.10%,-16.60%,-36.86%,-13.70%,-61.62%,321395,-24.31%,-60.92%,-192938,0.23,0,,-1.58,0.63880,82193,40.48,31.50,34.37,-0.28
LGL,41602000,,41602000,,2.13%,,,,117.34%,1.10%,1.44%,-3.43%,1.00%,5.34%,429200,1.26%,4.72%,43200,0.10,5,4.45,12.26,6.60000,6,46.87,49.14,49.85,0.08
HIT,7849248,-7.02%,7642556,206692,,,,,2.37%,7.00%,10.15%,,4.90%,,243636,5.58%,,8381,1.43,6,,77.04,0.64540,277570,21.89,25.77,0.00,0.01
LASE,2121760,-32.57%,1869202,252558,-75.79%,-38.52%,-57.07%,,5.07%,-91.90%,-40.31%,-5.68%,-83.60%,,46035,-40.59%,,-188196,0.21,1,0.43,22.06,2.55000,78087,39.27,39.69,47.96,-0.35
SPAI,1970719,-7.09%,1726012,244707,3099.99%,,-62.32%,,5.15%,-314.50%,-175.59%,,-178.90%,,166860,-173.63%,,-571420,0.52,4,3.60,10.82,2.32000,36922,43.94,40.69,0.00,-0.70
PLUT,10176225,-59.39%,10117468,58757,-10.26%,,-61.09%,,27.52%,-15.50%,7.18%,,-9.60%,,250633,-22.98%,,-152561,0.16,0,,5.25,2.47000,3638,35.86,0.00,0.00,-0.11
BIRD,66732000,-9.41%,13057000,53675000,-63.81%,,-42.87%,,32.57%,-70.00%,-63.28%,-7.00%,-40.50%,-7.40%,350105,-62.79%,-25.78%,-172173,0.82,3,2.13,-3.36,4.39500,49883,36.62,33.37,16.02,-11.87
LITB,19745000,88.02%,10233000,9512000,-84.19%,-6.53%,36.65%,-4.97%,58.27%,,30.89%,138.53%,-3.30%,36.86%,382739,,-4.66%,-3732,3.35,1,21.64,-2.48,1.91000,29235,67.98,52.77,37.73,-0.12
IPSC,192064000,-3.69%,143104000,48960000,11.75%,25.96%,4.93%,,404.56%,-66.90%,-55.84%,-25.26%,-33.60%,-28.48%,43927,-65.68%,-33.84%,-843773,0.02,3,,-3.92,0.40780,261472,28.36,27.09,23.46,-1.61
SYPR,9675000,-4.34%,-7543000,17218000,,-1.62%,8.81%,-0.03%,-21.01%,-8.70%,4.28%,-101.28%,-1.40%,0.30%,196606,-513.95%,0.24%,-2356,1.13,5,1.67,0.23,1.52000,22015,37.11,42.33,44.94,-0.08
DSWL,65757000,,65757000,,68.59%,,,,187.61%,10.90%,10.64%,2.67%,8.90%,5.66%,72545,2.74%,4.58%,11224,0.58,6,3.29,2.97,2.19000,10377,36.30,32.15,38.05,0.65
NOVA,211192000,2.75%,-8249215000,8460407000,,37.35%,12.59%,42.42%,-23646.63%,-21.20%,-0.18%,-1.73%,-2.90%,-22.04%,467663,-2.33%,-4.08%,-204840,0.07,1,,0.04,0.27890,4813532,27.68,28.77,33.74,-2.96
NINE,27880000,0.75%,-330911000,358791000,,-1.20%,-2.05%,-1.92%,-841.99%,,3.75%,-17.81%,-11.10%,-4.82%,514488,,-22.40%,-38145,1.50,4,8.68,-1.39,0.82250,700785,30.38,39.53,39.26,-1.11
NCEW,659320,-4.35%,-4409446,5068766,,,18.62%,,-12.21%,3.60%,7.32%,,1.30%,,1373056,2.33%,,5806,3.05,5,,5.49,1.62000,14761,54.93,38.03,0.00,0.01
BWEN,7721000,-21.62%,-23432000,31153000,,-0.42%,-12.04%,-0.88%,-67.73%,2.00%,5.08%,-1.23%,0.90%,-0.24%,348263,4.38%,-0.04%,2803,1.15,5,3.15,-1.97,1.56000,103871,49.71,40.02,41.33,0.05
ASRV,17746000,4.43%,-83941000,101687000,,11.76%,-12.00%,0.22%,-241.97%,3.40%,,1.72%,0.30%,3.60%,169773,1.72%,0.32%,11505,0.04,3,,,2.10000,45497,29.17,28.53,35.74,0.21
JFB,2696183,,2696183,,,,,,7.77%,1.80%,2.40%,,1.30%,,1649135,-0.53%,,8500,2.54,3,,12.05,3.75000,5634,49.07,0.00,0.00,0.02
PBBK,37777000,-6.16%,-4683000,42460000,,36.54%,-22.95%,10.28%,-12.24%,3.70%,,1.21%,0.40%,2.58%,345667,1.94%,0.30%,49222,0.03,4,,,14.59500,732,24.11,42.90,51.55,0.76
TORO,192399498,,192399498,,97.15%,,,,514.11%,25.00%,15.09%,,15.00%,,,21.35%,,,0.09,6,36.73,6.12,1.96000,28547,31.36,31.93,43.66,1.14
MODD,6986000,-9.42%,6072000,914000,688.57%,-49.75%,-28.43%,,16.23%,-198.00%,-168.83%,-232.00%,-162.30%,-132.02%,,-164.54%,-236.40%,-454450,,2,,,0.85000,91986,41.42,32.77,38.52,-0.53
MNDO,15753000,79.74%,14928000,825000,-6.48%,-17.59%,28.50%,-8.34%,43.37%,20.40%,18.10%,19.71%,15.10%,24.30%,157691,16.25%,16.88%,34044,0.70,5,,5.00,1.69000,24486,33.21,31.02,34.75,0.22
ARMP,14771000,-9.84%,-111744000,126515000,,49.33%,5.10%,113.34%,-333.87%,,-21.40%,-49.78%,-18.30%,1889.90%,86233,-54.06%,-42.82%,-315267,0.05,3,,-5.92,0.95000,1,15.62,23.32,34.40,-0.89
XLO,57073000,-3.24%,48931000,8142000,44.82%,-26.54%,-34.88%,,138.98%,-238.30%,-132.93%,-83.06%,-73.20%,-96.10%,99125,-235.36%,-77.22%,-910016,0.08,1,,-9.22,0.66150,85377,38.27,41.66,23.95,-1.09
BODI,24437000,-8.87%,1958000,22479000,-59.55%,46.63%,-31.51%,-14.92%,5.72%,-126.80%,-137.52%,-82.33%,-31.60%,-83.38%,1179707,-130.72%,-30.60%,-201808,1.85,5,6.37,-4.18,4.90000,15508,32.99,37.11,0.00,-10.51
MYND,75317000,-15.18%,-2505000,77822000,,64.78%,38.54%,,-80.42%,-130.20%,-13.56%,-18.64%,-29.00%,-40.76%,529467,-35.82%,-9.16%,-189543,0.81,4,2.88,-1.59,0.75100,20,32.66,35.24,32.91,-2.10
RAYA,1103939,36.19%,-1847854,2951793,,,-70.64%,,-5.61%,-1.40%,0.05%,,-0.80%,,78678,-4.06%,,-1086,0.59,1,2.88,2.50,1.22000,19519,47.86,52.90,47.91,-0.01
SCYX,59844000,2.34%,43574000,16270000,-27.16%,-28.02%,7.89%,1.80%,126.24%,-34.30%,-30.52%,-65.37%,-20.50%,-148.32%,133786,-52.02%,-30.02%,-760286,0.04,1,,-5.29,0.87620,110151,39.00,37.76,36.19,-0.44
AHT,212602000,-3.61%,-2820746000,3033348000,,-8.29%,-12.99%,-6.12%,-8400.24%,,,-0.08%,-2.50%,253.26%,14126012,,-6.14%,-994241,0.35,2,240.62,,5.78000,12626,22.44,36.32,29.08,-17.54
SJ,35593391,-34.67%,34802521,790870,12.51%,-20.34%,-57.62%,144.37%,98.79%,4.00%,20.36%,31.38%,3.30%,91.88%,743981,3.25%,52.50%,24084,1.02,4,,2.91,0.81000,61318,40.09,42.06,36.64,0.16
RNTX,12865000,,12865000,,-25.59%,,,,40.34%,-73.60%,-114.15%,-101.63%,-67.10%,-87.62%,,-119.71%,-68.62%,-4192200,,1,,,1.56000,38307,32.91,36.13,38.88,-3.51
CELU,10296000,2.53%,-58765000,69061000,,30.51%,13.07%,,-158.90%,-119.50%,-56.82%,-68.92%,-25.40%,49.58%,401667,-18.26%,-49.56%,-292100,0.35,3,0.89,-10.40,1.50000,17026,47.17,43.25,31.04,-1.18
APWC,34035000,,2992000,31043000,,-18.85%,92.63%,-11.56%,9.87%,2.20%,3.71%,0.56%,1.00%,1.04%,390638,2.91%,0.42%,2881,1.34,7,3.92,2.45,1.63000,11477,43.41,45.87,46.55,0.17
IPWR,15842850,-3.80%,15356834,486016,85.65%,14.19%,139.43%,12.88%,47.84%,-51.30%,-54.07%,-64.61%,-46.40%,-81.04%,5377,-60.36%,-65.16%,-651113,0.00,2,1.05,1.40,4.03000,46332,33.54,27.87,36.36,-1.28
KPTI,109050000,0.14%,-85474000,194524000,,2.51%,9.89%,9.30%,-254.54%,,-53.97%,-400.20%,-39.60%,72.70%,520563,-1404.06%,-49.34%,-273914,0.75,2,1.54,-12.68,3.99000,48380,33.62,23.84,32.10,-13.95
FTCI,11247000,1018.57%,1370000,9877000,-94.32%,94.61%,778.74%,4.75%,3.94%,-130.60%,-117.63%,-135.02%,-49.00%,561.38%,234431,-182.72%,-45.86%,-240624,0.48,1,8.53,-6.00,2.60000,104420,47.26,41.47,33.02,-3.83
MGLD,14970000,-1.66%,9702000,5268000,-43.91%,21.95%,204.33%,21.76%,29.14%,-22.00%,-28.89%,2.48%,-16.90%,5.76%,276371,-28.72%,4.50%,-49302,0.95,1,3.84,3.30,0.79000,4003,36.53,35.81,40.26,-0.14
APYX,31741000,-0.21%,-7023000,38764000,,402.78%,0.68%,102.69%,-20.65%,-155.80%,-31.97%,-37.10%,-35.90%,-62.00%,218645,-35.57%,-28.52%,-106650,0.74,1,2.14,-0.57,0.88000,79489,33.26,36.45,36.71,-0.66
ZCMD,12221058,-9.13%,11486711,734347,-8.78%,,-60.32%,,334.60%,-31.10%,-32.43%,-9.39%,-23.90%,-1.38%,122578,-39.73%,-0.14%,-45946,0.64,4,,0.68,1.31000,1507,51.31,44.78,26.77,-2.52
REFR,1994186,1078.67%,698026,1296160,-68.39%,26.11%,384.14%,5.84%,2.09%,-45.60%,-34.78%,-44.81%,-37.60%,-48.26%,222589,-36.97%,-41.44%,-218564,0.38,3,,-29.55,0.98000,18293,22.24,23.25,36.45,-0.04
ESLA,916916,,916916,,-89.86%,,,,2.73%,-259.10%,-6154.51%,,-177.30%,,,-6154.51%,,,,1,,,0.91000,100275,45.48,42.61,26.12,-0.26
LTRN,24013063,-16.34%,23769406,243657,-42.12%,5.94%,3.92%,,74.71%,-72.60%,-97.84%,-44.04%,-63.40%,-36.52%,,-103.66%,-33.50%,-989582,,1,,,3.04000,29076,36.35,39.17,42.42,-1.93
WKEY,26457000,75.50%,9304000,17153000,-37.15%,,109.57%,,24.48%,-58.90%,-46.86%,-44.99%,-36.30%,-62.64%,205735,-39.88%,-28.60%,-175118,0.43,2,3.80,-7.41,3.35000,51184,37.27,42.64,42.74,0.74
MRSN,134620000,-9.23%,106022000,28598000,-39.57%,-9.18%,-14.97%,29.79%,303.28%,-990.20%,-78.95%,-187.85%,-40.00%,-319.18%,397029,-384.18%,-56.56%,-678353,0.23,3,,-9.11,0.26140,3711641,26.28,30.51,36.96,-0.56
STAI,,,,,,,,,,,,,,,,,,,,1,,,1.74000,189498,43.28,46.54,0.00,-2.88
GLE,1083006,,1083006,,,,,,3.53%,20.20%,-2.67%,,9.70%,,1582921,18.07%,,83597,1.84,3,,10.59,1.78000,2921,50.99,40.75,0.00,0.02
BGSF,2445000,-4.86%,-49219000,51664000,,7.03%,-25.06%,10.32%,-148.61%,-4.00%,0.98%,1.90%,-2.10%,6.52%,55612,-0.18%,3.94%,-681,1.71,4,,2.40,2.94000,34683,28.97,21.17,25.44,-0.31
IRD,30323000,,30323000,,-39.97%,,,,84.56%,-180.20%,-225.02%,-171.42%,-132.30%,-311.44%,610667,-923.17%,-109.58%,-3196222,0.25,1,,-7.40,0.71380,544840,29.22,34.75,31.61,-2.15
SDST,1415412,2618.51%,-9018140,10433552,,,97.41%,,-30.80%,,148.39%,,-422.40%,,,,,,,1,,,0.55780,254534,38.00,33.28,0.00,-0.55
SPRO,52889000,-7.03%,48592000,4297000,-31.36%,-16.33%,-22.48%,-4.97%,153.04%,-95.10%,-111.55%,-65.60%,-48.70%,-62.88%,1499281,-145.50%,-39.92%,-2142687,0.34,1,,-6.51,0.57750,122552,31.06,24.87,30.24,-1.27
HHS,9934000,-2.52%,-14662000,24596000,,-7.19%,-13.72%,-8.99%,-42.86%,-145.50%,-56.64%,-69.79%,-28.00%,-123.80%,92482,,2.18%,-15126,1.71,3,,12.28,4.38000,6200,42.97,23.95,35.01,-4.15
RBOT,50033000,-1.96%,36248000,13785000,-56.99%,117.60%,-7.06%,144.43%,107.04%,-97.10%,-105.28%,-73.31%,-72.90%,697.60%,,-110.04%,-47.92%,-514008,,1,,,5.43000,12875,32.88,37.10,28.76,-10.74
PXLW,23647000,-29.78%,22197000,1450000,-50.65%,-20.20%,-43.51%,-19.21%,67.26%,,-50.68%,2.63%,-37.20%,206.74%,220439,,-28.12%,-146526,0.56,2,5.12,-10.52,0.52690,97912,33.93,35.39,37.65,-0.49
ATHE,2805889,-41.46%,2767101,38788,-82.34%,,,-5.62%,9.38%,-155.80%,-320.89%,-97.91%,-120.90%,-77.16%,231335,-258.21%,-63.48%,-1229169,0.23,3,,-23.92,2.85630,19999,39.05,49.22,47.31,-1.23
BCG,8486000,1.43%,-20337000,28823000,,,-22.89%,,-64.13%,-30.80%,,,-8.00%,,1299254,,,-40708,2.54,4,,,1.92000,22646,41.89,40.69,0.00,-0.32
YYGH,1078169,5.59%,-2580020,3658189,,,34.60%,,-7.11%,37.20%,30.46%,,14.70%,,,18.67%,,,3.45,3,,7.37,0.81710,100348,30.40,29.44,0.00,-0.14
JYD,2881494,6.62%,-4506269,7387764,,,,,-15.65%,-950.60%,10.50%,,-64.30%,,401264,-244.44%,,-58494,4.41,2,,2.24,0.33330,3917435,29.87,39.45,41.11,-0.43
CRWS,1053000,-2.15%,-33625000,34678000,,123.89%,30.61%,44.26%,-106.24%,4.80%,5.21%,11.34%,2.70%,14.62%,534580,3.78%,10.28%,15031,0.97,4,1.91,2.06,3.05000,23001,19.88,13.56,22.79,0.24
COEP,532885,-21.18%,-866168,1399053,,-30.02%,14.28%,55.75%,-2.84%,-610.80%,-214.26%,-359.54%,-151.20%,,,-219.33%,,-1401943,,1,,,9.40000,15906,45.41,55.07,25.80,-5.65
XBP,12099000,-11.38%,-23293000,35392000,,-8.28%,49.78%,,-69.74%,,-16.25%,-16175.99%,-12.50%,,98463,,,-8528,1.45,4,26.57,0.94,1.04000,2634,42.45,37.67,4.91,-0.41
SHOT,1143093,1222.27%,-4481947,5625040,,86.90%,171.92%,74.20%,-13.41%,-1273.00%,2391.26%,-355.57%,-580.60%,-428.54%,87746,-1218.36%,-238.50%,-6462867,0.08,2,6.12,-43.01,0.42320,634475,46.30,34.89,38.60,-0.91
AWRE,27814000,-1.49%,23570000,4244000,-10.85%,,-5.16%,,74.98%,-13.80%,-12.59%,-14.23%,-10.10%,-13.44%,271703,-15.78%,-10.98%,-69234,0.40,3,,0.09,1.49000,31794,47.68,44.36,42.84,-0.21
UONE,137574000,-2.80%,-473296000,610870000,,-10.77%,-18.47%,-7.98%,-1329.34%,-46.80%,-5.62%,0.96%,-10.40%,-4.78%,322116,-9.67%,-1.04%,-75497,0.44,5,,-0.66,1.34000,8328,50.81,42.37,36.21,-2.22
BMR,16483000,-44.57%,16233000,250000,,,-95.79%,,49.81%,-21.40%,-15.22%,-15.72%,-19.90%,,80632,-15.07%,,-88237,0.18,2,,17.55,2.02000,68029,36.76,34.56,41.70,-0.22
ACCS,4103000,-4.32%,-12495000,16598000,,115.48%,-20.67%,44.77%,-38.29%,-32.90%,-36.35%,-4.96%,-18.00%,-1.16%,204044,-39.02%,0.48%,-95513,0.39,4,,0.30,8.16000,40,37.62,38.56,35.96,-2.82
FOXX,3943043,-2.74%,2638276,1304767,,-45.14%,-8.87%,-29.43%,7.52%,,-95.80%,-13.70%,-20.90%,18.50%,1752834,-195.14%,0.18%,-188202,1.94,3,,1.28,4.30000,7031,56.25,43.15,0.00,-3.74
NYC,18935000,-11.07%,-383041000,401976000,,-3.90%,-10.74%,-2.23%,-1269.89%,-107.70%,,-2.70%,-23.80%,-36.48%,,-1.72%,-10.56%,,0.10,2,,,11.86000,7760,63.74,64.26,41.56,-56.51
PMEC,9183000,-9.00%,-9738000,18921000,,,2.81%,,-31.93%,-37.50%,-15.88%,2.67%,-11.10%,,27081,-10.85%,,-1695,1.78,3,799.26,1.96,0.81990,355470,64.32,55.25,31.76,-0.14
BNR,71237261,-48.14%,64099237,7138024,-22.07%,-15.49%,324.55%,-4.96%,185.96%,-52.80%,31.95%,-40.85%,-35.70%,,89899,-56.47%,,-60411,0.53,3,2.33,-6.14,3.03460,16729,22.90,32.85,31.38,-4.62
LSB,15352870,-13.16%,-34932400,50285270,,,-30.01%,,-106.13%,-41.10%,5.67%,,-15.70%,,886898,-23.86%,,-314463,0.44,2,0.68,0.97,1.63000,61958,38.67,44.50,51.66,-21.59
ATRA,42642000,-5.89%,-25896000,68538000,,39.00%,-14.66%,37.13%,-82.62%,,317.16%,288.47%,-63.90%,241.18%,842745,,-77.36%,-558190,0.97,3,2.06,-28.30,5.30000,92187,36.26,38.86,34.05,-11.41
ARKR,13101000,-4.21%,-78673000,91774000,,1.65%,-12.54%,0.78%,-249.47%,-4.40%,-1.55%,-0.76%,-1.30%,3.30%,97233,-0.15%,0.94%,-1129,1.12,5,19.29,1.58,8.60010,8128,35.54,35.45,34.29,-0.57
MPU,12285100,,12285100,,34.20%,,,,39.94%,-49.30%,-40.08%,-39.36%,-37.90%,427.38%,869239,-46.12%,-30.66%,-366711,0.90,2,,2.14,0.76000,59400,54.31,43.62,0.00,-0.17
BANL,9805771,-22.97%,9519105,286666,89.51%,,232.29%,,33.28%,-6.30%,-4.85%,,-2.50%,,14890673,-5.13%,,-44238,8.54,1,,8.60,1.11850,92057,57.20,53.16,31.54,-0.06
FBLG,13985000,575.61%,3432000,10553000,-52.82%,,458.95%,,10.97%,,-299.57%,,-94.50%,,,-103.38%,,-858538,,1,,,0.81280,133690,34.18,32.86,11.82,-0.34
MDAI,5157000,-41.78%,467000,4690000,-86.66%,100.37%,263.85%,,1.48%,,271.11%,,-115.40%,,379244,,,-196346,2.23,3,49.79,-6.99,1.21000,249656,40.22,41.55,28.57,-0.85
RAVE,8981000,-9.91%,8217000,764000,94.90%,-41.55%,-34.81%,-31.78%,25.62%,20.70%,23.00%,15.51%,16.90%,0.92%,582667,16.85%,12.06%,127000,0.78,6,,10.88,2.08000,41833,24.84,39.64,48.79,0.18
GDC,22538,-3.48%,-1509998,1532536,,310.99%,-8.60%,65.73%,-5.10%,-334.00%,-1144.83%,-265.37%,-204.30%,-155.18%,,-1132.18%,-99.82%,-1729520,,1,,,2.49000,36824,56.41,53.94,42.16,-1.45
BW,117566000,0.83%,-420364000,537930000,,10.13%,23.88%,10.53%,-1297.24%,,-0.47%,3.69%,-9.40%,-500.68%,318815,,-7.20%,-33233,0.90,3,5.23,-2.00,0.31000,1402165,19.03,24.15,31.44,-0.82
RADX,22693107,-11.61%,4292338,18400769,51.80%,,49.93%,,3849.22%,-105.50%,-56.17%,,-52.50%,,,-51.12%,,,0.02,2,,-2.94,4.38000,34724,40.25,13.81,0.00,-11.98
LOCL,7466000,8.58%,-479597000,487063000,,171.61%,48.76%,,-1330.41%,,-16.37%,-47.85%,-28.00%,19756.50%,126704,-15.25%,-59.22%,-398346,0.09,2,6.18,-1.83,3.50000,32282,58.17,57.82,27.05,-14.14
NRXP,1443000,-1.38%,-5134000,6577000,,133.29%,-28.21%,11.91%,-17.15%,,136.70%,104.56%,-585.50%,7038.98%,,,-627.78%,-12563000,,1,,,1.79000,45450,36.63,43.27,38.68,-2.36
IHT,451905,2.77%,-12097535,12549440,,8.52%,4.26%,7.63%,-56.69%,-15.80%,-3.29%,-5.72%,-5.90%,-5.48%,97793,-4.57%,-2.82%,-11451,0.51,3,,,2.53000,36,51.12,55.60,55.99,-0.10
XHLD,48000,11.47%,-6142000,6190000,,,,,-20.01%,,251.18%,,-53.00%,,92211,-59.43%,,-78105,0.63,1,,-0.07,1.05000,365876,36.78,0.00,0.00,-0.12
INKT,4577040,6.79%,-347572,4924612,,,,,-1.16%,,870.54%,1586.83%,-142.30%,38.48%,,,-229.96%,-468904,,2,,,7.58000,2664,39.47,45.78,16.24,-2.86
CVGI,26630000,29.18%,-139698000,166328000,,-9.25%,-4.10%,-2.97%,-447.44%,-16.90%,2.95%,5.35%,-5.80%,-3.90%,113024,-0.25%,-0.80%,-4354,1.50,2,5.30,2.09,0.92360,624877,26.26,17.68,26.58,-0.83
FTEK,18694000,11.41%,18069000,625000,-37.91%,38.55%,1.79%,11.54%,60.04%,-4.50%,-4.35%,-8.17%,-3.90%,-6.00%,349069,-11.04%,-4.84%,-26986,0.51,0,34.71,0.18,0.97200,31664,47.21,46.05,42.08,-0.06
POCI,212441,12.84%,-2875104,3087545,,4.37%,10.33%,81.83%,-8.82%,-39.20%,-33.99%,-19.84%,-22.90%,-18.06%,222414,-30.02%,-9.82%,-47727,1.07,2,3.92,-1.39,3.90000,10781,37.90,37.02,41.90,-0.65
SNAL,8344703,-5.43%,1119787,7224916,-27.52%,-27.09%,-51.42%,,3.81%,23.30%,12.25%,6.22%,2.60%,,566893,17.11%,,12295,1.20,5,,1.46,0.80000,19764,30.00,37.72,39.56,0.05
PXS,39593000,-2.18%,-44931000,84524000,,0.78%,38.68%,5.98%,-155.81%,9.80%,10.98%,8.08%,5.00%,6.06%,,9.40%,3.94%,,0.27,4,16.09,0.99,2.83000,5486,32.17,30.12,35.70,0.91
CASI,16091000,-3.86%,-2294000,18385000,,156.93%,,,-7.02%,-301.80%,-222.90%,-89.78%,-60.90%,-111.48%,122476,-194.85%,-39.64%,-168489,0.44,2,2.47,-19.64,1.91000,9531,36.90,27.03,38.59,-2.56
MOBX,405000,4.68%,-4698000,5103000,,,-21.16%,,-14.19%,-1092.70%,-464.48%,,-112.70%,,186520,-2260.17%,,-829380,0.25,3,6.06,-8.35,0.79700,126306,36.96,37.67,29.31,-1.37
INTS,2590000,-5.98%,2480000,110000,-83.06%,-63.92%,-20.29%,,8.42%,-313.40%,-537.25%,34.59%,-209.40%,4.18%,,-547.72%,-161.16%,-2324000,,1,,,1.94000,7386,42.29,37.13,39.08,-1.17
GWH,32510000,-18.73%,30818000,1692000,-71.17%,-23.43%,-33.33%,15.36%,96.44%,-146.80%,-195.02%,-79.86%,-85.50%,23.96%,27251,-293.69%,-207.06%,-373255,0.06,1,11.47,-18.42,2.43000,31325,34.54,29.36,30.76,-7.32
FEMY,3451761,2.83%,-3990534,7442295,,95.88%,11.06%,34.18%,-12.46%,-214.20%,-445.44%,-66.09%,-103.60%,-91.50%,22945,-182.48%,-67.14%,-265023,0.09,2,0.29,-16.90,1.08000,210904,33.76,43.09,41.66,-0.85
HOWL,110995000,0.84%,73908000,37087000,-10.33%,33.29%,-28.57%,63.89%,251.29%,-73.40%,-58.93%,-23.33%,-47.10%,-60.70%,40978,-66.61%,-54.80%,-1532935,0.01,3,,-5.02,0.65400,145723,26.34,27.95,31.76,-1.63
KLXE,91600000,-1.43%,-253300000,344900000,,0.79%,-5.61%,7.25%,-856.31%,-1133.70%,-4.11%,-23.55%,-11.00%,-322.50%,410950,-4.64%,-21.42%,-30707,1.47,2,17.04,0.02,1.68000,338352,24.56,29.14,33.72,-3.27
BTCS,38074006,,38074006,,42.69%,,,,130.11%,-3.90%,-3.74%,-109.45%,-3.70%,-290.24%,581931,-26.26%,-91.42%,-181596,0.12,1,,0.07,1.45000,230807,37.25,39.36,40.63,-0.08
IZEA,51071956,-78.63%,51067922,4034,-6.31%,-54.23%,-93.64%,-50.03%,171.02%,-33.50%,-39.44%,-20.23%,-27.00%,-20.34%,323252,-39.93%,-15.28%,-169840,0.51,5,,-0.56,1.72000,24098,23.02,30.95,37.48,-1.10
PLUR,21574000,-5.12%,-7722000,29296000,,-2.32%,-3.82%,71.01%,-29.45%,,-78.26%,-64.26%,-55.90%,-218.58%,5746,-102.14%,-61.50%,-168305,0.02,3,,-20.50,3.74000,17256,34.49,37.06,33.56,-3.69
WVVI,320883,10.27%,-29254465,29575348,,31.20%,25.76%,18.51%,-99.88%,-3.40%,0.70%,1.40%,-2.20%,-1.14%,128330,,-0.74%,-7648,0.37,3,0.51,1.31,5.85000,2448,47.95,71.27,56.48,-0.48
GORV,24702000,33.43%,-469582000,494284000,,12.42%,-27.34%,16.53%,-1640.02%,-177.50%,-39.20%,0.98%,-26.50%,-28.10%,670432,-17.43%,-3.10%,-144013,1.24,3,2.13,0.43,0.26300,59518,29.58,27.77,25.62,-8.90
RNXT,7154000,,6942000,212000,491.82%,,,,22.61%,-156.10%,-148.14%,-5.09%,-100.90%,-976.22%,5375,-233.90%,-140.96%,-1101750,0.01,1,,-6.46,0.79100,64143,37.17,36.78,34.55,-0.40
KZR,132245000,-4.33%,116065000,16180000,-36.38%,4.83%,-14.54%,20.52%,395.19%,-58.70%,-66.06%,-40.34%,-48.70%,-39.24%,,-68.07%,-34.64%,-1522473,,2,,,3.95000,17195,29.09,28.29,33.67,-11.49
GDTC,4861007,-4.41%,4539312,321695,,,-87.26%,,15.67%,-26.30%,-29.16%,,-24.70%,,,-18.32%,,-80441,,3,,,2.50000,101782,59.86,53.89,49.47,-0.19
CLIR,14035000,-10.48%,13847000,188000,154.49%,-30.29%,-22.63%,-20.58%,44.03%,-43.30%,-38.19%,-75.67%,-36.90%,-67.46%,239733,-46.50%,-55.92%,-353267,0.25,3,,0.15,0.55010,49301,38.16,38.23,40.78,-0.11
INTG,14386000,3.22%,-182592000,196978000,,-0.26%,-0.45%,1.94%,-625.25%,,,-1.78%,-9.10%,4.94%,2130571,,-3.14%,-362393,0.53,6,,,13.25000,1853,59.62,44.55,28.74,-5.67
MSAI,4358000,79.19%,4048000,310000,,-74.36%,-95.71%,,13.50%,-279.00%,-175.72%,,-132.50%,,211486,-149.87%,,-614143,0.46,4,0.41,-2.91,0.86550,33962,34.31,30.23,18.14,-1.07
ALLK,80820000,,80820000,,-39.04%,,,,279.99%,-136.40%,-155.13%,-83.53%,-83.50%,-82.00%,,-155.07%,-61.10%,-884107,,0,,,0.31920,1312004,58.73,39.73,32.51,-1.30
WAVE,9319000,15.58%,7976000,1343000,10.09%,-0.37%,11.82%,,234.90%,-29.20%,-22.18%,-23.08%,-22.50%,-21.82%,14000,-23.05%,-17.96%,-173083,0.02,2,,-0.87,4.87470,42840,26.14,37.02,47.15,-0.40
TURB,2296735,-28.98%,-925633,3222367,,,-40.38%,,-16.28%,-148.00%,-88.57%,,-36.20%,,307931,-92.25%,,-118217,0.94,3,3.72,-0.56,2.57990,3715,59.51,63.70,53.60,-0.43
LVTX,76576000,-16.04%,71295000,5281000,-20.30%,2.77%,-13.60%,24.51%,244.17%,-65.10%,-38.15%,-72.85%,-28.30%,-88.10%,337331,-89.91%,-45.54%,-678757,0.14,3,,-2.61,1.08000,14168,30.74,40.99,34.11,-0.94
SST,67577000,-1.70%,-207400000,274977000,,17.28%,-22.63%,1.54%,-680.01%,-72.50%,-12.28%,-6.49%,-15.20%,-193.16%,1146417,-24.94%,-6.84%,-248910,0.70,3,,-1.82,0.30410,45258,30.59,27.18,30.26,-1.07
SWVL,4958983,-20.85%,3911919,1047064,,-3.00%,-55.31%,,12.58%,-184.00%,-232.78%,-459.22%,-54.00%,74.78%,55152,-254.97%,-140.02%,-33137,0.90,2,,-29.12,2.85000,8228,30.65,30.67,19.97,-1.19
AACG,4993369,-11.20%,180123,4813246,-96.49%,-4.73%,55.73%,-1.54%,1.30%,-44.80%,2.04%,-34.43%,-7.80%,-32.06%,63202,-37.48%,-9.28%,-8511,0.58,2,,-1.63,0.91000,5280,45.43,49.02,45.27,-0.16
CLGN,11909000,-5.29%,8828000,3081000,-62.46%,-5.13%,-2.47%,-3.16%,30.83%,-87.90%,-109.60%,-49.55%,-67.80%,-49.84%,9035,-104.26%,-34.88%,-291386,0.02,1,2.82,-7.57,2.46000,4879,29.53,26.04,35.33,-1.45
NTRP,1015385,32.69%,-2777739,3793124,,,-49.35%,,-34.88%,-1363.20%,646.14%,,-190.30%,,44547,-317.49%,,-668022,0.13,2,,-14.72,4.56000,47229,43.25,48.52,0.00,-31.29
SAGT,449251,3.69%,-521668,970918,,,,,-1.72%,53.90%,-44.64%,,26.20%,,265801,29.66%,,41744,1.72,2,,11.70,2.23000,162477,35.59,0.00,0.00,0.08
MTEN,1381406,396.91%,-21748,1403154,,,-15.11%,,-0.08%,8.50%,9.86%,,5.60%,,61363,5.38%,,4524,0.76,5,4.94,5.36,4.50000,111254,45.28,44.87,0.00,0.14
GROW,36711000,-24.24%,36686000,25000,-4.72%,13.72%,-53.70%,-26.56%,131.46%,1.00%,1.69%,3.55%,1.00%,13.04%,362346,-2.63%,11.02%,19577,0.18,2,,8.12,2.09000,15914,34.33,24.89,32.42,0.03
LGCL,4711737,15.93%,-4588557,9300294,,,907.96%,,-16.10%,17.40%,-5.18%,-11.06%,11.40%,,403525,11.37%,,15098,3.06,4,,4.52,0.35000,33591,30.82,30.84,0.00,0.07
AIRE,3123530,0.69%,-2853158,5976688,,,1267.37%,,-10.46%,-149.60%,-327.98%,,-108.20%,,135489,-91.59%,,-3717575,0.04,2,,-9.91,0.60020,155157,23.19,32.77,17.25,-0.58
CLPS,37269828,20.65%,5619475,31650353,-71.26%,155.81%,75.83%,,18.18%,-2.00%,-1.64%,4.41%,-1.10%,6.44%,46260,-1.58%,4.16%,-371,1.37,2,,1.95,0.99000,3096,46.56,46.57,45.39,-0.04
BRNS,112400000,-5.23%,100393000,12007000,-22.24%,18.47%,-7.47%,46.52%,363.36%,-39.50%,-42.21%,-65.85%,-33.20%,-9.28%,142562,-47.85%,-27.48%,-581657,0.08,3,,-1.87,0.68500,39626,27.86,34.35,31.63,-1.55
AAME,35570000,0.00%,-2191000,37761000,,3.83%,2.73%,2.28%,-7.96%,-4.60%,,2.65%,-1.20%,1.60%,1206583,-1.34%,0.60%,-29917,0.49,3,,,1.35000,9619,42.67,42.36,38.14,-0.23
AKTX,2246000,,1246000,1000000,,,,,9.40%,,,-43541.89%,,-919.42%,,,-154.82%,,,1,,,1.11000,17008,48.01,42.69,32.59,-2.58
XOS,10996000,0.07%,-8974000,19970000,,,0.25%,21.09%,-35.15%,-94.90%,-97.02%,-29.26%,-42.00%,-29.20%,347584,-85.62%,-65.84%,-311547,0.47,4,1.40,-3.34,3.39000,19694,48.65,43.88,23.24,-6.69
MNY,47854000,-60.23%,47613000,241000,,,,,166.06%,,-277.64%,,-178.10%,,220413,-38.50%,,-471586,0.83,1,,-2.31,0.66000,95730,45.06,29.45,44.15,-2.78
AXIL,4743470,-3.44%,3892252,851218,-16.94%,55.59%,322.50%,29.59%,12.92%,29.10%,13.80%,-15.59%,20.20%,-17.84%,1929105,9.72%,-2.88%,177119,2.21,4,2.50,8.68,4.24000,425,30.75,42.29,44.31,0.23
YHGJ,5000,-3.26%,-8588000,8593000,,-13.94%,-1.35%,-15.38%,-29.40%,-23.90%,-6.52%,-7.57%,-9.40%,-162.42%,325596,-4.36%,-24.82%,-31509,0.97,4,1.88,0.76,1.06000,36721,60.51,63.77,47.88,-0.07
TOPS,16799000,8.29%,-260255000,277054000,,37.77%,1.37%,9.92%,-966.61%,-17.00%,6.91%,4.36%,-5.20%,-16.36%,83870000,,-4.40%,-22720000,0.19,5,36.49,-0.58,5.89000,17200,43.20,37.60,28.66,-13.22
NIXX,2675265,,1476648,1198617,,-34.93%,-78.72%,10.67%,5.34%,-602.70%,-849.99%,-139.85%,-237.20%,-250.96%,204015,-395.73%,-148.72%,-7531209,0.06,2,,-26.66,1.49000,90699,37.64,40.82,38.58,-3.82
NTIP,40600000,-40.00%,40576000,24000,-10.71%,,4.35%,-10.16%,149.63%,-6.50%,-7.75%,0.05%,-6.40%,1.48%,50000,-8.17%,1.18%,-1517000,0.00,1,,14.90,1.18000,2906,29.22,33.42,23.56,-0.13
AIXI,1849477,24.16%,-34362250,36211727,,,62.67%,,-485.63%,,267.20%,,-33.60%,,233607,-138.80%,,-83153,0.95,1,144.73,-2.52,2.57000,74340,34.15,32.88,29.65,-2.88
RVPH,13476331,451.99%,13018177,458154,-44.29%,,,-34.38%,48.05%,,-3314.26%,-706.11%,-267.80%,-465.96%,,-2423.72%,-160.88%,-1994587,,0,,,0.57970,401044,26.97,35.35,35.30,-0.90
SCOR,33468000,83.09%,-30653000,64121000,,2.47%,36.47%,-23.57%,-111.13%,-361.30%,-19.21%,-46.11%,-17.40%,-112.48%,296706,-106.54%,-13.16%,-64873,0.79,5,,-4.40,5.51000,1931,39.73,40.01,32.37,-15.53
EHGO,6143799,-47.25%,5914147,229652,18.33%,,-37.18%,,22.14%,-23.90%,-18.84%,,-16.80%,,120259,-15.08%,,-26021,0.78,3,6.14,,1.06000,9031,47.58,34.57,0.00,-0.16
VIVK,1926737,-5.31%,-32297105,34223842,,31.80%,-16.68%,,-93.33%,-66.00%,-34.72%,-32.90%,-14.70%,,12398354,-19.70%,,-2145074,0.85,4,461.38,-1.28,0.80000,35756,46.89,37.93,37.89,-0.43
COCH,5483000,25.96%,-14178000,19661000,,-5.74%,3398.40%,,-52.02%,,-499.47%,,-309.50%,,6618,-2351.16%,,-822735,0.03,2,0.48,-39.51,1.26000,4964,42.02,34.96,32.08,-1.49
CVKD,10017942,,10017942,,19.53%,,,,35.53%,-202.50%,-143.17%,,-156.00%,,,-147.33%,,-2662842,,1,,,14.27000,28541,31.76,45.88,40.30,-8.73
TRSG,9965474,32.98%,6493519,3471955,-6.74%,,-23.03%,,24.66%,-0.90%,2.77%,,-0.50%,,,-0.08%,,,0.53,4,5.51,3.16,1.64000,16444,50.82,42.15,0.00,-0.01
AERT,2386000,23.93%,-16029000,18415000,,345.36%,30.93%,,-57.21%,-478.80%,94.99%,,33.10%,,41677,-159.34%,,9924,1.39,2,,1.75,0.60000,6264,51.29,36.60,20.57,1.63
RDI,11483000,1.77%,-394859000,406342000,,-5.95%,-0.85%,-0.78%,-1082.99%,-307.00%,-6.69%,-5.68%,-9.00%,-34.56%,97417,-5.71%,-4.06%,-22442,0.39,3,114.65,-0.24,1.19000,45590,37.52,39.03,32.07,-2.03
WAI,3098787,-29.17%,2848008,250779,44.73%,,-57.27%,,11.95%,-72.10%,-92.26%,,-54.20%,,27515,-90.47%,,-35378,0.42,1,,4.30,0.14500,90498,23.68,31.45,16.68,-0.31
PPSI,3080000,417.69%,-782000,3862000,,,165.07%,95.28%,-2.85%,-45.70%,-40.33%,38.03%,-19.10%,-17.32%,239538,-42.00%,-9.20%,-50098,0.91,1,2.47,0.35,2.42000,31428,28.70,26.98,39.22,-0.68
GRCE,11055000,,11055000,,-55.94%,,,,41.54%,-23.30%,-28.56%,-65.36%,-19.80%,-240.64%,,-32.15%,-43.80%,-417812,,0,,,1.94000,6583,34.56,34.00,0.00,-1.16
TOON,10414000,-9.09%,-6370000,16784000,,20.82%,-41.55%,11.74%,-26.15%,-50.70%,-38.45%,-42.09%,-23.40%,-181.72%,134674,-39.04%,-128.38%,-85698,0.37,2,,-12.19,0.55780,7190,42.28,40.34,32.99,-0.54
BOLD,152674000,39265.29%,105042000,47632000,-11.82%,,2070.02%,,395.83%,-73.90%,-32.97%,,-38.10%,,,-36.95%,,-1021297,,2,,,1.19000,54741,31.12,26.39,0.00,-3.85
FCUV,3679173,-91.53%,3671059,8114,,-73.99%,-99.27%,-43.80%,14.18%,-105.30%,-97.12%,-87.84%,-63.60%,-65.60%,8655,-193.56%,-50.70%,-69568,0.08,2,1.90,7.16,3.88000,5848,45.76,47.55,36.22,-0.48
ZDGE,20054000,,20054000,,11.02%,,,,79.52%,-6.50%,-7.65%,-5.05%,-5.10%,2.34%,297091,-10.19%,2.10%,-19636,0.78,4,,2.27,1.89000,512,32.44,34.41,39.13,-0.13
OSRH,,,,,,,,,,,,,,,,,,,,0,,,1.47000,149159,40.36,21.12,8.43,
FGEN,50482000,0.25%,-81474000,131956000,,9.79%,-34.36%,21.44%,-312.20%,,-48.76%,2010.22%,-16.70%,-69.92%,131649,,-35.76%,-211462,0.10,2,1.53,-12.41,0.25960,444558,34.61,38.86,33.01,-0.48
HSON,17487000,-18.15%,16423000,1064000,-23.73%,-24.59%,-25.70%,21.25%,62.06%,-11.20%,-8.39%,1.61%,-8.50%,2.92%,142914,-9.18%,1.78%,-4867,2.49,1,,-7.04,9.50000,6135,38.65,25.61,32.57,-1.59
CLNN,12213000,-8.91%,-8630000,20843000,,-4.65%,-35.19%,48.57%,-33.33%,,-207.30%,-214.60%,-109.20%,814.08%,4500,-276.10%,-64.78%,-518421,0.01,2,1.33,-18.01,3.04000,23284,38.87,35.50,35.17,-5.67
NTWK,21270642,28.23%,11369322,9901320,44.55%,-4.47%,27.04%,-5.31%,44.28%,-2.40%,4.28%,-0.63%,-1.30%,-1.68%,39546,-2.73%,-1.04%,-530,1.00,5,,1.29,2.20000,1199,38.06,32.75,39.73,-0.07
WYY,5636057,-4.07%,1343321,4292736,-61.98%,-10.98%,-12.84%,-6.17%,5.02%,-20.50%,-14.24%,-15.68%,-5.30%,-14.80%,616318,-15.53%,-6.98%,-13471,2.41,3,,0.43,2.79000,68732,31.96,36.31,46.08,-0.31
ALXO,127757000,0.70%,117853000,9904000,-31.92%,,2.75%,12.81%,458.97%,-94.00%,-102.98%,-56.13%,-70.90%,-54.88%,,-115.34%,-43.18%,-1685625,,3,,,0.48000,653127,27.42,23.72,37.49,-2.58
EDRY,11908595,14.13%,-95283291,107191886,,10.87%,3.14%,13.67%,-369.61%,-9.30%,-0.83%,7.57%,-4.40%,9.92%,,-1.62%,5.04%,,0.28,4,12.96,0.63,9.05380,1535,34.13,27.61,35.08,-3.54
SGRP,19652000,-1.05%,-1431000,21083000,,7.56%,-5.32%,4.07%,-5.09%,40.90%,49.03%,-4.53%,14.70%,7.08%,156438,10.39%,1.76%,8372,2.76,5,,5.52,1.15000,25499,24.49,26.49,43.27,0.50
DARE,15710201,-7.17%,14407180,1303021,40.76%,68.88%,-7.22%,10.24%,55.18%,,-823.70%,1583.16%,-21.10%,-1786.90%,376,,-129.42%,-155908,0.00,2,,-11.32,2.89000,19687,44.66,42.06,36.37,-0.48
ARBK,2536000,-11.38%,-37316000,39852000,,16.72%,-41.85%,,-178.46%,,-196.45%,-36.70%,-91.50%,,2318772,-171.76%,,-1596800,1.01,4,,-12.63,0.32440,178413,39.47,30.73,29.03,-0.90
SVT,261000,-32.88%,-1866000,2127000,,-24.92%,1.14%,-18.78%,-6.95%,-6.70%,-4.07%,-6.27%,-4.50%,-8.34%,176145,-3.94%,-5.58%,-6365,1.24,5,2.44,3.78,10.00000,113,37.06,39.08,42.17,-0.64
OPI,275165000,9.16%,-2259469000,2534634000,,-0.56%,-1.48%,1.72%,-8297.22%,-10.90%,,1.02%,-3.60%,-3.34%,,-2.54%,-1.10%,,0.13,4,,,0.36520,228772,22.67,23.62,26.04,-2.63
PZG,3405400,0.38%,-8138134,11543534,,40.17%,1.53%,17.19%,-33.35%,-21.30%,-11.76%,-13.51%,-14.20%,-15.64%,,-13.76%,-12.74%,-1335225,,2,,,0.37700,348823,55.02,49.26,46.66,0.12
LIVE,7407000,-2.33%,-244639000,252046000,,32.54%,-1.00%,23.00%,-1014.85%,-30.50%,-4.75%,5.53%,-6.10%,14.96%,263703,-5.05%,,-14413,1.12,4,2.52,1.32,8.19000,4415,59.35,36.41,28.99,-8.11
FLUX,883000,-16.95%,-11700000,12583000,,53.19%,-9.58%,1.27%,-48.04%,-2054.60%,407.21%,-163.08%,-27.90%,-64.08%,509563,-73.45%,-54.56%,-75319,1.89,4,2.54,-3.48,1.51000,31674,46.27,39.53,38.25,-0.53
AMPG,19315984,-21.53%,14694800,4621184,409.79%,43.36%,20.23%,17.35%,53.01%,-44.70%,-26.23%,-15.77%,-36.50%,-49.76%,202306,-20.02%,-19.30%,-239200,0.31,2,0.85,2.35,1.28000,119758,36.87,45.04,46.32,-1.08
MTC,3043900,-5.88%,-28168673,31212573,,,2760.57%,,-135.59%,51.30%,21.59%,-49.97%,27.50%,-50.16%,28744,-3.22%,-38.98%,537904,-0.02,4,,0.92,0.99900,291407,47.18,41.08,39.33,-3.65
NISN,55908452,14.29%,50792914,5115538,-43.89%,58.37%,-60.42%,,224.16%,8.40%,10.56%,8.47%,5.60%,5.66%,2195456,581.89%,3.74%,80397,1.54,4,,3.43,5.50990,9847,36.80,42.40,41.90,4.20
BEEM,4980000,-9.31%,2817000,2163000,-78.97%,-0.31%,52.11%,57.26%,11.12%,-25.20%,-21.65%,-40.46%,-16.00%,-50.70%,204305,-24.04%,-35.14%,-39349,0.83,2,4.22,-0.70,1.69000,91961,34.41,24.93,33.26,-0.97
PYPD,15809000,-12.82%,6192000,9617000,,,-18.79%,,23.24%,-1038.70%,-223.53%,-150.61%,-143.00%,-412.04%,,-162.01%,-102.64%,-483700,,3,,,2.45000,10498,35.61,35.58,25.21,4.91
ROLR,7954000,-39.34%,6992000,962000,72.86%,,,,28.10%,-444.40%,-89.69%,,-44.20%,,472576,-86.67%,,-100390,2.08,2,,-0.49,2.98000,18100,42.55,32.42,0.00,-0.82
ANVS,10551916,,10551916,,83.36%,,,,44.20%,-873.00%,-244.81%,16.69%,-239.00%,-322.46%,,-286.81%,-145.76%,-1639358,,2,,,1.28000,181472,30.26,26.72,38.07,-2.31
OSTX,5533527,,5533527,,,,,,19.06%,,-749.45%,,-439.50%,,,,,-2177233,,2,,,1.15000,21580,37.76,38.25,0.00,-0.88
CDTG,96324,-37.09%,-5396126,5492450,,,57.38%,,-22.61%,21.60%,22.24%,13.80%,10.10%,20.78%,275727,15.73%,10.10%,60112,0.46,4,,1.98,2.30000,225621,66.69,50.04,0.00,0.73
ASBP,16541,-84.08%,-836572,853113,,,,,-3.57%,,1010.77%,,-121.40%,,,-5215.61%,,,,2,,,0.53000,219049,24.25,12.33,15.99,-0.03
ALGS,57049000,-8.30%,48674000,8375000,-60.95%,-16.63%,-24.81%,-10.19%,176.51%,-354.30%,-279.77%,31.45%,-132.80%,-150.42%,56357,,-73.96%,-1874443,0.04,1,,-17.80,3.99000,308191,21.14,30.26,37.34,-20.94
KTCC,4244000,-2.28%,-115268000,119512000,,-0.66%,-10.06%,16.21%,-455.78%,-6.40%,1.22%,3.56%,-2.30%,2.44%,125952,,0.86%,-1940,1.47,5,4.28,2.61,2.26000,24614,27.20,20.10,33.61,-0.76
EPOW,16856051,91.98%,-21698364,38554415,,,60011.66%,,-90.84%,-234.50%,-30.15%,-25.09%,-18.20%,-23.82%,485678,-85.21%,3.56%,-249738,0.36,1,3.25,-0.46,0.90000,12353,43.77,47.81,48.49,-1.08
SWIN,8321000,-31.78%,7591000,730000,11.93%,,4766.67%,,31.67%,-142.50%,-193.17%,,-80.40%,,108240,-174.62%,,-482360,0.18,1,,-1.77,1.50000,36774,43.09,41.55,47.46,-0.82
SOND,75899000,1.24%,-1375922000,1451821000,,90.65%,-18.41%,,-6090.33%,,-35.72%,25.26%,-22.40%,,379551,-26.61%,,-180734,0.47,3,,-2.35,2.18000,26061,49.16,40.17,23.79,-28.53
MLEC,3610072,50.42%,-18473565,22083637,,461.12%,698.61%,,-73.93%,-118.30%,-27.28%,-31.86%,-26.70%,,104655,-34.05%,,-146861,0.19,2,1.73,-2.75,0.62270,972,44.83,36.83,21.53,-0.20
CENN,12825964,-24.20%,-8753074,21579038,,153.20%,-29.23%,-9.97%,-36.67%,-45.90%,-43.23%,-43.33%,-28.30%,,99357,-32.03%,,-142434,0.20,2,0.89,-3.65,0.77330,46903,41.32,36.74,33.01,-1.45
OCC,128307,-24.48%,-8140738,8269045,,-7.07%,-18.35%,-5.95%,-33.43%,-18.80%,-11.31%,-6.01%,-10.00%,-2.78%,199298,-10.01%,-1.16%,-11482,1.74,4,2.30,2.97,2.91000,13391,42.32,44.08,46.91,-0.50
SIDU,15703579,35.71%,5619632,10083947,,34.52%,113.44%,,23.75%,-111.40%,-68.91%,-66.53%,-65.00%,-122.48%,56983,-46.75%,-71.96%,-214225,0.17,1,11.02,-2.28,1.30000,383444,32.92,38.22,20.82,-3.60
DTST,12331103,-15.63%,11657653,673450,-4.02%,-30.54%,11.97%,-27.25%,51.03%,2.50%,3.13%,-4.65%,2.10%,-2.30%,497477,0.34%,-2.20%,10259,1.02,6,,3.94,3.35000,42756,39.70,38.52,45.37,0.07
FPAY,54446682,9.41%,-94904903,149351585,,54.08%,38.12%,40.86%,-391.34%,-12.10%,13.41%,2.46%,-2.10%,-6.68%,659623,,-1.36%,-17175,0.79,2,,1.78,1.10000,20680,34.66,40.76,46.25,-0.17
LEXX,8118129,-4.83%,7987397,130732,326.79%,14.20%,-15.70%,28.58%,32.50%,-85.00%,-77.08%,-108.54%,-83.60%,-99.06%,70989,-73.75%,-95.42%,-1045674,0.06,4,,27.76,1.34000,31416,39.91,36.37,40.66,-0.50
OESX,7497000,-12.88%,-3415000,10912000,,559.74%,9.04%,63.36%,-15.32%,-40.50%,-23.96%,3.59%,-12.60%,0.06%,327931,-24.22%,-0.46%,-28004,1.47,4,3.73,-1.16,0.71000,1178324,41.88,37.87,35.40,-0.23
GBIO,187375000,-0.23%,93815000,93560000,-45.54%,5.00%,-4.43%,,375.85%,-120.20%,-67.13%,-44.00%,-51.10%,-57.46%,172974,-79.21%,-34.16%,-1144939,0.08,3,,-5.13,0.34900,468505,33.22,25.44,37.72,-1.98
INHD,4804138,-31.06%,4651728,152410,-29.04%,,-86.42%,,19.93%,-59.80%,-32.65%,,-45.70%,,229220,-32.10%,,-754002,0.14,3,0.32,9.89,5.29000,11639,58.09,49.71,21.79,-1.31
NXL,3479923,,3479923,,18.03%,,,,14.95%,-247.20%,-207.03%,130.53%,-219.30%,,28120,-210.95%,,-1267864,0.05,3,0.22,-7.45,1.75000,38021,38.30,42.51,51.17,-0.83
UONEK,155746000,-9.66%,-521177000,676923000,,-7.49%,-9.17%,-6.44%,-1627.26%,4.30%,7.86%,3.18%,1.00%,4.68%,338274,-1.47%,1.06%,8929,0.39,5,,0.01,0.52000,30982,25.88,25.06,27.13,-2.22
TLF,13271000,7.75%,2505000,10766000,-8.34%,-2.64%,14.22%,-5.75%,10.79%,1.40%,1.68%,0.15%,1.10%,0.84%,137253,0.70%,0.72%,1526,1.01,4,0.89,3.68,2.73990,9152,26.01,28.36,31.54,0.09
GLBS,47887000,23.64%,-71066000,118953000,,54.29%,126.81%,25.36%,-308.28%,0.20%,2.35%,2.10%,0.20%,-8.06%,1394800,1.15%,-0.38%,17240,0.13,5,13.01,-0.13,1.13000,33387,38.97,33.87,37.72,0.02
NWGL,1243694,-2.61%,-28952879,30196573,,,-36.60%,,-121.46%,,-33.88%,,-19.70%,,190418,-79.22%,,-97964,0.38,2,1.89,,1.40000,47834,48.59,42.08,37.28,-0.80
DRIO,28636000,-0.96%,-1556000,30192000,,372.07%,2.20%,108.19%,-6.59%,-59.30%,-43.62%,-73.30%,-33.60%,-87.70%,133861,-56.49%,-65.18%,-202881,0.22,3,2.81,-5.06,0.55600,33859,38.40,37.00,33.65,-0.61
NRSN,1208000,-34.55%,1172000,36000,-83.22%,,-65.38%,,5.14%,,552.67%,-13.49%,-244.70%,,,,,-403000,,2,,,0.98870,127556,41.47,43.79,45.93,-0.54
ONEG,440000,3.99%,-25014000,25454000,,,,,-109.33%,37.40%,26.96%,,4.70%,,4533071,6.83%,,126357,1.67,1,253.30,2.80,1.76000,54755,42.08,35.98,0.00,0.14
KFFB,20976000,-13.04%,-41022000,61998000,,8.11%,-13.10%,0.05%,-181.17%,-2.50%,,-1.57%,-0.30%,-3.06%,135407,-0.74%,-0.60%,-20119,0.02,1,,,2.82000,1808,39.85,42.89,29.09,-0.14
TRT,17301000,-22.46%,15268000,2033000,12.69%,-27.57%,-48.87%,-15.40%,64.82%,1.80%,3.59%,1.71%,1.40%,3.76%,57044,0.84%,2.48%,864,0.92,8,10.41,4.08,5.32000,36603,32.02,40.96,48.13,0.13
HUBC,2318000,7.39%,-28581000,30899000,,,53.18%,,-26.73%,,55.04%,,-110.20%,,124004,,,-201215,0.68,3,,-15.16,3.17000,394508,41.22,40.26,7.67,-25.90
PASG,76756000,-1.32%,51280000,25476000,-41.73%,,-3.11%,,201.74%,-78.60%,-77.99%,-60.75%,-54.00%,-57.90%,,-74.67%,-46.68%,-1079450,,1,,,0.36190,120706,48.07,41.14,35.86,-1.07
INDO,2216724,-13.54%,1268118,948606,-71.60%,,-33.21%,,4.26%,-21.70%,-21.09%,-33.88%,-17.20%,-33.20%,94775,-24.54%,-25.12%,-94566,0.17,1,,0.48,2.16000,3300,30.31,38.23,42.55,-0.36
LBGJ,406555,3.80%,-10257417,10663972,,,62.34%,,-43.61%,-27.60%,-14.00%,9.81%,-5.40%,,76553,-11.46%,,-9724,0.43,2,4.16,0.99,1.19000,29911,44.43,31.34,0.00,-0.08
CARA,37903000,1.02%,-6545000,44448000,,129.59%,2.97%,59.40%,-29.09%,-755.60%,-157.55%,-75.31%,-110.00%,-191.78%,713700,-164.65%,-54.64%,-7086700,0.11,3,0.33,-27.33,4.86500,2778,45.43,49.46,31.59,-15.53
BTCM,11389000,,8841000,2548000,-36.83%,8.07%,-37.16%,,39.30%,29.40%,16.37%,-63.13%,15.60%,-45.86%,438960,-13.17%,-31.52%,160947,0.42,3,,-7.17,1.39000,25866,30.13,31.49,36.94,1.00
FGF,7794000,-7.70%,4053000,3741000,,,-60.45%,,18.34%,-3.70%,,-30.94%,-2.40%,-25.24%,99131,-31.92%,-21.62%,-14657,0.16,1,17.50,,17.39000,2024,45.52,41.53,36.14,-2.43
KALA,51181000,-12.92%,18929000,32252000,29.90%,-26.18%,-11.21%,-20.44%,76.20%,-389.30%,-84.95%,-98.82%,-68.70%,-3.44%,,-90.69%,-60.10%,-895605,,2,,,3.42000,44389,22.20,34.87,33.42,-10.15
DRRX,11803000,-83.94%,9597000,2206000,-2.85%,-55.06%,-88.86%,-39.11%,43.34%,-140.60%,-78.24%,-83.03%,-30.70%,-102.76%,96714,-166.82%,-34.14%,-396381,0.08,3,0.66,-45.16,0.70980,46045,31.08,37.06,35.93,-0.27
VYNE,61516000,-19.51%,61417000,99000,-34.03%,-34.29%,-53.74%,-68.98%,272.84%,-58.20%,-76.47%,-131.05%,-49.60%,-148.98%,38538,-83.62%,-86.80%,-3064154,0.01,2,,-15.46,1.48000,103355,33.22,35.03,24.37,-0.93
UTSI,51561000,-28.79%,49973000,1588000,-18.60%,-9.04%,-49.14%,,228.29%,-9.00%,-7.88%,-14.44%,-6.00%,-11.78%,46487,-15.66%,-7.66%,-18667,0.15,0,4.66,,2.32000,891,43.79,40.24,34.98,-0.48
YOSH,1241036,4.61%,-13422508,14663544,,49.56%,52.30%,,-61.38%,-438.20%,-18.87%,-56.00%,-16.50%,-17.44%,49572,-17.13%,-25.00%,-10293,0.79,4,106.59,-0.19,15.27000,19078,52.29,61.44,66.91,-1.98
GTIM,3023000,5.53%,-43862000,46885000,,-4.50%,-3.04%,-9.05%,-197.23%,7.30%,2.40%,8.06%,2.60%,3.76%,68961,3.31%,3.08%,1106,1.64,6,92.21,1.53,2.05000,6076,37.14,31.54,38.90,0.23
ENLV,23496000,,23496000,,-14.00%,,,,116.14%,-56.90%,-66.51%,-51.96%,-49.90%,-45.70%,,-67.35%,-39.38%,-211465,,2,,,0.92000,22291,40.11,38.33,36.39,-0.73
GTEC,49883849,-22.81%,28832994,21050855,77.81%,-25.61%,-49.79%,-10.13%,136.83%,24.90%,26.99%,7.94%,11.10%,5.90%,258291,14.00%,2.16%,43283,0.66,3,2.56,2.14,1.60000,119358,49.57,44.46,42.68,1.03
CKX,9330067,,9330067,,2.85%,,,,42.90%,1.40%,1.82%,-2.04%,1.30%,0.32%,760562,0.18%,0.28%,125112,0.08,4,,51.29,10.85000,12,34.41,29.39,39.34,0.12
VRAR,8570188,-45.49%,8368569,201619,86.63%,-31.37%,-72.62%,,38.76%,-47.10%,-36.30%,-276.58%,-35.50%,-43.28%,82412,-37.78%,-120.58%,-58257,0.50,4,,-1.24,1.03000,81919,35.80,42.45,40.20,-0.38
IGC,868000,-14.12%,722000,146000,-45.01%,-34.60%,-42.29%,23.90%,3.27%,-122.20%,-137.19%,-64.04%,-88.20%,-58.08%,18448,-128.09%,-50.80%,-131478,0.12,4,0.36,-16.76,0.27200,5415,40.32,36.09,39.30,-0.11
NSYS,916000,-4.50%,-17120000,18036000,,-3.73%,27.23%,-2.94%,-77.61%,-3.70%,-0.38%,4.53%,-1.70%,10.62%,165333,-0.37%,3.94%,-1671,1.70,1,5.15,3.00,7.82500,77634,26.17,29.22,40.32,-0.47
MOGO,7883931,-1.52%,-53270460,61154391,,-1.18%,-3.69%,-9.12%,-270.40%,-17.00%,,-6.00%,-7.10%,63.64%,189458,-2.22%,-18.44%,-36398,0.37,3,,,0.77100,93319,38.62,27.91,36.54,-0.39
ORIS,37867000,-4.89%,35107000,2760000,231.51%,,-0.47%,,161.93%,8.50%,8.25%,,7.90%,,,7.89%,,,0.26,5,4.27,5.14,0.97880,46269,39.22,21.34,0.00,0.67
CPSH,4311688,-59.42%,4277558,34130,-50.18%,-61.23%,-84.96%,-51.51%,19.63%,-19.70%,-28.10%,4.91%,-15.80%,9.50%,229602,-30.12%,6.28%,-34081,1.07,0,4.77,2.10,1.47000,17739,44.04,45.79,39.53,-0.22
FGL,2246662,13.64%,-4092891,6339554,,,,,-18.61%,63.80%,-4.81%,,12.10%,,716795,20.02%,,35579,2.51,1,69.85,3.69,1.26000,69375,41.45,32.40,0.00,0.09
BOSC,3553000,-2.30%,1382000,2171000,459.51%,-4.90%,-6.18%,-9.34%,6.50%,11.20%,6.08%,6.28%,7.00%,5.10%,499363,10.83%,3.12%,28750,1.22,6,4.40,,3.58000,4911,42.67,51.39,58.73,0.39
COOT,888724,15.40%,-13262576,14151300,,,,,-56.37%,,,33.67%,,,,,,,,1,,,0.90490,16945,20.37,40.58,0.00,-0.63
HUDI,30430729,60.69%,15843071,14587658,,,-32.89%,,78.69%,0.20%,-0.46%,2.87%,0.10%,6.04%,209212,-1.84%,2.70%,387,0.72,4,2.78,1.92,1.47000,13364,40.97,33.25,40.57,0.01
TPCS,165000,0.47%,-11727000,11892000,,-6.74%,-6.78%,26.65%,-54.18%,-97.70%,-30.26%,-5.99%,-23.20%,-13.50%,204654,-24.93%,-4.56%,-49267,0.96,2,8.68,0.55,2.16000,24579,38.73,30.81,33.71,-0.89
SPCB,6094000,-12.43%,-24777000,30871000,,19.94%,-8.88%,155.78%,-121.04%,17.70%,-1.24%,-18.55%,3.40%,-143.68%,221843,-1.14%,-19.70%,12653,0.59,5,4.18,-1.46,5.94500,101499,44.92,48.13,35.13,-0.21
JOB,19694000,-8.96%,16524000,3170000,1.08%,-9.52%,-11.03%,-47.53%,80.68%,-25.80%,-29.71%,-6.49%,-23.10%,,532752,-30.14%,,-110662,1.11,3,,1.58,0.18750,812,36.88,35.14,33.55,-0.22
INTZ,4851000,-9.18%,2122000,2729000,,-7.98%,-78.89%,10.41%,10.36%,-294.00%,-107.85%,-195.43%,-97.00%,141.16%,115420,-94.12%,-142.88%,-155800,0.72,2,,-13.74,1.06000,173726,46.13,45.17,35.83,-1.63
TPST,30268000,-13.38%,14903000,15365000,-19.74%,-6.06%,-25.63%,27.71%,59.21%,-245.60%,-148.62%,-57.95%,-103.40%,-169.32%,,-121.85%,-65.58%,-1743458,,1,,,5.86000,199117,23.60,26.65,33.24,-1.50
QTTB,78612000,-0.59%,60323000,18289000,,-8.58%,-63.64%,,292.63%,-179.70%,-62.89%,-82.97%,-40.30%,-83.48%,,-275.84%,-34.26%,-1110070,,2,,,1.68000,88852,39.19,25.82,34.94,-6.58
TOPP,81519000,,81519000,,2.37%,,,,398.14%,5.30%,7.24%,4.12%,3.90%,5.24%,105997333,4.07%,3.94%,3578000,1.16,2,4.46,3.54,1.17000,64800,30.85,0.00,0.00,0.27
NMTC,1134350,22.11%,896973,237377,-66.28%,11.05%,1031.34%,-46.65%,4.30%,-270.60%,-145.99%,-352.17%,-129.70%,-72.52%,514678,-213.87%,-194.50%,-422817,1.58,3,1.70,-13.81,0.43020,436791,18.02,32.38,37.75,-0.26
EBON,235723780,-14.96%,230046095,5677685,-12.22%,,109.77%,,991.48%,-12.10%,-13.04%,-35.91%,-11.40%,-36.12%,9514,-19.17%,-17.04%,-116114,0.01,0,91.14,0.92,3.24000,5753,32.10,29.67,40.25,-5.60
XAIR,11182000,-84.87%,9174000,2008000,-37.01%,-8.26%,-88.14%,55.79%,45.72%,-240.60%,-170.43%,-92.83%,-109.70%,-140.72%,28252,-254.42%,-85.42%,-488766,0.06,5,2.64,-14.80,0.23000,449527,40.25,32.37,31.40,-1.06
GAME,11540391,5.48%,-4606768,16147159,,12.12%,54.38%,107.53%,-19.40%,-114.90%,-92.05%,-135.39%,-43.00%,,511380,-63.42%,,-229296,0.96,2,,-1.69,0.62200,148493,44.05,38.96,36.06,-2.38
RMSG,,,,,,,,,,,,,,,,,,,,1,,,1.94000,4000,44.89,37.61,0.00,
MSS,445357,-3.94%,-50720535,51165892,,36.84%,98.36%,,-361.38%,-11.90%,1.12%,,-1.60%,,314774,,,-3721,1.36,5,12.51,1.30,1.03000,69362,42.76,44.94,41.83,-0.07
CTRM,233689930,-96.23%,232073306,1616624,422.45%,-73.03%,-98.40%,-20.21%,1122.35%,14.20%,13.86%,6.72%,11.60%,10.82%,76443340,13.03%,7.96%,69547175,0.13,5,27.71,3.35,2.09000,32365,32.32,23.31,31.26,2.55
LGVN,19232000,-9.51%,17785000,1447000,435.69%,-22.78%,-29.10%,-18.95%,86.79%,-150.40%,-69.52%,-98.66%,-116.50%,-122.84%,95680,-70.81%,-80.88%,-984920,0.11,4,,-3.82,1.35000,61139,38.48,37.22,37.30,-2.62
NEPH,3760000,-5.43%,2349000,1411000,-4.94%,12.16%,-23.15%,-11.13%,11.66%,0.90%,0.93%,-27.34%,0.70%,-38.48%,456839,0.05%,-24.06%,2387,1.28,4,2.14,-11.41,1.90000,4517,59.14,58.94,46.18,0.01
IZM,5488031,-26.74%,-6674699,12162730,,,-3.26%,,-35.90%,-14.70%,-10.67%,4.40%,-3.50%,20.24%,1853478,-4.88%,1.24%,-23670,2.78,5,490.80,4.94,1.71000,49475,52.64,45.21,48.25,-0.20
PULM,9521000,,9521000,,-8.60%,,,,46.06%,-73.30%,-106.05%,-60.74%,-56.50%,-69.80%,3903000,-109.12%,-45.36%,-4779500,0.46,3,,-30.69,5.49000,11375,34.54,47.18,47.28,-2.62
BATL,19803000,10.35%,-138468000,158271000,,-4.61%,-17.34%,1.47%,-684.08%,-275.40%,-4.79%,22.64%,-13.70%,-78.88%,5102447,,-13.12%,-1686868,0.42,3,,-0.64,1.21500,406,42.66,31.35,37.19,-3.90
CVV,12598000,-6.94%,12330000,268000,-9.84%,-46.66%,-23.21%,-53.29%,62.21%,-7.60%,-7.26%,-13.91%,-5.70%,-5.26%,227763,-9.42%,-3.70%,-16085,0.81,5,6.26,2.86,2.90000,12990,45.06,42.61,39.70,-0.28
CALC,18669000,,18669000,,66.12%,,,,90.51%,-100.50%,-85.04%,-140.01%,-65.10%,83.84%,,-167.97%,-69.36%,-1141667,,1,,,1.48000,22470,23.30,27.81,36.90,-1.22
DALN,9594000,-4.11%,-7785000,17379000,,-3.24%,2.69%,-5.55%,-38.79%,4.70%,-13.09%,-27.95%,0.20%,-32.84%,238386,-29.17%,-5.52%,249,2.07,2,42.34,-7.94,3.72000,8197,21.31,36.75,42.98,0.02
NXGL,1807000,-2.99%,-1019000,2826000,,-12.81%,10.69%,25.25%,-3.74%,-67.70%,-37.59%,-61.44%,-31.50%,-185.54%,457263,-41.42%,-52.66%,-172684,0.83,3,3.87,1.16,2.60000,33900,39.80,41.92,48.68,-0.50
KSCP,11226000,-21.12%,5498000,5728000,,-11.42%,113.25%,0.19%,29.03%,-1325.80%,-157.18%,25.29%,-124.90%,-216.76%,112552,-137.98%,-162.82%,-330562,0.43,1,7.05,-11.67,2.88000,230581,28.12,31.12,11.62,-10.97
DAIO,10326000,143.79%,8166000,2160000,-29.84%,-1.74%,207.69%,12.89%,40.60%,-16.40%,-13.60%,-6.78%,-12.40%,-8.48%,229147,-15.35%,-6.36%,-32558,0.87,2,1.68,2.61,2.15000,17051,31.76,31.19,35.76,-0.34
KUKE,250325,-43.31%,-5130221,5380545,,,-47.62%,,-25.96%,-130.00%,5.70%,-17.32%,-30.00%,-66.00%,149681,-57.00%,-30.60%,-101014,0.45,3,13.59,,2.77000,21169,48.74,36.74,34.99,-3.40
CGTX,25009000,-7.76%,24474000,535000,-16.27%,,-22.91%,,120.88%,-159.70%,-177.80%,-122.33%,-103.70%,-16.32%,,-279.83%,-84.22%,-1213250,,1,,,0.31940,360386,29.35,34.40,23.40,-0.86
INLF,951051,,-3223990,4175041,,,,,-16.35%,15.09%,16.77%,,8.44%,,135738,10.46%,,12640,,2,,3.22,1.36000,26422,40.85,43.61,0.00,0.08
FTHM,12162000,-17.14%,-5392000,17554000,,7.54%,9.29%,88.90%,-27.46%,-43.80%,-39.39%,-25.80%,-27.40%,-31.52%,1390805,-37.70%,-22.00%,-89531,4.26,3,,2.22,0.72210,22238,31.99,27.91,35.64,-1.07
MKZR,6923321,-2.20%,-121677537,128600858,,28.90%,35.01%,,-554.55%,-25.90%,,,-8.60%,,,-5.12%,,,0.09,4,,,1.40000,13364,34.22,34.32,0.00,-1.51
RVP,44563696,-6.05%,43331174,1232522,-5.29%,-16.32%,-19.84%,-14.12%,199.92%,-13.60%,-2.24%,11.86%,-7.40%,24.80%,145593,-23.87%,12.90%,-53379,0.20,3,1.85,1.03,0.65370,10,33.40,36.64,35.07,-0.40
ECDA,3592128,4.33%,-13893766,17485894,,,116.16%,,-63.33%,,-174.28%,,-33.80%,,308484,-172.35%,,-82595,1.26,1,2.95,-0.26,0.55210,26711,40.20,28.62,11.57,-11261.21
DXST,407031,-58.18%,365206,41825,,,,,1.90%,53.70%,49.38%,,25.40%,,721393,41.35%,,131460,1.39,3,,4.43,1.20000,69032,44.33,0.00,0.00,0.14
QNTM,11491791,121.14%,10666869,824922,2.94%,14.06%,143.20%,-12.28%,64.60%,-111.90%,-135.72%,-107.97%,-85.00%,-83.60%,,-131.25%,-66.34%,-835454,,1,,,6.69000,60017,51.42,49.13,37.71,-13.12
RENT,83100000,1.66%,-289900000,373000000,,6.40%,6.63%,,-1589.15%,,-29.08%,27.58%,-30.50%,,276812,-29.29%,,-73641,1.15,4,,-5.52,4.90000,24860,48.62,36.94,27.55,-22.06
VNCE,892000,3.56%,-149157000,150049000,,-11.53%,2.88%,0.95%,-734.71%,8.90%,5.85%,-3.97%,1.90%,-26.08%,498813,1.47%,-3.06%,7997,1.21,8,2.24,-4.44,1.50000,15955,30.47,37.34,38.54,0.37
HPH,232631349,-29.19%,203160845,29470504,425.27%,,513.30%,,1538.15%,-38.60%,14.22%,-15.46%,-12.80%,-19.98%,753245,,-11.06%,-173476,0.55,4,,0.44,0.07590,237476,23.93,18.90,33.62,-0.26
BGFV,5418000,4.88%,-293720000,299138000,,0.92%,7.90%,-3.22%,-1487.91%,-33.20%,-13.66%,4.05%,-10.90%,8.00%,104667,-11.70%,2.68%,-9088,1.25,1,2.09,1.42,0.84900,99650,29.85,21.41,27.78,-3.15
LVLU,4460000,2.72%,-34894000,39354000,,16.33%,0.71%,,-190.84%,-135.20%,-152.58%,-19.89%,-39.00%,10.00%,544633,-99.36%,-35.88%,-95321,2.23,3,5.34,-2.01,0.43470,44773,45.17,25.42,34.60,-1.33
HUIZ,40864251,-44.15%,28489093,12375158,68.35%,-43.16%,-48.47%,19.75%,2872.16%,-0.20%,0.02%,-5.47%,-0.10%,-5.72%,1122115,-4.20%,-1.16%,-583,1.31,1,,9.90,1.87000,140487,24.11,30.46,27.95,-1.31
RAIN,239857,61.39%,-567072,806929,,,101.73%,,-3.20%,,839.86%,924.79%,-42.20%,,,,,-108164,,1,,,2.45000,156587,57.09,21.17,0.00,-0.17
BGI,1278934,-6.92%,-102943836,104222770,,33.39%,-1.71%,2.06%,-558.19%,,81.53%,-0.94%,-3.20%,-159.92%,612331,,-3.14%,-21483,0.91,4,1.19,0.36,0.94250,4926,37.78,24.61,32.97,-0.32
FENG,142960284,6.04%,135212386,7747898,-3.40%,7.32%,-18.39%,-8.38%,72323.49%,-4.50%,2.20%,-12.15%,-3.20%,1.20%,129740,-5.25%,0.52%,-9874,0.42,2,,0.51,1.53000,55183,28.15,37.06,38.84,-0.66
ZOOZ,7566000,-2.68%,3613000,3953000,,,1481.20%,,18.09%,-138.20%,-141.48%,,-83.50%,,27395,-98.73%,,-289211,0.08,3,,-6.58,1.52000,7505,43.16,37.39,0.00,-1.09
IPA,9239675,-21.28%,54706,9184969,,66.24%,-10.17%,,0.30%,-146.00%,-154.44%,-31.29%,-82.10%,-35.92%,165003,-133.15%,-25.60%,-317093,0.43,3,5.30,-6.01,0.40100,380172,48.92,40.89,32.34,-1.11
BIYA,1385286,-55.49%,1063800,321486,,,,,4.15%,-93.60%,-619.42%,,-13.10%,,180857,-56.24%,,-15892,1.49,2,,3.35,1.46000,921840,28.75,0.00,0.00,-0.08
MODV,113116000,3.16%,-1189091000,1302207000,,8.50%,14.22%,127.14%,-7179.33%,-895.70%,-10.95%,-5.39%,-11.90%,-199.24%,117744,-7.34%,-4.34%,-8502,1.65,4,,1.18,1.27000,305481,28.99,26.44,29.24,-14.14
CJMB,2116614,-9.41%,1209164,907450,,,,,6.98%,-38.30%,-59.52%,,-31.00%,,172721,-55.74%,,-60359,0.89,2,,5.12,4.09000,152725,41.58,0.00,0.00,-0.87
JUNS,3769510,-90.79%,3551749,217761,,,,,19.15%,,-52.26%,48.33%,-76.80%,116.94%,,-70.42%,-979.42%,-609906,,1,,,0.54900,58630,32.77,30.88,0.00,-0.08
PMNT,4123000,140.13%,-2567000,6690000,,,-48.31%,,-14.34%,-357.10%,-1424.26%,,-118.60%,,546308,-166.34%,,-368103,1.76,2,2.65,-6.83,1.07400,34600,49.08,45.48,13.72,-1.30
OVID,55006000,-8.05%,40251000,14755000,-34.83%,,-67.93%,,203.13%,-33.90%,-32.38%,-54.90%,-23.80%,-46.10%,24609,-74.58%,-30.84%,-1149261,0.01,1,,-4.47,0.25500,440714,26.94,19.36,30.15,-0.37
PMN,13324218,,13324218,,5.49%,,,,69.57%,51.60%,17.11%,339.93%,23.00%,,,-102.06%,,396982,,1,,,0.55250,26033,32.63,31.14,35.91,0.11
SWAG,17620000,-8.91%,15975000,1645000,-24.86%,-30.88%,24.75%,,94.34%,-9.00%,-6.23%,2.62%,-6.40%,,653837,-8.83%,,-25510,1.65,4,9.15,2.50,0.97000,29226,43.38,42.87,39.75,-0.17
CETY,1293036,32.66%,-2621979,3915015,,-15.39%,-4.66%,-4.62%,-14.04%,-118.40%,-102.38%,130.22%,-54.10%,9.08%,267834,-52.37%,-37.44%,-261905,0.55,2,6.32,-2.93,0.39330,7291,35.31,35.89,36.48,-0.16
CDIO,7840337,34.62%,6870474,969863,19338.32%,,-23.09%,,37.08%,-173.30%,-83.79%,-281.33%,-143.20%,,2326,-79.47%,,-558897,0.01,3,,5.84,0.34520,473026,41.70,43.26,33.18,-0.31
JVA,2361218,353.28%,-2955863,5317081,,-15.00%,-27.60%,-7.84%,-16.13%,11.80%,14.39%,-1.91%,8.60%,-0.82%,873122,8.81%,-0.30%,32829,2.28,6,3.88,4.54,3.15000,149260,38.34,44.95,52.21,0.53
AMS,11275000,6.30%,-10633000,21908000,,10.74%,39.70%,5.87%,-59.30%,8.70%,6.81%,-3.64%,3.70%,-2.12%,914194,-3.21%,-1.10%,70516,0.48,5,,1.46,2.78000,3153,39.05,36.91,43.34,0.33
BTCT,763000,6.67%,219000,544000,,,,,1.28%,-16.60%,-15.58%,-24.24%,-12.50%,186.84%,46612,-15.99%,-22.18%,-157200,0.27,2,,-8.41,3.40000,73108,36.55,44.07,10.16,-1.08
CCM,46075740,8.81%,-441206918,487282658,,70.72%,15.38%,27.76%,-74356.87%,,4.91%,31.50%,-8.40%,-8.88%,47914,,-6.18%,-101436,0.04,1,,-1.29,4.10000,185301,44.80,41.68,36.95,-11.94
JBDI,190000,-14.09%,-1591000,1781000,,,,,-9.15%,-103.50%,-73.27%,,-18.10%,,80291,-57.55%,,-8350,1.74,3,,3.46,0.89960,81682,62.12,37.79,0.00,-0.05
PSHG,71314000,-3.77%,23855000,47459000,78.28%,-1.71%,-13.53%,8.01%,136.09%,16.10%,,9.99%,13.20%,9.72%,418397,12.96%,6.80%,200464,0.28,2,,,1.43000,62417,35.94,31.34,26.11,1.11
NAII,8663000,-2.77%,-53010000,61673000,,34.97%,7.64%,25.59%,-304.33%,-9.40%,-6.97%,3.99%,-4.80%,3.80%,411666,-6.46%,2.48%,-25760,0.77,1,5.38,1.62,3.00440,16075,34.69,28.40,25.01,-1.29
CMMB,14342000,-5.26%,14018000,324000,-27.99%,-1.88%,-17.35%,-21.91%,1652.00%,-104.90%,-101.45%,-80.85%,-79.20%,-72.70%,,-106.33%,-58.34%,-697250,,1,,,0.94000,95824,29.78,33.53,33.71,-0.78
GNS,1211355,95.79%,-4357961,5569316,,,-67.92%,,-25.12%,-16.90%,-4.79%,-93.15%,-5.40%,,53824,-66.44%,,-13782,0.21,1,16.29,-0.32,0.25630,110070,45.50,29.13,35.85,1.36
LRE,9000152,-6.66%,-71078046,80078198,,,31.51%,,-403.90%,17.90%,-0.09%,30.63%,3.80%,,1715615,3.73%,,56759,1.15,5,1.77,1.80,1.29000,860,53.11,38.48,35.96,0.30
BLIN,1483000,-22.93%,952000,531000,102.99%,-37.51%,-43.51%,2.82%,5.20%,-19.50%,-18.65%,-29.18%,-12.40%,-42.82%,301843,-18.80%,-19.72%,-38686,0.97,4,,-6.04,1.53000,39355,49.46,53.50,46.25,-0.19
NVNI,6838208,3.14%,-5342435,12180643,,,,,-84.96%,,11.08%,,-64.70%,,68440,-1356.42%,,-103160,0.43,2,,-3.38,0.18940,2481094,29.21,42.56,27.38,-2.20
NXPL,20054000,-9.09%,17795000,2259000,-24.58%,89.89%,-24.88%,41.60%,106.05%,-52.50%,-49.08%,-73.32%,-28.90%,-130.60%,363794,-81.62%,-47.00%,-77917,1.35,4,9.84,0.47,0.67210,5009528,33.42,33.44,34.88,-0.68
GIGM,35094000,,35094000,,-8.34%,,,,203.54%,-5.50%,-5.67%,-6.02%,-5.20%,-4.96%,30927,-9.08%,-4.58%,-24115,0.07,1,,,1.56000,32,41.94,52.13,52.56,-0.21
BCAB,49046000,-33.17%,48210000,836000,-55.78%,-46.21%,-66.02%,-45.95%,271.01%,-235.90%,-184.19%,-156.91%,-102.40%,-100.54%,180328,-489.66%,-58.92%,-1143869,0.16,0,,-16.04,0.29480,257030,41.38,29.22,32.57,-1.44
MURA,146354000,-15.96%,138332000,8022000,-45.99%,,-46.55%,,716.91%,-68.20%,-89.75%,,-59.00%,,,-93.09%,,-1107879,,0,,,0.99520,395189,19.86,25.87,40.05,-7.58
AUST,5296281,,5296281,,-44.40%,,,,34.06%,-30.30%,-33.16%,-29.22%,-29.50%,,,-36.76%,,,,2,,,1.29000,178472,49.97,48.13,49.55,-0.23
CXAI,4880000,-21.78%,-708000,5588000,,95.84%,57.05%,,-3.41%,-115.50%,-90.41%,,-58.90%,,82092,-64.88%,,-223080,0.22,2,,-4.47,1.04000,3233013,49.97,41.67,36.42,-1.22
VSEE,2327337,-35.98%,-7708186,10035523,,268.87%,355.19%,,-42.24%,-411.60%,-952.16%,,-206.80%,,164050,-399.72%,,-1373634,0.25,3,,-10.53,1.09000,29081,44.17,33.71,28.85,-4.20
GYRO,,,,,,,,,,,,,,,,,,,,1,,,7.75000,23,29.39,35.22,40.24,0.17
HBIO,4108000,-2.75%,-39229000,43337000,,-8.71%,4.79%,-7.64%,-221.96%,-18.70%,-11.80%,-1.60%,-9.50%,-9.34%,265169,-5.82%,-4.70%,-34944,0.72,2,1.64,-1.15,0.38570,169715,26.32,16.06,25.38,-0.28
ZBAI,8025102,669.87%,7775102,250000,,-22.32%,-69.44%,,44.45%,-99.90%,-56.24%,-46.70%,-84.90%,-96.96%,83750,-23.32%,-51.66%,-553619,0.13,3,,7.72,0.98000,48264,40.54,52.64,0.00,-0.39
GTI,259000,0.34%,-1507000,1766000,,,143.68%,,-8.98%,,,,,,,,,,,1,,,0.11440,3061976,42.82,31.36,14.00,-0.01
XTKG,4319826,-5.02%,-5070976,9390802,,246.06%,120.10%,,-34.78%,-53.80%,-45.39%,-43.70%,-33.60%,-69.88%,85585,-37.69%,-32.24%,-351812,0.08,3,,-2.35,1.22500,274577,60.17,33.66,33.62,301.77
NNVC,3958052,,3958052,,-24.54%,,,,24.56%,-87.90%,-90.16%,-46.70%,-78.70%,-55.72%,,-91.72%,-50.10%,-1337824,,1,,,1.07500,242,40.27,38.63,42.30,-0.72
LPCN,21633311,,21633311,,-1.83%,,,,132.14%,,0.04%,-41.31%,,,699884,-5.09%,,522,0.49,2,,-4.32,3.14000,7525,45.41,38.80,40.08,0.00
MOGU,52655821,-71.44%,52551917,103903,-35.19%,,-96.46%,,94066.12%,-8.30%,3.42%,-67.37%,-5.30%,-43.32%,63337,-14.33%,-28.96%,-21891,0.15,1,1074.82,-13.80,2.04000,3484,44.89,46.21,26.15,-0.84
LSTA,31245000,,31245000,,-38.17%,,,,180.43%,-55.30%,-70.72%,-61.22%,-48.70%,-43.46%,38462,-75.78%,-39.76%,-768654,0.02,1,,-21.03,1.95140,8760,37.44,34.31,32.72,-2.40
MDRR,6072736,-0.43%,-43928326,50001062,,-6.99%,-18.51%,-3.43%,-187.72%,0.20%,,-0.79%,,-27.48%,,5.80%,,,0.13,5,,,11.30000,2724,49.90,51.47,43.84,0.02
LEDS,1325000,-3.80%,-3307000,4632000,,-20.28%,-39.48%,-6.97%,-19.42%,-83.20%,-53.48%,-31.07%,-17.60%,-86.66%,41328,-44.86%,-14.68%,-17112,0.43,4,0.98,-24.60,2.00000,45476,49.97,62.00,52.38,-0.30
EQ,22575000,-22.74%,22191000,384000,-44.58%,-68.06%,-53.40%,-47.56%,132.59%,-37.60%,-40.04%,-67.60%,-22.00%,-71.40%,1174143,-42.53%,-44.74%,-230486,1.12,2,,-7.58,0.45600,72879,34.09,37.91,38.55,-0.23
MGIH,13346584,-55.97%,7088408,6258176,161.09%,,-62.60%,,44.06%,-24.70%,-24.14%,,-17.10%,,77371,-18.57%,,-17611,0.75,3,4.47,1.49,1.44000,1540,43.29,45.61,45.68,-0.78
UBX,23230000,-4.78%,3521000,19709000,-82.09%,-27.87%,-16.27%,,22.09%,-161.50%,-91.51%,-75.48%,-52.70%,-103.88%,,-118.96%,-47.76%,-1624375,,1,,,0.95980,58521,32.48,36.66,33.16,-1.54
SIF,3143000,-21.73%,-26538000,29681000,,-6.86%,-29.95%,-6.34%,-164.47%,-13.80%,-2.33%,-5.86%,-4.30%,-8.26%,325672,-6.59%,-3.22%,-17529,0.80,3,8.09,1.52,2.63000,1700,31.78,30.16,42.45,-0.71
LDTC,12597778,14.44%,-61722883,74320661,,,42.91%,,-344.76%,,416.79%,-1228.51%,-231.50%,,,-1895.20%,,-881469,-0.02,2,,-41.42,0.43000,134365,46.30,43.43,35.45,-89.25
CVM,6940716,-4.61%,-4145521,11086237,,-10.81%,-15.37%,-4.90%,-24.41%,-238.10%,-134.65%,-87.42%,-104.70%,-153.16%,,-119.42%,-77.82%,-649848,,1,,,0.20910,49728,34.12,26.60,32.87,-0.48
GFAI,14005536,-53.51%,10980088,3025448,,-43.50%,-86.68%,,61.03%,-72.10%,-60.58%,-28.98%,-35.10%,26.32%,20518,-73.00%,-22.76%,-10179,0.71,4,6.40,-1.59,0.90000,75897,38.41,37.30,39.52,-0.36
ELEV,93184000,0.36%,62050000,31134000,17.14%,,3.31%,,410.93%,-62.20%,-47.43%,-34.19%,-41.80%,-33.16%,,-49.04%,-47.58%,-1308382,,1,,,0.27000,640114,33.98,30.17,36.12,-0.78
EDTK,17456245,2.01%,3939968,13516277,-63.93%,,0.40%,,25.85%,-32.60%,-19.99%,-4.17%,-19.30%,-4.92%,8794,-26.26%,-4.12%,-102699,0.02,1,,0.55,1.00000,913,36.03,43.35,40.14,-0.48
IRIX,2387000,-5.40%,-2256000,4643000,,20.46%,69.08%,7.67%,-14.45%,-230.60%,-70.31%,-60.80%,-28.60%,-80.04%,523323,-123.18%,-20.70%,-95806,1.56,2,2.81,-2.93,0.94840,39494,43.40,25.72,32.16,-0.54
MTEX,11946000,-17.62%,5253000,6693000,77.35%,170.28%,17.28%,37.44%,33.02%,26.70%,26.51%,11.27%,6.30%,9.54%,623630,6.22%,3.70%,13175,2.99,5,2.12,4.20,8.37000,522,32.85,41.22,41.08,1.32
IINN,5779000,-19.26%,3549000,2230000,-63.45%,,24.79%,,22.34%,-219.70%,-234.28%,-383.09%,-127.20%,-76.18%,,-171.89%,-295.46%,-245622,,1,,,0.62000,371282,35.63,31.63,36.80,-0.60
RVSN,17468000,-19.07%,16946000,522000,125.56%,-31.16%,-41.55%,,267.67%,-299.80%,-171.37%,-159.04%,-231.60%,-125.70%,26531,-49.41%,-143.60%,-626694,0.10,3,0.95,-9.12,0.30500,620090,32.36,39.83,35.70,-1.85
CAPT,828261,11.75%,-22100044,22928305,,,,,-140.77%,,,,-240.50%,,177448,,,-882486,0.48,2,,,0.48880,464009,45.77,33.21,32.88,-4.43
ELBM,2647612,32.92%,-48416012,51063624,,45.63%,61.35%,,-303.06%,-42.90%,-58.80%,-10.99%,-19.80%,,,-10.27%,,-1280304,,1,,,1.00000,68174,35.70,34.22,35.24,-2.07
PEV,279000,-13.99%,-8157000,8436000,,,76.49%,,-51.01%,18.50%,6.04%,,3.90%,,870633,-158.56%,,71900,0.47,5,0.89,0.54,0.34490,413042,43.52,47.16,32.18,-0.16
IXHL,2098000,1013.14%,-2477000,4575000,,,873.40%,,-13.22%,-289.30%,-448.25%,-134.32%,-155.00%,-49.08%,10889,-512.94%,-135.42%,-2645111,0.01,1,,-20.77,0.57000,96601,41.12,34.60,21.24,-1.39
TDTH,10868,-30.74%,-1294484,1305352,,,1531.87%,,-77.91%,,-228.16%,,-81.40%,,27616,-273.35%,,-96794,0.23,2,,-5.87,0.24190,381323,33.40,31.83,0.00,-0.08
WETH,106737492,,106737492,,15.62%,,,,721.44%,3.20%,6.00%,20.26%,3.10%,25.30%,313162,3.39%,19.52%,29469,0.33,4,144.47,4.76,1.30500,445723,44.87,40.14,44.38,0.25
SISI,746862,-4.95%,-24830054,25576916,,13.07%,-17.98%,64.30%,-166.13%,-84.50%,-48.97%,-22.67%,-28.90%,-47.72%,93047,-22.96%,-27.18%,-228025,0.12,3,5.53,-1.54,0.90270,331636,45.05,37.18,36.19,-105.96
GLBZ,24464000,,-5536000,30000000,,14.47%,,3.71%,-35.73%,-0.60%,,3.89%,,5.68%,133976,-1.33%,,-1333,0.03,0,,,5.34190,19942,60.94,51.28,42.33,-0.04
ORKT,544189,-21.58%,29758,514431,,,,,0.20%,-47.90%,-144.35%,,-23.90%,,104993,-45.47%,,-16939,1.11,1,,5.71,0.68000,42944,39.15,36.75,0.00,-0.13
ARBB,7466702,-30.73%,7435614,31088,18.38%,,28.53%,,48.12%,-18.90%,-24.76%,,-16.50%,,4475896,-25.40%,,-4230745,0.17,3,,6.39,0.58450,89467,43.16,49.19,30.06,-2.08
EDSA,1563502,,1563502,,-62.68%,,,,10.16%,-213.70%,-269.79%,-189.81%,-124.20%,-122.28%,,-311.67%,-92.28%,-381803,,1,,,2.20000,4704,46.21,43.76,32.87,-1.87
ENFY,49141355,7.02%,36637367,12503988,-41.65%,43.32%,63.39%,16.88%,237.00%,-27.70%,-28.38%,-42.53%,-16.80%,-40.46%,206040,-26.87%,-27.92%,-66571,0.52,2,1.86,-0.79,1.06795,2192,46.21,39.43,35.26,-1.98
SKYQ,3314913,-13.63%,-7628447,10943360,,,,,-54.53%,-119.80%,-56.45%,,-53.40%,,708006,-33.52%,,-446319,0.85,2,,-1.17,0.72990,280471,53.14,20.56,0.00,-0.77
CCTG,3999428,-12.40%,2503057,1496371,-25.22%,,-41.41%,,16.19%,-21.80%,-21.06%,,-14.50%,,60306,-17.74%,,-8986,0.97,1,4.92,3.16,1.33000,3425,32.96,41.59,0.00,-0.23
REBN,158215,-31.45%,-3694896,3853111,,4.31%,-46.20%,,-23.58%,-185.10%,-91.69%,-57.00%,-49.50%,,79047,-71.56%,,-64079,0.61,4,12.43,-3.54,3.37000,39083,41.34,51.10,37.53,-1.66
BOF,1069193,99.53%,-5954897,7024090,,,1944.41%,,-34.23%,-255.40%,-60.42%,,-85.90%,,1297990,-49.10%,,-946688,1.18,3,9.97,-1.73,1.96000,62790,44.60,50.24,50.00,-1.04
IPM,10588534,-21.84%,10514044,74490,-22.07%,-32.25%,-3.27%,-37.18%,65.80%,-49.70%,-74.08%,-12.38%,-40.60%,-9.20%,19612,-42.77%,-7.98%,-150468,0.05,3,,-0.89,1.66000,15418,37.42,37.14,44.00,-0.91
BCTX,5013654,,5013654,,-19.71%,,,,32.81%,,27.34%,361.54%,-147.90%,2652.98%,,-846.63%,-215.74%,-736156,,0,,,4.01000,24769,51.33,35.40,33.41,-5.03
AMOD,,,,,,,,,,,,,,,,,,,,1,,,1.22000,77515,37.19,24.59,16.38,
WW,53024000,-0.16%,-1430109000,1483133000,,-0.74%,-0.43%,-3.12%,-9524.02%,,-62.67%,-12.58%,-58.10%,13.34%,212411,-64.06%,-16.12%,-93433,1.32,4,,4.79,0.18910,17511009,23.43,28.15,34.09,-4.34
CREX,1037000,16.37%,-12815000,13852000,,22.53%,-4.86%,8.61%,-84.02%,-12.70%,-4.17%,-24.03%,-5.20%,-81.80%,348315,,-16.94%,-24027,0.75,4,11.77,-0.51,1.45000,36244,28.13,23.03,36.84,-0.34
PTLE,221543,,165579,55964,,,,,1.02%,106.10%,-1877.30%,,9.10%,,14586644,68.85%,,133731,9.88,2,,12.56,1.19000,569163,39.27,43.52,0.00,0.02
KIRK,6756000,8.77%,-211404000,218160000,,10.46%,3.78%,-5.20%,-1320.96%,,-9.84%,-7.21%,-8.00%,-196.78%,111808,-6.57%,-4.98%,-5097,1.76,4,3.04,0.47,1.15000,69295,38.02,34.60,36.75,-1.59
SNYR,5162979,-14.02%,-22352368,27515347,,,-0.37%,,-137.24%,-9.00%,-752.70%,,16.40%,,967618,50.86%,,59027,2.69,4,4.11,-0.15,1.75000,112678,26.51,30.33,48.82,0.28
PT,14267824,,14267824,,-9.23%,,,,3540.42%,,1.25%,-61.95%,-31.50%,-176.18%,64052,,-27.00%,-83306,0.24,3,,-35.74,0.94510,4978,36.61,44.29,36.39,-0.39
IPW,2877457,4.73%,-6668323,9545780,,1.65%,-26.81%,41.49%,-43.27%,-0.60%,2.45%,3.33%,-0.30%,11.66%,1263189,-5.80%,-0.80%,-2145,1.72,4,3.51,2.31,0.47500,14631,42.04,38.84,38.51,0.00
ONMD,4090000,-9.51%,-4712000,8802000,,,-39.77%,,-32.41%,,259.36%,,-2202.50%,,47854,,,-1828918,0.58,5,,-62.66,0.53000,14009,35.92,37.72,28.78,0.01
CNTM,1882,-98.72%,-20538,22420,,,-97.65%,,-0.08%,,44794.57%,,-56.60%,,206503,,,-86269,1.35,3,,-13.50,0.70000,922447,51.37,31.83,14.05,-7.06
VVPR,236000,-0.32%,-28756000,28992000,,14.59%,-9.43%,,-195.97%,,423.24%,52.30%,-92.90%,-12.16%,,,-36.06%,-471174,-0.12,1,,-11.14,3.33000,556093,62.18,68.88,44.35,-12.61
LFWD,6943000,-10.30%,6063000,880000,-76.84%,-5.99%,-53.76%,-37.07%,41.03%,-89.00%,-142.63%,-58.11%,-63.40%,-50.42%,320788,-148.75%,-37.20%,-361775,0.56,2,2.82,-13.25,1.39000,183577,39.95,38.95,26.47,-3.33
CANF,4728000,42.50%,4671000,57000,-63.16%,,-34.48%,,54.34%,-157.60%,-187.32%,-229.78%,-87.00%,-194.64%,83375,-307.29%,-104.44%,-921375,0.08,1,,-40.12,1.37000,40,43.34,40.66,31.15,-3.00
GPUS,32091000,-3.73%,-95529000,127620000,,158.10%,32.46%,58.61%,-3318.31%,-480.70%,-373.98%,-52.70%,-58.10%,-142.60%,219146,-78.57%,-44.92%,-248820,0.51,3,9.15,-5.83,2.34000,2861,43.43,19.12,38.95,32088.00
AXDX,16297000,12.89%,-50279000,66576000,,-15.70%,69.75%,-13.06%,-334.12%,,1398.64%,-179.08%,-174.90%,160.50%,109327,-335.14%,-114.42%,-467710,0.41,3,2.92,-39.38,0.58000,17972,19.45,29.41,30.31,-2.15
RMCO,309488,-1.44%,-300250,609738,,51.81%,-73.92%,,-1.97%,-0.90%,0.15%,,-0.80%,,,-2.19%,,,0.05,5,,6.62,0.97500,13600,40.81,43.97,26.59,-0.01
MTEK,2294679,-73.63%,1971191,323488,-74.65%,,-78.86%,,13.17%,-19.40%,-20.53%,90.12%,-11.70%,-19.74%,552632,-21.97%,-48.50%,-112172,0.57,3,1.43,1.35,1.82600,12703,36.84,42.68,50.23,-0.16
CLDI,9591000,-22.01%,2555000,7036000,,-30.54%,-2.76%,,17.77%,,-452.33%,,-274.70%,,,-254.10%,,-580829,,2,,,0.40110,8572,25.74,29.95,7.03,-2.97
SFHG,3477033,-14.58%,698428,2778604,,,,,4.21%,-13.90%,0.67%,,-3.20%,,67634,-4.01%,,-1966,1.12,7,10.36,1.64,0.71000,63179,46.91,40.91,0.00,0.01
MXC,910005,-7.84%,771428,138577,-78.24%,-1.08%,313.01%,-24.88%,5.24%,7.60%,7.89%,11.79%,6.90%,13.16%,1193623,8.29%,12.08%,223611,0.37,4,,7.28,7.03000,543,30.30,22.62,35.13,0.63
BRN,1957000,1642.86%,1835000,122000,-42.42%,-16.02%,238.89%,-46.48%,12.59%,-49.00%,-32.23%,49.82%,-22.60%,-147.50%,715929,-61.70%,0.96%,-243500,0.66,2,,0.48,1.43000,20,33.26,38.41,38.06,-0.68
JZ,2832782,-22.62%,2039110,793672,15.07%,,2296.44%,,86.04%,-168.20%,48.13%,481.33%,-81.80%,,5955376,-536.22%,,-4124928,1.18,5,,10.14,0.71020,917,41.74,38.57,20.63,-12.66
MIRA,2832931,,2832931,,-38.38%,,,,20.06%,-281.70%,-364.51%,,-224.10%,,,-364.51%,,-2617553,,1,,,0.84360,57260,34.70,39.43,34.06,-0.51
PCLA,3121953,17.33%,-686266,3808219,,,,,-4.71%,-91.30%,0.72%,,-40.30%,,104006,-49.03%,,-61890,0.66,3,,-1.09,0.57330,69927,32.90,0.00,0.00,-0.31
CREG,25341,-69.90%,-4795423,4820764,,-36.64%,-70.05%,-26.44%,-97.84%,-1.40%,-0.99%,-0.05%,-1.20%,-2.08%,,-1.00%,-1.88%,-111358,,1,,,0.57000,67577,40.63,38.85,34.29,-0.18
ELSE,10004000,,10004000,,0.79%,,,,69.41%,3.20%,3.04%,0.17%,3.00%,1.64%,234325,-0.03%,1.54%,11150,0.64,4,2.58,18.53,4.10000,446,35.74,38.77,45.89,0.13
LIQT,10868728,-3.96%,-944935,11813663,,-21.54%,-3.30%,17.17%,-6.69%,-75.40%,-37.12%,-29.82%,-34.20%,-58.24%,139092,-33.33%,-27.94%,-98526,0.48,2,2.66,-3.19,1.47000,15909,46.05,38.46,30.61,-1.64
ALUR,15379000,13.08%,-71744000,87123000,,49.37%,11.61%,,-503.66%,,-166.06%,,-55.00%,,234380,-548.91%,,-190861,0.68,1,2.22,-11.17,2.36000,51035,35.95,34.19,17.67,-11.64
XIN,23658796,0.16%,-243476217,267135013,,-15.26%,-6.93%,-4.81%,-35190.22%,,-0.35%,-2.55%,-2.00%,-91.42%,535350,,-1.94%,-101039,0.11,3,0.14,0.78,2.44800,30560,41.54,40.21,36.64,6.58
HTCR,6716792,-12.73%,2766208,3950584,,-13.91%,-27.60%,,19.89%,-26.20%,-22.53%,-40.15%,-6.90%,-24.50%,307144,,-13.96%,-14963,1.42,5,,1.17,0.63000,35183,29.85,36.33,41.84,-0.07
FTEL,6003770,-18.91%,5423417,580353,212.35%,,-37.12%,,39.13%,-120.70%,-88.72%,,-90.80%,,297785,-83.41%,,-620810,0.44,1,,0.88,0.66250,91520,34.14,35.14,52.36,-0.66
TOMZ,809037,-0.46%,-2208347,3017384,,45.76%,284.39%,-13.20%,-15.99%,-32.50%,-20.52%,-17.23%,-19.40%,-40.58%,315285,-20.50%,-13.88%,-94106,0.65,2,0.72,-3.34,0.69000,23431,39.33,42.37,45.14,-0.13
CING,12211321,2077.47%,7112242,5099079,,63.03%,45.26%,,51.29%,-241.10%,-157.15%,13.46%,-159.20%,-126.16%,,-124.62%,-197.22%,-1195826,,1,,,3.66000,65567,40.17,39.29,35.82,-10.20
DTSS,268101,-4.09%,-1047887,1315988,,12.77%,69.72%,3.37%,-7.57%,-604.30%,-377.49%,-213.95%,-245.90%,-54.62%,1313449,-280.05%,-145.06%,-350562,9.21,3,183.39,-6.23,1.83000,51033,33.05,36.69,33.94,-4.09
BIVI,24405517,-89.72%,24023491,382026,141.07%,-67.48%,-96.28%,49.24%,182.09%,-141.00%,-94.41%,-638.37%,-98.30%,-408.64%,,-98.49%,-673.86%,-1823505,,2,,,0.74070,90149,33.50,31.62,37.71,-3.46
ENZ,40297000,-3.95%,37232000,3065000,-29.93%,-47.33%,-56.87%,-35.51%,212.60%,-38.90%,-40.39%,-21.82%,-26.50%,-10.32%,213934,-19.99%,-7.98%,-156706,0.36,3,2.33,-5.64,0.26080,531263,33.45,21.81,26.73,-0.42
DTC,11980000,-7.10%,-160784000,172764000,,10.47%,-0.65%,,-1666.60%,-58.40%,-29.01%,,-19.40%,,864163,-56.98%,,-215506,0.78,5,1.76,-0.31,0.14810,535173,22.51,18.89,25.59,-1.94
PC,25607,-18.79%,-3638548,3664156,,,,,-26.75%,,837.24%,,-20.40%,,129098,-43.16%,,-27425,0.72,3,,0.64,0.85000,65526,51.16,25.37,0.00,-0.07
NEHC,2387533,-24.29%,-2064002,4451535,,,75.56%,,-6.16%,,-463.88%,,-126.60%,,76111,-529.93%,,-1968912,0.05,1,,-5.01,0.97460,237865,35.50,37.72,0.00,-1.06
UAVS,3613996,-51.12%,-898841,4512837,,9.49%,-49.91%,,-6.71%,-1204.00%,-211.81%,128.92%,-239.20%,-314.48%,257553,,-106.94%,-1019857,0.60,5,1.14,-18.03,1.06000,877,32.32,41.13,39.24,-46.24
KAPA,3217000,,3217000,,,,,,23.48%,,-80.97%,,-137.50%,,,-59.45%,,-913667,,2,,,0.99000,96209,47.03,37.38,0.00,-0.25
SMSI,2808000,-12.54%,242000,2566000,-93.73%,-24.09%,-21.36%,-18.17%,1.79%,-116.70%,-115.16%,-36.63%,-96.10%,-40.90%,125335,-114.01%,-33.66%,-296933,0.41,1,,-12.04,0.75920,102809,37.04,36.89,31.38,-3.94
VVOS,6260000,-7.97%,4748000,1512000,,6.13%,-24.21%,-16.43%,36.31%,-197.60%,-108.05%,-265.21%,-76.40%,-257.40%,122203,-118.01%,-91.62%,-90537,1.03,1,,-9.70,2.29000,80528,34.22,39.73,38.89,-2.22
FAAS,6039746,281.74%,-68085,6107831,,,,,-0.48%,-64.50%,-56.63%,,-19.20%,,1023334,-8.92%,,-201434,0.98,1,,0.09,0.23000,240768,34.84,32.52,0.00,-50.68
PSTV,3606000,-0.97%,239000,3367000,-94.53%,-21.62%,-19.47%,-22.25%,1.78%,,103.77%,-107.15%,-170.50%,-256.26%,291200,,-94.84%,-648900,0.77,3,,-109.23,0.78710,618250,44.47,42.72,30.49,-2.34
PHGE,17814000,-1.67%,8230000,9584000,966.06%,-21.77%,-36.50%,50.75%,58.87%,-88.70%,-48.16%,-87.82%,-28.00%,-107.92%,,-131.99%,-48.40%,-311000,,1,,,0.53500,9337,43.69,35.31,27.51,-3.36
EHLD,94628,,94628,,,,,,0.68%,129.30%,131.81%,,84.70%,,,105.45%,,,1.81,0,25.09,,4.72000,61504,30.42,0.00,0.00,2.74
BFRG,5435983,,5435983,,107.11%,,,,41.54%,-134.20%,-140.53%,9.92%,-117.90%,,,-145.78%,,-639876,,1,,,1.41000,53779,39.01,39.22,41.98,-0.85
SOHO,28710475,-0.39%,-311666190,340376665,,-3.43%,7.20%,-1.04%,-2304.96%,-14.10%,,2.02%,-1.60%,-28.16%,20210476,,-3.24%,-741653,0.45,4,,,0.65000,28620,37.54,29.34,30.27,-0.34
BNGO,20875000,21.57%,-6422000,27297000,,36.66%,-65.63%,6.33%,-66.53%,-181.10%,-284.76%,-87.25%,-99.30%,-141.94%,89465,-165.92%,-73.52%,-325631,0.27,1,1.79,-16.90,4.40000,1669661,59.47,31.88,33.41,-88.13
ABP,141000,15.74%,-7132000,7273000,,,,,-51.54%,,162.36%,,-425.20%,,19063,,,-1151981,0.07,1,,-68.25,0.26180,126806,22.22,30.70,0.00,-1.80
JCTC,3039391,,3039391,,-14.58%,,,,24.00%,-5.00%,-7.51%,4.63%,-4.40%,7.84%,751715,-7.60%,6.44%,-19815,1.67,3,2.45,6.56,3.75000,21330,41.27,38.59,37.00,-0.35
FRSX,7253000,-4.47%,5692000,1561000,-60.95%,-17.00%,-4.29%,1.94%,1700.39%,-114.60%,-158.41%,-75.45%,-79.90%,-73.20%,5011,-166.20%,-59.60%,-128023,0.03,2,,-22.25,0.57950,259229,35.73,38.54,36.38,-0.60
GOVX,5506941,,5506941,,-14.66%,,,,40.19%,-884.90%,-494.62%,-310.35%,-374.10%,-264.30%,,-576.38%,-142.96%,-1470135,,2,,,0.95050,180604,32.21,34.52,23.83,-4.82
HOVR,630188,-21.31%,596085,34103,,,,,4.36%,-66.60%,913.71%,,195.40%,,,407.72%,,350719,,2,,,0.41900,174446,35.13,40.12,40.01,0.17
CHR,197660000,30.99%,186341000,11319000,185.00%,137.03%,121.94%,,1442.77%,8.90%,8.37%,16.12%,7.70%,24.90%,1206525,8.10%,19.44%,212836,0.44,5,,2.61,1.07780,48444,20.02,24.82,0.00,2.51
TAIT,9387000,,9387000,,-4.56%,,,,69.91%,5.30%,8.54%,9.96%,5.00%,12.22%,276067,-0.40%,11.28%,60133,0.23,2,0.73,9.22,2.17000,34631,32.85,32.17,30.59,0.15
GP,666979,-5.90%,-16748308,17415287,,55.85%,9.25%,6.49%,-135.22%,-324.40%,-103.06%,-33.87%,-51.90%,116.76%,178069,-98.07%,-33.08%,-185010,0.50,1,0.63,-4.02,0.42000,40142,33.01,33.84,34.38,-0.83
WXM,956034,1.48%,-1549511,2505545,,,,,-10.95%,25.90%,29.57%,,9.10%,,574973,14.54%,,35657,1.46,5,,3.36,1.89000,98441,0.00,0.00,0.00,0.18
ABVE,1155247,1.87%,-82445446,83600693,,1118.19%,1.64%,,-637.58%,,63.08%,,-32.80%,,,-59.09%,,,2.27,2,10.13,0.89,0.45700,165104,47.52,35.27,0.00,-0.69
LPTX,48072000,,48072000,,-32.87%,,,,371.90%,-137.50%,-191.08%,-108.00%,-106.90%,-96.22%,,-199.89%,-76.00%,-1303635,,1,,,0.31600,316205,38.58,28.34,37.71,-1.81
BRTX,10732591,,10732591,,-1.57%,,,,77.72%,-82.00%,-105.25%,-133.76%,-59.00%,-377.86%,36455,-135.44%,-257.86%,-816307,0.03,2,,-17.20,1.73500,25951,48.50,49.75,27.67,-1.16
CLRO,1417000,8.90%,903000,514000,-95.63%,-56.02%,-22.71%,-34.44%,6.91%,-36.40%,-39.38%,-17.42%,-26.80%,-3.12%,138854,-42.17%,-1.56%,-109549,0.34,2,0.59,0.96,0.50020,14037,40.80,45.11,43.16,-0.37
WCT,8199,-11.05%,-508934,517133,,,,,-8.55%,66.80%,38.59%,,33.40%,,355714,36.83%,,133944,0.89,4,,4.07,0.28000,8725449,33.64,37.56,0.00,0.04
DPRO,4439247,-18.29%,4135350,303897,162.53%,-9.76%,-51.09%,,31.75%,-690.50%,-495.02%,-510.02%,-147.60%,-296.24%,506254,-291.88%,-131.08%,-1070793,0.70,3,3.30,-17.59,2.37000,84445,42.58,39.65,37.24,-3.06
STAK,658154,199.31%,-3793354,4451508,,,,,-29.32%,26.10%,26.59%,,14.50%,,402529,16.73%,,51953,1.12,3,,3.36,1.15000,330573,21.23,0.00,0.00,0.24
NRXS,3696870,-0.78%,3223465,473405,,2.53%,111.10%,,25.82%,,-347.09%,184.43%,-356.70%,,127901,-281.64%,,-402513,1.13,2,11.05,-18.50,1.79000,116611,37.17,34.50,33.71,-1.22
TKLF,3077122,10.14%,-68569153,71646275,,,-4.08%,,-515.58%,20.40%,16.75%,4.80%,4.80%,,1568005,7.53%,,49006,1.53,5,13.07,2.04,3.04000,995,43.80,42.18,26.68,1.80
ABVC,840682,-3.51%,-1485464,2326146,,-10.96%,-31.71%,,-10.90%,-100.40%,-72.55%,-116.88%,-56.80%,,26831,-59.27%,,-433848,0.04,2,,-7.23,1.05000,466177,60.31,65.99,29.67,-0.86
ATER,17998000,2.90%,10584000,7414000,34.38%,-43.18%,-38.96%,-26.74%,68.53%,-38.10%,-36.24%,-75.42%,-21.80%,-169.74%,1021082,-31.59%,-66.98%,-122289,1.82,5,2.20,-17.90,1.72000,78894,39.00,34.73,38.42,-1.68
NCRA,372478,-1.15%,338778,33700,-65.52%,-58.83%,-93.32%,7.61%,2.65%,-89.90%,-79.40%,-113.98%,-59.20%,-123.26%,931077,-81.06%,-67.26%,-175120,3.15,2,212.39,0.13,0.91200,18333,45.81,47.20,39.31,-0.36
YQ,49121744,-34.16%,47609816,1511928,-24.19%,-57.81%,-36.10%,-40.59%,18678.87%,-46.20%,34.48%,-57.20%,-33.40%,36.70%,51530,-52.83%,-88.88%,-52541,0.33,1,,-27.45,1.64000,127683,59.72,55.45,24.79,-3.22
FEBO,3335709,-21.07%,1784669,1551040,,,,,14.08%,-3.10%,-0.16%,,-1.60%,,56277,-0.52%,,-691,1.30,2,6.89,3.85,1.15000,5795,47.02,29.42,43.17,-0.04
FEDU,31872172,91.24%,20791852,11080320,-56.52%,-27.56%,623.83%,,1547.59%,0.40%,-1.00%,-8.88%,0.30%,-9.24%,146374,-0.84%,-6.10%,1470,0.28,1,,,6.00000,14611,32.87,33.21,39.52,0.10
GLXG,1398787,456.38%,1096724,302064,-4.74%,,-53.46%,,9.37%,65.50%,-6.11%,,19.40%,,133008,60.16%,,24463,1.06,5,,4.96,0.70200,877287,43.48,42.13,0.00,0.04
AQMS,4179000,18.34%,643000,3536000,-95.46%,,19.54%,-16.48%,4.79%,-115.30%,-131.87%,-75.05%,-81.90%,-79.78%,,-120.56%,-59.68%,-463302,,1,12.23,,1.52000,106808,34.84,33.18,31.50,-3.83
CLRB,23288607,-3.66%,22794604,494003,152.94%,17.86%,-10.67%,-1.30%,180.54%,-328.20%,-276.73%,-102.49%,-132.00%,31.00%,,-350.12%,-135.78%,-4052859,,1,,,0.27280,642899,32.61,24.98,36.67,-1.40
GLYC,10720178,-74.50%,10653334,66844,-74.01%,-67.35%,-91.73%,-55.00%,85.34%,-230.70%,-712.88%,-213.54%,-177.40%,-97.62%,,-744.17%,-80.62%,-9469789,,1,,,0.19460,155614,38.12,36.91,37.27,-0.59
CAPS,11000,-13.38%,-16601000,16612000,,,,,-468.01%,,-1.84%,,-11.00%,,1246556,-4.71%,,-152639,0.90,3,,-4.80,2.41840,9038,51.34,46.64,25.18,-34.87
JDZG,8563346,-33.59%,8277113,286233,,,,,64.74%,75.50%,52.87%,,49.10%,,,47.74%,,,0.81,1,,9.41,0.51060,80137,34.84,25.81,0.00,0.06
MEIP,23739000,,23739000,,-49.97%,,,,189.52%,-116.70%,-172.94%,-62.80%,-92.80%,-57.26%,,-183.78%,-17.44%,-1364893,,2,,,1.88000,5613,20.63,24.12,32.69,-5.73
IMNN,5872767,-10.02%,4733474,1139293,-66.36%,-44.42%,-29.88%,-36.84%,37.21%,-301.80%,-377.60%,-134.73%,-154.80%,-126.70%,,-355.38%,-72.60%,-744810,,0,,,0.86000,78451,42.45,45.39,37.80,-1.62
COCP,9964000,-3.68%,8158000,1806000,-66.87%,50.10%,-2.54%,17.19%,67.38%,-112.60%,-158.72%,-71.44%,-90.00%,-57.06%,,-157.81%,-50.70%,-1591273,,1,,,1.22500,26127,30.22,35.43,35.06,-1.72
SYBX,18910000,,18910000,,-40.10%,,,,156.97%,-169.40%,-183.15%,-115.38%,-95.10%,-88.86%,8000,-321.15%,-59.32%,-23359000,,1,,-33.28,1.06000,4898,35.61,29.76,29.84,-1.92
JFU,164822202,-21.43%,163240960,1581243,-50.66%,,-30.40%,,26664.12%,0.20%,,-11.72%,0.20%,-20.56%,192689,-1.39%,-15.28%,3984,0.09,1,,,1.05000,3021,29.95,32.54,29.41,0.17
PWM,766889,-52.63%,586372,180517,453.05%,,,,4.52%,-149.10%,-226.26%,-28.57%,-104.30%,,159978,-218.76%,,-1719207,0.10,1,,-1.76,0.39000,90487,36.72,38.00,31.72,-0.68
ALLR,19533000,0.97%,18183000,1350000,,7.52%,3.85%,,152.32%,-263.80%,-205.26%,-29.34%,-117.20%,10.00%,,-206.98%,-91.16%,-4192333,,2,,,0.72510,989192,35.47,20.32,9.82,-15.65
BOLT,48107000,38.69%,22898000,25209000,-72.07%,1.16%,24.68%,19.87%,186.64%,-79.10%,-75.34%,-34.80%,-53.00%,-25.84%,147885,-88.64%,-56.68%,-1213808,0.07,3,,-7.42,0.32100,74951,32.59,26.17,26.21,-1.65
TNMG,3200011,953.90%,-14488354,17688365,,,4953.82%,,-120.10%,-32.30%,-10.55%,,-10.10%,,102626,-11.93%,,-16844,0.62,0,,-0.21,0.47000,886314,22.99,7.74,0.00,-0.14
BNAI,149273,18.35%,-3155070,3304343,,,137.39%,,-23.99%,-218.80%,-859.45%,,-111.50%,,3838,-613.13%,,-1296747,0.00,1,,-10.07,0.28950,84924,34.22,30.43,0.00,-1.02
EQS,1699000,1.94%,-53294000,54993000,,,205.74%,15.30%,-392.27%,-15.30%,,-6.87%,-7.20%,1.38%,,-3.56%,1.66%,,0.01,1,,,0.90000,15394,29.64,33.21,32.14,-0.50
SPRB,60055000,-13.72%,57100000,2955000,-44.68%,-22.12%,-38.67%,,468.48%,-62.10%,-78.73%,-26.46%,-47.50%,-27.32%,244862,-79.21%,-85.60%,-1359552,0.09,4,,-5.39,0.29510,253264,38.36,33.63,35.89,-0.94
LUCY,7524171,,7524171,,75.49%,,,,125.22%,-99.30%,-85.34%,-540.88%,-91.10%,,148767,-87.12%,,-706047,0.19,3,1.35,-0.07,4.95000,14085698,69.54,49.21,34.87,-5.19
NCL,87741,21.71%,-9156237,9243978,,2.16%,3.87%,,-76.32%,-453.30%,-80.13%,,-30.40%,,213382,-34.77%,,-56716,1.14,5,2.33,0.06,0.21870,357,53.90,44.76,1.51,-0.20
TIRX,38257360,1719.84%,37078761,1178599,8.32%,,709.93%,,322.58%,-12.00%,-11.58%,-7.62%,-10.60%,-6.54%,357704,-13.25%,-6.16%,-442992,0.09,3,,1.48,1.19000,23312,38.17,33.25,45.61,-2.42
ADGM,20586000,16.37%,4321000,16265000,,,-59.29%,,36.27%,,-129.43%,,-194.50%,,3165,-172.71%,,-632506,0.01,2,0.66,-4.93,0.78000,24706,38.56,22.99,0.00,-3.70
INAB,11120000,-8.08%,6090000,5030000,-62.84%,27.80%,2.80%,,49.67%,-224.60%,-170.41%,-68.29%,-143.30%,-107.18%,,-157.20%,-94.04%,-1690944,,1,,,0.14710,342136,24.31,28.60,26.55,-0.57
IBIO,7238000,7.27%,2485000,4753000,,-44.44%,-72.48%,-31.87%,20.98%,-99.20%,-112.30%,-44.77%,-61.70%,-150.44%,23438,-83.44%,-63.12%,-1206437,0.01,3,,-22.57,1.21000,443984,20.46,35.37,36.50,-0.67
CWD,4897000,-2.11%,-76865000,81762000,,-20.09%,-60.99%,,-634.32%,,,,-12.00%,,516354,-19.25%,,-199768,0.31,4,,,0.51100,9575,40.36,37.32,23.95,-0.90
MTVA,16017000,-11.69%,15881000,136000,-28.57%,24.19%,-33.00%,3.23%,133.94%,-221.20%,-345.37%,-210.59%,-131.10%,-171.92%,,-357.12%,-123.48%,-3065778,,1,,,1.37000,19916,39.74,34.35,33.80,-3.56
MOB,8686390,1560.09%,3318176,5368214,-82.11%,,1150.59%,,10597.14%,-136.10%,-83.24%,-65.21%,-73.70%,,65850,-43.04%,,-267012,0.29,3,1.56,-5.11,1.58070,48761,40.42,41.06,46.75,-132.00
ROMA,5869742,,5869742,,10730.58%,,,,51.10%,-75.20%,-244.00%,,-60.90%,,73221,-36.54%,,-196316,0.23,1,,6.72,0.98950,200862,75.82,59.88,58.77,-0.25
GWAV,15199655,-5.56%,6640812,8558843,,19.04%,-77.15%,21.68%,53.60%,-317.80%,-4.37%,-10.60%,-146.20%,-228.66%,258918,-30.44%,-97085.16%,-658160,0.57,3,18.58,-8.72,0.19380,1445581,27.50,30.73,35.83,-82.19
BPT,4159000,,4159000,,-21.56%,,,,36.60%,-27.90%,,3071.67%,-25.40%,1615.48%,,-38.02%,669.68%,,,0,,,0.55000,104855,42.02,33.11,32.88,-0.05
APCX,868000,-81.35%,721000,147000,-35.80%,-58.74%,-6.96%,-44.91%,6.19%,-282.10%,-149.42%,-850.64%,-118.10%,34522.56%,15333,-169.79%,-548.54%,-497111,0.04,4,,-27.44,0.35000,66701,39.45,37.63,40.28,-0.35
QMMM,497993,-35.93%,343739,154254,5111.33%,,-56.89%,,2.90%,-72.30%,-29.56%,,-44.10%,,96365,-28.77%,,-56436,0.75,1,,10.14,0.67600,130305,33.33,38.04,0.00,-0.10
STI,1188657,-26.74%,-1292178,2480835,,,,,-10.93%,,57.30%,,-202.90%,,195,,,-314115,0.00,1,,-32.39,0.09400,2574470,28.76,32.86,46.19,-0.37
SKK,224000,8.39%,-6957000,7181000,,,,,-57.43%,10.20%,18.97%,,1.40%,,71757,2.95%,,1456,0.71,3,135.24,1.01,0.74000,44974,43.99,40.40,0.00,0.01
HKPD,365391,12.55%,-1983333,2348724,,,,,-15.28%,55.00%,23.03%,,22.00%,,878335,22.05%,,69985,2.76,2,14.07,4.62,1.05000,65937,42.96,0.00,0.00,0.12
SDOT,1786000,150.76%,-5604000,7390000,,76.13%,3.31%,39.95%,-46.61%,15.50%,26.61%,-54.85%,2.40%,-61.74%,,-31.31%,-35.16%,,4.30,2,424.54,3.93,1.96630,34930,26.88,36.85,37.81,0.85
SLGL,28051000,-6.31%,26745000,1306000,-35.75%,-3.54%,-22.68%,9.05%,215.74%,-27.20%,-26.26%,-42.24%,-22.50%,-35.90%,325194,-31.56%,-31.52%,-265833,0.28,2,,-6.02,0.41000,108058,30.28,37.85,32.61,-0.34
PAVM,1185000,-8.79%,-30675000,31860000,,,-34.61%,31.38%,-263.68%,-85.20%,-832.34%,126.24%,92.70%,-35.40%,76795,-151.50%,-106.98%,819641,0.09,3,,-8.37,0.68000,89839,49.62,44.02,33.03,0.50
ANY,14349000,,14349000,,812.79%,,,,127.47%,-27.80%,-23.70%,-141.55%,-21.80%,-83.52%,4152000,-54.46%,-44.44%,-2367500,0.38,3,,-13.01,0.43600,292845,41.01,32.31,35.87,-0.48
PITA,37633637,1183.33%,33724136,3909501,306.52%,,21.89%,,314.10%,4.10%,2.52%,,0.20%,,,0.61%,,,0.73,1,1.37,,0.23790,45206,39.44,24.19,0.00,0.01
AIEV,52616,-66.44%,49161,3455,-75.03%,,,,0.45%,-46.90%,-38.36%,,-23.30%,,,-38.34%,,,,1,,,0.15990,102289,42.34,28.14,0.00,-0.06
CODX,29747642,-9.15%,27595463,2152179,-50.33%,,-28.03%,,234.31%,-56.00%,-66.30%,-10.51%,-49.60%,6.46%,29660,-70.99%,6.72%,-285144,0.05,2,0.73,-1.40,0.33680,310632,35.17,25.20,33.31,-1.24
BNRG,4130000,-6.62%,-693000,4823000,,,-15.53%,,-6.16%,-183.90%,-71.59%,-59.82%,-60.20%,,,-113.46%,,-123127,,2,0.75,,1.39000,25033,54.57,50.91,27.58,-1.29
PRPH,678000,-16.97%,-23895000,24573000,,18.14%,33.14%,,-195.13%,-158.80%,-137.83%,-25.06%,-63.00%,-33.72%,59912,-121.00%,-12.96%,-472248,0.08,1,4.03,-3.32,0.26750,454529,39.23,29.28,31.58,-2.61
WKSP,4883099,0.78%,-735905,5619004,,118.31%,-9.94%,77.54%,-4.89%,-90.00%,-68.42%,-61.08%,-61.50%,3.66%,104745,-67.21%,-58.16%,-199553,0.32,3,1.72,-3.73,3.28000,95018,35.30,33.31,39.42,-5.84
SPHL,114845,-11.93%,-924070,1038915,,,,,-13.85%,,114.78%,,,,207492,69.48%,,24580,,4,,6.46,0.52040,5077291,37.70,33.49,0.00,0.12
DLPN,9128846,17.54%,-18491133,27619979,,34.64%,7.95%,7.11%,-170.69%,-76.50%,-32.68%,-18.33%,-20.50%,-45.90%,192137,-26.58%,-16.18%,-46852,0.84,3,,-3.20,1.00000,29038,46.60,39.19,32.97,-1.22
SANW,1393200,-11.68%,-17199596,18592796,,-28.50%,-64.86%,-8.99%,-166.69%,-96.20%,-70.16%,-22.00%,-34.00%,-28.32%,304123,-39.49%,-12.42%,-235376,0.44,3,1.07,-3.13,5.20000,9372,24.34,40.99,37.51,-15.53
STFS,171275,-6.00%,-471284,642559,,,,,-4.23%,1042.10%,-7.09%,,22.10%,,881586,38.86%,,90147,2.14,5,,4.19,0.91800,46446,40.26,46.93,0.00,0.15
ICU,1819000,,1245000,574000,,-40.15%,-93.68%,,11.29%,,1126.11%,942.53%,-485.60%,,7105,,,-1306842,0.03,2,,-59.16,1.27000,101580,31.84,32.60,9.79,-6.63
MRKR,19192440,,19192440,,27.01%,,,,167.49%,-90.40%,-57.56%,-81.65%,-73.10%,-82.54%,823885,-59.91%,-58.56%,-1341414,0.45,0,,-26.72,1.03000,27325,36.75,28.88,37.19,-1.19
LIDR,22278000,-8.49%,21653000,625000,-9.08%,,-95.79%,-30.24%,199.82%,-194.90%,-221.52%,-141.81%,-99.20%,-19.40%,4489,-227.49%,-87.30%,-788000,0.01,2,2.05,-22.36,0.58990,143565,43.28,36.70,28.21,-4.89
HCWB,4674572,6.95%,-9017977,13692549,,,117.19%,,-83.97%,,-4836.76%,-116.33%,-105.30%,134.98%,21320,-425.86%,-59.40%,-667196,0.03,3,,-8.61,0.24510,280021,35.32,38.92,30.19,-0.77
PTN,3416604,-23.96%,3058860,357744,-64.69%,-36.21%,-56.45%,,26.73%,,513.23%,-301.80%,-360.90%,62.20%,11667,,-97.24%,-898407,0.05,1,,-168.37,0.42230,599458,23.35,31.03,33.50,-1.53
SABS,20760712,3.29%,16091803,4668909,-68.24%,-18.15%,-20.96%,,140.84%,-84.30%,-93.29%,-52.66%,-59.00%,-43.42%,23200,-140.05%,-30.22%,-598339,0.02,0,,-5.62,1.18000,14442,36.80,34.81,26.21,-3.68
SEED,1144986,,450749,694237,,-59.06%,-96.40%,-34.15%,4.13%,-46.70%,-1.83%,-27904.79%,11.20%,30.94%,234181,139.21%,-9.22%,42779,0.61,3,7.36,-5.26,1.52000,29627,35.45,33.62,38.94,0.45
CSCI,16393000,42.95%,14083000,2310000,182.79%,142.99%,36.04%,20.67%,159.88%,-84.60%,-54.21%,-37.66%,-38.10%,-34.44%,798917,-118.16%,-14.30%,-1275750,0.24,2,1.45,-0.82,2.80500,4403,48.40,42.20,32.61,-5.93
PGHL,855466,-14.50%,-3022677,3878143,,,65.83%,,-26.32%,15.30%,12.63%,,6.10%,,536454,10.43%,,25984,1.27,5,,3.20,0.41190,247017,37.70,37.83,0.00,0.05
OXBR,5893000,-84.38%,5627000,266000,55.53%,-8.83%,109.45%,-18.35%,49.74%,-68.60%,,-18.42%,-36.50%,-20.14%,949667,,-11.08%,-908667,0.38,2,,,1.46000,5427,18.50,32.92,42.97,-0.45
PSIG,11489752,180.11%,11307914,181838,7.68%,,-72.02%,,112.21%,108.80%,46.69%,,23.10%,,5435960,38.03%,,135578,9.28,2,,8.38,0.42950,102860,41.76,29.29,0.00,-0.01
DATS,4149211,,4149211,,-32.05%,,,,37.61%,-63.00%,-89.41%,-108.42%,-76.90%,-227.64%,36,-76.77%,-106.86%,-353263,,1,,-4.94,2.56000,142025,46.14,50.94,37.46,-1.43
PETZ,25396387,752.46%,22371070,3025317,21.53%,-15.05%,-55.44%,,201.59%,-93.50%,-79.30%,-26.50%,-67.60%,238.68%,30829,-22.64%,-30.00%,-399504,0.05,2,,-1.13,1.04250,271,34.22,42.72,38.55,-2.17
AIRI,186000,-0.68%,-26605000,26791000,,-1.94%,12.14%,-1.61%,-233.11%,-4.30%,5.24%,0.43%,-1.30%,-5.44%,298094,,-1.30%,-3506,1.07,1,1.46,-0.29,3.19000,1818,32.89,32.16,40.50,-0.19
FBGL,3443794,10.82%,1482678,1961117,,,-21.98%,,13.33%,11.70%,33.05%,,3.30%,,194462,6.28%,,5278,1.23,7,,2.18,0.79000,77324,32.41,0.00,0.00,0.04
HOTH,7038923,-8.08%,7007848,31075,-24.13%,,-43.67%,,67.35%,-103.80%,-118.99%,-143.54%,-94.80%,-109.64%,,-118.89%,-98.14%,-2729433,,1,,,0.80450,296243,36.99,42.67,32.25,-1.28
NCI,602501,38.29%,-9137815,9740316,,,169.89%,,-87.30%,58.30%,-4.93%,,9.90%,,936536,7.99%,,59109,1.57,4,44.38,1.95,0.51900,408242,61.17,44.40,0.00,0.08
GRYP,4129000,-70.95%,-1468000,5597000,,-31.36%,-62.36%,,-13.82%,,1253.69%,120.49%,-191.90%,15.76%,10269500,,-151.40%,-10650000,1.85,1,,-19.21,0.15010,691623,36.40,28.38,31.10,-0.51
USEA,6762000,-3.35%,-90961000,97723000,,,3.58%,,-857.06%,-5.40%,,14.19%,-2.00%,,9087800,,,-676600,0.26,3,,,1.18500,16666,24.07,21.32,36.29,-0.38
SSKN,8595000,-0.23%,-7844000,16439000,,26.98%,5.16%,13.66%,-70.17%,-121.40%,-37.85%,-22.64%,-25.90%,-47.96%,316623,-43.23%,-14.80%,-95151,0.86,4,5.89,-9.14,2.51000,792,41.42,37.94,31.38,-2.65
UCAR,5512320,-6.14%,2673506,2838814,,,-7.52%,,24.41%,-13.80%,38.91%,,-9.70%,,403351,-12.88%,,-511636,0.08,1,1.80,0.49,2.60000,14156,45.49,38.29,0.00,-15.98
RLYB,65511000,-33.04%,65357000,154000,-40.33%,,-60.71%,,616.66%,-76.60%,-93.39%,-51.30%,-68.20%,-60.64%,25440,-97.88%,-45.04%,-2311000,0.01,1,,-6.74,0.25060,193793,20.66,19.40,35.57,-1.33
BSGM,654000,-48.58%,509000,145000,,-41.19%,-72.74%,-40.56%,3.58%,,5399.29%,-433.17%,-780.90%,923.24%,9750,,-351.52%,-3861500,0.02,3,,-282.25,0.60500,69326,48.74,40.49,37.64,-1.43
BLBX,1117036,-4.80%,624349,492687,645.02%,-30.03%,25.73%,-15.64%,5.93%,-57.90%,-61.73%,-44.59%,-35.80%,-118.48%,256695,-56.21%,-59.94%,-347123,0.27,1,414.92,-3.12,2.89000,58637,43.85,49.78,45.98,-1.03
ASTC,24692000,-34.26%,24550000,142000,-33.32%,-50.17%,-69.20%,-43.89%,238.45%,-40.40%,-47.21%,-53.14%,-37.40%,-156.72%,13967,-52.51%,-47.02%,-446667,0.01,2,0.09,-9.33,6.24760,1950,46.01,37.40,34.46,-8.17
VSTE,6902000,-47.90%,-3000,6905000,,,150.18%,,-0.03%,,-553.99%,,-102.50%,,,-606.77%,,,0.36,3,,-42.20,0.34630,109780,38.46,38.19,23.64,48.75
KDLY,2273624,93.10%,1489942,783682,,,23.15%,,13.82%,-144.00%,-104.96%,,-101.50%,,41844,-99.84%,,-55656,0.76,2,2.45,1.34,1.72000,34538,51.10,50.75,0.00,-0.67
FLYE,1367248,-4.38%,-21036914,22404162,,,55.61%,,-163.06%,-10.80%,-3.92%,,-3.80%,,339847,-2.82%,,-15708,0.82,1,2.34,1.18,0.42070,411700,44.69,35.70,0.00,-0.05
PLAG,227492,6.64%,-5755762,5983254,,-8.71%,59.11%,,-55.66%,-57.70%,-48.03%,-15.54%,-23.70%,-35.96%,118638,-38.72%,-23.20%,-70396,0.40,2,4.71,-5.20,1.42000,500,45.62,41.13,35.04,-1.37
DTCK,1363000,-18.53%,765000,598000,-88.74%,,103.40%,,7.43%,4.80%,5.96%,,1.50%,,7265273,0.61%,,21318,5.20,5,1248.01,6.58,0.43350,1613,18.67,22.89,22.35,0.01
AFMD,27581722,-11.20%,13327479,14254243,-84.23%,4.96%,-38.85%,27.74%,140.04%,-193.90%,-283.23%,-71.17%,-107.30%,-78.48%,12822,-233.37%,-42.00%,-1022953,0.01,1,,-25.61,0.62600,84894,26.09,26.59,29.01,-5.12
MBRX,4278000,-8.21%,3920000,358000,-83.01%,78.45%,-24.47%,5.34%,37.00%,-165.00%,-188.16%,-145.92%,-90.00%,-84.28%,,-420.40%,-55.74%,-1280176,,0,,,0.73110,142042,33.35,34.70,29.77,-6.32
SCNX,1630135,31.11%,-1902366,3532501,,41.44%,1586.13%,28.77%,-17.89%,19.10%,10.18%,-172.06%,15.70%,-185.40%,7192,-18.91%,-64.60%,477147,0.00,3,,0.02,0.81700,176843,30.29,27.37,34.29,2.48
LTRY,60466,-8.29%,-6351661,6412127,,-47.60%,38.59%,72.08%,-66.45%,-111.40%,-122.27%,-43.93%,-55.40%,-83.34%,617469,-92.32%,-35.08%,-3435932,0.10,2,,-7.94,0.84510,153415,42.11,48.04,28.58,-8.78
EDUC,3224900,-7.22%,-29454000,32678900,,4.67%,-3.54%,11.39%,-285.48%,-12.70%,-7.80%,6.31%,-6.40%,13.80%,361616,-9.96%,5.72%,-54779,0.42,4,0.27,1.62,1.19000,3557,27.81,28.02,33.52,-0.66
MHUA,37032975,60.51%,25266136,11766839,-70.66%,,113.01%,,302.68%,6.40%,8.09%,15.31%,5.40%,,152759,5.57%,,15041,0.55,3,55.06,2.44,0.32000,77588,48.29,39.29,42.08,0.37
YYAI,4294095,,4294095,,-62.56%,,,,41.50%,-107.70%,-59.71%,160.16%,-72.20%,-1264.18%,656439,-20.00%,-390.98%,-2224802,0.21,0,,0.90,0.70100,96032,46.94,36.16,35.68,428.03
TXMD,5059000,-4.07%,-483000,5542000,,-69.55%,-15.16%,-51.37%,-4.87%,-7.90%,-6.57%,-48.01%,-5.40%,46.28%,1761000,-14.46%,-21.54%,-2181000,0.04,4,,-33.73,0.87600,17166,48.64,40.79,31.07,-0.19
BLRX,19562000,-49.21%,4522000,15040000,-85.60%,47.88%,29.76%,7.54%,713.88%,-75.30%,-0.43%,-85.85%,-17.70%,-110.68%,366329,-71.60%,-48.74%,-116722,0.56,3,3.63,-13.28,2.43000,11372,31.67,28.23,30.80,-0.01
CJET,1457000,-2.75%,-265799000,267256000,,,,,-2682.05%,,146.66%,,-9.40%,,7195,-55.81%,,-34949,0.02,4,,-2.19,1.88000,8074,58.80,40.86,25.38,-9.03
CVR,2169955,,2169955,,-31.29%,,,,23.64%,-23.90%,-23.85%,-9.55%,-21.40%,-5.24%,167619,-25.78%,-4.72%,-34880,1.03,3,3.75,3.97,10.40000,5900,28.64,19.33,26.46,-5.81
BIAF,1105291,-12.69%,-395903,1501194,,-49.07%,-4.91%,,-3.97%,-250.90%,-262.14%,-55.28%,-130.20%,,124827,-218.20%,,-120531,1.35,3,259.63,-13.16,0.56010,238936,52.05,40.88,38.54,-0.75
BLNE,310000,-12.93%,-12516000,12826000,,-6.62%,-4.33%,8.61%,-123.96%,,360.90%,-46.30%,-38.20%,-22.04%,172872,-44.34%,-38.70%,-136766,0.48,0,2.88,-8.64,1.43000,141979,25.32,31.29,31.11,-34.20
CPOP,371149,15.05%,-5860135,6231284,,,13.19%,,-70.06%,-59.00%,-71.51%,-20.85%,-30.50%,-13.42%,1822381,-63.34%,-9.62%,-477197,1.17,3,,-0.09,0.59000,13334,43.45,31.12,9.60,-4.32
XTLB,2006000,,2006000,,,,,,19.62%,-57.30%,,-22.99%,-53.90%,-29.18%,,-34.46%,-25.02%,-254571,,0,,,1.16000,258,43.76,38.60,40.69,-0.30
CRIS,19997000,-9.39%,17043000,2954000,-68.17%,-16.31%,5.73%,77.85%,138.64%,,-195.11%,216.24%,-88.50%,444.56%,320824,,-50.28%,-1276147,0.22,4,,-44.90,1.17000,71992,15.52,23.53,35.47,-6.88
HYFM,26111000,-1.81%,-143415000,169526000,,0.39%,-7.83%,5.96%,-1850.04%,-26.70%,-12.94%,-14.84%,-14.60%,-23.76%,665343,-12.87%,-14.24%,-233276,0.42,2,2.51,-1.58,2.15000,15663176,37.90,29.87,27.82,-14.51
SYNX,3698000,-79.35%,3565000,133000,1527.85%,,-90.21%,,29.52%,-30.10%,-13.03%,,-17.70%,,299788,-15.78%,,-36030,1.47,3,2.44,1.51,1.87000,188,29.35,33.93,39.44,-0.23
MRM,1000931,-2.21%,-23693226,24694157,,,29.05%,,-383.82%,,0.04%,-19.06%,-1.90%,-150.20%,44212,-22.40%,-4.62%,-700,1.19,1,59.04,0.53,1.25000,6992800,75.86,45.44,34.81,-0.15
MNTS,1572000,-20.59%,-4403000,5975000,,-41.19%,-28.90%,19.04%,-47.50%,,683.10%,135.64%,-241.80%,119.08%,17187,,-138.58%,-284114,0.15,2,,-69.59,2.06000,135561,42.35,33.40,28.33,-23.19
MYNZ,6235670,-69.06%,3995568,2240102,5.52%,24.48%,-68.56%,,39.48%,-465.80%,-282.30%,-153.98%,-151.20%,-366.54%,12591,-225.61%,-154.80%,-304939,0.06,4,0.84,-13.67,3.22000,27978,37.81,32.90,29.04,-22.36
HCTI,20000,144.92%,-2630000,2650000,,-8.45%,-31.79%,,-25.29%,,92.76%,-61.86%,-121.70%,8.90%,377290,,-52.38%,-192548,2.38,2,,-28.55,0.21600,161125,32.76,36.77,25.70,-1.13
TRIB,2840000,0.41%,-90875000,93715000,,4.06%,71.97%,2.74%,-28315.97%,,-17.24%,-21.59%,-23.80%,-854.82%,155597,-19.93%,-19.26%,-53511,0.69,2,1.78,-0.47,0.56000,14633,38.40,33.10,34.43,-2.25
VS,3065914,,3065914,,-34.61%,,,,31.21%,-39.80%,-114.50%,-82.86%,-162.30%,-110.34%,7161,-39.72%,-130.40%,-505291,0.02,0,,166.46,1.99000,93782,42.99,46.94,30.64,-1.54
AWX,11761000,-0.25%,-22951000,34712000,,15.10%,-0.89%,6.87%,-235.43%,3.50%,4.88%,1.10%,1.50%,,95006,3.96%,,1494,0.94,8,41.35,0.87,2.50000,2091,34.67,38.15,46.54,0.34
TPET,1961201,-64.37%,1648417,312784,,,-75.39%,,17.55%,-99.00%,-61.84%,,-78.80%,,224023,-49.93%,,-9540274,0.02,2,,-0.34,1.40000,5389,49.70,55.81,50.68,-3.68
ERNA,1729000,-98.22%,1045000,684000,,-36.90%,-98.37%,-35.40%,8.55%,,-1619.78%,-300.27%,-163.30%,-258.18%,97000,-723.27%,-140.96%,-7425833,0.02,3,,-83.14,0.18620,191755,39.07,29.34,42.31,-3.26
MWG,3912000,44.23%,-14500000,18412000,,,9.80%,,-161.02%,34.40%,30.61%,,10.20%,,388435,5.35%,,71859,0.55,3,0.75,1.50,0.29180,436,46.50,46.61,18.46,0.21
EEIQ,1488754,160.52%,-1744225,3232979,,,216.01%,,-18.64%,-83.70%,-46.75%,-40.30%,-28.20%,-35.58%,135892,-88.38%,-16.50%,-99835,0.38,1,,-1.27,0.73990,447,46.12,38.59,33.16,-0.47
SUGP,6746446,93.55%,5806088,940358,59.99%,,149.19%,,66.18%,13.80%,-4.74%,,7.80%,,52600,9.27%,,3076,1.34,5,4.11,3.18,0.69990,35713,42.48,36.38,25.41,0.11
JL,7709664,-17.86%,5500012,2209652,57.33%,,-51.53%,,53.90%,13.20%,15.61%,,8.20%,,529535,7.08%,,26977,1.61,3,7.56,3.99,3.07000,3784,36.58,37.76,2.79,0.57
SOGP,63299835,92.65%,59551861,3747974,-32.70%,-13.94%,-66.20%,,113156.23%,-58.90%,14.37%,-21.43%,-33.80%,-25.06%,433506,-82.26%,-130.32%,-53875,2.72,0,,-3.87,1.95000,52803,40.99,42.98,33.18,-5.79
IMRN,4797106,,4797106,,-59.59%,,,,48.40%,-52.80%,-78.29%,-32.01%,-45.90%,-34.10%,882859,-67.37%,-30.86%,-652404,0.62,1,1.41,-4.20,1.65000,25765,37.01,38.84,41.38,-0.80
PRZO,4178866,-13.70%,3759386,419480,,,-78.68%,,36.99%,-381.60%,-250.28%,-1146.89%,-156.10%,,42371,-5161.46%,,-502465,0.13,2,2.50,-11.59,0.57000,135675,29.89,38.69,37.61,-0.99
RLMD,44909382,,44909382,,-53.38%,,,,493.99%,-147.60%,-225.13%,-118.09%,-124.50%,-97.32%,,-236.17%,-86.66%,-4704668,,1,,,0.28600,262974,48.73,27.75,35.40,-2.65
BHAT,2975380,-4.99%,456935,2518445,,,79.64%,,4.92%,-62.80%,-38.15%,,-38.50%,,2528814,-61.58%,,-1014133,0.96,2,13.75,-0.53,1.92000,274598,39.15,23.57,26.90,-34.00
BNZI,4263567,-34.03%,-6412015,10675582,,,-61.88%,,-68.65%,,110.47%,,-583.50%,,331599,,,-2342469,0.83,3,,-28.17,1.02000,380276,43.25,18.85,5.22,-81.56
DUO,21016446,1174.29%,20773371,243075,-21.13%,-84.60%,-97.90%,,205.48%,-35.70%,3.49%,-105.91%,-10.20%,118.82%,287601,-122.98%,-21.28%,-88818,0.33,2,27.39,-9.42,0.22440,2917771,25.45,34.57,0.00,-3.10
NERV,21462008,,21462008,,-47.67%,,,,199.28%,-4.50%,4.19%,-54.60%,3.30%,52.58%,,85.04%,-29.24%,179858,,2,,,1.35000,13276,30.87,29.80,38.80,0.19
BMRA,2372000,-11.46%,1746000,626000,-71.83%,-18.74%,-33.19%,-17.90%,17.70%,-90.20%,-103.61%,-55.62%,-64.50%,-63.08%,87125,-102.60%,-46.56%,-87578,0.64,2,2.74,-8.07,0.51330,72814,42.34,50.17,38.83,-0.34
ATHA,51906000,-7.38%,50689000,1217000,-65.39%,-14.10%,-23.22%,-4.76%,534.50%,-132.60%,-212.38%,-77.05%,-99.50%,-53.76%,,-219.08%,-44.56%,-3728462,,0,,,0.23930,88924,26.68,25.02,35.49,-2.52
MTR,1877243,,1877243,,-10.46%,,,,20.11%,73.62%,2641.14%,74.51%,70.96%,69.24%,,71.56%,57.82%,,0.67,3,,,5.01000,1473,18.06,32.89,38.58,0.25
GDHG,19830128,-5.94%,10026473,9803655,-35.97%,,44.40%,,90.81%,-2.50%,0.36%,18.04%,-2.00%,,36021,,,-2898,0.25,1,,2.11,0.26970,464821,36.75,37.93,44.93,-0.70
AIHS,1127031,-12.46%,743683,383348,,-62.66%,-69.99%,-15.37%,8.22%,,-134.32%,-144.08%,-37.50%,-125.32%,73863,,-32.18%,-60570,0.46,3,,-8.08,0.88460,10090,49.97,47.84,40.34,-0.32
RNAZ,1875862,-32.90%,1723381,152481,-74.87%,,-74.36%,,20.74%,-649.00%,-898.56%,-245.52%,-281.40%,,,-810.54%,,-1492656,,0,,,0.39860,2671538,27.65,26.76,22.65,-3191.10
STRM,754000,-1.62%,-11508000,12262000,,6.44%,25.22%,28.71%,-118.14%,-57.00%,-31.63%,-36.38%,-23.70%,-30.16%,241377,-28.85%,-15.72%,-121922,0.47,2,,-4.95,2.29440,1746,34.49,38.56,35.40,-2.41
HOOK,39782000,-69.03%,38907000,875000,-64.80%,-56.46%,-86.66%,-39.28%,410.48%,-55.50%,-75.32%,-76.15%,-37.60%,-59.42%,505126,-98.78%,-40.76%,-500034,0.38,2,,-7.22,0.74000,17675,21.54,24.38,30.88,-3.47
OMEX,4791743,-1.04%,-18143787,22935530,,-18.49%,-2.18%,-8.18%,-190.09%,-60.80%,-557.81%,-31.12%,71.90%,15.08%,69880,-179.42%,-64.02%,1423449,0.04,4,,-18.26,0.31220,146806,30.93,31.07,29.15,0.07
NURO,13095034,-24.73%,12987682,107352,-26.86%,-41.46%,-55.43%,-41.03%,145.80%,-47.10%,-54.54%,-31.78%,-43.30%,-31.42%,233295,-60.91%,-26.04%,-600466,0.17,1,0.93,-15.02,4.41090,1542,50.76,57.94,35.49,-3.96
BBGI,13772720,-5.25%,-273436295,287209015,,-4.55%,-6.06%,-0.76%,-3051.09%,-4.00%,2.82%,-3.56%,-1.00%,-14.06%,295926,,-4.20%,-7250,0.43,5,,0.62,5.06480,2459,35.37,28.15,25.87,-3.73
CMBM,46491000,1.32%,-30418000,76909000,,30.95%,169.35%,1.50%,-371.37%,-168.90%,-124.44%,1.90%,-44.10%,-8.02%,275544,-68.65%,-0.88%,-156992,0.78,1,2.33,-1.04,0.32100,128811,30.43,30.37,27.25,-3.54
MSPR,4746000,3.98%,-757500000,762246000,,,18.28%,,-7756.62%,-35.50%,18.60%,,-3.30%,,121977,-50.54%,,-1105932,0.00,3,,-0.24,1.28000,20938,42.54,33.64,18.35,-142.50
JTAI,5872627,-11.21%,4851298,1021329,,37.26%,-51.81%,,53.58%,,-179.31%,,-224.00%,,1752829,-166.80%,,-1672874,2.35,2,,-7.80,4.14000,77941,45.04,28.00,5.87,-47.93
BCDA,2371000,-9.00%,1420000,951000,,-20.15%,-27.68%,-3.59%,15.17%,,-566.36%,646.30%,-204.30%,156.64%,2900,-447.48%,-145.68%,-397300,0.02,1,,-65.18,1.93000,10802,33.96,40.84,35.64,-2.90
CHSN,6107337,-0.64%,-10359127,16466464,,,8.08%,,-130.80%,-1.90%,-0.19%,-0.81%,-0.60%,0.24%,44457,-4.50%,0.48%,-556,0.43,3,13.47,0.56,0.33000,1321805,42.72,35.99,42.97,0.05
BTAI,29854000,-1.94%,-72719000,102573000,,352.78%,1.52%,151.03%,-1315.58%,,-276.13%,-255.36%,-101.50%,344.42%,61243,-709.93%,-83.24%,-1610784,0.04,1,1.61,-27.01,1.64000,91503,38.41,28.04,34.05,-23.51
EKSO,6493000,-5.72%,510000,5983000,-65.31%,39.12%,-16.53%,9.09%,5.54%,-84.40%,-57.87%,-75.00%,-40.50%,-120.32%,271591,-55.97%,-43.60%,-171667,0.64,5,1.75,-12.95,0.36100,42736,41.41,34.26,34.85,-0.56
HUSA,2960151,-21.84%,2889069,71082,-26.16%,-35.82%,-51.43%,-40.01%,34.75%,-96.60%,-192.71%,-38.22%,-92.60%,-38.18%,280090,-66.58%,-36.54%,-4108056,0.06,3,,-6.78,0.56900,17209,25.19,29.23,32.74,-0.73
SOS,246927000,-74.80%,246832000,95000,1.40%,,-97.58%,,1768.07%,-0.90%,-0.90%,9.55%,-0.80%,40.28%,613945,-1.71%,-7.20%,-21304,0.23,1,1.64,0.45,4.25000,11916,37.50,31.83,30.82,23.99
EFOI,565000,-10.88%,172000,393000,,-54.74%,-83.23%,-39.56%,1.96%,-49.20%,-49.70%,-85.39%,-23.80%,-197.70%,373846,-55.68%,-53.56%,-121692,0.73,4,1.08,-36.17,1.69000,2674,38.11,51.54,40.97,-0.32
ADN,192000,-68.93%,-78000,270000,,,-97.57%,,-0.92%,,362.59%,-43.60%,-293.00%,-92.72%,58900,,-39.58%,-648830,0.27,3,1.99,-73.67,3.37000,9818,34.05,43.08,28.09,-27.27
TRAW,21338000,,21338000,,2.48%,,,,229.81%,,-407.13%,-49.98%,-309.10%,-44.60%,12556,,-108.56%,-3037444,0.01,2,,-42.88,1.75000,17949,27.39,34.54,26.77,-35.21
CLWT,5562000,-74.18%,5467000,95000,-24.33%,-0.69%,-18.80%,,61.61%,14.90%,13.85%,0.15%,11.30%,5.32%,366851,0.68%,3.68%,45255,0.92,3,31.09,3.29,1.15000,6942,46.06,36.45,40.28,0.28
RMCF,1129000,49.77%,-6226000,7355000,,56.97%,156.22%,19.61%,-69.52%,-48.20%,-26.20%,-15.39%,-23.40%,-14.06%,174621,-28.04%,-8.72%,-30121,1.36,2,4.57,1.28,1.15000,9102,30.49,30.25,26.84,-0.74
FLGC,6052000,-7.55%,1152000,4900000,61.57%,54.14%,33.44%,,13.11%,-331.30%,-214.62%,-170.53%,-57.90%,-182.08%,793400,-166.26%,-87.86%,-212093,2.17,2,6.58,-7.88,0.45500,160477,25.48,34.01,37.77,-1.30
SMTK,7141000,-63.27%,7069000,72000,-17.68%,-14.45%,-71.08%,,79.05%,-390.80%,-156.23%,-152.99%,-260.50%,,2645,-155.88%,,-630774,0.01,3,,-18.69,2.42000,51456,42.85,41.27,0.00,-6.00
AEI,53493362,-11.58%,50536099,2957263,-1.32%,17.59%,76.76%,-12.26%,602.99%,-4.90%,-4.06%,-5.31%,-4.10%,-37.18%,351932,-4.88%,-28.06%,-66098,0.22,5,2440.83,-2.11,0.81430,18820,41.70,43.15,38.46,-0.43
BSLK,3512000,-0.70%,-9674000,13186000,,353.51%,-60.67%,,-97.73%,,-1184.67%,,-318.40%,,98071,-909.27%,,-4670929,0.07,5,1.47,-69.52,0.25400,226905,41.50,25.00,9.77,-4.14
POAI,734673,-11.10%,-1396305,2130978,,34.32%,-21.84%,-17.35%,-15.63%,-511.10%,-918.30%,-234.76%,-150.50%,-206.30%,46395,-567.89%,-91.06%,-361840,0.19,1,1.91,-58.17,0.97360,166541,35.91,43.79,32.85,-2.32
TSBX,29042000,-30.02%,27853000,1189000,-69.62%,-23.76%,-63.01%,,313.63%,-131.90%,-221.67%,,-105.00%,,,-221.99%,,-885462,,1,,,0.37500,10615,44.32,31.24,14.03,-3.07
GREE,15569000,-2.11%,-52499000,68068000,,-10.46%,-0.93%,,-761.78%,,-28.06%,-74.21%,-30.20%,-48.86%,1488325,-89.30%,-35.66%,-494625,0.91,5,,-7.97,0.59900,160843,27.11,29.70,12.81,-1.88
SONM,5343000,,5343000,,-43.14%,,,,61.67%,-286.60%,834.62%,43.11%,-76.00%,-145.24%,870119,,-51.24%,-502209,1.32,1,5.65,-11.53,1.37000,129361,34.03,28.34,21.21,-7.13
AIFU,111839907,-29.77%,83730945,28108962,-38.71%,3.64%,-38.65%,2.88%,19003.80%,7.00%,-8.46%,9.66%,3.60%,11.24%,91066,6.67%,6.28%,4185,0.77,5,,1.88,0.15270,434887,22.96,23.89,21.87,0.39
MCVT,6026110,,6026110,,1543.15%,,,,67.17%,6.00%,,3.91%,5.90%,8.46%,1100373,4.92%,7.66%,389242,0.17,5,,,1.35000,16750,29.47,35.71,39.58,0.18
AGH,463920,-10.38%,-504004,967924,,,-21.96%,,-5.67%,-15.90%,-7.59%,,-3.70%,,70178,-8.93%,,-3909,0.66,3,27.95,1.03,0.62100,356518,40.82,0.00,0.00,-0.02
DRCT,1445000,-4.12%,-34829000,36274000,,20.47%,17.18%,,-985.80%,,41.92%,-4.35%,-15.70%,-14.94%,788456,-42.30%,-5.64%,-78937,1.57,1,,2.42,0.48420,289430,37.82,34.59,42.71,-1.66
NEUP,4418560,-23.27%,4250250,168310,,,,,50.55%,-13.40%,-19.98%,-64.32%,-10.10%,,17151,-70.58%,,-119660,0.02,1,,-13.19,4.90000,7080,40.86,51.44,0.00,-4.07
BREA,469688,-9.84%,-656361,1126050,,,152.70%,,-9.32%,-221.80%,-188.76%,,-96.40%,,84773,-422.73%,,-184593,0.44,3,,-4.33,0.67500,57446,48.97,46.38,33.16,-0.52
GELS,15262,11.68%,-2376870,2392132,,,2133.04%,,-29.32%,-21.00%,-20.25%,-36.55%,-16.40%,,,-15.54%,,-295516,,1,,,0.91000,39778,29.26,30.76,0.00,-0.29
GURE,11237493,2.22%,2396869,8840624,-97.47%,-3.26%,-0.93%,-2.78%,29.02%,-53.70%,-56.36%,-2.84%,-47.50%,-6.78%,33692,-13.05%,-6.30%,-261481,0.06,1,47.88,-0.82,0.80000,57607,61.36,52.35,35.05,-9.42
APRE,22890055,,22890055,,5.74%,,,,272.18%,-54.10%,-69.10%,-150.18%,-45.50%,-197.96%,187823,-74.17%,-98.56%,-1619839,0.05,3,,-18.55,1.55000,16313,22.43,29.77,31.48,-2.35
CHRO,513443,-4.44%,-1672627,2186070,,,72.31%,,-19.71%,,264.14%,340.64%,-313.70%,,,,,-723213,,2,,,1.39000,2900,43.08,48.36,29.45,-1.43
EVAX,5952000,-3.70%,-4149000,10101000,,542.97%,-1.50%,,-987.74%,,-101.42%,-195.64%,-83.30%,-260.62%,68245,-174.36%,-98.44%,-215653,0.26,2,,-14.76,1.35000,171669,28.20,29.34,30.45,-10.00
ZONE,560489,-0.41%,-2464521,3025010,,,-12.16%,,-29.15%,-140.00%,-72.75%,,-50.30%,,234722,-59.14%,,-480109,0.25,3,1.23,-2.18,1.01000,37907,42.17,39.92,0.00,-0.48
NVFY,161902,8.53%,-1954426,2116328,,-15.10%,0.22%,-4.70%,-22.09%,-996.10%,-130.61%,-118.92%,-82.50%,-283.08%,358777,-102.36%,-68.82%,-205962,1.44,2,2.16,-6.82,0.64000,14534,57.51,45.64,36.33,-1.48
NWTG,7655000,-19.05%,7621000,34000,44.39%,-69.58%,-47.69%,,1086.61%,-814.10%,227.97%,137.00%,-207.60%,,191389,,,-652889,0.61,3,2.02,-7.49,1.97000,964168,38.89,31.02,5.82,-178.33
SAG,1134000,5.25%,-17520000,18654000,,,6.48%,,-191.95%,62.90%,77.31%,,4.20%,,437109,11.50%,,13101,1.41,6,2.73,1.92,0.85500,269384,46.23,26.22,0.00,0.23
MSN,16445000,-6.39%,15947000,498000,-26.87%,1.80%,47.77%,-1.50%,189.37%,-13.00%,-13.35%,-11.83%,-11.80%,-7.92%,445600,-17.34%,-7.06%,-130120,0.40,1,1.80,1.69,0.40020,459,37.47,39.28,36.95,-0.16
PRTG,1764000,-24.32%,1736000,28000,,,-99.78%,,30.85%,-674.40%,-4189.58%,-113.02%,-415.80%,-57.34%,,-870.97%,-40.72%,-9616714,,2,,,5.10000,42376,49.75,49.64,38.31,-64.64
TLPH,8863000,,2336000,6527000,-75.10%,-29.49%,,-26.17%,27.60%,-111.40%,-83.42%,5.26%,-56.00%,62.90%,,-104.98%,-33.38%,-866933,,1,,,0.49040,37587,39.02,36.78,32.37,-0.50
TRNR,138000,-19.47%,-11612000,11750000,,16.42%,16.46%,,-145.27%,-1346.50%,-373.26%,-205.52%,-93.60%,,149444,-154.70%,,-970389,0.14,2,1.34,-11.25,1.05000,1236162,43.63,21.20,1.16,-163.28
AMST,619706,,619706,,-83.08%,,,,7.50%,-189.60%,-371.68%,-102.39%,-148.10%,-103.24%,9568,-379.31%,-84.68%,-515173,0.03,1,,-27.35,2.09000,9709,32.81,37.61,37.03,-1.76
CNFR,27654000,-27.57%,15722000,11932000,,-29.16%,-52.39%,-19.74%,200.98%,130.80%,,-43.35%,8.00%,-22.98%,7474556,-100.87%,-0.92%,2614444,0.23,3,,,0.68280,32106,49.76,38.90,39.70,1.93
CARM,17909000,-25.20%,15428000,2481000,-79.29%,,-20.56%,,176.56%,,-419.89%,60.97%,-117.60%,309.28%,183477,,-49.24%,-565206,0.38,1,,-19.56,0.19900,81573,25.06,25.37,36.74,-1.46
SQFT,8036496,-0.23%,-94121943,102158439,,4.73%,-5.17%,-8.02%,-1023.38%,-81.80%,,-0.19%,-18.50%,-22.04%,1261685,-1.82%,-4.66%,-1857682,0.13,1,,,0.63850,63340,58.85,46.03,35.55,-2.25
INBS,2242209,-22.65%,1616194,626015,4148.78%,,-42.09%,,19.37%,-142.90%,-246.75%,977.99%,-83.50%,-82.38%,69057,-215.45%,-80.36%,-213940,0.27,4,1.79,-11.72,1.22000,64245,28.83,39.01,21.89,-2.37
CTXR,1138141,-22.18%,933572,204569,-95.32%,-36.86%,-52.27%,-30.87%,9.50%,-54.20%,-51.36%,-40.08%,-38.30%,-41.10%,,-65.07%,-34.42%,-1770574,,1,,,0.96000,260821,29.27,26.13,33.84,-5.77
WATT,1353000,93.74%,-133000,1486000,,30.49%,17.56%,-6.90%,-1.69%,-772.90%,1708.26%,-984.96%,-262.70%,-239.82%,29538,-4501.22%,-123.96%,-707615,0.11,2,1.63,-163.17,0.27090,447749,40.03,34.64,30.17,-2.57
SCKT,2491964,-1.96%,-4293121,6785085,,44.95%,8.08%,18.63%,-52.11%,-12.10%,-12.04%,-7.05%,-8.00%,-4.96%,318009,-9.87%,-2.88%,-38006,0.67,3,1.80,-1.52,1.03600,2356,37.13,40.03,40.69,-0.30
DSS,11768000,-0.48%,-52332000,64100000,,2.15%,2.02%,79.99%,-677.12%,-100.10%,-112.50%,-69.33%,-34.60%,-44.34%,201021,-50.51%,-20.20%,-493642,0.14,2,8.95,-5.20,0.90000,139,50.04,40.63,32.09,-6.63
MMA,2192503,-99.28%,2032136,160367,,,,,23.62%,,-963.32%,,-229.60%,,23430,-400.73%,,-600348,0.09,1,,-17.33,0.79200,4910,46.13,37.45,0.00,-1.40
YJ,36566703,-11.49%,34668429,1898274,-52.58%,7.02%,-24.93%,-23.79%,328797.69%,-8.80%,22.32%,-7.20%,-7.00%,200.40%,155213,-8.44%,-12.60%,-34342,0.31,1,6.53,-5.78,1.66000,5454,43.00,43.25,24.74,-3.37
PRPO,1389000,-2.11%,136000,1253000,-64.77%,-4.31%,12.28%,-1.60%,1.59%,-35.10%,-33.13%,-49.69%,-25.30%,-57.02%,325123,-31.59%,-41.02%,-75263,1.09,5,19.81,-7.18,5.40000,19904,43.38,44.98,39.67,-2.93
MGRX,75595,-20.09%,-139367,214962,,76.24%,67.05%,,-1.42%,-86.60%,-62.33%,,-76.20%,,205291,-56.30%,,-2902048,0.05,2,,0.30,1.57000,149352,31.76,37.99,38.47,-4.84
GIPR,647439,-0.28%,-69657696,70305135,,34.38%,2.29%,,-843.03%,-102.50%,,-1.00%,-8.00%,-66.88%,2440659,-1.11%,-5.46%,-2111122,0.09,4,,,1.48500,12435,30.64,25.55,25.85,-1.64
AIMD,3892919,-2.20%,-8107081,12000000,,49.10%,101.22%,85.62%,-104.68%,-77.30%,-57.29%,-283.25%,-47.40%,-0.46%,471,-50.30%,-112.70%,-337799,0.00,2,0.34,-3.83,0.52000,124193,45.78,44.18,38.50,-1.56
SNSE,41335000,-13.94%,37490000,3845000,-37.04%,17.77%,-38.06%,-24.86%,476.22%,-61.90%,-75.33%,-32.94%,-53.60%,-27.46%,,-77.23%,-65.86%,-2010467,,1,,,0.31570,140092,39.16,36.74,19.89,-1.20
KRKR,12650899,-29.63%,8603732,4047167,-19.69%,14.22%,-49.04%,,122.96%,-73.90%,17.22%,-38.04%,-37.20%,-37.64%,55338,-52.68%,-21.86%,-32720,0.63,0,,-10.27,3.98000,14096,47.36,46.03,32.40,-8.90
PHIO,5382000,,5382000,,-36.35%,,,,73.14%,-150.20%,-151.39%,-105.02%,-120.40%,-94.08%,,-156.40%,-77.46%,-1430000,,1,,,1.65000,5630668,63.39,41.92,31.64,-9.08
PMCB,16756092,,16756092,,-72.63%,,,,202.59%,30.30%,47.50%,-34.58%,21.00%,-38.28%,,-16.15%,-29.54%,6021381,,1,,,1.14000,25850,32.81,32.88,35.81,0.74
KPRX,26796139,-21.29%,26738969,57170,1036.83%,-35.13%,-46.52%,-7.39%,330.60%,11.60%,18.64%,-88.53%,9.10%,-87.78%,1335000,8.79%,-54.18%,299561,0.41,5,,-3.32,2.59620,8789,30.08,31.93,29.56,0.87
MARPS,884285,,884285,,-11.08%,,,,11.38%,63.80%,,79.61%,63.80%,80.46%,,67.91%,80.46%,,1.00,2,,,3.88680,661,49.03,46.58,41.09,0.31
SOBR,304537,60.00%,-162704,467241,,-22.77%,-82.51%,,-2.09%,-489.10%,-386.22%,,-226.50%,,13133,-306.18%,,-773816,0.04,2,0.41,-44.83,5.11000,235798,47.92,29.09,32.79,-54.23
GXAI,16765516,,16765516,,363.47%,,,,210.14%,-40.80%,-20.56%,,-38.80%,,1342,-22.27%,,-1139399,,2,,11.69,1.08000,65120,40.20,38.70,18.83,-1.92
MIGI,6089837,-2.96%,-19191335,25281172,,3.25%,15.61%,309.33%,-251.47%,-1461.80%,8296.62%,-78.97%,-72.20%,-273.74%,1795913,-136.01%,-53.66%,-1397930,0.93,4,,-7.14,0.40610,111351,36.55,34.13,37.98,-2.59
MI,86802572,,86802572,,33.93%,,,,6296.38%,7.10%,6.37%,-227.11%,6.10%,-89.36%,47183,0.91%,-21.14%,174911,0.02,2,,0.84,1.86000,2601,44.50,38.67,34.36,-8.26
AMBO,8441000,,-403000,8844000,,-30.43%,-79.23%,,-106.48%,4.70%,-4.44%,-22.34%,1.60%,-36.32%,57620,-4.63%,-7.18%,1896,0.50,6,,-40.32,2.65000,6700,52.74,55.71,46.48,0.11
NXTC,68621000,-4.36%,63468000,5153000,-37.99%,,-13.38%,0.60%,895.01%,-68.40%,-78.07%,-45.71%,-57.20%,-38.70%,,-84.60%,-34.86%,-1294279,,1,,,0.27000,963156,15.30,14.59,32.13,-1.99
TRUG,7452185,5.79%,-7240076,14692261,,208.58%,-11.77%,,-79.40%,,-125.78%,,-21.10%,,198973,-28.48%,,-43307,0.97,2,1.81,-0.51,0.35500,1400408,36.96,31.82,14.39,-0.42
ARTW,1860,-35.04%,-4781587,4783447,,-12.07%,-41.28%,-0.94%,-62.25%,2.70%,5.93%,-2.99%,1.30%,-2.38%,266298,3.15%,-1.36%,3341,1.06,7,1.61,2.64,1.48500,13732,38.85,41.21,42.21,0.06
AMZE,4122147,113.42%,3690042,432105,997.12%,3.74%,,,48.28%,,-159.83%,175.22%,-150.30%,-81.64%,74766,-163.53%,-266.32%,-670510,0.17,3,1.11,-8.99,0.45000,110000,38.46,40.83,34.75,-0.17
XHG,1383143,-18.37%,-149090437,150473580,,1.89%,16719.06%,,-2131.20%,,2.22%,38.73%,-52.20%,18.70%,1065823,-108.23%,1.46%,-838339,0.66,2,,-9.29,0.36560,353702,33.74,33.29,0.00,-1.18
GVH,2296462,-59.17%,2255443,41019,361.92%,,-40.95%,,30.83%,47.20%,30.28%,,21.50%,,2362883,22.04%,,191287,2.66,5,,5.01,0.50230,8867,42.75,40.04,38.87,0.09
CYN,23617733,-37.19%,23300389,317344,225.72%,,-68.27%,,311.84%,-325.80%,-105.75%,-129.37%,-194.10%,-141.84%,6347,-191.66%,-109.70%,-504350,0.02,2,,-10.75,4.26000,67664,30.53,29.07,27.83,-2212.56
VRME,2823000,-9.31%,601000,2222000,320.28%,,-24.73%,49.45%,7.62%,-33.90%,-31.23%,-29.13%,-23.10%,-44.10%,605175,-35.30%,-34.78%,-95600,1.46,6,403.77,-5.75,0.59890,57342,34.71,41.84,38.88,-0.37
ACXP,3706713,,3706713,,-50.41%,,,,50.52%,-444.00%,-2292.74%,-607.97%,-221.00%,-248.28%,,-2292.74%,-157.82%,-3525776,,1,,,0.33550,121745,31.11,23.90,30.17,-0.87
CARV,49959000,-1.38%,2139000,47820000,-87.71%,15.13%,-17.30%,1.55%,30.12%,-25.80%,,-3.68%,-1.30%,-7.36%,212885,-12.44%,-0.52%,-88159,0.03,1,,,1.40000,13298,40.00,31.04,37.67,-1.91
RVYL,92031000,-2.80%,70966000,21065000,33.91%,-29.78%,3.65%,63.87%,956.96%,-316.20%,-132.50%,-102.94%,-21.90%,30.86%,565636,-106.70%,-42.06%,-270960,0.46,3,,-2.31,0.87980,55358,45.10,40.82,38.75,-4.01
COSM,4275350,-6.67%,-6748885,11024235,,-27.28%,2.20%,-11.49%,-83.09%,-98.20%,-49.26%,-13.67%,-53.30%,-288.10%,455627,-43.83%,-41.04%,-274904,0.88,3,9.50,-2.02,0.34920,254739,26.49,30.95,33.30,-2.44
MFI,4278251,-20.22%,2952655,1325597,2248.09%,,-36.34%,,41.26%,-3.80%,3.72%,,-2.20%,,121153,-3.61%,,-4584,0.58,2,,2.46,0.55170,117695,42.82,33.44,0.00,-0.01
HWH,5099670,-8.89%,3316559,1783111,506.17%,71.87%,191.33%,,46.13%,,-81.31%,,-69.30%,,78349,-53.01%,,-161921,0.34,1,367.06,-0.82,1.12500,22632,40.68,37.94,37.35,-0.72
LSH,1810111,5.43%,-3646992,5457103,,,91.89%,,-50.13%,-199.80%,-72.52%,,-36.00%,,338554,-50.68%,,-65349,1.87,3,,0.60,0.97000,15107,34.41,31.61,0.00,-0.44
MNDR,6707695,-0.59%,6331685,376010,,,,,86.38%,-827.20%,-325.98%,,-273.90%,,163546,,,-177304,2.53,4,,-7.26,1.68000,19962,39.35,32.49,0.00,-4.48
BFRI,5912000,395.17%,990000,4922000,,,-8.83%,,15.71%,-459.50%,-155.77%,-178.25%,-81.90%,-216.50%,401301,-183.97%,-55.84%,-190957,1.72,4,2.12,-7.41,0.80900,324099,43.98,38.56,31.20,-3.22
ANTE,7129000,,7129000,,,,,,104.24%,90.90%,156.49%,-47.58%,27.80%,-32.10%,16667,-7.30%,-10.04%,774867,0.01,2,,-3.83,0.49900,194816,50.11,49.04,38.77,3.49
CDT,554000,179.71%,-6903000,7457000,,115.13%,657.06%,,-70.86%,,248.87%,,-462.10%,,,-2322.14%,,-2967000,,1,,,1.07000,64545029,51.39,28.28,28.76,-17802.00
RETO,1552455,-29.92%,-4445066,5997521,,-29.59%,-0.43%,,-66.19%,-85.00%,-32.25%,-59.46%,-18.90%,-140.60%,37293,-31.17%,-40.38%,-49519,0.14,3,5.93,-2.80,3.67000,18814,42.04,37.41,0.00,9.40
INTJ,8442788,-15.94%,7997507,445281,607.85%,,-18.50%,,116.75%,5.40%,13.10%,,4.30%,,171453,1.83%,,16611,0.45,4,,5.01,0.53950,13447,35.64,31.70,0.00,0.02
CEAD,9452826,-10.01%,9183028,269798,-24.24%,-22.80%,-30.17%,-15.39%,140.78%,-30.10%,-33.71%,47.04%,-26.80%,41.44%,467245,-33.50%,-36.42%,-524324,0.24,1,18.75,-1.77,8.79000,1097,52.99,53.05,42.49,-4.22
BTBD,4270970,-2.91%,222815,4048155,-90.34%,10.47%,-7.68%,2.96%,3.18%,-28.00%,-19.00%,-0.66%,-17.20%,-20.88%,78848,-16.64%,1.46%,-12294,1.10,3,55.44,1.37,1.14000,3279,38.94,33.90,36.52,-0.37
SPPL,1094505,-35.00%,382149,712356,,,,,2.96%,-391.30%,4741.73%,,-103.70%,,49545,-150.55%,,-102420,0.64,4,2.59,-3.80,3.44000,45648,43.95,40.70,34.21,-0.82
SLXN,1222000,4.15%,-3269000,4491000,,,2526.32%,,-45.03%,,1904.70%,,-461.50%,,,-2504.18%,,,,1,,,0.82400,138439,37.57,26.01,0.00,-26.36
FMST,4554052,-53.07%,4165104,388948,1753.97%,,-52.17%,,57.56%,-36.10%,-22.99%,,-29.50%,,,-21.14%,,,,2,,,0.64200,19732,32.02,0.00,0.00,-0.68
INDP,5786753,-22.06%,5702589,84164,-56.76%,-20.79%,-51.92%,-36.24%,77.95%,-235.90%,-380.80%,-180.40%,-173.40%,-87.58%,,-381.38%,-68.86%,-2146004,,1,,,0.48000,54503,29.04,26.29,29.79,-1.61
LGCB,2410732,31.08%,-528687,2939419,,,-12.07%,,-11.44%,-8.40%,-0.12%,,-3.80%,,119647,,,-5109,0.88,3,30.15,2.19,1.92000,68122,51.43,37.24,38.67,-0.20
SAIH,8320000,98.52%,6712000,1608000,-58.43%,,295.09%,,14.18%,-25.60%,-26.89%,,-22.60%,,187946,-35.07%,,-117081,0.36,1,81.82,11.79,4.03000,47523,38.33,33.61,32.38,-2.73
DDC,28003307,11.37%,6953680,21049627,,,-22.31%,,104.50%,,9.41%,,-55.80%,,316481,-60.01%,,-318232,0.56,2,22.11,-4.92,0.08500,0,27.21,29.03,6.13,-3.78
TNON,6586000,-13.54%,6158000,428000,890.03%,-69.18%,-76.95%,,91.97%,-293.80%,-171.04%,-190.11%,-148.20%,,121370,-215.13%,,-506407,0.36,4,2.70,-12.21,1.09000,642533,43.63,38.06,6.15,-11.26
SSY,8020000,-17.73%,7621000,399000,447.49%,-29.49%,-39.82%,-24.56%,110.45%,7.00%,7.24%,-6.97%,5.40%,0.70%,22698,-26.05%,-0.52%,727,1.68,3,12.19,3.72,0.95760,135,49.74,51.79,50.57,0.14
APLM,9766000,-79.55%,8800000,966000,-83.59%,,-2.52%,,131.61%,-233.70%,-937.36%,,-157.30%,,,-925.99%,,-1196844,,1,,,6.10000,30920,44.09,32.93,34.14,-52.80
GRNQ,1317216,-43.67%,1283286,33930,-38.65%,-32.10%,-74.22%,-57.70%,19.47%,-13.80%,-13.64%,-19.79%,-10.20%,-38.42%,76009,-18.67%,-26.28%,-15550,0.50,1,,-4.50,0.88490,3259,42.79,43.92,35.23,-0.09
EVGN,15311000,16.97%,2437000,12874000,-87.54%,68.96%,11.89%,34.08%,42.55%,-1185.50%,-62.04%,-96.13%,-39.30%,-300.28%,72744,-194.43%,-39.44%,-140897,0.20,1,2.83,-10.27,1.01000,11483,23.48,27.32,32.47,-2.89
GV,620910,28.02%,-62585482,63206392,,,219.56%,,-764.79%,6.70%,40.88%,7.65%,1.10%,,116028,-1.84%,,15268,0.10,1,,-0.48,1.81000,276225,34.72,46.74,36.47,-2.34
ASST,2660624,,2660624,,-9.02%,,,,38.38%,-286.50%,-229.46%,,-248.90%,,57590,-229.82%,,-586186,0.25,2,,-1.09,0.46430,307083,43.92,41.91,31.06,-1.70
PPBT,8524000,-17.57%,8341000,183000,-44.62%,-37.48%,-47.86%,,26579.78%,23.60%,23.37%,-37.85%,19.60%,40.40%,,-33.31%,35.66%,804444,,1,,,2.42000,11636,34.81,34.89,33.36,-49.90
TBH,19905,4.46%,-5970506,5990411,,,,,-76.27%,,,,,,26174,,,-289096,,2,,,0.62000,592682,31.49,0.00,0.00,-0.38
LNKS,855794,-34.10%,333834,521961,,,,,4.97%,-11.00%,5.07%,,-5.80%,,22736,-7.95%,,-2141,0.65,3,,2.34,0.50000,128582,36.58,33.42,0.00,-0.04
GSIW,7970059,-11.51%,7713512,256547,0.11%,,86.23%,,125.58%,-159.90%,-101.05%,,-60.00%,,104783,-99.41%,,-547119,0.12,1,,-1.42,0.41900,44928,33.95,30.77,33.78,0.49
CYCN,3232000,,3232000,,-57.31%,,,,47.32%,-34.20%,-34.54%,-104.95%,-30.60%,-99.92%,2000000,-40.99%,-68.48%,-3057000,0.20,1,,-33.87,2.56000,8926,44.80,45.60,36.32,-1.21
NAAS,51233714,-3.22%,-101253948,152487661,,3.39%,-8.66%,-2.12%,-299231.48%,,9.28%,-178.18%,-64.70%,-627.66%,68210,-79.01%,-197.16%,-199256,0.22,2,17.40,-10.90,0.49100,165902,25.88,24.81,33.31,-9.94
SGMA,2100287,-11.32%,-66282161,68382448,,-1.22%,-29.25%,9.54%,-1036.52%,-20.40%,8.52%,5.89%,-5.80%,-2.76%,113348,-1.99%,-0.62%,-4454,1.48,3,2.38,2.03,1.06000,14056,36.94,33.29,35.86,-2.01
LDWY,1759000,3.87%,-73787000,75546000,,643.24%,1079128.57%,209.04%,-1080.23%,-45.10%,-5.54%,-50.52%,-5.70%,-7.08%,366728,-7.87%,2.94%,-55757,0.37,1,,0.30,3.66110,7303,42.64,40.96,41.05,-3.24
RDGT,31092907,-2.44%,-11074046,42166953,,0.14%,1.22%,16.82%,-183.63%,-27.70%,-20.77%,-13.37%,-5.90%,-38.44%,146686,-9.45%,-8.68%,-5570,1.56,1,6.52,0.34,1.04850,32211,44.86,35.56,34.90,-2.58
YHC,5386789,,5386789,,-23.64%,,,,142.49%,-278.80%,4393.03%,,-217.80%,,833887,,,-7584726,0.24,2,,-18.99,0.17770,911748,31.01,32.22,7.45,4.12
PET,5630000,-0.71%,-14200000,19830000,,129.43%,-30.71%,,-222.67%,,44760.00%,-26.39%,-51.50%,,1101672,-53.69%,,-274500,2.07,3,,-7.85,0.12730,739644,34.10,27.34,24.21,-0.39
ILAG,2316129,43.94%,1021361,1294768,,,-67.40%,,15.16%,-18.70%,-18.85%,,-16.20%,,35219,-20.77%,,-11491,0.50,3,1.66,1.69,0.35760,34212,30.36,26.02,36.43,-0.15
ADXN,4064553,36.00%,4011516,53037,-25.29%,-56.21%,-86.46%,,71.27%,92.00%,49.02%,-260.81%,63.90%,-148.00%,30300,-44.95%,-97.62%,276454,0.07,2,,-36.12,6.86980,4155,43.94,41.65,33.28,-0.19
GNPX,1601660,,1601660,,-76.23%,,,,26.11%,-522.10%,-1303.03%,-388.17%,-314.50%,-192.46%,,-1306.92%,-137.24%,-822626,,1,,,0.26500,927370,40.68,32.15,30.15,-5.34
HIHO,5235000,-29.26%,4251000,984000,-13.19%,,,,66.50%,-12.90%,-16.99%,-4.33%,-7.60%,-1.90%,16376,-20.31%,-1.08%,-2484,0.50,2,2.95,1.19,1.45220,2519,23.27,25.47,31.90,-0.17
RSLS,793000,406.28%,-174000,967000,,51.34%,269.08%,-3.03%,-2.78%,-324.00%,3693.23%,-537.74%,-113.90%,-212.16%,276069,-1082.35%,-110.06%,-245862,1.28,1,0.95,-190.30,0.56660,187593877,45.14,21.90,29.78,-13.83
UGRO,1136840,-1.69%,-5302426,6439266,,107.30%,52.25%,0.83%,-94.91%,-300.50%,-542.37%,15.93%,-39.90%,25.02%,448942,-217.66%,-46.56%,-152950,1.17,1,,-2.47,0.50250,888323,48.04,34.44,40.78,-1.72
OTRK,7966000,17.97%,-136000,8102000,,-44.80%,-43.32%,-24.19%,-2.04%,-228.80%,-178.63%,-127.56%,-151.40%,-334.84%,108067,-95.31%,-108.96%,-343048,0.48,4,,-33.36,1.51000,8326,50.45,37.19,36.09,31.98
WKHS,4644938,-21.69%,-11676192,16321130,,-14.66%,-43.76%,-16.00%,-185.20%,-187.10%,-163.90%,-84.38%,-98.20%,-98.70%,46268,-121.91%,-61.90%,-711820,0.06,1,0.66,-15.28,1.23000,683445,19.28,25.17,38.09,-51.69
AYTU,20398000,-4.26%,4546000,15852000,30.41%,-21.03%,-1.19%,111.50%,69.51%,-17.60%,5.15%,-55.79%,-4.40%,-60.14%,674157,-18.75%,-24.46%,-51392,0.57,3,1.86,-3.12,1.02000,13392,31.36,25.32,7.91,-1.75
WAFU,12438211,-28.98%,12201518,236693,-4.22%,,-51.77%,,192.11%,-7.50%,-5.60%,2.33%,-5.20%,-0.06%,50997,-9.72%,-0.48%,-6651,0.40,1,,2.66,1.42000,88514,40.84,40.84,40.64,-0.18
VCIG,1395470,-82.65%,1310911,84559,966.88%,,-67.57%,,17.63%,59.80%,131.85%,,53.60%,,197324,66.28%,,76937,1.38,5,,7.69,2.65500,227256,22.02,23.60,37.20,161.95
SLNH,9006000,-16.66%,-12812000,21818000,,36.69%,10.34%,87.28%,-228.02%,-466.60%,-157.58%,-152.56%,-67.60%,-132.86%,1056139,-545.14%,-33.10%,-1759278,0.41,2,,-7.35,0.50000,372557,29.70,28.10,34.67,-12.15
GRFX,2007058,0.76%,-28412050,30419108,,,-23.58%,,-57.09%,-34.30%,5.02%,-10.59%,-13.50%,,104074,-16.05%,,-61738,0.23,1,10.66,,0.94800,965,40.71,41.85,31.79,-1.48
MEGL,11944053,-56.61%,11846381,97672,5000.11%,,-83.41%,,237.06%,-0.40%,-0.47%,,-0.40%,,246962,-2.34%,,-9331,0.11,1,,14.69,1.23010,28141,39.60,32.97,25.89,-0.02
STRR,8999000,9.19%,-11082000,20081000,,2.38%,456.41%,-4.55%,-176.55%,-21.30%,-15.31%,-14.74%,-15.50%,-13.14%,275046,-11.31%,-1.80%,-64320,0.66,2,9.60,-1.48,1.95790,2950,37.91,30.99,29.70,-3.32
GSUN,839622,1.05%,-3667552,4507174,,,33.93%,,-60.50%,-144.10%,-98.10%,-31.38%,-20.30%,,46816,-49.05%,,-17079,0.56,2,,-1.60,3.13000,13128,53.73,44.06,35.24,-1.87
ALBT,2856309,-10.04%,-4983620,7839929,,33.47%,-7.83%,19.70%,-75.43%,-137.60%,-76.96%,-97.03%,-39.30%,-217.88%,266681,-32.98%,-78.92%,-1580679,0.07,2,,-6.97,3.74000,174522,39.28,47.13,32.52,-8.44
ATXG,20730082,-5.65%,-1890235,22620317,,44.71%,-0.76%,65.12%,-49.64%,-8.60%,0.22%,-9.52%,-4.20%,-7.72%,40619,-2.69%,-8.98%,-19320,0.09,4,15.29,0.45,0.63030,12741,35.13,40.96,47.75,-0.28
SOWG,3723440,-4.13%,-16640071,20363511,,90.93%,71.92%,,-258.40%,-13.10%,-4.47%,-44.34%,-7.40%,-84.18%,142189,-2.97%,-50.98%,-16454,0.64,3,1.52,-0.58,0.54160,190605,18.72,26.72,36.58,-0.40
IBO,2183000,10.89%,-6695000,8878000,,,-26.47%,,-112.26%,-118.70%,-224.75%,,-63.60%,,,-218.87%,,-12354000,,2,,,0.51000,1471676,41.54,43.78,0.00,-2.30
MKDW,593730,-0.81%,-5921235,6514965,,,,,-11.76%,,103.29%,,-27.90%,,,-122.49%,,,0.22,1,,-1.63,0.31890,705358,45.88,31.37,0.00,-0.15
CYCU,649915,1649.86%,-9309762,9959677,,465.75%,4838.01%,,-152.91%,-1307.80%,10.43%,,-12.30%,,,,,,1.92,5,,0.86,0.51810,1324372,21.13,0.00,0.00,-0.03
ULY,14179000,0.49%,-40873000,55052000,,-13.87%,-23.56%,,-763.54%,,-173.26%,,-65.70%,,785192,-116.30%,,-241907,2.13,3,,-4.14,4.92000,15999,50.49,39.66,23.80,-39.36
LIPO,2184863,-32.79%,2137258,47605,-32.30%,-48.11%,-65.15%,,37.10%,-262.50%,-261.34%,-113.70%,-197.60%,,76622,-258.28%,,-716609,0.21,3,,-8.60,2.40000,80404,39.90,41.44,24.48,-4.79
SHFS,5874566,-5.87%,-6807272,12681838,,,-18.29%,,-115.78%,15.60%,10.18%,,8.60%,,356622,-3.08%,,129583,0.24,4,,-0.86,2.18000,10949,21.07,26.50,22.10,3.40
KITT,2967520,-1.24%,-44536305,47503825,,,47.66%,,-154.95%,,-373.04%,,-199.90%,,33331,-466.79%,,-775823,0.09,1,1.49,-13.31,0.93990,442613,42.76,35.23,11.39,-45.51
RYDE,2220581,-99.52%,2201927,18654,38.54%,,-95.00%,,36.98%,,-1478.55%,,-373.90%,,168923,-680.66%,,-484170,1.31,2,,-13.63,0.22790,3980,30.13,39.85,0.00,-1.08
SNGX,7819514,-32.60%,6334779,1484735,27.93%,-46.98%,-57.51%,63.46%,106.22%,-231.50%,-215.87%,-134.69%,-88.50%,-303.48%,7461,-168.48%,-76.82%,-516661,0.01,1,,-38.52,1.89000,26680,34.22,32.59,33.30,-4.98
BCLI,187000,21.28%,-833000,1020000,,-41.44%,-20.00%,-15.49%,-11.46%,,161.57%,-341.12%,-360.70%,-17.46%,,,-193.52%,-400793,,1,,,0.91350,5975756,21.10,31.91,34.95,-2.31
RIME,621000,-73.54%,-517000,1138000,,-36.37%,-71.10%,-29.15%,-8.60%,-305.70%,-345.12%,-11.50%,-56.90%,-7.16%,967794,-273.35%,-3.20%,-419513,1.31,1,2.09,-2.77,2.50000,112660,46.02,32.24,33.24,-386.00
MITQ,5316000,13.83%,4073000,1243000,-15.90%,21.21%,319.93%,,70.92%,-27.40%,-25.18%,-38.70%,-14.30%,37.84%,591625,-27.01%,-12.10%,-49031,1.72,4,4.41,1.68,0.59330,1020,46.79,46.82,32.98,-0.15
LEGT,1625752,,1625752,,,,,,0.60%,-170.40%,,,3.90%,,,13.16%,,,,1,,,10.47000,8700,57.96,80.05,0.00,0.32
CLEU,84147075,292.55%,83644122,502953,600.24%,,65.14%,,1514.88%,-13.30%,-11.05%,2.09%,-10.50%,1.52%,,-6.18%,1.36%,-159678,-0.05,3,,1.09,1.72000,37994,29.61,35.47,38.08,-4608.00
OCEA,224000,26.97%,-16076000,16300000,,,34.51%,,-243.30%,,22.54%,,-555.10%,,,,,-1053333,,1,,,0.04380,6654798,32.01,24.31,20.81,-0.34
IVDA,3630945,-1.37%,2801524,829421,-49.17%,6.67%,368.90%,19.46%,42.64%,-63.00%,-53.89%,200.83%,-43.90%,,165786,-52.51%,,-101755,0.72,1,4.55,-6.61,2.55000,26495,48.44,45.42,40.45,-1.62
CISO,992589,-2.00%,-11325072,12317661,,19.15%,25.74%,157.04%,-183.64%,-460.60%,-1216.13%,-107.68%,-67.30%,-212.48%,76494,-108.34%,-87.94%,-60308,0.85,4,,-11.80,0.34780,1268650,22.03,36.62,40.79,-2.03
WOK,6557605,-5.62%,-6766038,13323643,,,119.80%,,-114.15%,-30.30%,-19.04%,,-10.50%,,50246,-15.26%,,-15250,0.35,1,2.29,0.47,0.39000,352079,23.59,30.52,0.00,-0.27
VMAR,685544,-13.43%,190930,494614,,-37.30%,-77.42%,-14.09%,3.14%,-299.60%,-253.10%,-176.81%,-105.70%,-237.26%,35625,-210.58%,-72.22%,-260874,0.19,1,0.41,-10.16,5.79000,108357,46.79,22.19,24.71,-510.19
DHAI,1120000,-9.16%,-13913000,15033000,,295.61%,-9.18%,,-215.80%,,41.23%,,-23.70%,,,,,,1.87,4,4.49,-1.10,0.13620,1977341,22.83,27.83,21.13,-0.32
KAVL,2427612,-19.84%,1566838,860774,,148.59%,-52.92%,,28.26%,-71.20%,-62.01%,-43.28%,-57.70%,-47.60%,1292565,-59.79%,-32.94%,-2957225,0.25,3,,-3.29,0.48600,18905,28.50,37.12,41.12,-1.38
KXIN,2388000,-46.38%,1522000,866000,314.71%,,-87.14%,,16.35%,-139.50%,-266.47%,-152.27%,-88.80%,-334.96%,,-136.34%,-158.72%,-1781391,,1,,,0.85000,34118,25.10,35.91,32.93,-26.05
LYRA,42570000,-2.67%,8190000,34380000,-89.40%,187.09%,27.90%,59.54%,131.73%,-265.60%,-173.87%,-97.19%,-98.00%,-114.72%,51133,-209.57%,-59.52%,-3114500,0.02,3,,-12.55,0.08490,2253560,19.58,24.36,34.14,-1.43
DEVS,27875,216.20%,-2947125,2975000,,,,,-51.10%,,,,,,,,,,,1,,,0.20350,37669,29.76,23.95,0.00,-0.26
LMFA,12448180,18.82%,4749021,7699159,-6.73%,248.00%,908.08%,15.18%,85.66%,-40.80%,-16.17%,-27.63%,-36.40%,-33.82%,1374956,-14.45%,-31.12%,-1763787,0.28,2,,-1.64,1.08000,19017,37.77,31.84,31.83,-5.02
ICCT,212346,7.49%,-11766339,11978685,,43.68%,142.44%,53.58%,-131.08%,-1537.10%,-2547.06%,-168.71%,-181.40%,-2366.14%,157850,-191.16%,-123.28%,-439830,0.65,3,,-19.99,3.97000,15352939,58.65,47.37,16.56,-63.20
ASNS,2267000,-15.36%,922000,1345000,,-50.57%,-75.06%,,16.67%,-360.10%,-103.13%,-53.96%,-48.80%,,204211,-95.59%,,-115105,0.87,4,1.41,-7.09,0.64900,77137,36.51,38.15,26.58,-0.85
IMG,374458,-45.14%,51768,322690,-98.14%,-19.68%,-35.45%,2.27%,0.89%,-1652.10%,-35035.56%,-223.45%,-208.70%,-190.82%,94223,-6336.63%,-148.62%,-236842,0.83,3,3.05,-47.46,0.55500,102082,49.61,41.87,34.40,-7.37
XELB,242000,-4.04%,-11121000,11363000,,-30.49%,103.60%,-19.03%,-189.14%,-49.50%,-42.56%,-18.00%,-34.60%,-14.76%,259361,-38.08%,-10.44%,-614139,0.15,2,,-2.74,2.30000,106238,32.87,25.54,33.57,-10.40
ELWS,1699506,-64.20%,1258256,441250,-30.26%,,-69.26%,,20.86%,-74.60%,1.55%,,-45.40%,,153243,-92.33%,,-114632,0.61,2,,-4.90,1.96000,57589,42.55,41.71,24.25,-0.57
NXU,,,,,,,,,,,,,,,,,,,,3,,,2.45000,1123564,33.94,34.58,14.78,-19320.00
FORD,2606879,1.37%,-873826,3480705,,-14.46%,-12.97%,-12.14%,-15.38%,-109.60%,-47.30%,-8.48%,-15.70%,-42.92%,296589,-39.24%,-8.98%,-23044,2.02,3,40.74,-0.17,4.91000,29410,53.10,50.51,39.39,-2.08
OP,7160000,,7160000,,-51.76%,,,,146.69%,-22.40%,,-8.27%,-20.90%,-8.84%,,-21.35%,-8.38%,,0.27,2,,,0.72000,14722,33.60,20.64,5.79,-2.64
HOFV,4447551,-14.95%,-262486043,266933594,,38.10%,-6.65%,10.11%,-4676.00%,-60.80%,,-10.77%,-13.80%,-47.68%,298675,-8.72%,-18.86%,-816649,0.05,3,,,0.80580,3450,38.43,31.41,30.01,-8.72
PNBK,72772000,-33.13%,-54119000,126891000,,-3.90%,-48.85%,-0.95%,-968.38%,-81.20%,,-0.03%,-2.80%,-0.28%,233333,-3.68%,,-251530,0.03,2,,,1.35000,6900,53.21,42.11,30.32,-7.40
IBG,1200202,3.20%,-463107,1663309,,,,,-8.96%,-445.50%,-304.83%,,-42.40%,,196735,-94.16%,,-125872,0.66,3,,-2.28,0.63500,291842,49.15,34.29,0.00,-0.26
MOVE,11272000,,11272000,,46.98%,,,,212.11%,-345.80%,-231.39%,-245.08%,-198.80%,,33767,-249.28%,,-835633,0.07,2,,-17.32,0.79000,198734,9.97,24.33,24.45,-3.94
APM,783085,0.52%,-2517278,3300363,,-40.79%,-6.39%,,-48.15%,0.10%,0.70%,-64.31%,0.10%,-39.34%,,-27.18%,-34.58%,6220,,1,,,0.73000,53833,33.24,36.56,36.77,0.31
CHNR,648440,,599326,49114,,-92.17%,-98.85%,-5.27%,12.15%,-17.30%,1.18%,-23.60%,-4.30%,-87.66%,,-16.87%,-7.98%,-195001,,1,,,0.52460,12287,42.25,36.71,33.28,-0.24
GTBP,4044000,,4044000,,-70.94%,,,,82.27%,-468.10%,788.14%,91.51%,-174.50%,-154.76%,,,-382.04%,-13162000,,1,,,2.31000,9759,49.05,45.03,31.83,-6.94
SYTA,181730,9.80%,-4218734,4400464,,0.07%,100.25%,,-239.58%,-461.90%,-510.12%,-156.06%,-149.20%,-200.70%,351134,-194.94%,-95.94%,-1098727,0.69,1,2.53,-15.49,1.71000,153665,36.58,25.67,35.96,-154.66
CMLS,63836000,-0.50%,-930562000,994398000,,-5.35%,-2.41%,-3.28%,-17087.68%,-148.70%,-22.77%,-3.91%,-21.40%,-37.52%,266283,-23.93%,-6.10%,-91196,0.63,5,,-0.18,0.29880,542952,25.28,20.25,30.19,-16.79
ONFO,363244,10.91%,-987333,1350577,,,-44.11%,,-19.26%,-65.00%,-51.27%,,-37.90%,,549181,-51.42%,,-254927,0.82,2,30.25,-2.87,0.99990,42187,53.05,47.62,46.46,-0.60
ALZN,3358135,,3358135,,1087.18%,,,,66.07%,-504.20%,-121.98%,-179.31%,-149.10%,-203.36%,,-121.98%,-303.36%,-611513,,1,,,0.77000,151621,36.30,30.41,10.07,-3.04
POLA,606000,-2.38%,-6313000,6919000,,66.50%,-8.22%,15.38%,-124.44%,-43.80%,-44.83%,-35.90%,-22.10%,-38.40%,160575,-28.35%,-24.80%,-53759,0.66,3,0.86,-1.56,2.02000,11345,34.12,35.23,35.67,-1.86
LCFY,254704,-5.17%,-101766,356470,,1.43%,-15.52%,,-2.03%,-59.10%,-71.40%,38.19%,-33.40%,,102085,-39.65%,,-59306,0.57,2,,-8.61,3.65000,5169,27.16,36.30,33.12,-1.18
SRM,1352373,-66.86%,852373,500000,-71.40%,-30.70%,,,15.50%,-115.30%,,,-90.40%,,615912,-74.85%,,-619906,0.90,1,6.34,,0.28760,192874,34.41,38.28,33.44,-0.37
CREV,11689553,5.22%,-48777781,60467334,,51.23%,,,-980.09%,,153.12%,,-70.70%,,59764,,,-116119,0.36,3,,-5.00,2.63000,210564,42.86,39.56,21.03,-15.31
AEMD,4946198,-9.22%,4221350,724848,-42.71%,36.15%,,60.67%,60.21%,-154.00%,-201.16%,-93.59%,-109.10%,-98.02%,,-194.18%,-80.00%,-682758,,1,,,0.34000,70735,36.36,38.87,34.13,-1.58
JCSE,3595376,7.25%,-4076305,7671682,,,-23.01%,,-82.99%,5.00%,9.05%,6.32%,2.40%,,142490,4.02%,,5982,0.57,5,1.44,1.48,0.92550,16631,29.00,36.13,40.87,0.14
IMTE,2116,5.71%,-11778094,11780210,,38.12%,610.79%,,-240.03%,-85.40%,-66.18%,-106.32%,-55.60%,2575.96%,6861,-66.48%,-46.72%,-1688616,0.00,2,0.01,-4.36,1.43000,39706,49.81,51.52,44.22,-0.06
NAOV,752000,-7.94%,636000,116000,-80.60%,33.28%,2220.00%,,12.52%,-167.60%,-394.93%,-200.66%,-73.20%,-198.70%,159875,-482.10%,-102.80%,-231562,0.51,2,0.43,-28.26,6.45000,343433,65.76,53.82,34.01,-13.73
FGI,4558160,5.29%,-23165102,27723262,,6.64%,24.71%,,-498.08%,-5.10%,-1.53%,11.03%,-1.70%,74.52%,459296,-4.20%,6.00%,-4185,1.83,1,8.07,2.00,0.50990,54319,25.61,29.08,23.87,-0.13
SINT,3598000,-5.18%,-427000,4025000,,11.46%,-5.18%,12.39%,-8.98%,-156.10%,-147.96%,-99.01%,-82.30%,-101.38%,144350,-177.38%,-65.56%,-551200,0.22,4,1.93,-44.58,1.93000,77023,29.64,32.80,15.88,-15.19
DFLI,4849000,9.08%,-50421000,55270000,,7.33%,137.14%,,-1051.26%,-1214.60%,-35.82%,-25.78%,-48.90%,,335397,-56.16%,,-268974,0.61,2,1.23,-1.48,0.63810,1344320,26.56,21.69,32.22,-5.91
EONR,3375409,-0.01%,-40207545,43582954,,,2776.68%,,-419.47%,,,,,,,,,,,3,,,0.49280,27709,47.00,37.05,18.79,-0.08
CMND,5915919,-13.45%,5869922,45997,-36.74%,,-51.18%,,143.43%,-140.90%,-165.80%,-73.24%,-64.30%,,,-201.99%,,-1239625,,1,,,0.93370,37634,28.39,34.97,57.40,-1.22
WTO,14470572,-1.75%,4554105,9916467,430.60%,,5.57%,,100.29%,-84.90%,11.20%,-30.42%,-35.30%,-80.28%,185063,-31.91%,-16.78%,-145116,0.45,1,13.65,-0.55,1.33000,21064,33.42,39.81,20.00,-306.47
FRGT,1560105,-1.43%,-1515148,3075253,,,-69.38%,,-79.63%,-324.00%,-293.25%,-278.07%,-88.40%,-121.38%,218728,-153.63%,-133.68%,-119585,1.62,2,,-5.80,0.93900,39744,41.95,27.66,38.38,-194.75
PMAX,267452,-23.50%,-644489,911941,,,,,-13.78%,-37.60%,-2.95%,,33.10%,,893124,-124.99%,,16585,2.29,3,,13.17,0.32600,242705,41.49,24.79,0.00,0.04
KLTO,63741,79.97%,-208012,271753,,,-81.48%,,-4.13%,-1691.40%,-478.89%,,-232.70%,,,-380.22%,,-6150372,,1,,,0.16560,91663,28.82,29.99,0.00,-0.32
ADIL,3750525,,3750525,,32.66%,,,,79.77%,-259.40%,-324.41%,-298.05%,-225.70%,-233.52%,,-203.65%,-173.38%,-2639490,,1,,,0.71510,32970,52.15,40.85,33.36,-2.72
VERB,13408000,54.67%,12944000,464000,556.06%,-61.27%,-80.50%,-39.85%,277.53%,-67.30%,-61.76%,-151.69%,-52.60%,-380.18%,47105,-69.87%,-99.74%,-603789,0.04,5,,-12.95,4.19000,39388,39.61,33.36,35.30,-19.36
SILO,7080523,,7080523,,-7.63%,,,,146.19%,-76.20%,-76.23%,-78.10%,-56.80%,-71.48%,24034,-93.47%,-56.56%,-1464293,0.01,2,,-2.72,1.04000,62303,34.48,42.29,39.42,-1.19
EVOK,13596600,3.21%,8436109,5160491,,0.98%,3.21%,106.17%,253.41%,-121.70%,-67.95%,-234.33%,-38.10%,1106.28%,3416472,-42.66%,-87.24%,-1784065,0.73,3,0.77,-9.96,2.24540,14953,29.96,29.55,32.37,-2.81
ZKIN,4519176,3.49%,-22363577,26882753,,11.74%,32.21%,,-514.95%,-10.40%,-5.10%,-28.29%,-4.00%,-27.26%,385053,-3.12%,-15.64%,-9900,1.56,3,5.86,0.65,0.89900,133990,24.40,30.28,34.63,-0.56
XWEL,16776000,4.67%,5160000,11616000,-66.47%,-11.23%,1.03%,-5.01%,132.36%,-163.80%,-66.04%,-78.00%,-43.20%,-389.76%,100395,-87.94%,-56.80%,-47009,0.92,3,30.73,-19.35,0.88000,158960,44.07,31.67,26.24,-3.64
YGMZ,29450408,-0.51%,9167551,20282857,-68.10%,,95.51%,,17.56%,-42.90%,-48.15%,3.06%,-16.40%,0.64%,310030,-15.48%,0.80%,-103181,0.49,1,,0.25,0.68850,37919,39.00,37.34,43.57,-2.00
TCRT,1091000,,1091000,,-82.00%,,,,26.51%,-140.10%,-226.81%,-198.65%,-110.00%,-116.36%,10000,-233.25%,-82.76%,-4679000,0.00,0,,-468.87,2.86000,212415,63.02,55.07,36.26,-2.92
SXTP,3387825,-0.50%,3231934,155891,64.07%,-79.76%,-9.72%,,87.77%,-166.00%,-193.53%,-143.07%,-130.30%,,227115,-231.78%,,-2810166,0.11,4,0.85,-12.28,3.10000,3212574,67.33,38.92,17.65,-18.55
OMH,1835673,10.04%,998176,837498,,,-39.92%,,21.60%,-76.80%,-52.94%,,-51.60%,,47975,-64.46%,,-34617,0.72,2,,-2.35,1.90000,59231,31.93,32.05,32.66,-2.06
CPHI,645521,-10.47%,-2945442,3590963,,-34.00%,-22.51%,-11.52%,-63.64%,-63.20%,-46.42%,-24.52%,-32.20%,-60.08%,19606,-40.47%,-20.60%,-20504,0.31,2,2.17,-4.60,0.13660,29636,32.49,35.84,29.28,-0.27
MBIO,6839000,-10.68%,5961000,878000,32.88%,-24.41%,-64.85%,-43.70%,132.59%,,477.04%,-309.97%,-159.10%,-86.20%,,,-97.60%,-2625333,,1,,,1.34000,72388,36.76,29.26,27.14,-38.57
CTNT,7739257,-5.92%,5267347,2471910,5855.78%,-44.87%,143.05%,,123.97%,-43.70%,-37.04%,,-35.50%,,30387,-24.79%,,-345923,0.03,4,,0.17,1.36000,16970,35.57,42.27,29.03,-2.65
GCTK,5627000,-88.16%,5360000,267000,24.48%,2.22%,36.22%,-6.72%,316.29%,,-472.71%,-103.27%,-954.30%,6.68%,,,-253.62%,-3766167,,1,,,0.17000,862918,29.88,29.44,32.18,-68.44
SNTG,1636826,-67.05%,1613024,23802,-88.86%,,,,35.06%,-16.10%,-16.39%,-17.39%,-15.30%,,10462,-16.25%,,-139057,0.01,1,,-2.20,1.55000,4137,40.29,35.90,30.31,-0.81
KTTA,6922729,,6922729,,-57.40%,,,,172.90%,-81.00%,-93.04%,-43.89%,-74.40%,,,-96.40%,,-3476146,,1,,,1.60000,101157385,62.91,36.22,27.71,-12.69
EVTV,682654,-26.96%,-529830,1212484,,183.91%,147.69%,-24.52%,-9.21%,-50.90%,-49.92%,-69.81%,-42.50%,-89.20%,123572,-44.91%,-55.98%,-692576,0.08,1,0.14,-4.33,0.25680,36970,36.04,24.91,31.88,-0.63
IDAI,3783321,127.15%,-347708,4131029,,68.97%,230.21%,2.32%,-8.52%,-474.90%,-271.25%,-294.66%,-167.50%,-508.68%,40030,-130.86%,-158.58%,-162917,0.41,2,,-13.74,1.73000,83799,32.73,38.10,28.79,-11.36
DRMA,3161570,,3161570,,-57.50%,,,,72.18%,-366.00%,,-405.88%,-238.20%,-118.10%,,-801.57%,-165.98%,-1535933,,1,,,0.78800,99800,28.14,33.47,13.14,-8.03
LRHC,3959756,9.82%,36402,3923354,-96.67%,,387.54%,,0.57%,-342.10%,-113.56%,,-104.80%,,1504099,-159.24%,,-430391,3.66,3,,-0.56,0.18410,250990,37.30,30.05,41.50,-1.70
AEON,13000,-21.62%,-12821000,12834000,,-47.14%,,,-296.89%,-58.50%,-381.62%,-37.24%,1055.90%,,,-463.84%,,8401000,,1,,,0.40380,20082,23.54,30.78,29.85,72.93
ABTS,396583,,396583,,-93.16%,,,,9.43%,-57.40%,,-62.93%,-54.90%,-54.34%,485808,-83.50%,-42.12%,-828745,0.32,4,,,1.78000,14326,26.16,29.39,36.67,-3.88
AZTR,4554719,-13.65%,3999210,555509,339.45%,-17.58%,-37.30%,,96.04%,-181.10%,-149.53%,,-132.40%,,625,-175.66%,,-747291,0.00,1,,-12.83,0.28020,3104,39.01,27.41,9.63,-2.37
JWEL,805344,-29.70%,-881076,1686420,,,-75.77%,,-21.25%,-32.40%,-37.43%,-7.37%,-20.10%,-3.90%,1047321,-36.15%,-4.70%,-52640,3.99,1,17.98,2.95,1.91000,3085,38.63,39.34,41.64,-3.79
LOBO,1299412,83.48%,-173028,1472440,,,205.12%,,-4.20%,0.10%,4.25%,,,,229056,0.07%,,109,0.93,3,2.88,1.35,0.48010,51107,22.63,22.19,0.00,0.00
CHEK,17824000,,17824000,,-50.99%,,,,426.94%,-53.00%,-80.51%,-91.27%,-48.50%,-70.94%,,-80.51%,-60.72%,-147765,,1,,,0.70640,37476,41.48,38.73,31.96,-2.14
NCNA,8745083,-14.03%,8498888,246194,-61.03%,-38.80%,-52.02%,-25.10%,207.06%,-313.60%,-277.65%,-159.73%,-96.00%,-115.94%,,-374.97%,-59.26%,-1079375,,0,,,0.72900,18969,41.42,37.41,32.21,-8.12
NUWE,5095000,-9.17%,4550000,545000,49.67%,-22.64%,-28.29%,4.04%,105.55%,-1132.00%,-76.02%,-185.68%,-144.30%,-332.40%,230000,-155.35%,-105.56%,-279579,1.19,4,1.65,-41.84,0.93800,40056,46.81,33.04,28.25,-8.41
XTIA,4536000,1.74%,1318000,3218000,-67.10%,-12.89%,-72.14%,-21.53%,25.54%,,-482.13%,22.25%,-145.80%,555.02%,,-297.81%,-107.94%,-2873333,-0.02,3,0.22,-8.11,1.16000,234677,26.23,20.77,0.00,4475.00
BTTR,5277000,22.52%,2796000,2481000,,-37.84%,-47.72%,-42.13%,68.11%,-2.80%,3.56%,-206.27%,-1.10%,15.80%,1092969,-53.62%,-51.36%,-5250,2.28,3,4.20,-25.27,1.69000,2352,47.90,41.01,37.26,-0.10
IMCC,662113,15.03%,-12203022,12865135,,-14.94%,30.69%,,-287.64%,-152.40%,73.63%,-51.51%,-25.60%,-105.54%,394963,-44.01%,-48.14%,-77376,1.31,2,6.91,-8.77,1.32000,4882,34.71,36.57,38.88,-3.13
RKDA,6136000,-55.20%,5981000,155000,-43.76%,-63.90%,-84.61%,-41.38%,149.07%,-72.50%,-64.18%,-60.14%,-45.30%,-57.62%,560556,-57.20%,-36.42%,-782000,0.33,1,3.06,-29.30,2.99000,5641,42.41,40.07,34.92,-5.17
KZIA,1027455,105.97%,-3382480,4409936,,,286.31%,21.31%,-142.51%,-2634.30%,135.12%,115.45%,-107.80%,-595.76%,183778,,-60.60%,-1983556,0.10,1,,-12.50,0.73010,64834,34.57,34.82,31.95,-6.77
VEEE,7706240,-4.24%,4124516,3581724,-75.65%,19.24%,-16.28%,29.82%,86.88%,-56.30%,-48.89%,-22.81%,-35.00%,4.32%,221362,-63.83%,-8.58%,-169938,0.46,1,4.09,-1.46,2.74000,157984,41.89,33.31,29.05,-11.00
GBR,363000,,363000,,-18.79%,,,,8.91%,-0.40%,-0.40%,-5.98%,-0.40%,12.58%,73000,-5.22%,8.46%,-9000,0.03,1,,24.98,0.79000,34000,39.80,33.73,38.17,-0.01
RTC,14945458,85.59%,-2054389,16999847,,-39.03%,595.17%,-33.73%,-50.24%,-115.30%,-194.45%,-18.34%,-56.70%,11.60%,34111,-98.64%,-23.14%,-295974,0.48,1,7.17,-4.48,0.21050,157292,27.26,25.54,24.03,-4.12
AMIX,11823000,4.24%,10691000,1132000,,,-22.31%,,274.73%,-212.50%,-138.57%,,-161.10%,,,-99.20%,,-1703250,,2,,,1.64000,5547,29.99,24.89,6.94,-12.93
TWG,4984,-53.91%,-372144,377128,,,1587.90%,,-8.58%,6.50%,5.69%,,5.30%,,1197974,4.24%,,42528,1.48,3,9.85,4.15,0.13840,1033072,38.69,39.92,0.00,0.02
WLGS,4650000,23.40%,2245000,2405000,,,160.52%,,45.57%,5.10%,6.00%,,2.50%,,279736,1.64%,,9663,0.71,4,,1.36,0.22970,1553943,27.63,39.19,43.37,0.02
SLE,1310000,181.87%,-3665000,4975000,,,521.88%,,-89.64%,-451.60%,-1257.11%,-251.25%,-114.10%,-203.14%,224750,-325.64%,-106.46%,-231042,1.11,1,,-35.65,0.22100,107261,31.42,29.52,31.32,-2.35
HTOO,454968,-10.56%,-857908,1312876,,,,,-16.02%,-252.00%,-100.81%,-258.31%,-48.90%,,38413,-874.62%,,-232833,0.08,1,1.42,-9.86,0.22490,262959,27.93,33.12,32.46,-1.75
DWTX,14847949,,-688013,15535962,,,,33.69%,-12.25%,,-13.65%,-135.68%,-49.70%,221.60%,,-225.94%,-81.52%,-3215957,,1,,,2.94000,140345,32.51,41.99,36.08,-12.52
BGLC,4137219,-45.70%,3892077,245142,-35.22%,41.66%,76.66%,29.00%,99.82%,-9.90%,-9.39%,-9.69%,-8.40%,-0.14%,308662,-23.58%,-1.56%,-31385,0.83,0,6.42,2.25,2.17000,1199783,37.77,38.17,31.64,0.11
AYRO,20289989,-9.03%,19787162,502827,-53.70%,-22.16%,-28.12%,-17.62%,528.90%,-138.20%,-9.99%,-135.38%,-33.00%,-78.32%,1100,-373.73%,-46.18%,-214418,0.00,0,,-6.62,0.45500,258252,43.11,29.88,23.15,-2.02
UUU,58882,-63.96%,-1494060,1552942,,-23.60%,16.66%,-1.93%,-38.22%,-27.30%,-24.78%,-4.38%,-12.90%,-12.26%,2015309,-18.05%,-6.62%,-116231,2.23,2,3.07,1.62,1.68000,4046,39.87,42.01,45.36,-0.54
XAGE,157139,-18.26%,-481854,638993,,-59.59%,-70.09%,,-13.11%,,237.04%,,-274.10%,,5032,,,-1036826,0.01,1,,-92.40,0.12860,51311,34.90,34.79,20.45,-0.49
XYLO,11412000,-33.68%,4922000,6490000,-51.72%,,-55.43%,,125.45%,-78.30%,-99.21%,-71.07%,-29.40%,-55.10%,686214,-99.57%,-30.36%,-218738,0.92,2,,-3.94,5.20000,99951,55.80,58.08,34.38,-23.20
VRAX,7285991,168.93%,6682789,603202,59.87%,,54.67%,,174.70%,-87.90%,-76.29%,32.12%,-79.90%,,4992,-72.11%,,-387077,0.01,3,,-2.31,0.87650,30568,25.28,35.38,14.99,-2.61
SONN,4861503,-15.21%,4750546,110957,67.59%,2.30%,-40.56%,-65.97%,125.98%,-408.90%,-228.34%,17792.42%,-174.10%,681.94%,76923,-323.57%,-236.04%,-725341,0.19,3,,-26.36,1.24000,17495,36.71,28.80,27.14,-10.27
OGEN,864840,-36.75%,536312,328528,-83.03%,-25.58%,1.86%,-19.63%,13.14%,-620.10%,4973.50%,-1992.97%,-327.20%,-255.92%,,-9052.25%,-177.38%,-2113584,,1,,,0.17700,12598,31.31,34.35,32.39,-1.60
BAOS,4698154,-2.30%,2496481,2201673,-42.30%,,182.06%,,77.10%,-8.60%,-8.91%,-5.60%,-7.10%,1.28%,,-7.59%,-4.06%,-111922,-0.01,3,,0.83,2.47000,557913,45.73,44.06,24.96,-2.33
HSCS,2596522,2.89%,-390557,2987079,,-17.80%,182.02%,,-11.51%,-178.80%,-383.42%,-1068.21%,-109.30%,,,-174.12%,,-567804,,1,,,3.50000,35438,59.41,43.84,35.47,-7.48
FOXO,34000,202.19%,-39323000,39357000,,,882.45%,,-1045.84%,,-89.78%,,-79.00%,,46241,-34.13%,,-362966,0.10,3,0.95,-7.42,0.11900,98662,37.79,36.21,11.53,0.04
NITO,2750000,,2750000,,-38.49%,,,,76.61%,-94.70%,-110.17%,90.84%,-83.00%,-11.24%,70000,-90.97%,-130.32%,-1731000,0.03,1,2.31,-8.89,0.21170,1581920,30.26,42.83,37.12,-0.89
NCPL,640604,,-1779520,2420124,,-11.09%,-0.62%,16.79%,-47.47%,-28.00%,-29.10%,17.11%,-25.10%,34.54%,38696,-21.23%,9.82%,-493378,0.02,1,,-0.75,1.70000,35560,41.83,34.48,33.59,-20.21
VSA,,,,,,,,,,,,,,,26835,,,,,0,,,0.37500,630705,46.99,40.32,35.54,
TAOP,480300,-7.73%,-7821309,8301609,,5.26%,1.97%,,-265.50%,13.40%,14.83%,1251.66%,5.40%,239.38%,809635,17.02%,-20.92%,30354,1.45,4,13.50,-6.57,0.21630,156676,34.44,32.29,31.04,1.10
PW,2231586,1.01%,-35178677,37410263,,17.27%,4.71%,8.96%,-958.37%,-220.90%,,-13.33%,-47.60%,-54.92%,1524938,-48.55%,-14.42%,-12681784,0.06,1,,,1.09000,13900,46.29,47.69,34.82,-7.48
XBIO,6165568,,6165568,,-31.36%,,,,165.21%,-54.30%,-65.93%,-62.13%,-47.50%,-51.30%,1250142,-69.99%,-45.58%,-1980137,0.30,2,,-38.04,2.38000,1917,34.31,31.03,36.22,-2.57
PRFX,4271000,-23.73%,4226000,45000,-50.25%,,-52.13%,-60.22%,123.18%,-321.90%,-704.42%,-209.26%,-201.80%,-145.06%,,-785.07%,-86.62%,-2084000,,1,,,2.15000,73972082,41.53,32.32,26.75,-32.16
SYRA,2395405,-20.09%,1943328,452077,-35.91%,9.66%,82.21%,,74.83%,-128.00%,-122.11%,,-94.60%,,84916,-113.04%,,-39992,2.01,3,,-1.71,0.20840,368200,34.06,29.44,25.97,-0.50
HAO,6655734,11.01%,5520535,1135199,,,124.61%,,20.32%,20.10%,15.26%,,12.90%,,1617328,10.30%,,43056,4.86,3,,8.31,1.27000,28187,42.63,28.44,12.71,1.00
ATNF,4585141,-68.06%,4430636,154505,380.68%,-57.10%,-85.34%,-46.51%,113.71%,-488.40%,-69.27%,-343.55%,-185.40%,-277.98%,,-67.24%,-113.88%,-3544922,,3,,,0.69100,78909,22.54,32.46,28.90,-15.49
RDHL,8016000,-52.43%,7458000,558000,,-81.41%,-99.55%,,61031.10%,-1708.60%,-2590.14%,43.81%,-105.80%,-117.16%,69943,-3309.85%,-37.90%,-569321,0.13,1,0.33,-29.27,2.78000,139959,46.74,34.78,32.81,-300.00
CNSP,6461378,945.54%,6135306,326072,2374.76%,-5.61%,8.40%,,198.45%,-7384.30%,-240.29%,-47.62%,-293.60%,5090.98%,,-229.17%,-217.36%,-2971560,,1,,,1.18000,192976,30.19,29.27,24.95,-38.87
JAGX,8002000,6.59%,-28524000,36526000,,7.55%,-1.53%,37.01%,-838.81%,-309.20%,-113.46%,-86.34%,-67.30%,-646.78%,238551,-70.37%,-85.80%,-785551,0.20,3,0.20,-10.90,5.12000,426297,37.36,29.78,22.59,-130.69
TTNP,2831000,,2831000,,-60.72%,,,,82.14%,-119.50%,-192.87%,-257.89%,-107.40%,-277.76%,,-186.76%,-124.44%,-1176500,,2,,,3.77000,6275,50.97,46.65,29.22,-5.23
JXG,877051,,257830,619221,-97.41%,-17.25%,-44.66%,-16.37%,7.53%,22.20%,20.07%,-90.83%,15.90%,-83.18%,675278,19.39%,-67.58%,62298,1.73,5,,-1.83,2.26000,162600,47.83,34.72,33.51,2.20
SNOA,5236000,-51.23%,5117000,119000,153.19%,-53.84%,-69.09%,-35.88%,147.99%,-70.30%,-37.51%,-55.73%,-26.90%,-55.58%,1397300,-89.46%,-27.50%,-374800,1.00,3,2.93,-19.06,2.08000,90142,40.74,41.48,29.33,-2.42
ADTX,920703,-32.54%,-5999686,6920389,,13.59%,-62.01%,110.97%,-147.39%,-852.50%,-413.91%,-219.77%,-156.40%,-724.88%,2851,-375.68%,-190.24%,-984266,0.01,1,1.66,-11.73,2.88000,399965,30.14,26.03,21.45,-3062.51
IVP,523690,-3.64%,-15845026,16368716,,34.73%,-11.15%,,-477.79%,-3315.50%,-93.08%,,-65.90%,,106360,-50.34%,,-92853,0.76,3,24.44,-3.78,1.47000,45607,31.43,22.50,1.79,-2.61
CNET,1123000,364.86%,91000,1032000,,-24.53%,-41.36%,7.41%,2.65%,-89.90%,-97.37%,-56.77%,-43.90%,-40.00%,369160,-84.72%,-24.36%,-97760,1.66,2,,-7.00,1.51000,4666,46.76,39.43,35.42,-2.70
TOVX,11705000,-10.01%,10140000,1565000,-52.00%,0.82%,-27.34%,16.73%,347.07%,-101.60%,-92.39%,-1.51%,-61.60%,21.20%,,-127.69%,-56.40%,-1166045,,2,,,1.17000,39638,40.43,34.17,29.96,-19.03
QNRX,14056878,,14056878,,31.44%,,,,42.27%,-114.70%,-77.74%,-257.18%,-62.60%,28.20%,,-103.52%,-127.92%,-1792494,,3,,,5.49000,100318,30.28,28.76,31.96,-66.85
SOAR,40300000,7.48%,7228000,33072000,-74.13%,76.65%,13.41%,,244.98%,,211.68%,,-71.40%,,202131,-55.95%,,-177489,0.81,2,,-5.01,1.69000,64030,39.19,27.14,32.12,-24.42
XRTX,2473649,-36.90%,2434864,38785,-29.14%,,236.97%,,74.65%,-124.30%,-99.30%,-105.63%,-70.50%,-99.02%,,-122.01%,-48.34%,-1104449,,0,,,0.83110,2126,40.22,37.09,34.35,-1.15
ONVO,1304000,-15.47%,-13000,1317000,,-16.61%,-12.26%,,-0.36%,-346.30%,-1364.72%,-112.90%,-187.50%,-86.32%,6100,-747.06%,-71.36%,-619250,0.02,2,,-137.34,2.18000,1308533,36.69,35.60,30.66,-10.20
APVO,8714000,-4.16%,4085000,4629000,-64.50%,-34.82%,-14.23%,-27.55%,126.74%,-488.90%,-257.14%,-143.01%,-152.50%,-208.68%,,-262.17%,-57.50%,-652162,,1,,,0.98070,452354,32.16,23.67,29.26,-87.38
CELZ,5940402,,5926208,14194,-40.58%,,,-57.90%,119.84%,-73.90%,-86.63%,-47.37%,-70.50%,253.02%,2750,-90.37%,-1350.88%,-1373370,0.00,2,1.00,-6.18,1.80000,211382,34.87,39.32,38.48,-3.71
BURU,232075,9.53%,-9485336,9717411,,,35.44%,,-280.32%,,306.75%,,-316.80%,,11251,,,-598096,0.06,2,2.17,-33.58,0.16560,251042,37.81,40.76,0.00,-14.07
CASK,31845,0.72%,-52517427,52549272,,,,,-1827.00%,,,,,,71812,,,2498,,3,,,0.57000,29591,41.99,10.84,0.00,0.06
UPXI,406347,-1.52%,-10113670,10520017,,84.44%,-65.08%,,-332.89%,-244.00%,-293.16%,-58.73%,-78.50%,-73.14%,,-152.94%,-27.48%,-356110,-0.37,4,,-8.58,2.33000,56718,48.29,39.22,30.97,-22.02
SGLY,18265441,,18265441,,218.66%,,,,596.88%,-19.20%,-25.12%,-91.71%,-15.80%,-70.02%,150369,-27.69%,-57.24%,-199813,0.12,4,,-6.14,0.72800,155584,45.10,41.29,39.46,-0.72
INM,3460209,123.67%,2511250,948959,-72.75%,-3.29%,160.57%,,85.36%,-90.70%,-112.57%,-121.39%,-71.70%,-102.40%,371693,-108.90%,-80.94%,-608725,0.44,2,3.38,-19.74,2.53020,22969,48.89,39.98,39.68,-13.75
OBLG,4965000,,4965000,,-16.88%,,,,150.31%,-288.70%,-100.75%,-168.18%,-223.00%,-136.08%,339714,-104.97%,-105.10%,-1872286,0.41,1,,-61.25,2.64000,5154,40.40,37.08,36.47,-15.71
LIXT,1038952,,1038952,,-75.28%,,,,32.86%,-189.60%,-431.46%,-177.40%,-157.70%,-133.90%,,-431.90%,-120.66%,-1792982,,1,,,1.13000,8593,41.68,35.46,34.68,-1.59
PRSO,3344000,-21.90%,3023000,321000,249.88%,-21.63%,-55.35%,-36.15%,93.32%,-272.30%,-289.44%,-292.14%,-120.20%,-272.14%,346976,-328.36%,-105.14%,-255429,1.63,4,3.01,-36.31,0.61500,33532,43.26,37.12,34.30,-3.57
PALI,9847000,-52.66%,9678000,169000,-19.94%,-5.30%,-54.20%,-16.37%,496.30%,-169.30%,-188.72%,-183.99%,-126.30%,-343.42%,,-193.96%,-122.80%,-1804750,,1,,,0.68000,33308,38.87,24.97,32.16,-10.19
SNPX,17656221,,17656221,,-41.34%,,,,592.26%,-91.10%,-76.37%,-30.76%,-55.10%,-68.06%,,,-56.00%,-3389614,,2,,,2.14500,22035,33.26,35.52,34.86,-10.99
ZAPP,1565117,16.10%,-4852083,6417200,,,1587.95%,,-103.02%,,36.48%,,-141.40%,,484,,,-250224,0.00,3,0.04,-71.74,0.59870,299293,29.13,30.39,8.83,-2.56
GLTO,14175000,,14114000,61000,-57.34%,-48.55%,-7.58%,-21.98%,437.43%,-96.90%,-134.28%,-85.30%,-85.50%,-75.92%,,-140.07%,-58.84%,-4287800,,2,,,2.22000,20122,36.43,31.73,27.33,-18.53
SBFM,9686529,71.14%,8734049,952480,-44.14%,-20.56%,44.82%,5.89%,167.75%,-21.20%,-22.11%,-68.40%,-16.90%,395.22%,670659,-23.77%,-266.26%,-98733,1.15,1,2.85,-1.39,1.38000,126389,30.47,25.36,37.01,-7.32
VLCN,2298573,-11.59%,1487687,810886,,-29.45%,-97.42%,,50.60%,-1084.60%,-2822.33%,-824.93%,-368.50%,,112144,-3171.97%,,-1264175,0.33,4,3.34,-60.16,0.75700,25195,32.83,21.95,23.64,-146.90
RELI,1797694,52233.41%,-11294033,13091727,,11.54%,-10.31%,-0.37%,-367.79%,-329.50%,-54.49%,-28.99%,-62.70%,-453.92%,219599,-47.83%,-37.64%,-141743,0.97,4,,-4.34,1.01000,68156,23.78,34.47,36.71,-9.01
CMCT,52868000,5.73%,-452864000,505732000,,35.98%,7.25%,10.47%,-9275.60%,-21.80%,,0.19%,-8.30%,-13.30%,24902400,,-5.62%,-14668600,0.14,3,,,0.21810,1108883,29.45,17.00,20.72,-17.21
ENVB,2241026,,2241026,,-2.05%,,,,74.93%,-219.70%,-600.58%,-416.69%,-168.20%,-180.62%,,-604.74%,-118.56%,-1367855,,2,,,1.17000,32130,33.36,29.56,29.94,-19.04
VERO,4271000,12.18%,-38756000,43027000,,-17.94%,-46.01%,-9.02%,-1435.15%,,-107.45%,-41.87%,-61.60%,416.56%,222031,-60.51%,-40.94%,-160945,0.85,4,1.01,-7.02,4.06000,1838193,52.58,49.25,36.39,-71.21
VTAK,2873000,-5.10%,1085000,1788000,-66.02%,-7.57%,380.65%,-12.55%,37.76%,-151.90%,-52.21%,-211.21%,-80.20%,-184.66%,30000,-83.00%,-122.68%,-1557214,0.02,1,1.09,-16.16,0.31000,386,38.32,33.90,12.83,-6.68
NBY,430000,32.49%,-1242000,1672000,,44.78%,-36.01%,-16.20%,-42.70%,-7084.80%,-1245.34%,-127.76%,-207.60%,-1533.78%,376192,-322.36%,-106.80%,-331077,2.36,2,5.21,-78.97,0.49000,500,32.03,30.29,29.17,-2.53
GLMD,15452000,,15452000,,21.11%,,,,499.46%,-50.70%,-49.20%,-79.72%,-44.70%,-66.06%,,-38.45%,-56.22%,-939625,,2,,,1.26000,745433,37.17,35.33,31.19,-8.08
EDBL,3530000,79.64%,-273000,3803000,,-22.65%,-14.75%,,-9.27%,-1580.90%,-172.34%,,-161.30%,,139970,-117.45%,,-150747,1.50,4,10.39,-6.07,1.98000,85074,36.50,28.73,8.45,-68.38
NVVE,691497,35.46%,-9965307,10656804,,45.17%,93.67%,134.59%,-367.89%,-594.90%,-305.30%,-159.31%,-90.10%,-248.70%,112473,-217.76%,-71.32%,-370162,0.27,2,0.67,-16.81,0.92000,100601,26.95,28.10,32.90,-26.92
AWH,1769000,57.61%,-1607000,3376000,,-6.32%,18.37%,15.44%,-58.31%,,-56786.96%,-1275.44%,-245.00%,494.90%,139121,-2002.21%,-147.46%,-198394,1.72,4,13.39,-141.74,0.09470,443521,32.95,22.73,32.57,-0.93
GITS,8930636,9.55%,3290393,5640243,-51.05%,,13.02%,,118.68%,-19.70%,-23.32%,,-11.50%,,,-20.28%,,-43378,-0.03,0,,-2.70,1.06000,6868,29.74,16.92,0.00,-0.20
BKYI,1801137,8.55%,-662947,2464084,,96.49%,-10.08%,0.00%,-29.65%,-5377.80%,-1736.49%,-533.46%,-182.80%,-149.32%,145282,-356.83%,-85.84%,-206568,1.29,4,2.33,-31.76,0.75310,257765,32.86,37.70,29.78,-12.24
VSME,652840,10.50%,-3278054,3930894,,,-5.82%,,-83.78%,-2943.50%,-588.77%,,-102.40%,,173231,-128.23%,,-155384,1.14,2,997.21,-6.42,0.77060,5006,38.04,37.36,4.74,-2.62
BOXL,8007000,-5.34%,-37587000,45594000,,-4.25%,-7.48%,48.98%,-1345.02%,-1159.50%,-52.25%,-23.44%,-22.00%,-274.90%,854673,-59.54%,-15.50%,-186189,1.01,1,2.04,-0.97,1.25400,80533,38.54,39.49,33.15,-15.11
SNES,1307000,-0.76%,1045000,262000,-79.05%,-22.14%,-35.47%,-22.78%,35.40%,-178.10%,-226.79%,-148.94%,-143.50%,-171.64%,80739,-225.35%,-127.88%,-268870,0.43,3,1.07,-60.63,1.59000,19136,36.33,33.25,24.82,-8.86
TIVC,2002000,,2002000,,-33.84%,,,,72.55%,-193.10%,-223.08%,-362.48%,-158.50%,-254.02%,111429,-223.31%,-133.16%,-807857,0.22,1,1.45,-20.99,4.45000,94030,52.77,44.31,25.49,-19.68
REVB,6499018,,6499018,,-45.80%,,,,224.36%,-334.30%,-319.40%,2622.22%,-149.10%,-592.52%,,-169.38%,-85.92%,-1670948,,1,,,3.01000,98788,47.07,27.48,7.85,-87.68
ARTL,2338000,-7.14%,2234000,104000,-78.53%,5.73%,352.17%,,74.02%,-150.90%,-335.82%,-132.16%,-128.80%,-93.70%,,-341.37%,-84.64%,-1637667,,1,,,0.82210,3166,36.31,35.00,32.74,-3.05
FTFT,21633042,-3.24%,19312567,2320475,-48.89%,89.17%,54.76%,-42.88%,489.90%,-89.70%,-101.73%,-45.65%,-64.00%,97.68%,266814,-71.55%,55.34%,-539231,0.32,2,,-6.32,1.30000,18799,32.27,31.37,34.79,-24.00
MTNB,10845000,-5.25%,7774000,3071000,-46.60%,-14.03%,-17.18%,-6.71%,283.00%,-123.10%,-114.52%,-58.98%,-94.30%,-51.92%,,-116.76%,-43.80%,-660375,,1,,,0.53000,912,42.28,26.24,32.09,-4.85
UOKA,84241,,84241,,-98.19%,,,,3.62%,-41.50%,-42.35%,-19.40%,-39.30%,-16.38%,10441,-43.46%,-14.18%,-153887,0.03,2,,2.39,0.17010,1178514,49.14,35.08,33.27,-0.14
OLB,41288,348.06%,-1338958,1380246,,42.56%,292.88%,-35.89%,-53.14%,-261.10%,-316.69%,-45.64%,-141.60%,-48.16%,615841,-319.08%,-27.98%,-959501,0.91,1,,-10.09,1.23000,1192,49.92,35.76,33.70,-6.91
ENSC,3502077,-22.09%,3200417,301660,1090.16%,-74.03%,-64.71%,-35.11%,99.48%,-197.50%,-197.53%,-1137.51%,-139.80%,272.86%,,-167.83%,-204.04%,-998403,,4,,,1.88000,123502,17.90,31.26,28.67,-11.45
BENF,4201000,,-118740000,122941000,,3.13%,-4.10%,,-4507.33%,,,461.78%,-3.80%,,,,,-178437,-0.05,1,,,0.31000,40841,42.30,20.97,14.23,-6.43
MSGM,859271,-18.92%,811863,47408,-45.02%,,-76.14%,,30.91%,-100.60%,-211.18%,-625.03%,-36.40%,-153.56%,222755,-321.86%,-70.68%,-70589,1.15,3,,-20.61,0.82500,8312,22.70,34.05,17.25,-0.94
SGBX,375873,0.81%,-6511013,6886886,,20.55%,24.90%,,-287.88%,,251.65%,309.45%,-159.30%,-83.40%,52943,,-70.76%,-240439,0.35,2,16.63,-34.91,0.40700,245104,33.76,32.64,32.17,-10.53
SHPH,1920144,107.97%,746672,1173472,-82.94%,6.23%,7.89%,,29.82%,-1237.20%,-816.16%,-44.89%,-340.40%,,,-408.80%,,-1016089,,1,,,0.41500,6231269,44.15,31.14,3.27,-3.30
OCTO,2406452,0.18%,-25392282,27798734,,860.01%,-21.04%,,-1000.08%,-44.00%,19.56%,,-5.80%,,1810693,-22.88%,,-134107,0.78,3,5.97,-2.42,1.05990,42481,40.67,36.51,2.39,12.28
WLDS,3951000,-54.42%,2869000,1082000,-71.90%,,567.90%,,106.02%,-167.90%,-201.49%,-278.34%,-116.10%,-16.60%,15353,-158.24%,-134.98%,-231735,0.08,2,0.71,-9.59,2.49000,73806,51.74,29.69,36.26,-24.20
PTPI,3709971,,-3538664,7248635,,,-9.55%,-12.01%,-141.28%,-793.70%,186.11%,1564.89%,-123.50%,-236.96%,243431,,-51.52%,-1276055,0.24,3,0.42,-19.82,0.04760,3785670,37.06,29.05,28.25,-3.34
AEHL,2322000,-57.27%,-4320000,6642000,,-43.16%,-90.45%,,-59.31%,-39.90%,-99.47%,-39.13%,-32.50%,-96.02%,1631661,-379.84%,-35.28%,-604000,6.37,1,,1.17,3.04000,720317,47.24,32.09,33.81,-558.80
SOPA,4274471,35.35%,2932369,1342102,-56.91%,36.02%,-9.13%,,105.45%,-391.60%,-1121.92%,-77.07%,-79.30%,,,-506.80%,,,0.46,3,8.72,-10.94,0.70390,145598,32.28,42.81,17.84,-5.12
CTHR,9715518,56.48%,5309466,4406052,-58.81%,1.88%,50.49%,,207.87%,-44.80%,-53.28%,-14.80%,-33.20%,-13.20%,448091,-48.60%,-10.22%,-293122,0.51,2,0.65,-2.34,0.80800,36472,25.22,31.08,26.37,-4.73
ITP,4892914,-21.02%,-5518252,10411166,,-14.02%,-17.82%,-7.65%,-210.85%,-5.90%,-4.83%,-1.86%,-5.10%,-3.16%,206683,-4.70%,-2.82%,-25541,0.41,4,13.22,0.99,0.25000,8524,41.81,44.57,39.12,-0.98
DGLY,415131,-40.01%,-6481265,6896396,,1.61%,19.14%,-3.57%,-297.39%,-425.00%,-352.92%,-106.85%,-47.60%,21.50%,124301,-366.03%,-30.88%,-117448,0.50,3,4.62,-7.16,0.03170,22393334,32.25,24.41,28.04,-6.69
ADD,20218,-15.32%,-1058243,1078461,,-64.78%,,-51.09%,-5.43%,-124.30%,-144.46%,-108.93%,-93.20%,-139.52%,60222,-137.76%,-71.06%,-571582,0.10,1,,-12.51,0.87030,359150,47.37,39.19,36.09,-71.00
PAPL,619581,42.55%,-773260,1392841,,,-12.40%,,-31.80%,-220.20%,-163.06%,,-91.10%,,54636,-130.83%,,-75029,0.66,1,,-5.61,0.28300,24200,40.55,29.59,25.85,-0.55
CISS,12589049,-34.35%,12560281,28768,38.58%,,,,512.66%,-4.00%,-0.34%,,-2.40%,,,,,,0.38,5,28.59,0.44,3.51000,42555,37.63,19.49,11.52,-25.74
WNW,3094088,-12.55%,2605775,488313,-86.17%,,-91.33%,,51.41%,-94.50%,-131.76%,64.10%,-56.00%,-12.02%,190755,-89.40%,-34.24%,-350704,0.31,2,0.97,-3.60,1.45000,198386,28.27,37.50,5.29,-125.80
AQB,230362,-42.23%,-3050217,3280579,,-29.53%,-35.32%,-7.89%,-123.29%,-159.90%,-822.54%,-125.00%,-131.00%,-44.80%,,-582.80%,-37.64%,-37298165,,2,,,0.62200,19687,45.35,38.18,30.73,-38.65
BLMZ,2398051,-10.23%,2127127,270924,,,,,78.85%,-62.10%,0.71%,,-42.40%,,154623,-42.27%,,-151869,0.42,0,,0.46,0.17900,61817,33.62,28.98,0.00,-0.13
MYSZ,4880000,-15.85%,4604000,276000,189.20%,-23.27%,-60.23%,-18.36%,193.01%,-76.80%,-55.84%,-128.49%,-50.30%,-141.74%,635154,-58.72%,-95.00%,-307308,1.04,4,1.74,-8.18,1.13000,86462,40.24,42.30,26.25,-4.39
ZCAR,4397373,-20.86%,-10769245,15166618,,,-37.00%,,-449.81%,,38.39%,,-259.00%,,47735,,,-111649,1.11,3,,-56.21,3.35000,89924,31.61,28.99,0.38,34160.20
KWE,2081453,-11.24%,1889831,191622,25.97%,,-33.60%,,86.54%,-410.00%,-184.22%,-374.24%,-155.80%,,52382,-193.29%,,-242958,0.34,4,2.60,-10.90,0.21620,110707,27.09,29.86,36.92,-6.83
SGD,1256874,11.90%,-8942804,10199678,,72.94%,49.76%,,-365.85%,-612.50%,-230.93%,,-70.90%,,103776,-50.75%,,-4454237,0.02,1,,-3.84,1.23000,30401,46.34,35.71,29.59,-9.78
XPON,575036,-7.03%,-454051,1029087,,-34.30%,-82.73%,,-18.51%,-478.70%,-383.63%,-73.14%,-141.80%,,244563,-190.39%,,-586064,0.59,2,1.03,-8.74,0.74200,22256,31.46,19.02,31.41,-21.03
IFBD,9178144,,9178144,,115.92%,,,,323.02%,3.40%,3.09%,19.66%,2.50%,12.30%,27273,-7.74%,-9.04%,108649,0.01,3,,11.84,1.17030,46209,28.10,32.40,15.94,157.82
ASTI,3170743,-17.07%,1108163,2062580,,-46.21%,-48.16%,-34.52%,47.76%,-441.20%,-174.64%,-136.21%,-121.40%,63.60%,2327,-156.86%,-122.72%,-509087,0.01,2,0.33,-99.62,1.34000,21158,37.26,26.40,32.83,-10.38
ELAB,3984453,,3984453,,19.77%,,,,141.22%,-122.80%,-76.60%,,-84.70%,,,-54.92%,,-2081912,,1,,,3.21000,13376587,29.50,16.25,0.45,-78.48
XXII,4922000,-7.90%,-3695000,8617000,,54.51%,-47.39%,42.34%,-163.64%,,-111.35%,-158.61%,-105.50%,294.60%,435393,-110.46%,-82.18%,-454768,1.01,5,8.42,-26.14,0.95290,3302413,24.44,23.71,31.01,-175.99
CETX,5464254,-2.73%,-12420857,17885111,,31.28%,45.72%,23.48%,-523.32%,-1763.40%,-149.04%,-21.59%,-76.50%,-88.22%,226782,-41.73%,-19.30%,-123759,1.40,2,3.95,-3.80,1.26000,14059,37.41,24.71,28.59,-1462.15
BBLG,3325131,,3325131,,9.86%,,,,149.23%,-211.40%,-118.05%,-96.41%,-195.90%,-88.62%,,-121.11%,-13537.76%,-3662462,,2,,,0.68730,27949,32.48,35.22,31.31,-4.83
QLGN,1686234,-14.12%,252003,1434231,-79.71%,67.74%,72.36%,61.80%,10.80%,,318.37%,-68.09%,-539.90%,-600.90%,,,-115.42%,-1985305,,0,,,3.05000,80453,41.91,34.45,28.08,-56.20
THAR,3559361,,3559361,,-67.45%,,,,160.75%,-270.00%,-931.74%,-190.87%,-186.80%,-90.02%,,-950.86%,-472.56%,-4065856,,1,,,1.06000,16361,26.70,25.85,16.73,-9.41
NDRA,3229480,20.56%,1845777,1383703,-24.34%,26.78%,250.83%,14.37%,79.11%,-210.60%,-299.13%,-172.86%,-162.50%,-189.96%,,-274.26%,-140.58%,-547997,,2,,,3.95000,102574,47.38,26.63,31.66,-56.94
NLSP,552758,4.89%,-1160846,1713604,,,383.61%,,-34.78%,,97.52%,-476.51%,-380.80%,-6.20%,,,-474.88%,-942161,,1,,,1.35010,20584,35.70,34.54,31.83,-6.74
GNLN,899000,-11.74%,-7784000,8683000,,-35.05%,-5.27%,-8.36%,-331.09%,-245.60%,-183.80%,-145.43%,-54.10%,-131.94%,270918,-78.17%,-44.78%,-360000,0.41,2,0.40,-14.20,0.25810,118426,27.94,30.75,21.65,-14.56
TANH,76601160,-45.86%,71862863,4738297,60.03%,-20.17%,-50.77%,-18.79%,3534.55%,4.00%,6.18%,-4.58%,3.50%,-2.82%,570969,0.83%,-2.24%,56725,0.35,6,39.92,1.97,1.83000,117620,33.15,28.90,32.57,46.80
LICN,34187000,-36.43%,34105000,82000,69.21%,,,,1290.19%,12.60%,16.05%,,12.00%,,103273,11.00%,,19084,0.65,5,133.38,3.36,3.38000,34291,30.10,27.53,37.00,60.00
WORX,106654,-1.74%,-7997,114651,,-44.16%,-27.43%,,-0.38%,-27.90%,-22.89%,-47.02%,-17.70%,-63.92%,427086,-27.35%,-39.08%,-162318,0.47,2,,-6.47,0.99000,1116724,54.54,41.23,34.25,-0.78
IPDN,1731155,-14.86%,1546091,185064,348.69%,-24.79%,-34.62%,,64.53%,-82.20%,-49.85%,-100.83%,-40.60%,-126.88%,156526,-43.67%,-46.10%,-58418,1.09,3,,-17.66,1.14000,93021,27.55,32.44,36.52,-2.07
SBEV,456889,1.07%,-10792954,11249843,,24.52%,65.93%,,-474.37%,,184.47%,-50.12%,-237.50%,,195554,-3057.99%,,-647228,0.72,1,2.27,-32.72,1.34000,99199,51.37,59.96,57.69,-16.80
TGL,762876,-85.03%,755627,7249,-35.48%,,-86.92%,,19.50%,-57.00%,-23.86%,118.07%,-51.20%,,95936,-24.77%,,-177537,0.28,3,24.08,-0.07,1.96000,289352,17.03,26.96,14.75,215.00
OST,1339491,2.70%,-26537442,27876933,,,31.93%,,-1148.06%,-105.10%,-82.98%,-6.68%,-18.70%,,277463,-28.82%,,-85997,0.60,2,2.32,-0.86,0.98100,62148,19.68,27.82,0.00,-6.74
AUUD,2706319,-6.36%,2624826,81493,,,-97.31%,-61.12%,129.26%,-199.50%,-180.09%,-72.64%,-149.40%,-165.16%,,-165.78%,-147.66%,-726837,,2,,,4.02000,49450,41.90,31.53,32.63,-57.63
EYEN,7188129,-16.92%,-5823526,13011655,,21.35%,-18.62%,,-287.31%,-1243.80%,-501.85%,-110.76%,-156.40%,-153.66%,558,-219.58%,-90.10%,-663698,0.00,2,0.41,-16.01,0.96520,13932,27.31,29.24,36.29,-56.80
PBM,762799,,-6894598,7657397,,,,,-318.61%,,465.76%,,-3758.40%,,,,,,,2,,,0.45210,68964,26.31,28.38,24.84,-586.49
FAMI,486522,136.43%,-14566479,15053001,,92.93%,230.67%,,-725.76%,-2.80%,-1.68%,2.14%,-2.60%,1.20%,1526936,,1.00%,-110826,0.36,3,19.42,1.44,1.60000,13130,28.33,26.85,29.01,-7.92
HSDT,1088000,-47.83%,1076000,12000,-79.00%,58.74%,-78.95%,-54.81%,54.69%,-356.30%,-850.25%,-505.30%,-197.90%,-250.08%,24762,-1298.13%,-146.98%,-559143,0.09,2,0.78,-77.74,0.32370,30601,34.89,32.72,31.61,-4.33
ZVSA,1530924,,1530924,,-51.07%,,,,57.87%,-106.40%,-97.53%,,-46.40%,,,-107.28%,,-1344776,,1,,,0.77130,5373939,52.77,33.25,23.01,-8.48
MRIN,5588000,-32.81%,4769000,819000,-57.87%,-49.97%,-64.05%,-39.36%,122.35%,-112.40%,-141.34%,-71.78%,-76.90%,-68.62%,154704,-147.04%,-41.34%,-111278,1.07,3,,-41.07,0.62740,489380,17.40,18.76,34.15,-3.93
AGRI,1373294,17.39%,234939,1138355,,189.14%,-81.38%,,11.07%,-196.10%,-228.00%,-132.60%,-116.40%,,9698,-152.56%,,-2485757,0.00,2,1.11,-12.65,1.26930,13166,43.53,21.72,29.10,-28.84
SBET,64184253,32.04%,47603393,16580860,,,,,2514.03%,-691.80%,-34.51%,-98.79%,-26.80%,-204.52%,2057637,-93.71%,-106.66%,-1942613,0.28,3,,-1.72,0.28410,330039,40.00,32.27,12.87,-1.30
PTIX,1838469,,1838469,,-54.67%,,,,95.65%,-474.60%,-545.36%,-382.85%,-294.30%,-78.58%,,-562.69%,-146.64%,-1841781,,1,,,0.25880,142842,47.64,38.92,33.77,-1.13
SVRE,3542729,43.15%,1568359,1974369,-79.46%,,1043.67%,,123.06%,-329.60%,155.30%,-143.92%,-137.50%,,33660,-184.31%,,-698760,0.07,2,0.30,-13.51,2.14000,215223,31.41,22.59,29.98,-27.00
ENTO,283243,-11.98%,142709,140534,-95.11%,-48.52%,-83.00%,-37.90%,7.10%,-245.70%,-31.21%,369.59%,-21.00%,-1381.42%,,,-308.98%,-2033367,,1,,,0.40300,153735,40.35,35.35,30.12,-5.33
TC,1413630,38.48%,-5213480,6627111,,152.81%,178.44%,,-68364.54%,,26.36%,-74.51%,-230.00%,-8.80%,58073,,-78.42%,-222002,0.60,2,,-59.70,0.64010,8628,34.57,32.00,36.22,-11.84
SCNI,1169000,-94.11%,-58000,1227000,,-60.62%,-93.81%,-48.15%,-1209.09%,,-43.21%,-51.44%,-30.50%,-51.52%,14581,-73.00%,-39.86%,-151484,0.03,2,,-14.37,2.20050,74192,42.01,35.83,36.89,-23.60
JFBR,2581000,1321.43%,2382000,199000,-70.05%,,8.15%,,130.03%,-110.90%,-51.66%,-40.58%,-60.10%,-67.08%,1140667,-107.78%,-27.58%,-650333,1.05,4,4.15,-1.49,0.96000,40914,30.78,28.67,18.83,-11.91
EZGO,6030661,35.66%,-7298988,13329649,,,374.10%,,-420.03%,-11.90%,-11.65%,-9.03%,-8.70%,-12.48%,301920,-5.87%,-8.48%,-104068,0.25,1,43.34,-0.04,0.31540,33550,33.38,26.69,28.65,-2.80
YCBD,1970217,27.98%,344848,1625369,,-34.37%,-51.75%,-28.02%,20.79%,-271.50%,-112.54%,-107.37%,-53.00%,-92.50%,457625,-68.56%,-52.04%,-159346,1.52,2,2.38,-21.49,0.27560,16916,46.63,36.87,27.92,-1.67
LGHL,20649490,20.24%,17849822,2799668,-37.08%,,78.39%,,4309.97%,-69.30%,-51.74%,-7.02%,-28.20%,-10.86%,323408,-46.37%,-2.48%,-437670,0.21,3,,-1.76,3.07000,194603,35.12,28.33,35.59,-275.00
UK,10643926,-1.61%,-3823775,14467701,,,-64.46%,,-445.35%,-59.60%,0.25%,-21.82%,-2.70%,-98.48%,158034,-71.32%,-30.58%,-8483,0.50,1,,-12.74,1.09990,28507,46.38,37.28,5.83,2.12
AKAN,6031982,-90.64%,5657565,374417,523.46%,,-90.23%,,251.22%,-221.80%,-633.85%,,-125.10%,,26948,-133.14%,,-632176,0.05,3,,-16.82,1.07000,25918,19.23,29.85,9.11,-461.68
CNEY,317323,,317323,,-97.71%,,,,38.03%,-14.00%,-14.15%,-1.94%,-12.50%,-1.02%,2123249,-12.89%,-1.18%,-585032,0.45,2,24.86,0.90,0.12500,129237,32.34,32.79,32.39,-4.13
KNW,1032329,-13.85%,-3345430,4377759,,-32.36%,52.64%,-4.53%,-35.16%,,414.22%,-241.78%,-561.00%,-105.20%,,-3136.27%,-294.90%,-1506908,,1,,,0.52680,1139551,16.99,0.00,0.00,-8.00
SGN,1408,-85.02%,-445377,446785,,,-95.84%,,-25.97%,,548.96%,,-245.30%,,41178,,,-586793,0.17,3,,-51.04,0.83010,21582,44.78,30.44,12.63,-18.72
PLRZ,2554000,,2554000,,,,,,153.43%,-60.60%,-24.63%,,-50.60%,,,-24.63%,,-257500,,2,,,0.36100,49516,36.29,35.48,0.00,-0.50
CERO,3380204,-15.97%,1575382,1804822,,,-42.01%,,67.52%,,,,,,,,,,,0,,,0.77000,491823,34.17,23.52,6.57,-1.19
ICON,2702000,,2702000,,,,,,57.78%,9.80%,12.63%,,8.40%,,,12.05%,,,0.33,4,,1.40,2.01000,164281,26.35,20.15,0.00,231.20
DXF,26825484,,3385741,23439743,,,-0.83%,,114036.40%,-400.80%,21.94%,-69.87%,-107.50%,-87.52%,,-329.03%,-25.52%,-6699069,-0.86,1,,-9.93,5.80000,143622,45.66,0.00,0.00,-1.02
BJDX,4301945,-8.03%,4079696,222249,119.87%,,-37.04%,,281.60%,-336.40%,-117.92%,-98.65%,-270.70%,-115.38%,,-120.46%,-114.94%,-2991550,,2,,,2.58000,2531141,43.10,25.10,15.96,-114.19
STBX,1197430,2.68%,-1436206,2633636,,,6086.02%,,-119.77%,-126.90%,-86.37%,7.39%,-74.00%,,76225,-125.16%,,-1250703,0.05,1,,-3.63,0.16230,161834,19.04,20.41,0.00,-114.20
VINC,5066000,,5066000,,-51.06%,,,,351.18%,-451.30%,-1104.04%,-341.40%,-216.50%,-189.86%,,-1155.03%,-97.14%,-2313385,,1,,,0.26210,1013148,22.30,31.80,38.78,-15.85
PCSA,1191325,-24.10%,1117818,73507,-75.46%,-2.15%,-51.18%,-41.00%,81.59%,-233.20%,-698.44%,-274.78%,-184.30%,-142.50%,,-680.98%,-119.94%,-1185012,,1,,,0.26000,1538375,29.35,27.03,34.92,-3.87
SMX,,-2.15%,-5106000,5106000,,,318.18%,,-120.23%,-101.40%,31.75%,,3.70%,,,-97.14%,,47250,,1,,,1.35000,118409,31.74,25.69,35.90,67630.37
UPC,11389193,18.73%,4879768,6509425,-79.81%,,47.61%,,684.99%,-50.20%,-56.65%,15.82%,-31.00%,,118782,-16.29%,,-82440,0.45,1,5.66,-0.30,3.53000,96889,40.53,30.35,30.45,-3054.00
SXTC,12077187,-15.98%,9429732,2647455,-37.72%,90.14%,29.37%,,23.96%,-21.70%,-17.96%,-16.31%,-11.80%,-43.44%,255,-10.05%,-21.94%,-41314,0.00,2,,0.99,2.66010,63179,45.70,39.97,16.91,125.89
ISPC,1751854,3979.56%,563479,1188375,-89.62%,-29.75%,407.11%,,45.73%,-139.20%,-190.22%,-29.39%,-74.00%,,196051,-165.32%,,-179697,0.81,2,,-10.10,1.27000,80927,46.18,29.70,37.35,-19.10
APDN,10044365,-17.84%,9437078,607287,215.44%,,-45.65%,-16.31%,132.03%,-275.60%,-62.77%,-140.53%,-172.70%,-124.90%,77852,-98.79%,-75.08%,-491446,0.27,3,5.36,-28.29,1.10000,679215,20.13,27.61,34.23,-253.50
BTOG,2098384,10.32%,-3598687,5697071,,-19.10%,109.37%,,-278.00%,-339.60%,-605.22%,-51.04%,-151.80%,-172.48%,,-166.50%,-75.90%,-2655764,,1,,,0.15000,8622207,37.28,34.22,30.22,-1.69
BDRX,6543554,-17.67%,6049066,494488,-49.70%,-61.48%,-50.13%,,255558.33%,-47.20%,-30.00%,-165.70%,-30.20%,-116.18%,,-46.36%,-73.48%,-199397,,1,,,1.57000,93353,40.14,28.20,26.89,-12.66
SLRX,2434528,-32.53%,2212662,221866,-60.56%,,-23.40%,-15.08%,211.95%,-213.20%,-368.84%,-187.22%,-145.60%,-123.72%,,-330.78%,-93.32%,-2787888,,1,,,0.60000,95449,31.20,31.37,31.76,-5.79
NAYA,471591,4.19%,-4632939,5104530,,45.18%,-39.38%,65.44%,-409.16%,-1331.50%,-76.59%,-224.29%,-41.70%,1828.66%,,-111.35%,-121.14%,,0.35,0,14.47,-6.54,1.72000,64071,29.57,25.69,29.45,-9.96
SPRC,2624000,-15.79%,2560000,64000,-80.22%,,42.22%,,90.18%,103.20%,70.70%,-558.29%,55.80%,-821.30%,154465,-105.52%,36.96%,1894667,0.17,2,,-6.55,0.27380,142991,34.94,38.80,25.04,-5.28
WINT,2309000,-40.39%,296000,2013000,-94.48%,-14.39%,-6.68%,-26.70%,26.78%,-160.30%,-58.99%,-195.07%,-35.20%,-133.64%,,-397.96%,-51.12%,-535450,,0,,,1.31000,562566,36.09,30.88,30.51,-16.48
BQ,6322237,-10.90%,-1946408,8268644,,-53.88%,-80.23%,,-161.15%,-26.50%,18.05%,-18.08%,-13.60%,-29.56%,331971,-22.48%,-33.38%,-31907,1.42,2,5.97,-9.97,1.95000,62,30.66,34.92,30.59,-8.43
AGMH,1211573,,1211573,,-89.19%,,,,161.30%,-162.10%,-1137.47%,-6.75%,-37.20%,0.94%,2148090,-1039.47%,-2.42%,-1374101,0.58,1,,-1.88,0.03140,27195646,24.09,21.71,33.17,-1.59
NIVF,194104,-76.58%,-138449,332553,,,-26.43%,,-6.82%,-8.60%,33.59%,,0.60%,,73374,3.44%,,1860,0.26,1,39.89,4.12,0.44400,284835,26.76,32.06,0.00,3.60
AREB,287546,41.96%,-10524811,10812357,,40.45%,127.76%,21.18%,-887.55%,,259.23%,39.00%,-150.70%,411.76%,,-384.22%,-244.08%,,0.98,1,2.27,-13.49,7.25000,31956347,47.49,34.42,34.40,-306.91
TNFA,10641834,-29.14%,10623549,18285,26.78%,-34.45%,-80.37%,,1533.20%,-295.20%,-138.72%,69.41%,-139.70%,-84.98%,,-76.74%,-67.14%,-4819488,,2,,,0.25750,516532,29.84,25.16,32.92,-13.72
SCPX,5087462,-6.15%,-9808149,14895611,,93.24%,12.43%,111.70%,-1186.86%,-100.80%,-75.46%,-65.25%,-59.20%,-62.34%,119575,-69.05%,-44.96%,-343031,0.21,3,,-10.16,0.14000,36485,42.65,5.94,0.31,-102.41
DMN,788561,257.64%,-6272323,7060884,,,,,-3839.03%,,,,,,,,,,,1,,,0.00420,1115101124,17.27,17.22,0.00,
GRI,5028000,-9.16%,4909000,119000,173.63%,,750.00%,-18.94%,519.16%,-266.10%,-247.21%,-789.69%,-177.40%,-371.40%,,-198.39%,-171.02%,-2529500,,2,,,1.21000,183603,20.86,26.24,34.33,-55.21
LGMK,3806915,,3806915,,-40.50%,,,,581.78%,-83.90%,-73.76%,-51.02%,-62.70%,-60.24%,309437,-73.86%,-42.96%,-290742,0.67,2,4.15,-11.66,0.00940,118910373,11.47,19.05,32.98,-14.65
WHLR,60716000,-0.07%,-432021000,492737000,,12.47%,0.99%,6.91%,-27242.53%,,,5.66%,-3.30%,36.58%,1867393,,-3.18%,-395982,0.16,4,,,2.19000,37698683,21.88,28.90,29.02,-1585.10
ONCO,341495,-33.78%,-9776649,10118144,,,-21.69%,,-1056.85%,,-113.09%,-237.32%,-72.70%,,155884,-112.18%,,-4300296,0.03,1,3.38,-4.89,0.05800,3401399,16.66,30.72,13.90,-99.33
STKH,1362000,-4.03%,-1093000,2455000,,138.92%,-26.65%,,-41.94%,-171.60%,-138.59%,-116.03%,-91.60%,-150.94%,233,-130.36%,-105.82%,-198163,0.00,1,,-17.31,0.65100,47600,15.74,19.48,21.95,-2.00
ATCH,31972727,8.19%,673728,31298999,-98.70%,,773.27%,,29.65%,,-578.72%,45.86%,-182.40%,,,-157.68%,,,0.30,2,,-9.50,0.51500,25799,29.13,25.85,16.91,-429.92
ACON,1322098,,1322098,,,,,,24.30%,-423.70%,-212.77%,,-201.60%,,7621,-192.57%,,-1046807,0.02,2,,-21.88,8.58000,26539,33.75,31.44,21.01,-7480.00
STSS,864041,61.24%,-2899581,3763622,,75.19%,,,-1267.99%,-164.70%,-360.01%,-122.43%,-97.10%,,,-167.14%,,-169022,,1,,,0.01830,1600351520,26.32,26.38,30.60,-7.40
BON,657205,12.84%,-6643018,7300223,,,36.86%,,-2367.91%,1.00%,2.32%,12.75%,0.70%,19.50%,245820,1.94%,11.40%,4105,0.44,2,10.16,1.33,0.06070,8671628,32.51,0.00,0.00,0.17
FMTO,3295669,-18.28%,3266567,29101,51.09%,-40.41%,-52.10%,,168.05%,-946.90%,-164.42%,-59.69%,-128.10%,-224.74%,166473,-249.39%,-58.64%,-7931709,0.03,3,,-8.31,0.03570,192765265,35.78,22.89,23.23,-101.31
SUNE,2162086,5.61%,-18362990,20525076,,366.40%,3.92%,122.72%,-17129.02%,-775.10%,-28.65%,35.76%,-41.10%,-27.30%,303131,-24.23%,-12.18%,-110848,1.13,2,11.12,-0.59,0.02120,561161372,24.21,27.87,30.66,-382.27
HEPA,406408,30.41%,-2493592,2900000,,109.15%,1287.43%,29.14%,-518.79%,-598.80%,974.70%,-537.12%,-193.10%,-202.72%,,-1866.24%,-100.36%,-599655,,0,,,0.43110,3101083,21.72,25.24,33.88,-107.35
MULN,2743641,36.96%,-24570210,27313851,,8.37%,43.83%,23.18%,-18578.61%,,608.69%,904.54%,-276.70%,-642.24%,10347,,-259.58%,-1351698,0.02,2,0.65,-29.45,0.03600,72398767,20.96,29.84,35.95,-22477.89
KIDZ,,,,,,,,,,,,,,,979,,,,,0,,,1.88840,116100,0.00,0.00,0.00,0.23