,Symbol,Total Cash,Net Cash,Total Debt,Debt Growth (YoY),Cash / M.Cap,ROE,ROCE,ROA,ROIC,F-Score,Stock Price,Volume,RSI,RSI (W),RSI (M),EPS,PE Ratio,PB Ratio,PEG Ratio,FCF Yield,PS Ratio,P/FCF,Country,Est. EPS,Est. Rev. Growth,Years,Last Div.,Rev Gr. This Y,Rev Gr. This Q,Assets,Market Cap,Forward PE,Earnings Yield,total_true,Overvalued,Name_x,Exchange_x,Name_y,Exchange_y
0,AAPL,141368000000.0,44569000000.0,96799000000.0,-0.10400000000000001,0.0139,1.453,0.6296,0.27899999999999997,0.5875,7.0,213.32,53556841,54.81,45.68,54.08,6.3,33.86,48.0,2.07,0.030699999999999998,8.1,32.6,United States,1.63,0.0416,10.0,0.25,0.0639,0.057999999999999996,344085000000.0,3204514372000.0,27.84,0.03,3,1,Apple Inc.,NASDAQ,Apple Inc.,NASDAQ
1,MSFT,79618000000.0,19051000000.0,60567000000.0,-0.2421,0.006,0.327,0.2692,0.18100000000000002,0.2609,6.0,425.4,59049720,69.26,56.1,60.12,12.94,32.87,9.82,1.75,0.0219,11.71,45.59,United States,3.22,0.1061,10.0,0.83,0.1509,0.1412,562624000000.0,3162415092000.0,29.27,0.030600000000000002,3,1,Microsoft Corp.,NASDAQ,Microsoft Corp.,NASDAQ
2,NVDA,43210000000.0,33228000000.0,9982000000.0,-0.0781,0.012,1.1540000000000001,0.9007999999999999,0.7879999999999999,0.7911,6.0,111.53,234069881,53.15,44.95,61.75,2.94,38.66,34.95,1.53,0.022000000000000002,21.24,45.55,United States,0.93,0.6645,1.0,0.01,0.5653,0.7553,111601000000.0,2772127920000.0,25.6,0.0263,3,1,Nvidia Corp.,NASDAQ,Nvidia Corp.,NASDAQ
3,GOOG,95328000000.0,72764000000.0,22564000000.0,-0.1041,0.037200000000000004,0.345,0.3479,0.251,0.2661,6.0,162.79,21800767,52.82,43.37,53.23,8.96,18.13,5.67,0.98,0.0382,5.44,26.15,United States,2.02,0.10339999999999999,1.0,0.21,0.1378,0.1373,475374000000.0,1958206501605.0,17.14,0.0567,1,0,Google Inc.,NASDAQ,Google Inc.,NASDAQ
4,TSLA,36996000000.0,29467000000.0,7529000000.0,0.4047,0.0327,0.09,0.0874,0.053,0.0613,5.0,280.52,98832403,55.58,46.13,52.38,1.82,154.13,12.09,4.5,0.0075,9.43,133.08,United States,0.41,0.0018,0.0,0.0,0.073,0.0182,125111000000.0,902298190400.0,93.28,0.0070999999999999995,3,1,Tesla Motors,NASDAQ,Tesla Motors,NASDAQ
5,TSM,77396483966.0,46651990338.0,30744493628.0,0.0425,0.0519,0.29600000000000004,-0.0401,0.188,0.20809999999999998,6.0,172.72,22080890,58.93,46.07,59.38,6.87,25.22,6.8,1.19,0.0302,10.09,33.15,Taiwan,1.82,0.26739999999999997,1.0,0.54,0.2945,0.37920000000000004,208405804287.0,899145989455.0,2.7,0.0397,2,1,Taiwan Semiconductor Manufacturing,NYSE,Taiwan Semiconductor Manufacturing,NYSE
6,LLY,3423200000.0,-30221000000.0,33644200000.0,0.3337,-0.0393,0.773,0.2519,0.146,0.2214,2.0,794.1,12574341,45.7,47.89,55.53,11.71,69.17,54.13,1.41,0.0049,17.06,204.31,United States,3.02,0.4439,10.0,1.5,0.335,0.4678,78714900000.0,768231325820.0,35.65,0.0138,3,1,Eli Lilly And Company,NYSE,Eli Lilly And Company,NYSE
7,V,16677000000.0,-4085000000.0,20762000000.0,0.0077,-0.0060999999999999995,0.513,0.3956,0.215,0.33759999999999996,6.0,342.45,5842615,55.27,57.57,69.6,9.95,34.65,17.7,2.25,0.0305,17.89,32.82,United States,2.68,0.0883,7.0,0.59,0.1226,0.1303,92853000000.0,673085354117.0,28.14,0.029500000000000002,3,1,Visa Inc.,NYSE,Visa Inc.,NYSE
8,MA,10301000000.0,-8501000000.0,18802000000.0,0.203,-0.0172,1.876,0.5354,0.282,0.5291,5.0,546.63,2837894,58.82,55.47,66.69,14.26,38.33,73.95,2.16,0.028999999999999998,16.97,34.46,United States,3.57,0.12,10.0,0.76,0.1523,0.1549,48470000000.0,493326468810.0,33.51,0.026600000000000002,3,1,Mastercard Inc.,NYSE,Mastercard Inc.,NYSE
9,NFLX,8370990000.0,-6645928000.0,15016918000.0,0.07139999999999999,-0.0137,0.396,0.2666,0.179,0.2502,6.0,1133.47,3488746,74.28,67.46,80.59,21.16,53.9,20.2,2.01,0.015300000000000001,12.08,65.17,United States,5.72,0.1217,0.0,0.0,0.163,0.1674,52087644000.0,485259460605.0,42.57,0.0191,3,1,Netflix,NASDAQ,Netflix,NASDAQ
10,XOM,23187000000.0,-18523000000.0,41710000000.0,0.0033,-0.0405,0.134,0.1265,0.077,0.1158,5.0,105.81,18644473,44.6,44.24,48.2,7.84,13.5,1.74,4.7,0.06709999999999999,1.31,14.9,United States,1.7,0.0362,44.0,0.99,-0.0148,0.0787,453475000000.0,457529176200.0,14.52,0.0736,2,1,Exxon Mobil Corp.,NYSE,Exxon Mobil Corp.,NYSE
11,COST,13158000000.0,5119000000.0,8039000000.0,-0.1478,0.0115,0.319,0.284,0.107,0.2183,8.0,999.04,1823909,59.99,57.37,67.79,17.13,58.63,17.44,5.91,0.0155,1.69,64.4,United States,4.21,0.0741,0.0,1.3,0.0999,0.10189999999999999,73224000000.0,445972404280.0,51.89,0.0171,3,1,Costco Wholesale Corp.,NASDAQ,Costco Wholesale Corp.,NASDAQ
12,ORCL,17823000000.0,-78453000000.0,96276000000.0,0.0943,-0.19190000000000002,0.973,0.1311,0.08199999999999999,0.13470000000000001,5.0,145.52,11512172,57.09,44.67,55.31,4.26,34.23,24.44,1.49,0.014199999999999999,7.33,70.34,United States,1.8,0.115,10.0,0.5,0.0993,0.10529999999999999,161378000000.0,408800649400.0,21.92,0.0297,3,1,Oracle Corp.,NYSE,Oracle Corp.,NYSE
13,PG,9116000000.0,-25025000000.0,34141000000.0,0.0675,-0.0665,0.302,0.2293,0.125,0.1844,7.0,159.98,6779869,41.35,42.03,49.62,6.3,25.49,7.2,3.91,0.039900000000000005,4.49,25.06,United States,1.53,-0.004699999999999999,69.0,1.06,0.039,0.0529,122984000000.0,376521401300.0,21.57,0.0412,2,1,Procter & Gamble Company,NYSE,Procter & Gamble Company,NYSE
14,JNJ,38781000000.0,-13471000000.0,52252000000.0,0.5536,-0.0362,0.299,0.2004,0.11900000000000001,0.1325,6.0,154.46,7316546,45.69,47.88,47.82,8.99,17.19,4.77,1.06,0.0547,4.17,18.28,United States,2.6,0.0087,63.0,1.3,0.0383,0.0265,193671000000.0,372418219000.0,14.56,0.058600000000000006,2,1,Johnson & Johnson,NYSE,Johnson & Johnson,NYSE
15,UNH,29113000000.0,-47791000000.0,76904000000.0,0.2297,-0.13,0.159,0.11900000000000001,0.049,0.1426,6.0,400.68,9276359,25.79,35.77,39.19,15.51,25.9,3.97,0.9,0.056299999999999996,0.92,17.76,United States,7.29,0.1183,10.0,2.1,0.1383,0.15039999999999998,298278000000.0,367714224000.0,13.05,0.0392,1,0,Unitedhealth Group Inc.,NYSE,Unitedhealth Group Inc.,NYSE
16,HD,1659000000.0,-60631000000.0,62290000000.0,0.1923,-0.1703,3.173,0.3191,0.16,0.23829999999999998,5.0,358.21,3206330,49.83,40.23,50.14,14.91,24.01,53.62,4.16,0.045899999999999996,2.23,21.81,United States,3.6,0.0775,10.0,2.3,0.063,0.1594,96119000000.0,356015070320.0,23.15,0.0416,2,1,Home Depot,NYSE,Home Depot,NYSE
17,ABBV,5555000000.0,-61589000000.0,67144000000.0,0.1307,-0.179,0.7090000000000001,0.060899999999999996,0.03,0.1496,2.0,193.34,5816188,55.66,51.91,57.87,2.39,81.39,103.49,0.41,0.0518,6.11,19.3,United States,2.38,0.0496,53.0,1.64,0.0779,0.0425,135161000000.0,344101989600.0,14.92,0.0124,2,1,Abbvie Inc. Common Stock,NYSE,Abbvie Inc. Common Stock,NYSE
18,SAP,17457733137.0,6046188135.0,11411545001.0,0.0529,0.0177,0.132,0.1325,0.079,0.12269999999999999,7.0,288.93,1340034,64.27,63.14,80.09,5.28,55.31,6.6,1.85,0.018500000000000003,8.92,53.94,Germany,1.44,0.038599999999999995,1.0,1.84,0.1199,0.13720000000000002,85390693274.0,340899535618.0,43.93,0.0183,3,1,Sap Ag,NYSE,Sap Ag,NYSE
19,KO,14571000000.0,-29951000000.0,44522000000.0,0.0584,-0.0974,0.41,0.1955,0.10400000000000001,0.11720000000000001,5.0,71.29,18011363,49.13,61.77,61.4,2.46,29.06,12.38,2.75,0.0155,6.54,64.35,United States,0.72,-0.014199999999999999,63.0,0.51,0.0509,0.0467,100549000000.0,307640701450.0,23.1,0.0346,3,1,Coca-Cola Company,NYSE,Coca-Cola Company,NYSE
20,NVO,3979361411.0,-11568252295.0,15547613707.0,2.8061000000000003,-0.0407,0.85,-0.1308,0.264,0.4138,5.0,65.6,16419165,48.4,33.3,35.31,3.16,20.78,13.09,0.97,0.0393,7.02,25.46,Denmark,0.9,0.2231,3.0,1.1,0.2022,0.20879999999999999,70456387739.0,284184448131.0,2.48,0.0496,1,0,Novo Nordisk A/S,NYSE,Novo Nordisk A/S,NYSE
21,TMUS,16297000000.0,-100979000000.0,117276000000.0,0.0479,-0.3624,0.191,0.0987,0.057,0.0818,7.0,247.02,3601380,45.11,53.49,68.2,10.24,23.95,4.56,1.12,0.0552,3.37,18.1,United States,2.46,0.0519,1.0,0.88,0.0727,0.0678,214633000000.0,278662139000.0,21.68,0.042800000000000005,2,1,T-Mobile US Inc.,NYSE,T-Mobile US Inc.,NYSE
22,ASML,10729697566.0,6573578327.0,4156119239.0,-0.20190000000000002,0.025099999999999997,0.521,0.35960000000000003,0.19699999999999998,0.401,7.0,666.72,1065045,49.62,42.0,45.03,24.07,27.63,13.26,1.29,0.0401,7.85,24.96,Netherlands,6.12,0.40630000000000005,1.0,1.92,0.1558,0.23550000000000001,51348904008.0,261918384000.0,26.81,0.0361,3,1,Asml Holding N.V.,NASDAQ,Asml Holding N.V.,NASDAQ
23,CRM,14032000000.0,2640000000.0,11392000000.0,-0.095,0.0101,0.105,0.0992,0.065,0.0827,6.0,269.33,5202469,55.13,42.63,51.61,6.36,42.81,4.26,1.2,0.04769999999999999,6.88,20.96,United States,2.55,0.0676,1.0,0.42,0.08800000000000001,0.0915,102928000000.0,260660301580.0,24.34,0.023799999999999998,3,1,Salesforce.Com Inc,NYSE,Salesforce.Com Inc,NYSE
24,CVX,6785000000.0,-17756000000.0,24541000000.0,0.1778,-0.0746,0.11199999999999999,0.1283,0.068,0.1023,7.0,136.26,10152361,38.7,37.98,43.58,9.72,14.02,1.56,3.55,0.0956,1.17,10.46,United States,2.39,-0.0063,38.0,1.71,-0.0334,0.022099999999999998,256938000000.0,238008067200.0,13.37,0.0742,2,1,Chevron Corp.,NYSE,Chevron Corp.,NYSE
25,CSCO,19927000000.0,-11111000000.0,31038000000.0,1.6744999999999999,-0.048,0.20199999999999999,0.1399,0.075,0.1261,5.0,58.12,16395887,52.25,49.24,56.93,2.29,25.45,5.09,2.68,0.0553,4.28,18.09,United States,0.92,0.1061,10.0,0.41,0.06860000000000001,0.10640000000000001,121375000000.0,231695609600.0,15.01,0.0397,2,1,Cisco Systems,NASDAQ,Cisco Systems,NASDAQ
26,ABT,7967000000.0,-6158000000.0,14125000000.0,-0.0377,-0.0271,0.322,0.11259999999999999,0.17800000000000002,0.21030000000000001,5.0,130.88,6764377,54.35,58.92,60.99,7.7,17.01,4.75,4.17,0.0279,5.37,35.79,United States,1.07,0.042800000000000005,53.0,0.59,0.0745,0.0756,81414000000.0,227317322400.0,24.26,0.059000000000000004,2,1,Abbot Laboratories,NYSE,Abbot Laboratories,NYSE
27,NVS,7196000000.0,-24074000000.0,31270000000.0,0.1461,-0.109,0.307,0.23379999999999998,0.128,0.196,6.0,111.23,2086992,53.52,55.14,56.77,6.38,17.47,5.76,1.31,0.0801,4.15,12.48,Switzerland,2.08,0.0981,2.0,3.99,0.0588,0.1043,99941000000.0,220897835869.0,12.95,0.0582,2,1,Novartis Ag,NYSE,Novartis Ag,NYSE
28,AZN,5395000000.0,-26251000000.0,31646000000.0,-0.08410000000000001,-0.06,0.192,0.1421,0.07400000000000001,0.2773,7.0,70.51,5815267,51.55,47.36,49.96,2.49,28.4,10.67,1.02,0.0255,6.39,39.25,United Kingdom,1.11,0.08130000000000001,1.0,1.05,0.09269999999999999,0.1166,106253000000.0,437801802910.0,20.97,0.0178,3,1,Astrazeneca Plc,NYSE,Astrazeneca Plc,NYSE
29,IBM,22719000000.0,-44116000000.0,66835000000.0,0.063,-0.1971,0.213,0.0687,0.04,0.0759,5.0,239.66,4238568,49.97,53.67,66.58,5.83,41.32,8.33,1.67,0.056100000000000004,3.56,17.82,United States,1.4,-0.0043,10.0,1.68,0.0478,0.0388,145667000000.0,223808091570.0,21.8,0.0245,3,1,International Business Machines Corp.,NYSE,International Business Machines Corp.,NYSE
30,GE,13405000000.0,-6166000000.0,19571000000.0,-0.04650000000000001,-0.028300000000000002,0.368,0.1001,0.055999999999999994,0.1448,6.0,203.61,4681672,60.85,56.97,72.97,6.43,31.81,11.32,8.78,0.0206,5.49,48.52,United States,1.26,-0.43939999999999996,2.0,0.36,0.0512,0.0655,124123000000.0,217916796500.0,34.88,0.0321,3,1,General Electric Company,NYSE,General Electric Company,NYSE
31,LIN,5294000000.0,-18603000000.0,23897000000.0,0.1761,-0.08779999999999999,0.172,0.1306,0.081,0.1057,6.0,448.05,2536103,48.65,49.2,56.75,13.78,32.51,5.57,2.42,0.0232,6.42,43.15,United Kingdom,4.09,0.0358,10.0,1.5,0.0325,0.0269,82704000000.0,211888221600.0,26.92,0.031200000000000002,3,1,Lin Media Llc,NYSE,Lin Media Llc,NYSE
32,MRK,13689000000.0,-23422000000.0,37111000000.0,0.0587,-0.1115,0.392,0.2389,0.151,0.2051,2.0,83.26,10024111,49.76,35.57,33.1,6.74,12.4,4.54,0.77,0.0861,3.27,11.61,United States,2.14,-0.0301,10.0,0.81,0.0231,-0.0024,117106000000.0,210143728900.0,9.06,0.0815,1,0,Merck & Company,NYSE,Merck & Company,NYSE
33,T,3298000000.0,-137625000000.0,140923000000.0,-0.0902,-0.6937000000000001,0.10300000000000001,0.0637,0.027000000000000003,0.0552,8.0,27.63,37344479,55.35,68.46,73.66,1.63,16.95,1.9,1.11,0.0933,1.61,10.72,United States,0.49,0.010700000000000001,0.0,0.28,0.0318,0.0333,394795000000.0,198404895200.0,13.07,0.0542,2,1,AT&T Inc.,NYSE,AT&T Inc.,NYSE
34,NOW,6597000000.0,4198000000.0,2399000000.0,0.0554,0.0212,0.163,0.1469,0.079,0.0974,6.0,957.95,1804523,66.05,53.44,61.53,7.37,129.98,19.56,2.11,0.018600000000000002,17.29,53.87,United States,3.84,0.1833,0.0,0.0,0.1972,0.1968,20972000000.0,198295650000.0,55.34,0.0078000000000000005,3,1,Servicenow Inc.,NYSE,Servicenow Inc.,NYSE
35,PEP,8582000000.0,-39936000000.0,48518000000.0,0.057800000000000004,-0.2182,0.498,0.1801,0.09300000000000001,0.1531,5.0,133.51,6793905,34.73,31.25,29.79,6.8,19.63,9.95,2.32,0.042300000000000004,2.0,23.67,United States,1.49,-0.0263,53.0,1.36,0.0129,0.0044,101737000000.0,183052890800.0,15.76,0.0512,2,1,Pepsico,NYSE,Pepsico,NYSE
36,INTU,3849000000.0,-2984000000.0,6833000000.0,0.0638,-0.017,0.166,0.16140000000000002,0.094,0.1259,8.0,623.19,1446871,58.64,53.29,57.26,10.71,58.65,9.79,1.88,0.032,10.24,31.21,United States,10.9,0.1222,10.0,1.04,0.1495,0.1533,31682000000.0,175749446920.0,30.37,0.0173,3,1,Intuit Inc.,NASDAQ,Intuit Inc.,NASDAQ
37,DIS,5486000000.0,-39822000000.0,45308000000.0,-0.0499,-0.2421,0.055999999999999994,0.055999999999999994,0.028999999999999998,0.0461,7.0,90.78,7782643,49.46,38.86,43.09,3.08,29.54,1.61,0.9,0.051100000000000007,1.78,19.56,United States,1.2,0.0483,1.0,0.5,0.0435,0.058899999999999994,197046000000.0,164508890000.0,16.61,0.0341,2,1,Walt Disney Company,NYSE,Walt Disney Company,NYSE
38,TMO,5570000000.0,-25705000000.0,31275000000.0,-0.1043,-0.16190000000000002,0.132,0.0998,0.064,0.08220000000000001,6.0,419.89,2770703,35.46,23.03,37.27,16.53,25.45,3.2,1.64,0.0461,3.7,21.68,United States,5.1,-0.0111,7.0,0.43,0.0325,0.0326,97321000000.0,158818434240.0,17.5,0.039900000000000005,2,1,Thermo Fisher Scientific Inc,NYSE,Thermo Fisher Scientific Inc,NYSE
39,BSX,414000000.0,-10332000000.0,10746000000.0,0.18059999999999998,-0.0677,0.09,0.0786,0.049,0.0649,1.0,103.19,8204892,62.11,60.94,82.3,1.37,75.32,7.01,2.53,0.0175,8.7,57.21,United States,0.67,0.1852,0.0,0.0,0.1577,0.1711,39395000000.0,152625233300.0,34.73,0.0121,3,1,Boston Scientific Corp.,NYSE,Boston Scientific Corp.,NYSE
40,CAT,6889000000.0,-31520000000.0,38409000000.0,0.013999999999999999,-0.2101,0.586,0.2511,0.127,0.1815,4.0,313.96,2959808,53.56,40.78,50.07,22.05,14.24,7.7,1.6,0.0636,2.32,15.73,United States,4.35,-0.0721,32.0,1.41,-0.031200000000000002,-0.0348,87764000000.0,150051530720.0,15.38,0.0719,2,1,Caterpillar,NYSE,Caterpillar,NYSE
41,QCOM,13846000000.0,-777000000.0,14623000000.0,-0.054000000000000006,-0.0052,0.418,0.2687,0.20199999999999999,0.2571,7.0,135.16,22784197,40.55,38.12,43.71,9.81,13.89,5.43,1.45,0.07769999999999999,3.56,12.87,United States,2.82,0.13570000000000002,10.0,0.89,0.1368,0.1216,55372000000.0,150692500000.0,11.3,0.0733,2,1,Qualcomm Inc.,NASDAQ,Qualcomm Inc.,NASDAQ
42,TXN,5005000000.0,-7843000000.0,12848000000.0,-0.09449999999999999,-0.0541,0.28800000000000003,0.1905,0.14,0.1686,5.0,158.26,6119193,46.5,38.06,41.23,5.28,30.2,8.83,1.73,0.01,9.03,99.57,United States,1.07,0.068,10.0,1.36,0.08839999999999999,0.0958,33757000000.0,144878572200.0,27.17,0.0336,3,1,Texas Instruments Inc.,NASDAQ,Texas Instruments Inc.,NASDAQ
43,TJX,5335000000.0,-7443000000.0,12778000000.0,0.018799999999999997,-0.052199999999999996,0.611,0.3038,0.156,0.22329999999999997,5.0,127.63,4584760,56.82,59.87,70.3,4.26,29.96,16.99,2.94,0.0294,2.53,33.96,United States,0.9,0.0426,4.0,0.43,0.0559,-0.003,31749000000.0,142575473000.0,28.04,0.0341,3,1,Tjx Companies,NYSE,Tjx Companies,NYSE
44,DHR,1993000000.0,-14484000000.0,16477000000.0,-0.0928,-0.1025,0.075,0.0661,0.048,0.0599,7.0,196.86,3687364,51.37,37.51,37.39,5.15,38.33,2.78,1.95,0.0348,5.93,28.72,United States,1.64,-0.0373,7.0,0.32,0.0353,0.0195,79116000000.0,141323354900.0,24.83,0.026600000000000002,3,1,Danaher Corp.,NYSE,Danaher Corp.,NYSE
45,NEE,2419000000.0,-87259000000.0,89678000000.0,0.1219,-0.6418,0.111,0.0513,0.028999999999999998,0.059800000000000006,5.0,66.05,11454824,44.53,38.62,44.38,2.67,24.73,2.73,2.55,0.032400000000000005,5.38,30.86,United States,0.97,0.1848,10.0,0.57,0.1753,0.2692,194264000000.0,135951719337.0,17.76,0.0405,2,1,Nextera Energy,NYSE,Nextera Energy,NYSE
46,PFE,20477000000.0,-43874000000.0,64351000000.0,-0.1048,-0.3233,0.08900000000000001,0.047,0.037000000000000005,0.0528,2.0,23.93,44422977,54.03,40.86,31.68,1.41,16.97,1.54,0.57,0.0725,2.13,13.8,United States,0.67,-0.062400000000000004,14.0,0.43,-0.001,0.034300000000000004,213396000000.0,135717798500.0,7.78,0.0592,1,0,Pfizer,NYSE,Pfizer,NYSE
47,HON,10059000000.0,-22773000000.0,32832000000.0,0.3,-0.1684,0.32299999999999995,0.1563,0.078,0.1315,5.0,210.74,3588683,58.22,49.96,51.96,8.7,24.16,7.74,2.26,0.037599999999999995,3.45,26.58,United States,2.21,0.054400000000000004,10.0,1.13,0.0564,0.0739,75218000000.0,135199756260.0,19.49,0.0421,2,1,Honeywell International Inc.,NYSE,Honeywell International Inc.,NYSE
48,SNY,8399642837.0,-11813232401.0,20212875238.0,-0.1559,-0.0894,0.073,0.0733,0.043,0.0625,2.0,54.1,1512211,54.02,52.93,54.47,2.31,23.46,1.51,0.85,0.06280000000000001,2.86,15.93,France,0.95,-0.14029999999999998,1.0,1.61,0.0535,-0.0779,149906701992.0,132128966834.0,8.13,0.0438,1,0,Sanofi-Aventis Sa,NYSE,Sanofi-Aventis Sa,NYSE
49,BUD,11395000000.0,-60774000000.0,72169000000.0,-0.0978,-0.48,0.073,0.0886,0.027000000000000003,0.0669,8.0,65.0,1050495,58.6,65.83,55.89,2.86,22.73,1.62,1.52,0.0894,2.12,11.19,Belgium,0.76,-0.0431,0.0,1.05,0.0194,-0.0434,206637000000.0,126617340178.0,18.52,0.0462,2,1,Anheuser-Busch Inbev Sa,NYSE,Anheuser-Busch Inbev Sa,NYSE
50,GILD,9991000000.0,-16720000000.0,26711000000.0,0.069,-0.13,0.026000000000000002,0.0355,0.009000000000000001,0.025099999999999997,7.0,103.25,7267684,43.72,55.43,64.35,0.38,271.68,6.65,0.22,0.0801,4.47,12.48,United States,1.76,0.0126,10.0,0.79,0.018799999999999997,0.022099999999999998,58995000000.0,128639749700.0,12.4,0.0037,2,1,Gilead Sciences,NASDAQ,Gilead Sciences,NASDAQ
51,UNP,1411000000.0,-32189000000.0,33600000000.0,0.0199,-0.25170000000000003,0.408,0.16140000000000002,0.099,0.15,6.0,214.08,4458371,40.99,37.47,44.75,11.1,19.29,7.97,2.67,0.045899999999999996,5.28,21.78,United States,2.75,0.008100000000000001,10.0,1.34,0.0361,0.0368,68492000000.0,127907662080.0,17.27,0.0526,2,1,Union Pacific Corp.,NYSE,Union Pacific Corp.,NYSE
52,CMCSA,8593000000.0,-90529000000.0,99122000000.0,0.0264,-0.7187,0.184,0.1001,0.059000000000000004,0.1065,7.0,33.82,20259188,45.23,38.16,40.4,4.07,8.31,1.45,1.8,0.1065,1.02,9.39,United States,0.98,-0.009899999999999999,5.0,0.33,0.019299999999999998,0.0344,267770000000.0,125954473200.0,7.39,0.1247,2,1,Comcast Corp.,NASDAQ,Comcast Corp.,NASDAQ
53,PANW,3987800000.0,3091000000.0,896800000.0,-0.5895,0.0248,0.22899999999999998,0.0947,0.063,0.1286,5.0,186.27,4616239,62.43,54.09,62.73,1.78,106.05,19.55,2.29,0.0235,14.54,42.51,United States,0.77,0.14859999999999998,0.0,0.0,0.1646,0.1564,20951700000.0,124627083000.0,54.43,0.0101,3,1,Palo Alto Networks Inc.,NYSE,Palo Alto Networks Inc.,NYSE
54,ADP,2216400000.0,-2066400000.0,4282800000.0,0.2828,-0.017,0.8029999999999999,0.5683,0.068,0.42719999999999997,8.0,298.69,1667218,52.56,52.72,61.99,9.6,31.11,23.99,3.11,0.0345,6.12,29.0,United States,2.97,0.0449,50.0,1.54,0.07490000000000001,0.07200000000000001,64096700000.0,121813108690.0,27.78,0.0323,3,1,Automatic Data Processing,NASDAQ,Automatic Data Processing,NASDAQ
55,AMAT,8213000000.0,1953000000.0,6260000000.0,0.1255,0.0159,0.34,0.3211,0.19,0.2583,6.0,148.96,6724653,52.51,41.46,45.75,7.65,19.82,6.61,1.7,0.0482,4.46,20.75,United States,2.31,0.0713,7.0,0.46,0.0801,0.086,33338000000.0,123174180010.0,15.92,0.051500000000000004,2,1,Applied Materials,NASDAQ,Applied Materials,NASDAQ
56,ETN,2080000000.0,-7741000000.0,9821000000.0,0.0019,-0.0649,0.19899999999999998,0.1537,0.098,0.138,6.0,301.66,4719123,62.63,48.77,56.82,9.5,32.07,6.45,2.43,0.0302,4.79,33.08,Ireland,2.73,0.06849999999999999,4.0,1.04,0.0861,0.065,38381000000.0,119219224390.0,25.11,0.0318,3,1,Eaton Corp.,NYSE,Eaton Corp.,NYSE
57,COP,6114000000.0,-18210000000.0,24324000000.0,0.2845,-0.1605,0.17300000000000001,0.1306,0.09,0.1118,5.0,90.65,8025597,47.65,41.5,40.35,7.81,11.49,1.75,8.24,0.0706,1.99,14.17,United States,2.0,0.0873,0.0,0.78,0.0762,0.1233,122780000000.0,113471899200.0,11.25,0.0815,2,1,Conocophillips,NYSE,Conocophillips,NYSE
58,LMT,1803000000.0,-18501000000.0,20304000000.0,0.045599999999999995,-0.16649999999999998,0.8340000000000001,0.21050000000000002,0.099,0.2306,6.0,477.72,985740,59.84,49.64,51.04,23.19,20.43,16.62,1.74,0.0449,1.55,22.29,United States,6.34,0.0346,10.0,3.3,0.0574,0.0404,56669000000.0,111091448400.0,16.8,0.0495,2,1,Lockheed Martin Corp.,NYSE,Lockheed Martin Corp.,NYSE
59,MMC,13183000000.0,-9236000000.0,22419000000.0,0.4578,-0.0836,0.297,0.1654,0.076,0.1216,4.0,224.15,2312971,46.87,49.27,57.5,8.16,27.49,7.86,2.36,0.0378,4.41,26.46,United States,3.0,0.09380000000000001,10.0,0.82,0.1125,0.1215,57015000000.0,110538599520.0,22.52,0.0366,3,1,Marsh & Mclennan Companies,NYSE,Marsh & Mclennan Companies,NYSE
60,MDT,7922000000.0,-18685000000.0,26607000000.0,0.056600000000000004,-0.17370000000000002,0.087,0.0762,0.047,0.0601,6.0,83.56,6014641,43.21,42.89,47.02,3.29,25.49,2.18,1.45,0.0508,3.24,19.68,Ireland,1.58,0.025699999999999997,49.0,0.7,0.0452,0.0394,89973000000.0,107579455200.0,14.43,0.039599999999999996,2,1,Medtronic,NYSE,Medtronic,NYSE
61,SAN,-176214226259.0,-664917314637.0,488703088379.0,0.4861,-6.3156,0.125,0.0044,0.0067,0.017,3.0,6.97,2820956,55.0,65.07,75.17,0.82,8.48,0.98,2.78,0.0513,0.96,19.49,Spain,0.23,-0.07980000000000001,3.0,0.08,0.2359,0.3107,2014699745323.0,105281312500.0,10.86,0.1274,1,0,Banco Santander,NYSE,Banco Santander,NYSE
62,ENB,1367485594.0,-72001905099.0,73369390693.0,0.2521,-0.7079000000000001,0.077,0.062,0.025,0.0441,5.0,46.48,3166548,64.48,64.97,66.25,1.63,28.71,2.14,2.23,0.04019999999999999,2.74,24.86,Canada,0.91,-0.3259,1.0,0.68,-0.0051,0.2919,158017109807.0,101713693250.0,15.14,0.0345,3,1,Enbridge Inc,NYSE,Enbridge Inc,NYSE
63,BMY,11782000000.0,-37929000000.0,49711000000.0,-0.1072,-0.3757,0.319,0.0891,0.057999999999999996,0.081,7.0,49.61,17161062,37.87,40.59,42.55,2.67,18.58,5.81,2.26,0.12960000000000002,2.12,7.72,United States,1.49,-0.099,3.0,0.62,-0.0432,-0.0633,92427000000.0,100960318800.0,7.33,0.0537,2,1,Bristol-Myers Squibb Company,NYSE,Bristol-Myers Squibb Company,NYSE
64,SO,1070000000.0,-65207000000.0,66277000000.0,0.043899999999999995,-0.6437999999999999,0.124,0.06280000000000001,0.031,0.0582,5.0,91.46,5288675,54.69,61.86,64.44,3.99,23.06,3.05,3.07,0.009300000000000001,3.79,107.87,United States,1.2,0.07730000000000001,10.0,0.74,0.056799999999999996,0.0302,145180000000.0,101288992350.0,20.36,0.0434,2,1,Southern Company,NYSE,Southern Company,NYSE
65,CME,101901000000.0,-422400000.0,102323400000.0,0.09300000000000001,-0.0042,0.127,0.1326,0.026000000000000002,0.0236,4.0,277.11,2047453,68.29,77.5,73.99,9.94,27.93,3.77,8.46,0.036000000000000004,15.9,27.78,United States,2.79,0.10220000000000001,6.0,1.25,0.0812,0.061399999999999996,137447000000.0,99918958800.0,25.46,0.0348,3,1,Cme Group Inc.,NASDAQ,Cme Group Inc.,NASDAQ
66,ICE,2948000000.0,-17755000000.0,20703000000.0,-0.0964,-0.1796,0.102,0.09,0.02,0.06860000000000001,4.0,170.84,4005855,63.15,58.5,66.26,4.78,35.97,3.58,2.75,0.039,8.41,25.64,United States,1.7,0.0742,10.0,0.48,0.0706,0.08689999999999999,139428000000.0,98876850780.0,25.1,0.0279,3,1,Intercontinentalexchange,NYSE,Intercontinentalexchange,NYSE
67,ADI,2721454000.0,-4845360000.0,7566814000.0,0.0825,-0.0501,0.044000000000000004,0.0449,0.032,0.0418,5.0,193.74,3437988,52.22,43.96,47.22,3.14,62.27,2.76,0.82,0.0329,10.36,30.39,United States,1.7,0.16260000000000002,10.0,0.99,0.10640000000000001,-0.0512,47967546000.0,96754998080.0,25.74,0.016200000000000003,2,1,Analog Devices,NASDAQ,Analog Devices,NASDAQ
68,APH,1671700000.0,-5495200000.0,7166900000.0,0.6631,-0.057800000000000004,0.271,0.1937,0.127,0.1589,6.0,78.63,8434612,71.68,62.0,72.42,2.06,38.17,9.23,1.93,0.0235,5.67,42.62,United States,0.52,0.2991,10.0,0.17,0.2357,0.26940000000000003,22902100000.0,95110848000.0,32.93,0.0275,3,1,Amphenol Corp.,NYSE,Amphenol Corp.,NYSE
69,DUK,314000000.0,-84916000000.0,85230000000.0,0.0593,-0.8967,0.08900000000000001,0.0509,0.024,0.0518,5.0,121.33,2609402,54.6,64.59,64.6,5.71,21.33,1.89,3.06,0.0005,3.12,1972.91,United States,1.54,0.0155,10.0,1.05,0.0672,0.049,186343000000.0,94699556250.0,18.68,0.04650000000000001,2,1,Duke Energy Corp.,NYSE,Duke Energy Corp.,NYSE
70,LRCX,5450718000.0,966378000.0,4484340000.0,-0.1002,0.0105,0.527,0.36840000000000006,0.239,0.3299,6.0,71.73,14136071,53.62,45.63,48.51,3.59,19.99,9.65,1.04,0.041299999999999996,5.35,24.18,United States,0.98,0.20980000000000001,0.0,0.23,0.2155,0.21239999999999998,19968310000.0,91751277600.0,18.51,0.0508,2,1,Lam Research Corp.,NASDAQ,Lam Research Corp.,NASDAQ
71,CI,8215000000.0,-23757000000.0,31972000000.0,0.0337,-0.2614,0.083,0.065,0.022000000000000002,0.08990000000000001,6.0,335.18,1986994,57.17,60.75,54.69,12.12,27.66,2.21,0.65,0.0986,0.37,10.15,United States,6.35,0.054900000000000004,4.0,1.51,0.0506,0.0863,155881000000.0,90869979440.0,10.97,0.0378,2,1,Cigna Corp.,NYSE,Cigna Corp.,NYSE
72,KLAC,3780405000.0,-2101982000.0,5882387000.0,-0.0018,-0.0231,0.943,0.3699,0.21,0.3682,7.0,676.31,1451696,50.46,47.48,55.3,23.77,28.88,25.4,1.32,0.0369,8.39,27.08,United States,8.08,0.2712,10.0,1.7,0.2402,0.1912,15001696000.0,91052179095.0,21.35,0.0352,3,1,Kla-Tencor Corp.,NASDAQ,Kla-Tencor Corp.,NASDAQ
73,SHW,199800000.0,-12620100000.0,12819900000.0,0.010700000000000001,-0.1419,0.6659999999999999,0.2316,0.11199999999999999,0.17370000000000002,5.0,353.34,1446947,59.6,51.7,56.26,10.58,33.52,21.53,3.94,0.0245,3.86,40.87,United States,2.16,0.0060999999999999995,48.0,0.79,0.0351,0.0315,24636100000.0,88916330300.0,28.42,0.0301,3,1,Sherwin-Williams Company,NYSE,Sherwin-Williams Company,NYSE
74,MDLZ,1561000000.0,-18594000000.0,20155000000.0,0.03,-0.2115,0.133,0.1013,0.051,0.07339999999999999,6.0,67.84,9413231,56.18,56.74,50.99,2.69,25.22,3.41,4.18,0.0378,2.41,26.42,United States,0.66,0.0032,10.0,0.47,0.0536,0.0467,68927000000.0,87928299800.0,22.23,0.040999999999999995,2,1,Mondelez International Inc. Cl A,NASDAQ,Mondelez International Inc. Cl A,NASDAQ
75,CVS,10993000000.0,-71927000000.0,82920000000.0,0.044500000000000005,-0.8044,0.062,0.0542,0.018000000000000002,0.0401,6.0,69.45,20868944,61.06,60.17,51.29,3.66,19.38,1.18,0.67,0.0707,0.24,14.13,United States,1.7,0.0587,3.0,0.67,0.061200000000000004,0.0732,253215000000.0,89414375400.0,11.75,0.0516,1,0,Cvs Corp.,NYSE,Cvs Corp.,NYSE
76,MU,8215000000.0,-6739000000.0,14954000000.0,0.0446,-0.0766,0.10099999999999999,0.102,0.067,0.0741,7.0,77.77,15305033,49.32,41.94,44.87,4.18,18.83,1.81,0.16,0.0069,2.81,145.12,United States,2.34,0.2612,0.0,0.12,0.45030000000000003,0.3958,73053000000.0,87941583300.0,8.84,0.053099999999999994,1,0,Micron Technology,NASDAQ,Micron Technology,NASDAQ
77,CTAS,243428000.0,-2448414000.0,2691842000.0,0.009899999999999999,-0.028900000000000002,0.413,0.30210000000000004,0.191,0.2545,7.0,210.29,1438799,57.36,56.36,66.36,4.32,48.54,18.43,3.73,0.0219,8.34,45.73,United States,1.06,0.0806,44.0,0.39,0.09480000000000001,0.1009,9611136000.0,84645868810.0,44.28,0.021,3,1,Cintas Corp.,NASDAQ,Cintas Corp.,NASDAQ
78,EQIX,3673000000.0,-15977000000.0,19650000000.0,0.1374,-0.1892,0.07,0.0478,0.027000000000000003,0.0354,5.0,861.97,673141,61.84,49.2,53.52,9.57,90.09,6.08,3.49,0.0002,9.54,6030.5,United States,8.96,0.0437,8.0,4.69,0.065,0.0678,36079000000.0,84426974730.0,59.78,0.011000000000000001,3,1,Equinix,NASDAQ,Equinix,NASDAQ
79,TRI,2003000000.0,-1162000000.0,3165000000.0,-0.21289999999999998,-0.0139,0.19,0.1471,0.11900000000000001,0.1472,6.0,185.74,1156183,66.42,64.78,68.91,4.89,38.03,6.98,15.36,0.022099999999999998,11.55,45.3,Canada,0.87,-0.0451,0.0,0.6,0.0466,0.0371,18437000000.0,83803992877.0,47.85,0.0264,3,1,Thomson Reuters Corp,NYSE,Thomson Reuters Corp,NYSE
80,CDNS,2777674000.0,300515000.0,2477159000.0,2.8150999999999997,0.0036,0.237,0.19940000000000002,0.126,0.1512,5.0,299.73,2301849,66.95,56.8,60.1,3.95,76.21,17.34,3.05,0.0166,16.99,60.09,United States,1.49,0.2289,0.0,0.0,0.1406,0.20679999999999998,9013486000.0,82823626020.0,42.75,0.0131,3,1,Cadence Design Systems,NASDAQ,Cadence Design Systems,NASDAQ
81,MCO,2201000000.0,-4935000000.0,7136000000.0,-0.0269,-0.0603,0.564,0.2452,0.13699999999999998,0.2064,7.0,451.86,624459,54.78,47.54,56.22,11.58,39.38,22.1,2.47,0.0305,11.32,32.76,United States,3.54,0.0526,10.0,0.94,0.0626,0.0776,15096000000.0,81778942000.0,31.09,0.0258,3,1,Moody's Corp.,NYSE,Moody's Corp.,NYSE
82,SE,14327962000.0,10217329000.0,4110633000.0,-0.0758,0.1252,0.06,0.071,0.021,0.0308,7.0,137.31,3065195,64.97,62.83,67.62,0.74,186.31,9.75,0.84,0.0363,4.85,27.55,Singapore,0.97,0.3123,0.0,0.0,0.2944,0.35259999999999997,22625469000.0,81592193781.0,50.64,0.0054,2,1,Spectra Energy Corp,NYSE,Spectra Energy Corp,NYSE
83,AJG,14987300000.0,1502100000.0,13485200000.0,0.6214,0.018500000000000003,0.106,0.0643,0.024,0.0567,6.0,317.64,1995423,42.71,53.44,63.73,6.5,48.87,4.03,1.27,0.03,7.03,33.28,United States,3.58,0.1268,10.0,0.65,0.306,0.1889,64255200000.0,81231665400.0,27.63,0.018000000000000002,3,1,Arthur J. Gallagher & Co.,NYSE,Arthur J. Gallagher & Co.,NYSE
84,UPS,6318000000.0,-19334000000.0,25652000000.0,-0.0403,-0.2409,0.34299999999999997,0.1549,0.084,0.1553,5.0,94.6,7496764,35.18,26.28,29.56,6.75,14.0,4.8,1.31,0.0774,0.88,12.92,United States,1.38,-0.030699999999999998,10.0,1.64,-0.0242,-0.0197,70070000000.0,80244809951.0,11.71,0.0721,2,1,United Parcel Service,NYSE,United Parcel Service,NYSE
85,FTNT,4066500000.0,3072200000.0,994300000.0,0.002,0.038,2.735,0.3593,0.203,0.6234000000000001,6.0,104.21,4084569,60.9,59.0,67.98,2.26,46.56,54.19,3.02,0.0232,13.59,43.08,United States,0.53,0.1308,0.0,0.0,0.15839999999999999,0.1609,9763100000.0,80949892980.0,41.94,0.0216,3,1,Fortinet,NASDAQ,Fortinet,NASDAQ
86,GSK,5952736467.0,-18511218619.0,24463955086.0,0.0371,-0.23559999999999998,0.22399999999999998,0.09789999999999999,0.053,0.12279999999999999,6.0,38.75,4448021,58.55,55.76,49.53,1.98,19.54,4.18,0.38,0.092,1.92,10.87,United Kingdom,1.04,-0.2011,1.0,0.4,0.0719,0.039900000000000005,80570984889.0,78567298750.0,8.67,0.0521,1,0,Glaxosmithkline Plc,NYSE,Glaxosmithkline Plc,NYSE
87,PH,395507000.0,-8645734000.0,9041241000.0,-0.23309999999999997,-0.1101,0.254,0.19760000000000003,0.10800000000000001,0.1416,7.0,610.12,1236690,55.92,47.97,59.31,24.17,25.22,5.99,2.43,0.042300000000000004,3.94,23.66,United States,6.72,-0.018500000000000003,69.0,1.8,0.0264,0.012,28271463000.0,78527334640.0,21.21,0.04019999999999999,2,1,Parker-Hannifin Corp.,NYSE,Parker-Hannifin Corp.,NYSE
88,RSG,83000000.0,-13200000000.0,13283000000.0,0.0351,-0.1693,0.184,0.1026,0.064,0.11,6.0,249.41,833362,62.17,73.8,75.63,6.63,37.64,6.68,3.91,0.0308,4.82,32.52,United States,1.53,0.0462,0.0,0.58,0.0629,0.061799999999999994,33103000000.0,77964876530.0,35.06,0.026699999999999998,3,1,Republic Services,NYSE,Republic Services,NYSE
89,AON,1330000000.0,-16991000000.0,18321000000.0,0.0693,-0.22329999999999997,0.40399999999999997,0.1512,0.051,0.11939999999999999,4.0,352.59,1197948,41.37,44.28,53.29,11.75,30.07,10.86,1.64,0.0347,4.65,28.82,Ireland,6.02,0.1941,5.0,0.75,0.11599999999999999,0.11939999999999999,50304000000.0,76088618400.0,19.47,0.0335,3,1,Aon Plc,NYSE,Aon Plc,NYSE
90,CL,1112000000.0,-7157000000.0,8269000000.0,-0.0483,-0.0967,10.228,0.4179,0.17600000000000002,0.3803,6.0,90.69,4114940,44.76,47.08,52.41,3.54,25.8,203.88,2.02,0.046799999999999994,3.71,21.35,United States,0.86,-0.0405,62.0,0.52,0.0298,0.014199999999999999,16647000000.0,74007554400.0,23.48,0.0391,2,1,Colgate-Palmolive Company,NYSE,Colgate-Palmolive Company,NYSE
91,GD,1242000000.0,-8367000000.0,9609000000.0,0.0378,-0.11449999999999999,0.17800000000000002,0.1349,0.071,0.1316,6.0,271.73,1317832,52.64,51.22,54.47,14.41,18.88,3.29,2.05,0.0458,1.48,21.86,United States,3.5,0.1164,34.0,1.5,0.0855,0.042300000000000004,56580000000.0,73068127040.0,17.52,0.054400000000000004,2,1,General Dynamics Corp.,NYSE,General Dynamics Corp.,NYSE
92,BP,34271000000.0,-36859000000.0,71130000000.0,0.11019999999999999,-0.506,-0.019,0.0461,-0.004,-0.0216,3.0,27.88,10186602,40.53,40.62,39.19,-0.41,196.14,1.25,13.74,0.1475,0.38,6.78,United Kingdom,0.69,-0.17920000000000003,3.0,0.48,-0.0015,-0.1492,281396000000.0,72848957704.0,49.87,-0.016399999999999998,3,1,Bp P.L.C.,NYSE,Bp P.L.C.,NYSE
93,ECL,1256800000.0,-6883600000.0,8140400000.0,-0.0542,-0.0953,0.25,0.1611,0.09699999999999999,0.1373,4.0,252.62,1770541,60.01,53.7,60.84,7.37,34.45,8.25,2.98,0.0254,4.59,39.44,United States,1.5,-0.0165,7.0,0.65,0.024900000000000002,0.0078000000000000005,22387800000.0,72204452810.0,32.35,0.029300000000000003,3,1,Ecolab Inc.,NYSE,Ecolab Inc.,NYSE
94,SCCO,4334500000.0,-3633200000.0,7967700000.0,0.1362,-0.0508,0.397,0.3393,0.192,0.21280000000000002,7.0,89.84,1197770,49.24,45.93,50.59,4.58,19.63,7.47,1.2,0.046900000000000004,5.98,21.34,United States,1.13,0.1308,0.0,0.69,0.059800000000000006,-0.0633,19791200000.0,71517137975.0,20.3,0.050199999999999995,2,1,Southern Peru Copper Corp.,NYSE,Southern Peru Copper Corp.,NYSE
95,PBR,1327553699.0,-9299748022.0,10627301722.0,-0.2016,-0.2615,0.109,5.4797,0.038,0.1531,4.0,11.35,17197941,35.31,35.84,41.72,1.16,9.87,3.41,0.24,0.1157,0.39,8.65,Brazil,0.62,-0.1211,0.0,0.13,0.009899999999999999,0.0989,32007365509.0,35558987310.0,1.68,0.21170000000000003,1,0,Petroleo Brasileiro S.A.- Petrobras,NYSE,Petroleo Brasileiro S.A.- Petrobras,NYSE
96,SNPS,3809369000.0,3144332000.0,665037000.0,-0.0073,0.044000000000000004,0.255,0.2041,0.17300000000000001,0.12179999999999999,5.0,459.36,1136837,61.55,46.78,49.06,13.52,34.28,7.69,7.4,0.0182,11.78,54.86,United States,3.52,0.09970000000000001,0.0,0.0,0.12710000000000002,-0.0106,13041089000.0,71533396800.0,28.68,0.029500000000000002,3,1,Synopsys,NASDAQ,Synopsys,NASDAQ
97,ITW,948000000.0,-6915000000.0,7863000000.0,-0.0369,-0.0975,1.1,0.43729999999999997,0.225,0.3009,4.0,239.24,1817661,49.05,42.27,47.43,11.71,20.63,21.4,3.52,0.0403,4.46,24.84,United States,2.35,-0.0335,55.0,1.5,-0.0027,-0.005699999999999999,15067000000.0,70956434420.0,22.59,0.0492,2,1,Illinois Tool Works Inc.,NYSE,Illinois Tool Works Inc.,NYSE
98,NOC,1685000000.0,-14336000000.0,16021000000.0,-0.0332,-0.2048,0.25,0.1477,0.077,0.1038,5.0,486.67,1193919,46.37,50.17,52.45,25.33,19.19,4.67,2.91,0.0254,1.73,39.41,United States,6.26,-0.02,10.0,2.06,0.038599999999999995,0.0297,48468000000.0,69997943520.0,16.78,0.053,2,1,Northrop Grumman Corp.,NYSE,Northrop Grumman Corp.,NYSE
99,ZTS,1987000000.0,-4757000000.0,6744000000.0,-0.0016,-0.0682,0.49700000000000005,0.3093,0.174,0.2322,7.0,155.65,1930158,51.51,40.38,43.22,5.47,28.62,14.62,2.71,0.033,7.53,30.33,United States,1.4,0.0046,10.0,0.5,0.022400000000000003,0.0123,14237000000.0,69732716130.0,25.5,0.035699999999999996,3,1,Zoetis Inc. Class A Common Stoc,NYSE,Zoetis Inc. Class A Common Stoc,NYSE
100,NTES,19282688554.0,17525696504.0,1756992049.0,-0.3743,0.2568,0.225,-0.2114,0.156,0.1649,6.0,106.77,464774,63.49,61.94,56.43,6.29,17.05,3.59,1.19,0.0753,4.73,13.28,China,2.03,0.051399999999999994,3.0,1.22,0.10310000000000001,0.0868,26866559287.0,68245636791.0,1.9,0.0596,2,1,Netease Inc,NASDAQ,Netease Inc,NASDAQ
101,CMG,1445248000.0,-3187831000.0,4633079000.0,0.1144,-0.047,0.43200000000000005,0.2579,0.17300000000000001,0.18309999999999998,4.0,50.33,11807665,52.13,42.02,50.68,1.13,44.54,19.42,2.18,0.0222,5.9,44.98,United States,0.28,0.09179999999999999,0.0,0.0,0.1223,0.1106,9044094000.0,67799155200.0,37.28,0.023,3,1,Chipotle Mexican Grill,NYSE,Chipotle Mexican Grill,NYSE
102,CP,533438048.0,-15796695860.0,16330133908.0,0.005699999999999999,-0.2309,0.083,0.0698,0.044000000000000004,0.0572,6.0,72.73,4418416,50.69,43.24,46.21,2.76,26.49,1.98,2.37,0.026099999999999998,6.77,38.37,Canada,0.74,0.0184,0.0,0.13,0.1099,0.1041,63336925679.0,68403814380.0,13.99,0.0377,3,1,Canadian Pacific Railway,NYSE,Canadian Pacific Railway,NYSE
103,CRH,3759000000.0,-11548000000.0,15307000000.0,0.17550000000000002,-0.177,0.166,0.12869999999999998,0.071,0.1051,5.0,96.28,4745406,62.32,53.11,61.74,5.02,19.18,3.02,1.82,0.041100000000000005,1.83,24.32,Ireland,-0.09,0.0363,0.0,0.37,0.0717,0.044199999999999996,50613000000.0,65258712052.0,16.05,0.0535,2,1,Crh Plc,NYSE,Crh Plc,NYSE
104,EPD,1372000000.0,-30524000000.0,31896000000.0,0.10949999999999999,-0.4675,0.209,0.11800000000000001,0.079,0.1131,1.0,29.87,4693163,39.0,41.18,52.33,2.69,11.21,2.27,2.94,0.0547,1.16,18.28,United States,0.73,-0.0264,10.0,0.54,0.0416,-0.038599999999999995,77168000000.0,65285026500.0,10.4,0.09029999999999999,2,1,Enterprise Products Partners L.P.,NYSE,Enterprise Products Partners L.P.,NYSE
105,REGN,8349400000.0,5644600000.0,2704800000.0,0.0006,0.0895,0.155,0.1481,0.121,0.10779999999999999,3.0,590.0,1189593,47.47,31.39,36.64,39.33,15.0,2.15,0.91,0.0495,4.48,20.21,United States,8.82,0.0461,0.0,0.88,0.023799999999999998,0.0268,37545200000.0,63101680000.0,12.85,0.0713,1,0,Regeneron Pharmaceuticals,NASDAQ,Regeneron Pharmaceuticals,NASDAQ
106,EOG,7092000000.0,2025000000.0,5067000000.0,0.22870000000000001,0.0329,0.21899999999999997,0.1998,0.14,0.183,4.0,111.68,4603466,44.83,38.91,44.47,11.25,9.93,2.1,66.45,0.0941,2.6,10.63,United States,2.79,-0.041299999999999996,0.0,0.98,0.0033,0.0058,47186000000.0,61596433920.0,10.02,0.10400000000000001,2,1,Eog Resources,NYSE,Eog Resources,NYSE
107,CNQ,94553297.0,-13488641334.0,13583194631.0,0.7426999999999999,-0.22219999999999998,0.154,0.1201,0.078,0.1241,4.0,28.92,4447792,50.08,43.33,44.88,1.98,14.61,2.13,12.75,0.0951,2.45,10.51,Canada,1.09,0.6579,1.0,0.41,0.2027,0.27390000000000003,61610495272.0,60710310000.0,7.39,0.0698,2,1,Canadian Natural Resources,NYSE,Canadian Natural Resources,NYSE
108,CHTR,796000000.0,-94167000000.0,94963000000.0,-0.030600000000000002,-1.7516,0.353,0.0874,0.035,0.09029999999999999,6.0,383.0,1442704,60.69,57.05,51.31,35.84,10.69,3.31,0.41,0.1016,0.97,9.84,United States,8.69,0.0001,0.0,0.0,0.021,0.0225,150954000000.0,53759412000.0,9.78,0.0966,1,0,Charter Communications,NASDAQ,Charter Communications,NASDAQ
109,RCL,386000000.0,-19733000000.0,20119000000.0,-0.050300000000000004,-0.32530000000000003,0.455,0.17170000000000002,0.087,0.1532,7.0,220.77,2205063,60.97,52.27,63.82,12.29,18.15,7.62,0.87,0.0348,3.62,28.75,United States,2.54,0.0783,1.0,0.75,0.1059,0.1092,37452000000.0,60657463720.0,14.36,0.0535,1,0,Royal Caribbean Cruises Ltd,NYSE,Royal Caribbean Cruises Ltd,NYSE
110,ROP,188200000.0,-7434800000.0,7623000000.0,0.20420000000000002,-0.124,0.085,0.081,0.051,0.0594,6.0,557.59,590126,48.67,50.24,55.24,14.35,38.86,3.18,2.86,0.0381,8.52,26.27,United States,4.74,0.0827,33.0,0.83,0.1109,0.12300000000000001,31334700000.0,59952076800.0,27.1,0.0258,3,1,Roper Industries,NYSE,Roper Industries,NYSE
111,EMR,2834000000.0,-4789000000.0,7623000000.0,-0.298,-0.0803,0.115,0.0851,0.054000000000000006,0.0819,8.0,105.81,2665366,51.89,41.86,49.72,4.2,25.19,2.91,1.4,0.0548,3.4,18.25,United States,1.46,0.030600000000000002,68.0,0.53,0.0342,0.0146,42610000000.0,59666259000.0,17.23,0.0404,2,1,Emerson Electric Company,NYSE,Emerson Electric Company,NYSE
112,CPRT,3797451000.0,3678054000.0,119397000.0,0.0333,0.0626,0.188,0.193,0.16899999999999998,0.1566,5.0,60.5,5006530,59.83,60.9,63.84,1.49,40.79,7.07,2.99,0.0174,13.03,57.59,United States,0.42,0.09140000000000001,0.0,0.0,0.1353,0.13119999999999998,9187347000.0,58719132540.0,35.98,0.0248,3,1,Copart,NASDAQ,Copart,NASDAQ
113,KMI,80000000.0,-32929000000.0,33009000000.0,0.0268,-0.5595,0.085,0.0762,0.036000000000000004,0.0533,6.0,26.3,13551222,44.8,49.99,65.44,1.16,22.83,1.92,2.32,0.0481,3.8,20.78,United States,0.35,0.060899999999999996,7.0,0.29,0.1032,0.0633,72318000000.0,58851523950.0,19.91,0.043899999999999995,2,1,Kinder Morgan,NYSE,Kinder Morgan,NYSE
114,JCI,1237000000.0,-8756000000.0,9993000000.0,-0.0581,-0.153,0.11,0.0722,0.040999999999999995,0.0694,7.0,87.25,7490930,67.2,59.05,63.59,2.61,33.23,3.6,1.29,0.0362,2.57,27.59,Ireland,0.79,-0.15810000000000002,4.0,0.37,0.0286,-0.1502,42098000000.0,57230750605.0,23.11,0.030600000000000002,3,1,Johnson Controls,NYSE,Johnson Controls,NYSE
115,NEM,4716000000.0,-3270000000.0,7986000000.0,-0.1565,-0.0574,0.16899999999999998,0.14400000000000002,0.091,0.1202,7.0,51.49,12408873,50.36,58.62,56.01,4.45,11.52,1.82,0.79,0.11380000000000001,2.9,8.79,United States,0.9,0.16079999999999997,0.0,0.25,0.006999999999999999,0.08539999999999999,55519000000.0,56991165000.0,12.95,0.0889,1,0,Newmont Mining Corp.,NYSE,Newmont Mining Corp.,NYSE
116,AEM,1138312000.0,-142424000.0,1280736000.0,-0.35700000000000004,-0.0025,0.114,0.124,0.079,0.1082,8.0,112.56,4660130,48.79,66.59,73.07,4.7,23.95,2.62,28.15,0.0409,6.36,24.42,Canada,1.28,0.3115,0.0,0.4,0.1813,0.32909999999999995,30594104000.0,56792299566.0,21.89,0.0416,2,1,Agnico-Eagle Mines Limited,NYSE,Agnico-Eagle Mines Limited,NYSE
117,PAYX,1650100000.0,786400000.0,863700000.0,-0.0059,0.0148,0.44299999999999995,0.4202,0.163,0.34630000000000005,7.0,146.76,1784774,51.6,53.79,61.97,4.8,30.66,12.89,4.87,0.030299999999999997,9.76,33.04,United States,1.21,0.0579,10.0,0.98,0.06570000000000001,0.0748,11221600000.0,53063338120.0,27.56,0.032799999999999996,3,1,Paychex,NASDAQ,Paychex,NASDAQ
118,CSX,1147000000.0,-18468000000.0,19615000000.0,0.0323,-0.3497,0.258,0.1276,0.076,0.11869999999999999,4.0,28.11,13191255,46.56,32.54,39.84,1.68,16.73,4.34,1.89,0.0527,3.7,18.97,United States,0.37,-0.06,10.0,0.13,-0.0089,-0.023,43199000000.0,52806040500.0,15.0,0.0613,2,1,Csx Corp.,NYSE,Csx Corp.,NYSE
119,AMX,5111067084.0,-26763707000.0,31874774084.0,-0.1598,-0.5106,0.20600000000000002,-0.0178,0.048,0.11630000000000001,6.0,17.17,2156390,72.66,63.93,51.16,0.47,36.45,2.81,0.24,0.12050000000000001,1.09,8.3,Mexico,0.32,-0.0581,0.0,0.24,0.1035,0.15380000000000002,79665057427.0,52412775000.0,9.88,0.08560000000000001,2,1,American Movil S.A.B. De C.V.,NYSE,American Movil S.A.B. De C.V.,NYSE
120,TRP,578024254.0,-42262160339.0,42840184593.0,-0.060700000000000004,-0.8066,0.155,0.0833,0.036000000000000004,0.0616,6.0,50.01,2139783,60.31,61.25,60.47,3.08,16.4,2.63,1.76,0.0184,5.48,54.27,Canada,0.73,-0.1963,0.0,0.59,0.09939999999999999,-0.1277,85327492955.0,52395805350.0,12.55,0.060899999999999996,2,1,Transcananda Pipelines,NYSE,Transcananda Pipelines,NYSE
121,FCX,4811000000.0,-4137000000.0,8948000000.0,-0.050300000000000004,-0.079,0.109,0.0959,0.034,0.1108,4.0,36.41,11608738,52.67,45.7,45.42,1.3,28.06,2.98,3.96,0.0524,2.06,19.07,United States,0.24,-0.141,0.0,0.15,0.04019999999999999,0.0814,54848000000.0,52356671000.0,19.95,0.0361,3,1,Freeport-Mcmoran Copper & Gold,NYSE,Freeport-Mcmoran Copper & Gold,NYSE
122,MPLX,1519000000.0,-19691000000.0,21210000000.0,0.0253,-0.37729999999999997,0.321,0.12619999999999998,0.114,0.1517,7.0,50.86,1928651,48.02,52.75,67.33,4.21,12.13,3.84,2.05,0.09369999999999999,4.37,10.67,United States,1.15,0.1033,2.0,0.96,0.1696,0.1967,37511000000.0,52188910400.0,11.03,0.08220000000000001,2,1,Mplx Lp,NYSE,Mplx Lp,NYSE
123,GWW,1036000000.0,-2147000000.0,3183000000.0,0.1566,-0.042300000000000004,0.573,0.3956,0.22,0.3074,6.0,1053.43,464461,65.06,53.5,61.4,38.71,27.19,15.11,2.34,0.031,2.95,32.31,United States,9.49,0.0177,54.0,2.05,0.056799999999999996,0.0286,8829000000.0,50726892770.0,25.84,0.037599999999999995,3,1,W.W. Grainger,NYSE,W.W. Grainger,NYSE
124,OKE,141000000.0,-31899000000.0,32040000000.0,0.45630000000000004,-0.6254,0.168,0.09519999999999999,0.054000000000000006,0.0727,4.0,80.93,5274084,37.48,38.78,48.93,5.12,15.94,2.39,1.58,0.06,2.04,16.68,United States,1.24,0.7193,2.0,1.03,0.31120000000000003,0.5764,64263000000.0,51006632520.0,13.49,0.0594,2,1,Oneok,NYSE,Oneok,NYSE
125,FDX,5135000000.0,-31896000000.0,37031000000.0,-0.0129,-0.633,0.145,0.08449999999999999,0.046,0.0583,6.0,210.06,1367881,41.95,32.53,40.18,15.9,13.24,1.89,0.87,0.0681,0.57,14.69,United States,6.83,0.0104,4.0,1.38,0.0076,0.0168,85043000000.0,50385273710.0,10.27,0.07780000000000001,1,0,Fedex Corp.,NYSE,Fedex Corp.,NYSE
126,NSC,1006000000.0,-16209000000.0,17215000000.0,-0.0209,-0.3243,0.239,0.1259,0.077,0.12240000000000001,7.0,222.8,1084670,48.08,40.28,46.16,14.64,15.14,3.44,2.08,0.0487,4.13,20.54,United States,2.69,-0.0113,0.0,1.35,0.0302,0.0263,43800000000.0,49982990074.0,16.35,0.0664,2,1,Norfolk Souther Corp.,NYSE,Norfolk Souther Corp.,NYSE
127,BDX,830000000.0,-17928000000.0,18758000000.0,0.16440000000000002,-0.36829999999999996,0.067,0.0537,0.031,0.048499999999999995,6.0,169.54,13144358,21.66,22.72,30.72,5.94,28.54,1.93,0.95,0.0603,2.36,16.58,United States,3.28,0.0605,53.0,1.04,0.09269999999999999,0.07200000000000001,54665000000.0,48680867900.0,11.59,0.0355,2,1,Becton Dickinson And Company,NYSE,Becton Dickinson And Company,NYSE
128,PWR,741960000.0,-3736997000.0,4478957000.0,0.0034000000000000002,-0.0786,0.133,0.11,0.052000000000000005,0.084,3.0,321.9,3288282,73.31,57.82,64.2,6.03,53.23,6.5,1.89,0.0311,2.01,32.19,United States,1.67,0.16449999999999998,0.0,0.1,0.1467,0.17989999999999998,18683894000.0,47546782160.0,31.21,0.019,3,1,Quanta Services,NYSE,Quanta Services,NYSE
129,KR,3959000000.0,-21123000000.0,25082000000.0,0.3032,-0.44189999999999996,0.231,0.1032,0.049,0.0922,6.0,72.18,5496512,62.66,76.75,74.77,3.67,19.69,5.77,1.73,0.0451,0.32,22.19,United States,1.54,-0.0022,10.0,0.32,0.047,-0.040999999999999995,52616000000.0,47795854080.0,14.98,0.0558,2,1,Kroger Company,NYSE,Kroger Company,NYSE
130,PCAR,9839600000.0,-6055400000.0,15895000000.0,0.1167,-0.1285,0.235,0.165,0.099,0.1293,4.0,89.78,2939616,44.15,34.15,47.53,7.9,11.36,2.69,1.96,0.061399999999999996,1.4,16.28,United States,1.59,-0.1293,0.0,0.33,-0.0805,-0.1158,43418900000.0,47139162910.0,10.99,0.0883,2,1,Paccar Inc.,NASDAQ,Paccar Inc.,NASDAQ
131,FAST,231800000.0,-264000000.0,495800000.0,0.025699999999999997,-0.005699999999999999,0.32,0.3716,0.244,0.2755,4.0,80.71,3895527,57.04,60.26,63.02,2.0,40.57,12.62,3.69,0.0189,6.12,52.89,United States,0.52,0.028999999999999998,0.0,0.44,0.0974,0.1069,4870900000.0,46555080360.0,36.16,0.024700000000000003,3,1,Fastenal Company,NASDAQ,Fastenal Company,NASDAQ
132,NXPI,3988000000.0,-7737000000.0,11725000000.0,0.152,-0.1678,0.256,0.1517,0.098,0.1285,4.0,181.84,3352437,47.9,40.59,40.88,9.18,19.81,4.95,0.92,0.040999999999999995,3.74,24.41,Netherlands,2.58,-0.0947,0.0,1.01,-0.0294,-0.062400000000000004,25180000000.0,46118260800.0,15.15,0.0512,1,0,Nxp Semiconductors N.V.,NASDAQ,Nxp Semiconductors N.V.,NASDAQ
133,SLB,3897000000.0,-10105000000.0,14002000000.0,0.1505,-0.22089999999999999,0.201,0.1709,0.085,0.132,7.0,33.74,18078344,39.79,32.71,38.2,2.95,11.41,2.34,3.03,0.0943,1.27,10.6,United States,0.74,-0.0123,3.0,0.29,0.0191,0.0044,49002000000.0,45742180800.0,9.51,0.0916,2,1,Schlumberger N.V.,NYSE,Schlumberger N.V.,NYSE
134,ROST,4730744000.0,-951685000.0,5682429000.0,-0.011399999999999999,-0.0207,0.401,0.25239999999999996,0.142,0.1752,6.0,138.99,2342505,55.13,48.69,52.85,6.32,22.07,8.34,2.66,0.0374,2.17,26.72,United States,1.42,0.0169,4.0,0.41,0.061399999999999996,0.0087,14905332000.0,45952907330.0,21.02,0.0455,2,1,Ross Stores,NASDAQ,Ross Stores,NASDAQ
135,EW,3975900000.0,3275900000.0,700000000.0,0.0217,0.07429999999999999,0.49,0.3763,0.364,0.1243,2.0,75.33,3877873,61.86,56.47,48.65,6.97,10.8,4.41,4.25,0.0066,8.1,152.08,United States,0.6,-0.12390000000000001,0.0,0.0,0.1007,0.1099,13055300000.0,44086850075.0,29.32,0.0947,2,1,Edwards Lifesciences Corp.,NYSE,Edwards Lifesciences Corp.,NYSE
136,NDAQ,909000000.0,-8810000000.0,9719000000.0,-0.06570000000000001,-0.2016,0.114,0.08929999999999999,0.042,0.0716,6.0,76.11,2739790,57.52,51.74,60.57,2.2,34.6,3.78,1.53,0.0425,5.59,23.56,United States,0.77,0.1012,10.0,0.27,-0.3084,-0.2913,30647000000.0,43696999542.0,22.72,0.0292,3,1,The Nasdaq Omx Group,NASDAQ,The Nasdaq Omx Group,NASDAQ
137,TGT,4762000000.0,-14760000000.0,19522000000.0,0.0106,-0.33590000000000003,0.285,0.1534,0.07200000000000001,0.1266,7.0,95.88,5437197,44.77,26.57,33.08,8.86,10.89,3.0,1.33,0.10189999999999999,0.41,9.81,United States,2.25,0.0232,54.0,1.12,0.0182,-0.0241,57769000000.0,43940305200.0,10.7,0.0931,2,1,Target Corp.,NYSE,Target Corp.,NYSE
138,GM,73499000000.0,-56233000000.0,129732000000.0,0.06559999999999999,-1.2918,0.107,0.0513,0.025,0.04650000000000001,8.0,45.05,15872335,45.08,44.11,50.64,6.37,7.07,0.69,1.24,0.1128,0.23,8.86,United States,2.73,0.0032,2.0,0.15,-0.009300000000000001,0.0305,279761000000.0,43530914000.0,3.88,0.16510000000000002,1,0,General Motors Company,NYSE,General Motors Company,NYSE
139,TEL,2554000000.0,-3060000000.0,5614000000.0,0.3379,-0.0705,0.11199999999999999,0.16570000000000001,0.061,0.07780000000000001,6.0,146.43,1503838,61.76,51.0,53.07,4.57,32.04,3.59,2.86,0.0645,2.71,15.51,Ireland,2.03,0.038599999999999995,10.0,0.71,0.0326,0.046,23656000000.0,43402472560.0,17.3,0.032,3,1,Te Connectivity Ltd,NYSE,Te Connectivity Ltd,NYSE
140,KMB,563000000.0,-6684000000.0,7247000000.0,-0.0907,-0.1548,2.26,0.3493,0.147,0.3066,7.0,129.87,1965454,36.73,42.43,47.77,7.34,17.75,39.22,5.37,0.0554,2.19,18.05,United States,1.89,-0.052199999999999996,53.0,1.26,-0.0173,-0.0294,16305000000.0,43185852400.0,16.97,0.0571,2,1,Kimberly-Clark Corp.,NYSE,Kimberly-Clark Corp.,NYSE
141,MPC,3210000000.0,-25548000000.0,28758000000.0,0.009000000000000001,-0.5954999999999999,0.17,0.0892,0.042,0.1161,5.0,137.72,2044951,54.08,45.18,47.17,10.08,13.66,2.42,2.49,0.1437,0.31,6.96,United States,-0.54,-0.0922,3.0,0.91,-0.0554,-0.0958,78858000000.0,42904049320.0,18.7,0.0803,2,1,Marathon Petroleum Corporation,NYSE,Marathon Petroleum Corporation,NYSE
142,PSX,1489000000.0,-17314000000.0,18803000000.0,-0.067,-0.40979999999999994,0.066,0.0558,0.025,0.0584,6.0,103.46,2596828,44.25,36.07,42.69,4.43,23.41,1.55,0.75,0.0701,0.3,14.27,United States,-0.72,-0.1401,3.0,1.2,-0.0809,-0.10439999999999999,71838000000.0,42251216900.0,12.56,0.043899999999999995,1,0,Phillips 66 Common Stock,NYSE,Phillips 66 Common Stock,NYSE
143,URI,542000000.0,-13451000000.0,13993000000.0,0.04650000000000001,-0.3231,0.298,0.1689,0.091,0.133,5.0,640.6,690122,56.97,44.07,52.31,38.59,16.62,4.74,1.29,0.053399999999999996,2.67,18.74,United States,8.91,0.033,2.0,1.79,0.0395,0.0435,28050000000.0,41636408789.0,13.89,0.0613,2,1,United Rentals,NYSE,United Rentals,NYSE
144,VRSK,291200000.0,-2954600000.0,3245800000.0,0.048600000000000004,-0.07139999999999999,3.446,0.4497,0.212,0.2905,7.0,294.5,809534,53.45,56.83,65.02,6.71,44.07,413.25,3.92,0.0222,14.35,44.96,United States,1.69,0.0652,6.0,0.45,0.0862,0.0864,4264700000.0,41366342550.0,40.91,0.0232,3,1,Verisk Analytics,NASDAQ,Verisk Analytics,NASDAQ
145,CMI,2264000000.0,-4795000000.0,7059000000.0,0.0542,-0.11810000000000001,0.40299999999999997,0.25370000000000004,0.125,0.1598,6.0,294.88,584145,48.91,37.5,51.34,28.37,10.39,3.95,2.27,0.0069,1.19,145.58,United States,4.94,-0.028900000000000002,10.0,1.82,-0.0044,-0.013300000000000001,31540000000.0,40617655840.0,12.97,0.0971,2,1,Cummmins Inc.,NYSE,Cummmins Inc.,NYSE
146,F,90198000000.0,-68324000000.0,158522000000.0,0.0623,-1.7176,0.134,0.0467,0.021,0.0209,5.0,10.19,126463790,57.91,51.0,44.84,1.46,6.98,0.89,3.59,0.16940000000000002,0.22,5.9,United States,0.47,0.1045,0.0,0.15,-0.0836,-0.1564,285196000000.0,39779554500.0,7.58,0.1478,1,0,Ford Motor Company,NYSE,Ford Motor Company,NYSE
147,HES,1171000000.0,-8289000000.0,9460000000.0,-0.0144,-0.2073,0.261,0.18469999999999998,0.107,0.1607,5.0,129.79,1543021,41.12,40.98,46.76,8.98,14.37,3.56,2.33,0.016399999999999998,3.07,61.13,United States,1.61,-0.1889,3.0,0.5,-0.0925,-0.1442,26551000000.0,39978317500.0,17.6,0.0693,2,1,Hess Corp.,NYSE,Hess Corp.,NYSE
148,VALE,891721025.0,-2917702733.0,3809423759.0,-0.1324,-0.07429999999999999,0.16899999999999998,1.4197,0.071,0.17559999999999998,4.0,9.24,18475749,45.75,43.68,38.26,1.44,6.39,6.67,10.64,0.0292,1.03,34.23,Brazil,0.51,-0.016399999999999998,0.0,0.37,-0.8090999999999999,-0.8120999999999999,14127935087.0,39294120195.0,4.48,0.15689999999999998,2,1,Vale S.A.,NYSE,Vale S.A.,NYSE
149,AME,373999000.0,-1705722000.0,2079721000.0,-0.37229999999999996,-0.043899999999999995,0.147,0.1416,0.09300000000000001,0.12560000000000002,5.0,167.26,1861468,53.81,44.71,51.32,5.93,28.36,4.02,2.33,0.043899999999999995,5.59,22.75,United States,1.69,0.0023,5.0,0.31,0.0351,0.0143,14631169000.0,38818567810.0,23.32,0.0355,3,1,Amtek,NYSE,Amtek,NYSE
150,IDXX,288266000.0,-677143000.0,965409000.0,-0.0784,-0.0177,0.5579999999999999,0.5127,0.265,0.3525,6.0,471.38,1397082,68.61,58.78,51.31,10.67,44.16,23.94,3.71,0.0209,9.8,47.86,United States,2.85,0.0353,0.0,0.0,0.0776,0.056900000000000006,3293443000.0,38194491090.0,37.13,0.0232,3,1,Idexx Laboratories,NASDAQ,Idexx Laboratories,NASDAQ
151,EA,3155000000.0,1272000000.0,1883000000.0,0.0011,0.0336,0.141,0.1409,0.08,0.1052,6.0,145.1,3327687,54.45,53.07,53.5,3.93,36.92,5.1,1.85,0.05,5.15,19.99,United States,0.69,-0.0096,0.0,0.19,-0.0282,-0.1001,13451000000.0,37815671800.0,20.35,0.0277,3,1,Electronic Arts Inc.,NASDAQ,Electronic Arts Inc.,NASDAQ
152,CTSH,2243000000.0,763000000.0,1480000000.0,0.1255,0.0202,0.159,0.18359999999999999,0.11599999999999999,0.1381,3.0,75.37,7355547,58.09,47.84,52.08,4.51,17.0,2.62,1.54,0.0484,1.91,20.67,United States,1.2,0.07139999999999999,5.0,0.31,0.0687,0.0943,19966000000.0,37759127400.0,15.06,0.0593,2,1,Cognizant Technology Solutions,NASDAQ,Cognizant Technology Solutions,NASDAQ
153,GLW,1768000000.0,-5443000000.0,7211000000.0,-0.04190000000000001,-0.1419,0.046,0.0463,0.018000000000000002,0.0394,8.0,44.78,4841822,54.53,47.22,57.43,0.58,77.21,3.59,0.44,0.0275,2.92,36.4,United States,0.51,0.11720000000000001,0.0,0.28,0.195,0.18789999999999998,27735000000.0,38366474060.0,18.51,0.0132,2,1,Corning Inc.,NYSE,Corning Inc.,NYSE
154,GRMN,2674510000.0,2534275000.0,140235000.0,0.3247,0.0706,0.192,0.2078,0.156,0.1635,6.0,186.78,1019519,41.32,43.26,58.03,7.59,24.52,4.39,2.64,0.0339,5.56,29.48,Switzerland,1.67,0.08539999999999999,7.0,0.9,0.1069,0.1522,9787622000.0,35895760735.0,22.82,0.0409,2,1,Garmin Ltd,NASDAQ,Garmin Ltd,NASDAQ
155,HEI,165467000.0,-2188164000.0,2353631000.0,-0.0587,-0.0698,0.159,0.11359999999999999,0.075,0.11869999999999999,7.0,257.19,374104,57.1,54.21,62.21,4.05,63.5,8.36,3.56,0.022400000000000003,7.85,44.67,United States,1.04,0.099,7.0,0.11,0.1253,0.1038,7890711000.0,31336467852.0,57.94,0.0181,3,1,Heico Corp.,NYSE,Heico Corp.,NYSE
156,TRGP,157300000.0,-14017300000.0,14174600000.0,0.0942,-0.3968,0.495,0.1259,0.059000000000000004,0.1243,2.0,162.3,3152622,38.65,42.97,59.31,5.74,28.28,13.63,1.46,0.0195,2.16,51.4,United States,1.98,0.0719,3.0,1.0,0.4286,0.4054,22734100000.0,35322748900.0,19.57,0.0362,3,1,Targa Resources,NYSE,Targa Resources,NYSE
157,RMD,932711000.0,92939000.0,839772000.0,-0.2807,0.0027,0.252,0.23920000000000002,0.182,0.2102,8.0,236.42,732154,63.89,54.53,55.72,8.91,26.53,6.25,1.41,0.0452,6.91,22.1,United States,2.36,0.0693,10.0,0.53,0.1015,0.08810000000000001,7566822000.0,34675819230.0,22.99,0.0379,3,1,Resmed Inc.,NYSE,Resmed Inc.,NYSE
158,SYY,1527000000.0,-13082000000.0,14609000000.0,0.11349999999999999,-0.3801,0.9540000000000001,0.1888,0.075,0.1467,4.0,70.15,2918901,43.86,41.91,43.42,3.86,18.23,17.91,1.23,0.0676,0.43,14.79,United States,1.03,0.0341,56.0,0.54,0.051699999999999996,0.0504,26347000000.0,34414884350.0,14.44,0.0555,2,1,Sysco Corp.,NYSE,Sysco Corp.,NYSE
159,HSY,730746000.0,-4371405000.0,5102151000.0,0.0599,-0.131,0.521,0.2927,0.17600000000000002,0.2651,3.0,167.13,2618107,51.84,47.48,40.83,10.92,15.1,7.08,44.73,0.057699999999999994,2.98,17.33,United States,1.95,-0.1393,10.0,1.37,0.028900000000000002,-0.1324,12946861000.0,33376345384.0,26.8,0.0666,2,1,Hershey Foods Corp.,NYSE,Hershey Foods Corp.,NYSE
160,LULU,1984336000.0,408545000.0,1575791000.0,0.1229,0.0131,0.43799999999999994,0.447,0.257,0.2992,5.0,268.6,1226852,43.68,36.21,42.04,14.64,18.45,7.21,1.12,0.0508,2.95,19.7,Canada,2.69,0.0819,0.0,0.0,0.0802,0.13720000000000002,7603292000.0,31194135630.0,17.63,0.0582,2,1,Lululemon Athletica Inc.,NASDAQ,Lululemon Athletica Inc.,NASDAQ
161,EFX,195200000.0,-4768900000.0,4964100000.0,-0.1175,-0.14730000000000001,0.126,0.1036,0.051,0.0784,8.0,260.79,773378,64.94,53.15,53.6,4.9,53.22,6.5,1.33,0.025,5.65,40.01,United States,1.4,0.0223,0.0,0.5,0.0641,0.057,11854800000.0,32367501390.0,32.27,0.0189,3,1,Equifax,NYSE,Equifax,NYSE
162,WAB,698000000.0,-3309000000.0,4007000000.0,0.0018,-0.1027,0.107,0.1096,0.059000000000000004,0.08789999999999999,7.0,187.57,864555,60.3,52.34,64.21,6.39,29.5,3.11,3.92,0.045700000000000005,3.07,21.89,United States,2.03,0.0453,3.0,0.25,0.06509999999999999,0.0564,19096000000.0,32228159580.0,21.19,0.034300000000000004,3,1,Wabtec Corp.,NYSE,Wabtec Corp.,NYSE
163,ODFL,108676000.0,48689000.0,59987000.0,-0.24989999999999998,0.0015,0.28,0.3147,0.217,0.2731,3.0,150.59,2153655,44.41,35.37,42.17,5.48,27.51,7.54,2.79,0.028399999999999998,5.5,35.23,United States,1.14,-0.0616,8.0,0.28,0.0248,0.012199999999999999,5491395000.0,31987524660.0,25.47,0.0371,3,1,Old Dominion Freight Line,NASDAQ,Old Dominion Freight Line,NASDAQ
164,MLM,101000000.0,-5706000000.0,5807000000.0,0.2243,-0.1779,0.11699999999999999,0.0902,0.062,0.0797,4.0,524.69,489577,65.24,52.55,53.63,17.42,30.36,3.53,3.58,0.0192,4.83,51.98,United States,1.85,0.0791,10.0,0.79,0.0868,0.08900000000000001,17724000000.0,32072708775.0,27.55,0.0333,3,1,Martin Marietta Materials,NYSE,Martin Marietta Materials,NYSE
165,EBAY,5890000000.0,-1855000000.0,7745000000.0,-0.045,-0.0587,0.353,0.19079999999999997,0.09699999999999999,0.1562,7.0,67.67,9923906,58.0,56.24,63.41,3.94,17.24,6.13,1.75,0.061900000000000004,3.08,16.17,United States,1.34,-0.0063,6.0,0.29,0.037000000000000005,0.0323,19365000000.0,31622760000.0,12.16,0.0625,2,1,Ebay Inc.,NASDAQ,Ebay Inc.,NASDAQ
166,BRO,669000000.0,-3323000000.0,3992000000.0,-0.0172,-0.1058,0.16,0.1306,0.061,0.10980000000000001,7.0,109.02,2104483,37.12,48.35,61.27,3.59,30.53,4.61,4.41,0.0435,6.35,22.98,United States,1.3,0.11289999999999999,32.0,0.15,0.12050000000000001,0.1176,16760000000.0,31414428800.0,25.37,0.0329,3,1,Brown & Brown,NYSE,Brown & Brown,NYSE
167,HUM,22138000000.0,8462000000.0,13676000000.0,0.0097,0.2704,0.1,0.0894,0.035,0.07980000000000001,6.0,256.04,1751817,43.08,44.21,36.51,14.16,18.28,1.76,0.79,0.07629999999999999,0.26,13.1,United States,10.07,0.09849999999999999,0.0,0.89,0.0825,0.0839,50930000000.0,31289660250.0,16.82,0.0547,1,0,Humana Inc.,NYSE,Humana Inc.,NYSE
168,HEI.A,204161000.0,-2185488000.0,2389649000.0,2.1666,-0.0695,0.139,0.1011,0.065,0.10060000000000001,7.0,205.9,254459,55.72,54.71,62.65,4.06,50.71,9.27,2.83,0.015700000000000002,8.95,63.72,United States,1.04,0.099,7.0,0.11,0.1253,0.1038,7365845000.0,31430125590.0,46.38,0.0141,3,1,Heico Cp Cl A,NYSE,Heico Cp Cl A,NYSE
169,GIS,521300000.0,-13666000000.0,14187300000.0,0.13369999999999999,-0.4485,0.276,0.1493,0.079,0.12210000000000001,6.0,55.58,4327538,40.43,34.99,35.21,4.55,12.22,3.29,3.66,0.08130000000000001,1.55,12.29,United States,0.95,0.0225,5.0,0.6,-0.0074,-0.0173,32706200000.0,30468519640.0,13.72,0.084,2,1,General Mills,NYSE,General Mills,NYSE
170,A,1467000000.0,-1896000000.0,3363000000.0,0.31620000000000004,-0.0622,0.209,0.158,0.11,0.1336,5.0,106.46,1523041,44.72,30.72,40.46,4.36,24.5,5.05,1.74,0.0431,4.66,23.22,United States,1.27,0.0362,1.0,0.25,0.0558,0.0265,11914000000.0,30463255550.0,18.46,0.041299999999999996,2,1,Agilent Technologies,NYSE,Agilent Technologies,NYSE
171,BIDU,19072926662.0,8199177519.0,10873749143.0,-0.0623,0.2709,0.09300000000000001,-0.1906,0.057,0.052199999999999996,4.0,87.91,981315,50.41,48.54,42.76,9.03,9.75,0.84,2.59,0.0593,1.66,16.85,China,1.79,-0.005699999999999999,0.0,0.0,0.05,-0.0007000000000000001,58640164496.0,30265340034.0,1.17,0.1075,1,0,Baidu,NASDAQ,Baidu,NASDAQ
172,EQT,348161000.0,-9008294000.0,9356455000.0,0.6019,-0.2988,0.019,0.0263,0.01,0.0275,6.0,50.36,7660382,50.53,55.83,61.68,0.72,69.94,1.46,0.51,0.039599999999999996,5.38,25.26,United States,1.02,0.24420000000000003,3.0,0.16,0.6386,1.117,39703364000.0,30146805360.0,15.29,0.012199999999999999,2,1,Eqt Corp.,NYSE,Eqt Corp.,NYSE
173,CNC,17287000000.0,-1033000000.0,18320000000.0,0.0178,-0.0348,0.127,0.1047,0.040999999999999995,0.0594,4.0,59.41,6044185,46.93,45.75,41.71,6.77,8.81,1.06,0.62,0.050300000000000004,0.18,19.89,United States,2.54,0.0731,0.0,0.0,0.18489999999999998,0.1948,87044000000.0,29677042920.0,8.01,0.1164,1,0,Centene Corp.,NYSE,Centene Corp.,NYSE
174,XYL,1059000000.0,-956000000.0,2015000000.0,-0.11230000000000001,-0.0325,0.085,0.07980000000000001,0.055999999999999994,0.06559999999999999,7.0,120.75,1739724,62.64,49.28,51.32,3.71,32.43,2.72,2.27,0.0305,3.42,32.76,United States,0.95,0.0034000000000000002,10.0,0.4,0.030699999999999998,0.0194,16559000000.0,29381958260.0,24.92,0.0308,3,1,Xylem Inc. Common Stock New Whe,NYSE,Xylem Inc. Common Stock New Whe,NYSE
175,K,330000000.0,-5890000000.0,6220000000.0,-0.056600000000000004,-0.2061,0.377,0.1766,0.08900000000000001,0.1553,8.0,82.8,3625207,59.3,72.69,72.24,3.97,20.86,7.3,3.57,0.0302,2.26,33.12,United States,1.01,-0.009399999999999999,10.0,0.57,0.0315,0.0134,15474000000.0,28583884800.0,20.62,0.0483,2,1,Kellogg Company,NYSE,Kellogg Company,NYSE
176,ROK,471000000.0,-3468000000.0,3939000000.0,0.0785,-0.12179999999999999,0.268,0.1636,0.08199999999999999,0.13699999999999998,5.0,249.18,781277,54.48,43.15,44.82,8.03,31.26,8.41,3.27,0.034,3.52,29.42,United States,2.12,-0.07339999999999999,10.0,1.31,-0.0174,-0.0682,10944000000.0,28461604830.0,25.54,0.032400000000000005,3,1,Rockwell Automation Inc,NYSE,Rockwell Automation Inc,NYSE
177,ANSS,1828559000.0,992473000.0,836086000.0,-0.0155,0.0352,0.1,0.1093,0.077,0.0836,7.0,319.73,863108,56.12,46.99,49.73,6.74,47.64,4.57,1.91,0.030699999999999998,10.93,32.57,United States,1.68,0.11630000000000001,0.0,0.0,0.1168,0.1387,7981013000.0,28230891744.0,27.44,0.021,3,1,Ansys,NASDAQ,Ansys,NASDAQ
178,DD,1856000000.0,-5315000000.0,7171000000.0,-0.0806,-0.1923,0.03,0.0466,0.019,0.030899999999999997,7.0,66.05,3940299,49.8,38.01,42.38,1.67,39.55,1.18,0.36,0.045899999999999996,2.23,21.8,United States,0.95,0.037200000000000004,3.0,0.41,0.0604,0.0693,36636000000.0,27641792900.0,14.69,0.0254,2,1,E.I. Du Pont De Nemours And Company,NYSE,E.I. Du Pont De Nemours And Company,NYSE
179,NUE,4139000000.0,-2811000000.0,6950000000.0,0.0158,-0.1013,0.099,0.0891,0.059000000000000004,0.081,4.0,119.72,1706929,55.29,43.53,42.4,8.46,14.22,1.37,0.75,0.0297,0.9,33.72,United States,0.64,-0.1115,52.0,0.55,0.0366,-0.1009,33940000000.0,27751821420.0,16.64,0.073,1,0,Nucor Corp.,NYSE,Nucor Corp.,NYSE
180,ROL,240075000.0,-670958000.0,911033000.0,0.06559999999999999,-0.024700000000000003,0.364,0.2893,0.168,0.21850000000000003,7.0,56.03,2608537,57.43,71.17,65.78,0.99,56.71,20.08,4.59,0.022000000000000002,7.86,45.37,United States,0.22,0.0913,10.0,0.17,0.1081,0.1066,2948558000.0,27217719360.0,49.14,0.0175,3,1,Rollins,NYSE,Rollins,NYSE
181,DAL,3711000000.0,-18569000000.0,22280000000.0,-0.1531,-0.6834,0.258,0.11699999999999999,0.048,0.1189,6.0,41.5,8230075,45.13,33.85,45.42,5.64,7.38,1.76,39.29,0.1039,0.44,9.62,United States,0.38,-0.0528,1.0,0.15,-0.0652,-0.0672,77342000000.0,27169522846.0,6.46,0.13470000000000001,2,1,Delta Air Lines Inc.,NYSE,Delta Air Lines Inc.,NYSE
182,NOK,10056561813.0,2815115194.0,7241446619.0,-0.1116,0.10400000000000001,0.062,0.0681,0.032,0.056900000000000006,6.0,4.99,12674919,48.01,57.57,58.74,0.32,15.56,1.16,1.64,0.1041,1.35,9.6,Finland,0.05,-0.1103,0.0,0.04,0.0868,0.08839999999999999,44171921736.0,27056142838.0,19.44,0.0492,2,1,Nokia Corp.,NYSE,Nokia Corp.,NYSE
183,TSCO,251491000.0,-5172926000.0,5424417000.0,0.0771,-0.1938,0.49,0.196,0.113,0.14859999999999998,6.0,50.35,5553064,46.45,42.4,50.75,2.04,24.6,11.76,2.22,0.0291,1.79,34.36,United States,0.37,0.0398,1.0,0.23,0.078,0.0757,9805485000.0,26697705300.0,22.23,0.0412,2,1,Tractor Supply Company,NASDAQ,Tractor Supply Company,NASDAQ
184,BR,289900000.0,-3365700000.0,3655600000.0,0.0007000000000000001,-0.1246,0.342,0.1527,0.09300000000000001,0.1475,7.0,228.01,1048655,44.54,50.22,61.27,6.39,35.99,12.12,1.68,0.0364,4.04,27.49,United States,2.43,0.0776,10.0,0.88,0.1008,0.1121,8230600000.0,27002134250.0,25.89,0.0281,3,1,Broadridge Financial Solutions Llc,NYSE,Broadridge Financial Solutions Llc,NYSE
185,LVS,3161000000.0,-10690000000.0,13851000000.0,-0.0076,-0.4072,0.409,0.1519,0.062,0.1155,6.0,36.81,5782589,52.65,37.74,39.12,1.8,20.64,9.73,0.91,0.0483,2.34,20.72,United States,0.58,-0.0166,1.0,0.25,0.0816,0.0815,21247000000.0,26254763340.0,13.57,0.049699999999999994,1,0,Las Vegas Sands,NYSE,Las Vegas Sands,NYSE
186,RYAAY,4651173293.0,1549939484.0,3101233810.0,-0.3477,0.3011,0.289,0.19219999999999998,0.114,0.17920000000000003,6.0,48.25,1409527,63.67,56.04,54.53,3.64,13.25,0.6,2.95,0.168,0.35,5.95,Ireland,-0.64,-0.0327,0.0,0.46,0.0483,0.0613,19391856495.0,5146924000.0,11.01,0.40490000000000004,1,0,Ryanair Holdings Plc,NASDAQ,Ryanair Holdings Plc,NASDAQ
187,MCHP,586000000.0,-6163500000.0,6749500000.0,0.18510000000000001,-0.2492,0.049,0.045599999999999995,0.02,0.038599999999999995,5.0,45.98,8673759,52.76,38.66,33.16,0.57,80.67,4.1,5.7,0.0392,5.2,25.49,United States,0.1,-0.27399999999999997,10.0,0.46,-0.4127,-0.2593,15632200000.0,24728917620.0,50.19,0.0125,3,1,Microchip Technology Inc.,NASDAQ,Microchip Technology Inc.,NASDAQ
188,PPG,1893000000.0,-5969000000.0,7862000000.0,0.11630000000000001,-0.2408,0.149,0.1176,0.052000000000000005,0.08689999999999999,7.0,108.77,2837668,57.66,42.78,37.2,4.69,23.27,3.58,0.82,0.0318,1.63,31.45,United States,1.62,-0.1487,54.0,0.68,0.0001,-0.12789999999999999,21140000000.0,24785670000.0,13.34,0.043899999999999995,1,0,Ppg Industries,NYSE,Ppg Industries,NYSE
189,GIB,809669449.0,-2343227322.0,3152896771.0,0.4421,-0.09949999999999999,0.182,0.1765,0.10099999999999999,0.1217,5.0,104.37,364402,51.44,46.1,50.65,5.3,19.77,3.21,2.43,0.0601,2.24,16.65,Canada,1.5,0.0126,1.0,0.11,0.1085,0.1094,13515248460.0,23548587979.0,11.83,0.051399999999999994,2,1,Cgi Group,NYSE,Cgi Group,NYSE
190,TU,674196396.0,-20819242460.0,21493438856.0,0.08460000000000001,-0.9031,0.063,0.028900000000000002,0.017,0.0478,5.0,15.23,3068222,58.67,52.45,43.43,0.47,32.73,2.04,0.69,0.045700000000000005,1.63,21.87,Canada,0.16,0.37200000000000005,4.0,0.28,0.057300000000000004,0.0458,41883187895.0,23053086000.0,15.04,0.029900000000000003,2,1,Telus Corp. Non Voting Shares,NYSE,Telus Corp. Non Voting Shares,NYSE
191,IP,1170000000.0,-6803000000.0,7973000000.0,-0.005600000000000001,-0.29359999999999997,0.066,0.0189,0.024,0.076,5.0,43.89,6193451,35.07,33.89,47.77,1.57,27.96,2.83,0.76,0.0366,1.24,27.32,United States,0.36,0.3531,0.0,0.46,0.5005,0.3936,22800000000.0,23168477640.0,19.03,0.024,2,1,International Paper Company,NYSE,International Paper Company,NYSE
192,CBOE,1030600000.0,-548800000.0,1579400000.0,-0.0067,-0.023700000000000002,0.184,0.1776,0.09,0.1323,6.0,221.21,1088383,58.36,60.85,68.3,7.21,30.69,5.41,1.75,0.0451,5.66,22.18,United States,2.29,0.0977,10.0,0.63,-0.4456,-0.40590000000000004,7789100000.0,23154441000.0,23.48,0.0329,3,1,CBOE Holdings,NASDAQ,CBOE Holdings,NASDAQ
193,ADM,8069000000.0,-3469000000.0,11538000000.0,0.2024,-0.15109999999999998,0.08,0.0895,0.034,0.0358,5.0,47.58,2245906,52.54,44.41,35.1,3.65,13.09,1.04,16.43,0.053399999999999996,0.27,18.71,United States,0.68,0.009300000000000001,52.0,0.51,0.0373,0.0203,53271000000.0,22961059920.0,11.29,0.0784,2,1,Archer-Daniels-Midland Company,NYSE,Archer-Daniels-Midland Company,NYSE
194,CHD,964100000.0,-1240500000.0,2204600000.0,-0.0837,-0.0545,0.138,0.1125,0.067,0.0951,6.0,92.38,4640258,25.73,31.32,44.04,2.37,38.98,5.22,2.37,0.0432,3.73,23.17,United States,0.9,0.004699999999999999,29.0,0.3,0.0381,0.016399999999999998,8883100000.0,22771327750.0,24.76,0.025699999999999997,3,1,Church & Dwight Company,NYSE,Church & Dwight Company,NYSE
195,NRG,974000000.0,-10017000000.0,10991000000.0,0.0018,-0.43090000000000006,0.355,0.138,0.043,0.1398,5.0,114.14,3092309,67.33,60.38,72.73,4.99,22.87,9.38,2.4,0.0789,0.83,12.68,United States,1.62,0.11460000000000001,5.0,0.44,0.1298,0.0639,24022000000.0,23246551380.0,14.89,0.0455,2,1,Nrg Energy,NYSE,Nrg Energy,NYSE
196,MT,6484000000.0,-5079000000.0,11563000000.0,-0.0616,-0.2257,0.026000000000000002,0.0599,0.015,0.0254,5.0,29.7,1341467,56.43,57.09,57.17,1.69,17.46,0.46,0.66,0.0451,0.36,22.17,Luxembourg,0.89,-0.0738,5.0,0.23,0.0105,-0.0183,89385000000.0,22502916000.0,8.36,0.059500000000000004,0,0,Arcelormittal,NYSE,Arcelormittal,NYSE
197,FOXA,3322000000.0,-3878000000.0,7200000000.0,-0.1474,-0.1813,0.198,0.1629,0.098,0.11130000000000001,7.0,49.21,3370488,45.88,51.09,62.99,4.68,10.49,1.86,7.14,0.0859,1.41,11.64,United States,0.94,0.1865,4.0,0.27,0.1604,0.22949999999999998,23022000000.0,21391547321.0,12.35,0.10210000000000001,2,1,21St Century Fox Class A,NASDAQ,21St Century Fox Class A,NASDAQ
198,PBA,101749588.0,-9511060757.0,9612810345.0,0.1955,-0.42460000000000003,0.102,0.0711,0.049,0.0806,6.0,38.51,837914,53.31,51.07,54.85,2.08,18.52,1.77,1.71,0.0728,4.37,13.74,Canada,0.72,0.8651000000000001,1.0,0.48,0.135,0.4325,25954804421.0,22402258075.0,12.35,0.0533,2,1,Pembina Pipeline Cor,NYSE,Pembina Pipeline Cor,NYSE
199,STE,155178000.0,-2164715000.0,2319893000.0,-0.3389,-0.099,0.073,0.0823,0.045,0.0759,7.0,222.49,1088970,49.83,51.3,51.77,4.72,47.26,3.41,5.14,0.0344,4.29,29.1,United States,2.62,0.05,10.0,0.57,0.0709,0.0455,10008362000.0,21869645572.0,22.57,0.021400000000000002,3,1,Steris Corp.,NYSE,Steris Corp.,NYSE
200,TDY,461500000.0,-2503300000.0,2964800000.0,-0.0867,-0.11410000000000001,0.086,0.07400000000000001,0.057,0.0687,6.0,466.26,257617,48.41,48.64,54.38,17.71,26.52,2.21,0.98,0.0482,3.8,20.75,United States,4.92,0.0519,0.0,0.0,0.0774,0.07780000000000001,15048500000.0,21942570115.0,21.16,0.0378,2,1,Teledyne Technologies Inc.,NYSE,Teledyne Technologies Inc.,NYSE
201,TSN,2292000000.0,-7514000000.0,9806000000.0,0.0132,-0.35409999999999997,0.057999999999999996,0.0579,0.027999999999999997,0.0471,7.0,60.69,2780236,48.95,52.82,49.81,2.96,20.54,1.15,0.55,0.0599,0.4,16.68,United States,0.82,0.0067,10.0,0.5,0.0165,0.0147,37310000000.0,21218697245.0,16.54,0.0496,1,0,Tyson Foods,NYSE,Tyson Foods,NYSE
202,CVE,2405908692.0,-5267886459.0,7673795151.0,0.0693,-0.2378,0.106,0.0989,0.057,0.0947,5.0,11.97,14359994,45.46,35.86,34.26,1.16,10.48,1.03,0.45,0.1374,0.59,7.28,Canada,0.31,0.2465,4.0,0.12,-0.0204,0.049699999999999994,40800141439.0,22156922137.0,6.26,0.09849999999999999,1,0,Cenovus Energy Inc,NYSE,Cenovus Energy Inc,NYSE
203,CDW,717700000.0,-5274200000.0,5991900000.0,0.0315,-0.24710000000000001,0.478,0.1793,0.077,0.14859999999999998,6.0,162.53,1440769,55.74,40.05,40.21,7.97,20.3,9.07,1.53,0.0541,1.02,18.48,United States,1.96,0.011699999999999999,10.0,0.63,0.026600000000000002,0.0226,14678400000.0,21342959825.0,16.48,0.050499999999999996,2,1,Cdw Corporation,NASDAQ,Cdw Corporation,NASDAQ
204,BCE,1423050972.0,-27805780964.0,29228831936.0,0.11960000000000001,-1.3939,0.009000000000000001,0.049800000000000004,0.002,0.033,5.0,21.43,4480824,41.74,32.68,24.62,0.13,173.08,1.62,0.2,0.0926,1.18,10.8,Canada,0.45,-0.0605,4.0,0.69,0.0045000000000000005,-0.0052,53028854307.0,19948293000.0,7.7,0.005699999999999999,2,1,Bce,NYSE,Bce,NYSE
205,LH,369400000.0,-6150200000.0,6519600000.0,0.09230000000000001,-0.3031,0.09,0.0742,0.040999999999999995,0.0575,7.0,241.28,837261,60.59,55.31,56.94,8.66,28.05,2.44,0.88,0.056799999999999996,1.54,17.61,United States,4.17,0.09539999999999998,3.0,0.72,0.10220000000000001,0.1134,17603800000.0,20290053843.0,14.22,0.036000000000000004,2,1,Laboratory Corporation Of America,NYSE,Laboratory Corporation Of America,NYSE
206,EXPE,5874000000.0,-657000000.0,6531000000.0,-0.0055000000000000005,-0.0336,1.06,0.20489999999999997,0.051,0.1297,7.0,158.07,2251631,48.85,45.42,53.28,8.95,17.88,12.54,0.72,0.1193,1.43,8.39,United States,0.26,0.0661,0.0,0.4,0.07200000000000001,0.0647,22388000000.0,19529611025.0,11.07,0.0632,1,0,Expedia,NASDAQ,Expedia,NASDAQ
207,IFF,469000000.0,-9042000000.0,9511000000.0,-0.11220000000000001,-0.4542,0.017,0.023799999999999998,0.008,0.0159,8.0,77.93,1728563,56.22,40.53,40.45,0.95,82.03,1.43,1.82,0.0315,1.73,31.7,United States,1.12,-0.023799999999999998,0.0,0.4,-0.0441,-0.0148,28667000000.0,19908969750.0,18.43,0.012199999999999999,3,1,Internationa Flavors & Fragrances,NYSE,Internationa Flavors & Fragrances,NYSE
208,DG,932576000.0,-16530809000.0,17463385000.0,-0.0347,-0.8337,0.155,0.0706,0.036000000000000004,0.053899999999999997,6.0,90.52,5163169,51.52,55.78,37.03,5.11,17.65,2.67,1.81,0.0852,0.49,11.74,United States,1.46,0.0339,1.0,0.59,0.06849999999999999,0.0724,31132733000.0,19829321785.0,15.62,0.0567,2,1,Dollar General Corp.,NYSE,Dollar General Corp.,NYSE
209,DGX,188000000.0,-6382000000.0,6570000000.0,0.22760000000000002,-0.3224,0.132,0.0967,0.057999999999999996,0.0795,5.0,177.32,857291,63.15,68.72,65.24,7.91,22.42,2.86,1.58,0.0533,1.95,18.75,United States,2.15,0.1116,10.0,0.8,0.10279999999999999,0.1352,15797000000.0,19795118200.0,17.8,0.0453,2,1,Quest Diagnostics Inc.,NYSE,Quest Diagnostics Inc.,NYSE
210,LII,222900000.0,-1266900000.0,1489800000.0,-0.10099999999999999,-0.0639,1.0590000000000002,0.47259999999999996,0.239,0.3517,7.0,556.47,470471,52.86,45.79,60.5,22.44,24.92,23.27,2.04,0.0391,3.7,25.58,United States,3.27,-0.0258,10.0,1.15,0.0288,0.0447,3455400000.0,19839906528.0,23.24,0.0405,2,1,Lennox International,NYSE,Lennox International,NYSE
211,CCJ,434099101.0,-490516000.0,924615102.0,0.287,-0.0248,0.027999999999999997,0.0489,0.017,0.0447,8.0,45.51,4879986,62.36,48.67,53.32,0.27,168.0,4.31,3.33,0.0253,9.1,39.55,Canada,0.19,0.7152,1.0,0.11,0.0795,0.2893,7149176442.0,19806696000.0,30.62,0.006,3,1,Cameco Corp.,NYSE,Cameco Corp.,NYSE
212,KOF,1719722068.0,-2483283766.0,4203005835.0,-0.1008,-1.2645,0.175,-0.0426,0.08199999999999999,0.12029999999999999,7.0,93.0,76584,47.53,59.65,59.1,5.41,17.27,0.27,11.18,0.43229999999999996,0.15,2.31,Mexico,1.37,-0.08220000000000001,5.0,0.88,0.1059,0.1112,15704976159.0,1963855884.0,112.36,0.5798,1,0,Coca Cola Femsa S.A.B. De C.V.,NYSE,Coca Cola Femsa S.A.B. De C.V.,NYSE
213,GPN,2538416000.0,-14205358000.0,16743774000.0,-0.0318,-0.757,0.07,0.061500000000000006,0.032,0.050300000000000004,7.0,76.65,2725721,40.66,28.93,35.59,6.16,12.4,0.84,0.54,0.1523,1.86,6.57,United States,2.86,0.0348,0.0,0.25,-0.07400000000000001,-0.0827,46890255000.0,18764338320.0,6.16,0.0837,0,0,Global Payments Inc.,NYSE,Global Payments Inc.,NYSE
214,LYB,1870000000.0,-10794000000.0,12664000000.0,0.0072,-0.5760000000000001,0.08199999999999999,0.0582,0.028999999999999998,0.0431,6.0,58.31,3638487,41.12,22.29,27.14,3.26,17.89,1.54,0.73,0.0808,0.49,12.37,United States,0.43,-0.1016,1.0,1.34,-0.21359999999999998,-0.2286,35189000000.0,18740834000.0,8.38,0.056799999999999996,1,0,Lyondellbasell Industries Nv,NYSE,Lyondellbasell Industries Nv,NYSE
215,RPRX,1770996000.0,-5841430000.0,7612426000.0,0.2408,-0.41450000000000004,0.085,0.0639,0.049,0.07200000000000001,4.0,32.46,2607759,53.16,60.77,52.66,1.91,17.02,1.36,2.29,0.1912,6.23,5.23,United States,1.06,0.2759,5.0,0.22,0.313,0.2583,18222715000.0,14093464175.0,6.14,0.060899999999999996,2,1,Repros Therapeutics Inc.,NASDAQ,Repros Therapeutics Inc.,NASDAQ
216,SSNC,570800000.0,-6613900000.0,7184700000.0,0.0384,-0.35350000000000004,0.11599999999999999,0.09230000000000001,0.042,0.0834,4.0,75.75,1452874,46.11,46.27,55.48,3.22,23.61,2.86,0.9,0.0608,3.14,16.45,United States,1.41,0.0446,10.0,0.25,0.0738,0.0775,19044700000.0,18712071640.0,12.35,0.0406,1,0,SS&C Technologies Holdings,NASDAQ,SS&C Technologies Holdings,NASDAQ
217,EME,576702000.0,-58864000.0,635566000.0,0.8379000000000001,-0.0032,0.369,0.3747,0.139,0.2869,5.0,412.52,606833,58.11,49.03,62.25,22.62,18.26,6.28,1.32,0.0705,1.24,14.18,United States,4.62,0.1014,4.0,0.25,0.1349,0.1252,8078872000.0,18538708626.0,17.98,0.0567,2,1,Emcor Group,NYSE,Emcor Group,NYSE
218,RBA,708800000.0,-3489500000.0,4198300000.0,-0.0797,-0.1886,0.07200000000000001,0.0748,0.031,0.060599999999999994,5.0,100.01,1307259,58.03,59.86,67.25,2.01,49.76,3.54,0.82,0.0355,4.32,28.14,United States,0.83,-0.042300000000000004,0.0,0.29,0.031,-0.008199999999999999,11807000000.0,18506746310.0,27.27,0.020099999999999996,2,1,Ritchie Bros. Auctioneers Inc.,NYSE,Ritchie Bros. Auctioneers Inc.,NYSE
219,NTAP,2261000000.0,267000000.0,1994000000.0,-0.166,0.0144,1.148,0.2939,0.122,0.36579999999999996,7.0,89.83,1386106,54.76,38.56,45.39,5.4,16.64,18.61,1.25,0.0683,2.85,14.64,United States,1.9,0.031200000000000002,1.0,0.52,0.0678,0.076,8989000000.0,18518208210.0,11.74,0.061399999999999996,2,1,Netapp,NASDAQ,Netapp,NASDAQ
220,TS,3572213000.0,2796638000.0,775575000.0,0.0951,0.1549,0.2026,0.2104,0.1637,0.1827,6.0,32.74,3557494,41.37,39.59,49.5,3.57,9.17,1.04,4.69,0.20559999999999998,1.27,4.86,Luxembourg,0.77,-0.1517,3.0,0.56,-0.0091,-0.0965,21547746000.0,18051655364.0,11.33,0.1954,2,1,Tenaris S.A.,NYSE,Tenaris S.A.,NYSE
221,UMC,3639954539.0,1850114091.0,1789840448.0,-0.0508,0.10439999999999999,0.125,-0.0304,0.08,0.0951,6.0,7.0,7703476,57.23,53.59,46.91,0.56,12.49,1.46,1.52,0.04,2.48,24.97,Taiwan,0.1,0.059699999999999996,0.0,0.46,0.0855,0.0809,17845233488.0,17719338332.0,13.4,0.0788,2,1,United Microelectronics Corp.,NYSE,United Microelectronics Corp.,NYSE
222,PODD,953400000.0,-426500000.0,1379900000.0,-0.0254,-0.0241,0.406,0.134,0.14400000000000002,0.1661,8.0,251.59,606438,47.24,47.94,53.78,5.78,43.54,14.6,6.4,0.0168,8.54,59.7,United States,0.78,0.23,0.0,0.0,0.2053,0.2546,3087700000.0,17689252329.0,58.87,0.0236,3,1,Insulet Corp.,NASDAQ,Insulet Corp.,NASDAQ
223,HAL,1804000000.0,-6770000000.0,8574000000.0,-0.0242,-0.3951,0.204,0.15960000000000002,0.083,0.132,5.0,19.93,20487140,37.6,30.55,34.14,2.39,8.34,1.65,11.42,0.1496,0.76,6.68,United States,0.6,-0.09029999999999999,3.0,0.17,-0.0329,-0.056100000000000004,25179000000.0,17134119950.0,7.26,0.1225,2,1,Halliburton Company,NYSE,Halliburton Company,NYSE
224,MOH,9294000000.0,5528000000.0,3766000000.0,0.581,0.3195,0.255,0.2082,0.075,0.158,5.0,313.99,671381,46.05,50.54,49.18,20.72,15.4,4.01,-0.62,0.030299999999999997,0.41,32.96,United States,5.96,0.0875,0.0,0.0,0.131,0.13699999999999998,16386000000.0,17302537000.0,12.31,0.068,1,0,Molina Healthcare Inc,NYSE,Molina Healthcare Inc,NYSE
225,DECK,2240923000.0,1983894000.0,257029000.0,-0.061900000000000004,0.1176,0.41700000000000004,0.4157,0.273,0.30829999999999996,7.0,111.13,1705015,48.1,28.94,44.81,6.17,18.01,6.41,1.28,0.0602,3.43,16.62,United States,0.58,0.04190000000000001,0.0,0.0,0.1815,0.0638,3964353000.0,16866644620.0,16.86,0.0559,2,1,Deckers Outdoor Corp.,NASDAQ,Deckers Outdoor Corp.,NASDAQ
226,SFM,285663000.0,-1433292000.0,1718955000.0,0.0095,-0.0843,0.342,0.19640000000000002,0.124,0.1475,7.0,171.66,3025300,69.36,65.66,78.44,4.44,39.12,13.2,2.83,0.0286,2.11,34.99,United States,1.55,0.1677,0.0,0.0,0.13369999999999999,0.1413,3738258000.0,17007340294.0,35.45,0.0263,3,1,Sprouts Farmers Market Inc.,NASDAQ,Sprouts Farmers Market Inc.,NASDAQ
227,CSL,220200000.0,-1670300000.0,1890500000.0,-0.1743,-0.1016,0.486,0.32299999999999995,0.20600000000000002,0.2286,5.0,380.74,300947,65.31,52.14,55.28,27.01,14.13,7.59,1.13,0.0462,3.29,21.67,United States,3.42,-0.0064,49.0,1.0,0.0528,0.0554,5450900000.0,16440693360.0,16.44,0.0768,2,1,Carlisle Companies Inc.,NYSE,Carlisle Companies Inc.,NYSE
228,FDS,287019000.0,-1376122000.0,1663141000.0,-0.0241,-0.08380000000000001,0.276,0.1916,0.132,0.1563,7.0,432.91,223926,51.95,44.1,48.7,14.07,30.8,7.98,2.35,0.0344,7.28,29.06,United States,4.39,0.0453,10.0,1.04,0.0603,0.0556,4241442000.0,16416294931.0,24.46,0.033,3,1,Factset Research Systems Inc.,NYSE,Factset Research Systems Inc.,NYSE
229,PKG,787000000.0,-1984500000.0,2771500000.0,-0.1266,-0.12029999999999999,0.191,0.1412,0.091,0.1161,2.0,183.37,719156,42.01,34.05,49.36,8.93,20.53,3.74,2.31,0.0316,1.97,31.62,United States,2.21,0.0707,0.0,1.25,0.0699,0.0765,8833200000.0,16490115697.0,16.6,0.048799999999999996,2,1,Packaging Corporation Of America,NYSE,Packaging Corporation Of America,NYSE
230,SNA,2055300000.0,781400000.0,1273900000.0,0.0154,0.0479,0.188,0.1935,0.129,0.15039999999999998,6.0,311.71,334980,45.42,43.52,54.56,19.1,16.32,2.95,2.31,0.0666,3.22,15.03,United States,4.82,0.023700000000000002,10.0,2.14,-0.0723,-0.047599999999999996,8069000000.0,16299627610.0,15.32,0.0626,2,1,Snap-On Inc.,NYSE,Snap-On Inc.,NYSE
231,GPC,420447000.0,-5681835000.0,6102282000.0,0.23399999999999999,-0.3502,0.18899999999999997,0.1115,0.043,0.0874,6.0,117.27,844084,51.16,42.92,41.39,6.09,19.35,3.65,1.37,0.0241,0.69,41.55,United States,1.68,0.008,69.0,1.03,0.0351,0.029300000000000003,19817205000.0,16223163100.0,14.22,0.0524,2,1,Genuine Parts Company,NYSE,Genuine Parts Company,NYSE
232,NWS,1751000000.0,-1088000000.0,2839000000.0,-0.3129,-0.0673,0.051,0.057699999999999994,0.025,0.0447,8.0,31.33,413952,58.09,53.43,62.95,0.75,41.77,1.98,1.52,0.046,1.65,21.72,United States,0.13,-0.1746,0.0,0.1,-0.12279999999999999,-0.15810000000000002,16161000000.0,16157175103.0,32.2,0.0256,3,1,News Corp Class B,NASDAQ,News Corp Class B,NASDAQ
233,HRL,866414000.0,-1990979000.0,2857393000.0,-0.1371,-0.1232,0.095,0.087,0.055999999999999994,0.069,6.0,29.37,2390496,43.3,43.81,38.69,1.37,21.44,2.01,3.17,0.055099999999999996,1.36,18.14,United States,0.35,0.011399999999999999,59.0,0.29,0.0268,-0.0106,13403483000.0,16161943070.0,17.33,0.046799999999999994,2,1,Hormel Foods Corp.,NYSE,Hormel Foods Corp.,NYSE
234,JBL,1592000000.0,-1701000000.0,3293000000.0,0.0126,-0.1061,0.278,0.1832,0.027999999999999997,0.1247,4.0,147.9,966550,60.37,53.34,61.73,4.31,34.57,11.81,0.91,0.0824,0.58,12.14,United States,2.25,-0.0037,0.0,0.08,-0.0226,-0.0436,17396000000.0,16037343000.0,15.36,0.0302,2,1,Jabil Circuit,NYSE,Jabil Circuit,NYSE
235,FFIV,1150907000.0,908035000.0,242872000.0,0.0335,0.0588,0.193,0.1693,0.107,0.1637,6.0,265.77,646597,52.99,53.91,66.67,10.06,26.64,4.77,1.35,0.0518,5.35,19.3,United States,3.1,0.055099999999999996,0.0,0.0,0.0898,0.08380000000000001,5900641000.0,15449951616.0,17.76,0.0385,3,1,F5 Networks,NASDAQ,F5 Networks,NASDAQ
236,RS,318100000.0,-1100000000.0,1418100000.0,0.0296,-0.0716,0.11599999999999999,0.13369999999999999,0.084,0.10339999999999999,5.0,290.41,106073,58.74,51.61,54.12,15.56,18.7,2.13,1.2,0.0654,1.11,15.3,United States,3.66,-0.0562,10.0,1.2,0.056799999999999996,0.046,10021800000.0,15355263370.0,15.57,0.057,2,1,Reliance Steel & Aluminum Company,NYSE,Reliance Steel & Aluminum Company,NYSE
237,NWSA,1751000000.0,-1088000000.0,2839000000.0,-0.3129,-0.0674,0.051,0.057699999999999994,0.025,0.0447,8.0,27.09,3019442,55.32,48.74,56.93,0.72,37.63,1.98,1.32,0.0461,1.65,21.71,United States,0.13,-0.1746,0.0,0.1,-0.12279999999999999,-0.15810000000000002,16161000000.0,16153174126.0,27.84,0.0256,3,1,News Corp Class A,NASDAQ,News Corp Class A,NASDAQ
238,EXPD,1148320000.0,579383000.0,568937000.0,0.0781,0.0382,0.36200000000000004,0.4067,0.16899999999999998,0.2764,4.0,109.86,1108447,48.89,43.9,46.13,5.72,19.22,6.82,3.88,0.045,1.43,22.22,United States,1.28,0.1328,30.0,0.73,0.0155,0.1841,4754458000.0,15171867195.0,19.36,0.053399999999999996,2,1,Expeditors International Of Washington,NASDAQ,Expeditors International Of Washington,NASDAQ
239,DKS,1689940000.0,-2797820000.0,4487760000.0,0.0525,-0.18780000000000002,0.39299999999999996,0.21309999999999998,0.115,0.1471,5.0,187.51,937509,47.1,39.62,51.49,14.05,13.31,4.66,2.5,0.0342,1.11,29.25,United States,3.22,0.0338,2.0,1.21,0.0429,-0.015,10458694000.0,14895549939.0,12.89,0.0782,2,1,Dick's Sporting Goods Inc,NYSE,Dick's Sporting Goods Inc,NYSE
240,TRMB,738800000.0,-775200000.0,1514000000.0,-0.5252,-0.052000000000000005,0.27899999999999997,0.2723,0.157,0.047599999999999996,6.0,62.61,1130576,52.78,44.27,51.1,6.09,10.28,2.6,2.2,0.0334,4.05,29.97,United States,0.58,-0.14980000000000002,0.0,0.0,-0.0506,-0.1328,9488300000.0,14920980820.0,21.36,0.1008,2,1,Trimble Navigation Limited,NASDAQ,Trimble Navigation Limited,NASDAQ
241,PNR,140600000.0,-1695100000.0,1835700000.0,-0.1193,-0.11349999999999999,0.183,0.1422,0.099,0.1306,6.0,90.77,987299,60.03,48.09,56.61,3.87,23.45,4.11,1.58,0.0512,3.66,19.54,United Kingdom,1.01,-0.0276,48.0,0.25,0.0216,0.023399999999999997,6747200000.0,14929179980.0,18.23,0.0433,2,1,Pentair,NYSE,Pentair,NYSE
242,FIX,204758000.0,-73448000.0,278206000.0,-0.07139999999999999,-0.005,0.364,0.3513,0.133,0.3173,8.0,421.35,638570,68.01,54.26,63.73,16.66,25.29,8.3,2.06,0.0347,2.02,28.82,United States,3.71,0.1516,10.0,0.45,0.11460000000000001,0.1009,4569218000.0,14753332352.0,22.81,0.0404,2,1,Comfort Systems USA,NYSE,Comfort Systems USA,NYSE
243,FMS,1820998164.0,-13191030671.0,15012028835.0,-0.0787,-0.895,0.038,0.044199999999999996,0.016,0.028399999999999998,6.0,25.05,296567,55.86,61.75,55.74,0.95,26.32,0.9,0.87,0.13019999999999998,0.73,7.68,Germany,0.46,0.0951,1.0,0.63,0.0318,0.012199999999999999,37873261145.0,14738160306.0,12.0,0.038,1,0,Fresenius Medical Care Corp.,NYSE,Fresenius Medical Care Corp.,NYSE
244,OMC,3378300000.0,-3549700000.0,6928000000.0,-0.022799999999999997,-0.24109999999999998,0.359,0.1672,0.051,0.1431,6.0,75.77,3328191,48.77,35.31,40.55,7.32,10.3,3.37,1.41,0.09630000000000001,0.94,10.38,United States,1.66,0.0245,0.0,0.7,0.0341,0.037200000000000004,28113700000.0,14725851775.0,8.86,0.0984,2,1,Omnicom Group Inc.,NYSE,Omnicom Group Inc.,NYSE
245,RCI,1933963796.0,-33679835180.0,35613798976.0,0.0716,-2.4188,0.16399999999999998,0.0783,0.025,0.0579,6.0,25.41,969048,46.52,27.11,29.73,2.24,11.34,1.82,0.39,0.0983,0.97,10.18,Canada,0.71,-0.0347,0.0,0.35,0.0433,0.038900000000000004,52766903240.0,13924408799.0,4.68,0.0877,1,0,Rogers Communication,NYSE,Rogers Communication,NYSE
246,BIP,2740000000.0,-51134000000.0,53874000000.0,0.1065,-3.6797000000000004,0.008,0.0432,0.001,0.0492,7.0,30.11,424670,57.93,46.91,46.38,0.04,752.75,2.43,1.18,0.0207,0.66,48.42,Bermuda,0.18,-0.6144,5.0,0.43,-0.3072,-0.6098,104590000000.0,13896126320.0,34.72,0.0040999999999999995,3,1,Brookfield Infrastructure Partners Lp,NYSE,Brookfield Infrastructure Partners Lp,NYSE
247,RL,2143200000.0,-521400000.0,2664600000.0,-0.026699999999999998,-0.037200000000000004,0.28800000000000003,0.1946,0.10400000000000001,0.1331,7.0,224.51,725870,55.95,50.4,61.21,10.98,20.84,5.52,1.72,0.0755,2.02,13.24,United States,2.04,0.045899999999999996,4.0,0.83,0.09119999999999999,0.0785,7080900000.0,14004417656.0,16.79,0.050300000000000004,2,1,Ralph Lauren Corp.,NYSE,Ralph Lauren Corp.,NYSE
248,RPM,241895000.0,-2152205000.0,2394100000.0,-0.0313,-0.1559,0.244,0.1637,0.09699999999999999,0.13849999999999998,6.0,107.6,761908,49.69,35.45,48.53,4.99,21.56,5.16,1.85,0.0409,1.89,24.43,United States,0.49,-0.0151,52.0,0.51,0.0054,-0.0006,6619575000.0,13809325190.0,18.9,0.0466,2,1,Rpm,NYSE,Rpm,NYSE
249,SBS,585146543.0,-2857928130.0,3443074673.0,0.475,-0.2089,0.12300000000000001,0.5422,0.059000000000000004,0.0947,4.0,20.02,1008938,67.62,69.44,68.83,2.27,8.82,2.6,2.55,0.0091,2.34,109.49,Brazil,0.36,-0.2611,0.0,0.57,-0.2321,0.1673,10833604801.0,13683870200.0,16.95,0.0529,2,1,Cia De Saneamento Basico Do Estado,NYSE,Cia De Saneamento Basico Do Estado,NYSE
250,GGG,536138000.0,493691000.0,42447000.0,0.0836,0.036000000000000004,0.195,0.22949999999999998,0.163,0.18739999999999998,4.0,81.77,687226,54.76,46.74,50.71,2.83,29.07,5.53,2.62,0.0408,6.37,24.51,United States,0.68,0.0723,10.0,0.28,0.0713,0.060700000000000004,3008314000.0,13695713685.0,26.54,0.0356,3,1,Graco Inc.,NYSE,Graco Inc.,NYSE
251,FLEX,2313000000.0,-1841000000.0,4154000000.0,0.0554,-0.13470000000000001,0.19899999999999998,0.127,0.055999999999999994,0.08900000000000001,7.0,35.37,3973527,58.14,49.22,61.74,2.46,14.43,2.74,0.97,0.09939999999999999,0.57,10.06,United States,0.66,-0.0031,1.0,8.26,-0.009899999999999999,0.0313,18272000000.0,13665284010.0,12.42,0.07400000000000001,1,0,Flextronics International Ltd,NASDAQ,Flextronics International Ltd,NASDAQ
252,ACM,1580656000.0,-1429915000.0,3010571000.0,0.1048,-0.1075,0.214,0.14400000000000002,0.04,0.1244,7.0,100.25,915672,63.55,50.47,55.61,3.51,28.56,6.04,1.03,0.055099999999999996,0.82,18.16,United States,1.2,0.059800000000000006,3.0,0.26,0.0663,0.0688,11818827000.0,13302172500.0,19.75,0.035699999999999996,3,1,Aecom Technology Corp.,NYSE,Aecom Technology Corp.,NYSE
253,CW,385042000.0,-812082000.0,1197124000.0,0.0241,-0.0611,0.166,0.1457,0.084,0.1124,6.0,352.02,251889,66.77,55.2,69.75,10.55,33.44,5.43,2.71,0.0366,4.26,27.32,United States,2.46,0.0759,10.0,0.21,0.10890000000000001,0.10880000000000001,4985704000.0,13291389504.0,27.79,0.0305,3,1,Curtiss-Wright Corp.,NYSE,Curtiss-Wright Corp.,NYSE
254,AVY,329100000.0,-2823100000.0,3152200000.0,-0.028399999999999998,-0.21050000000000002,0.307,0.1932,0.084,0.1509,7.0,169.63,619535,46.24,31.33,38.64,8.69,19.57,5.8,2.08,0.052199999999999996,1.53,19.17,United States,2.31,-0.0005,10.0,0.94,0.0268,0.0146,8404200000.0,13409216460.0,16.46,0.0526,2,1,Avery Dennison Corp.,NYSE,Avery Dennison Corp.,NYSE
255,IEX,620800000.0,-1339400000.0,1960200000.0,0.47859999999999997,-0.1017,0.136,0.1119,0.079,0.0934,5.0,175.53,914967,52.87,36.97,40.24,6.64,26.25,3.47,1.63,0.0458,4.03,21.84,United States,1.63,0.0083,10.0,0.69,0.0542,0.0191,6745300000.0,13168847512.0,21.01,0.0383,3,1,Idex Corp.,NYSE,Idex Corp.,NYSE
256,UTHR,3321300000.0,3121300000.0,200000000.0,-0.6667000000000001,0.2365,0.193,0.2278,0.16699999999999998,0.1551,7.0,293.85,427108,46.34,38.28,51.66,25.08,11.72,1.94,1.43,0.0855,4.41,11.69,United States,6.53,0.07690000000000001,0.0,0.0,0.11449999999999999,0.1108,7743900000.0,13197449970.0,10.55,0.0917,2,1,United Therapeutics Corp.,NASDAQ,United Therapeutics Corp.,NASDAQ
257,CF,1614000000.0,-1632000000.0,3246000000.0,0.0043,-0.12359999999999999,0.231,0.1284,0.08900000000000001,0.17149999999999999,4.0,79.61,3026279,62.43,49.3,50.15,6.74,11.73,2.65,0.68,0.1332,2.22,7.51,United States,1.5,0.0408,3.0,0.5,0.066,0.0667,13466000000.0,13199168430.0,12.81,0.09230000000000001,1,0,Cf Industries Holdings,NYSE,Cf Industries Holdings,NYSE
258,ALGN,1043887000.0,955673000.0,88214000.0,-0.09029999999999999,0.0739,0.11,0.1458,0.068,0.1067,4.0,176.74,2693312,54.98,40.85,40.13,5.62,31.45,3.36,1.06,0.0481,3.24,20.78,United States,1.99,-0.0216,0.0,0.0,0.0453,0.0462,6214600000.0,12939188422.0,16.87,0.0326,3,1,Align Technology,NASDAQ,Align Technology,NASDAQ
259,JBHT,43407000.0,-1536059000.0,1579466000.0,0.1558,-0.1202,0.141,0.12890000000000001,0.067,0.1134,6.0,129.99,1770441,40.91,24.35,34.53,5.51,23.37,3.3,1.71,0.0538,1.06,18.58,United States,1.14,-0.0149,10.0,0.44,0.0178,0.0206,8255673000.0,12776760453.0,19.09,0.043899999999999995,2,1,J.B. Hunt Transport Services,NASDAQ,J.B. Hunt Transport Services,NASDAQ
260,HOLX,1972700000.0,-567700000.0,2540400000.0,-0.0146,-0.044199999999999996,0.151,0.1356,0.084,0.1009,7.0,57.28,2511460,39.75,24.71,32.06,3.16,18.13,2.69,1.27,0.0872,3.18,11.47,United States,1.02,-0.0177,0.0,0.0,0.0334,0.0022,8728700000.0,12853059200.0,12.94,0.0579,2,1,Hologic,NASDAQ,Hologic,NASDAQ
261,BLDR,153624000.0,-4179201000.0,4332825000.0,0.1668,-0.3271,0.239,0.1812,0.099,0.1436,4.0,111.93,3460645,37.47,28.67,44.09,9.06,12.42,2.97,0.81,0.11789999999999999,0.78,8.48,United States,1.37,-0.061900000000000004,0.0,0.0,0.0401,-0.04019999999999999,10583086000.0,12776751190.0,11.61,0.08439999999999999,1,0,Builders Firstsource,NASDAQ,Builders Firstsource,NASDAQ
262,JKHY,25653000.0,-124347000.0,150000000.0,-0.4118,-0.0098,0.215,0.2248,0.141,0.18460000000000001,5.0,174.36,878761,51.44,49.93,51.82,5.54,31.46,6.42,2.7,0.024,5.58,41.73,United States,1.34,0.0877,35.0,0.58,0.09179999999999999,0.1118,2911770000.0,12690031616.0,28.18,0.0319,3,1,Jack Henry & Associates,NASDAQ,Jack Henry & Associates,NASDAQ
263,ZBRA,879000000.0,-1446000000.0,2325000000.0,0.038900000000000004,-0.113,0.158,0.1206,0.071,0.1091,7.0,249.64,507722,49.97,33.48,40.07,10.57,23.86,3.53,0.93,0.0783,2.5,12.78,United States,3.62,0.09789999999999999,0.0,0.0,0.0759,0.07400000000000001,7899000000.0,12790939330.0,15.84,0.0429,1,0,Zebra Technologies Corporation,NASDAQ,Zebra Technologies Corporation,NASDAQ
264,TXT,1245000000.0,-2489000000.0,3734000000.0,0.0617,-0.1962,0.11699999999999999,0.08380000000000001,0.05,0.0839,4.0,70.27,1043359,56.09,42.26,42.54,4.43,15.86,1.74,0.83,0.0429,0.91,23.32,United States,1.12,0.0335,0.0,0.02,0.0785,0.0369,16942000000.0,12686475530.0,11.03,0.0654,1,0,Textron Inc.,NYSE,Textron Inc.,NYSE
265,ACI,293600000.0,-13889200000.0,14182800000.0,-0.004,-1.0973,0.302,0.0815,0.036000000000000004,0.0747,6.0,22.02,4684485,53.99,63.44,55.89,1.64,13.4,3.74,7.12,0.0617,0.16,16.21,United States,0.4,0.0245,0.0,0.15,0.046900000000000004,0.0345,26755700000.0,12657863750.0,9.72,0.0757,2,1,Arch Coal,NYSE,Arch Coal,NYSE
266,OC,361000000.0,-5255000000.0,5616000000.0,0.7159,-0.4204,0.121,0.09630000000000001,0.047,0.0799,5.0,145.67,466871,54.79,39.33,48.8,7.37,20.09,2.46,0.82,0.09960000000000001,1.14,10.04,United States,2.91,0.0913,6.0,0.69,-0.009300000000000001,0.1265,14075000000.0,12500903284.0,9.58,0.0518,1,0,Owens Corning Inc,NYSE,Owens Corning Inc,NYSE
267,FTI,1186800000.0,-664900000.0,1851700000.0,-0.035699999999999996,-0.0547,0.267,0.218,0.085,0.1873,7.0,29.03,3829934,57.56,51.41,61.65,1.89,15.36,3.96,3.02,0.1018,1.31,9.83,United States,0.37,0.10189999999999999,2.0,0.05,0.0916,0.0913,9971800000.0,12166025580.0,13.4,0.068,2,1,Fmc Technologies,NYSE,Fmc Technologies,NYSE
268,JNPR,1384600000.0,-366000000.0,1750600000.0,0.029900000000000003,-0.0301,0.063,0.0392,0.03,0.0446,6.0,36.35,2340751,62.94,49.63,55.0,0.86,42.27,2.54,1.19,0.0554,2.39,18.07,United States,0.43,0.11410000000000001,0.0,0.22,0.0931,0.1394,10008000000.0,12150968950.0,16.73,0.023700000000000002,3,1,Juniper Networks,NYSE,Juniper Networks,NYSE
269,INCY,2410323000.0,2373202000.0,37121000.0,0.1383,0.19640000000000002,0.006,0.0787,0.004,0.0032,5.0,62.03,2399974,55.53,43.13,45.63,0.25,249.84,3.3,0.38,0.025,2.74,39.92,United States,1.03,0.13,0.0,0.0,0.12279999999999999,0.12480000000000001,5749365000.0,12084606180.0,10.31,0.0018,2,1,Incyte Corp.,NASDAQ,Incyte Corp.,NASDAQ
270,ENTG,329213000.0,-3724051000.0,4053264000.0,-0.1276,-0.30820000000000003,0.08199999999999999,0.0682,0.035,0.0629,7.0,79.0,2140873,51.15,37.72,37.55,1.93,41.21,3.27,1.58,0.0262,3.73,38.22,United States,0.76,0.0384,0.0,0.1,0.07400000000000001,0.045899999999999996,8394620000.0,12082981850.0,23.77,0.0242,3,1,Entegris,NASDAQ,Entegris,NASDAQ
271,TER,599666000.0,523045000.0,76621000.0,-0.0725,0.0435,0.19699999999999998,0.1963,0.149,0.1848,6.0,73.74,3040585,41.8,30.5,38.39,3.32,22.55,4.27,1.36,0.0394,4.27,25.39,United States,0.62,0.13449999999999998,1.0,0.12,0.0774,-0.11,3708714000.0,12035937555.0,18.06,0.0451,2,1,Teradyne,NYSE,Teradyne,NYSE
272,AKAM,1596583000.0,-3038022000.0,4634605000.0,0.0217,-0.2554,0.106,0.0742,0.05,0.0482,5.0,81.11,1159377,58.28,43.75,40.08,3.27,24.85,2.44,1.11,0.0701,2.98,14.27,United States,1.57,0.0233,0.0,0.0,0.0518,0.045599999999999995,10368785000.0,11896683300.0,12.73,0.0424,2,1,Akamai Technologies,NASDAQ,Akamai Technologies,NASDAQ
273,CLH,595312000.0,-2439924000.0,3035236000.0,0.0105,-0.20579999999999998,0.155,0.10439999999999999,0.054000000000000006,0.0894,6.0,217.38,569271,65.88,49.56,56.96,7.22,30.28,4.61,188.43,0.0301,1.99,33.18,United States,1.07,0.053,0.0,0.0,0.0584,0.0382,7246387000.0,11853500987.0,27.22,0.033,3,1,Clean Harbors,NYSE,Clean Harbors,NYSE
274,PAA,348000000.0,-7586000000.0,7934000000.0,-0.0113,-0.6451,0.051,0.0633,0.019,0.0546,7.0,16.71,5336381,36.17,41.29,50.48,0.73,22.89,1.2,2.27,0.1573,0.23,6.36,United States,0.43,0.10710000000000001,3.0,0.38,0.1295,0.2147,26562000000.0,11760096960.0,10.56,0.0437,2,1,Plains All American Pipeline L.P.,NYSE,Plains All American Pipeline L.P.,NYSE
275,LAMR,49461000.0,-4508532000.0,4557993000.0,-0.0183,-0.3804,0.312,0.0926,0.055,0.09369999999999999,6.0,114.11,950940,54.63,44.48,50.54,3.52,32.66,11.32,7.43,0.06309999999999999,5.37,15.84,United States,1.25,0.0232,1.0,1.55,0.0406,0.0429,6586549000.0,11850856006.0,18.87,0.0305,3,1,Lamar Advertising Company,NASDAQ,Lamar Advertising Company,NASDAQ
276,TAP.A,458400000.0,-5759300000.0,6217700000.0,-0.056600000000000004,-0.4939,0.08199999999999999,0.07339999999999999,0.040999999999999995,0.0632,6.0,59.24,0,41.19,48.11,47.33,5.35,11.07,0.89,23.57,0.1204,0.98,8.3,United States,0.81,-0.0755,4.0,0.47,0.0091,-0.0591,26072300000.0,11660246521.0,9.24,0.09300000000000001,1,0,Molson Coors Brewing Company,NYSE,Molson Coors Brewing Company,NYSE
277,RDY,961947678.0,725563825.0,236383853.0,-0.0942,0.06309999999999999,0.218,-0.0095,0.157,0.1746,4.0,13.83,1454490,57.68,48.67,50.14,0.8,17.18,3.47,4.51,0.0196,3.44,51.12,India,0.2,0.0194,0.0,0.1,0.17739999999999997,0.2116,4575574327.0,11505290806.0,15.97,0.0581,2,1,Dr. Reddy's Laboratories Ltd,NYSE,Dr. Reddy's Laboratories Ltd,NYSE
278,TAP,969300000.0,-5176800000.0,6146100000.0,-0.0125,-0.4473,0.085,0.076,0.042,0.0696,6.0,57.25,1701192,41.1,47.2,49.62,5.35,10.7,0.88,22.6,0.10890000000000001,1.0,9.18,United States,0.81,-0.0755,4.0,0.47,0.0091,-0.0591,26064300000.0,11572387536.0,8.92,0.09699999999999999,1,0,Molson Coors Brewing Company,NYSE,Molson Coors Brewing Company,NYSE
279,CAG,49400000.0,-8095700000.0,8145100000.0,-0.0613,-0.6962999999999999,0.038,0.0414,0.016,0.0398,6.0,24.18,4385474,38.63,36.47,35.24,0.67,36.36,1.32,0.34,0.12480000000000001,0.99,8.01,United States,0.53,-0.043899999999999995,5.0,0.35,-0.0192,-0.0333,20744500000.0,11626151510.0,9.92,0.028300000000000002,2,1,Conagra Foods,NYSE,Conagra Foods,NYSE
280,UHS,125983000.0,-4829446000.0,4955429000.0,-0.0766,-0.4242,0.17600000000000002,0.13570000000000002,0.08,0.1119,7.0,174.63,608152,51.53,44.64,50.86,16.82,10.38,1.71,1.87,0.0987,0.72,10.13,United States,4.34,0.0819,0.0,0.2,0.0955,0.09449999999999999,14469749000.0,11384147687.0,9.36,0.1003,2,1,Universal Health Services,NYSE,Universal Health Services,NYSE
281,WWD,283726000.0,-618448000.0,902174000.0,0.255,-0.054000000000000006,0.16699999999999998,0.147,0.085,0.1303,5.0,190.8,656938,62.86,56.58,64.98,5.97,32.23,5.19,2.0,0.0298,3.46,33.58,United States,1.46,-0.0004,4.0,0.28,0.0345,0.0446,4281382000.0,11452899106.0,28.37,0.0323,3,1,Woodward,NASDAQ,Woodward,NASDAQ
282,H,1384000000.0,-2676000000.0,4060000000.0,0.2047,-0.2346,0.35100000000000003,0.1734,0.10400000000000001,0.0408,2.0,118.68,1562789,54.71,35.19,44.59,12.65,9.42,3.22,0.79,0.0406,1.72,24.63,United States,0.32,-1.0,2.0,0.15,1.1353,0.9013,13324000000.0,11404807510.0,39.9,0.11359999999999999,1,0,Hyatt Hotels Corp.,NYSE,Hyatt Hotels Corp.,NYSE
283,ITT,439300000.0,-220900000.0,660200000.0,2.4137,-0.0196,0.19399999999999998,0.20149999999999998,0.11199999999999999,0.1477,6.0,137.97,1356244,59.98,49.56,56.46,6.3,22.06,4.07,2.2,0.0391,3.1,25.57,United States,1.44,-0.0034000000000000002,10.0,0.35,0.0464,0.0062,4710700000.0,11257050555.0,21.45,0.046,2,1,Itt Industries,NYSE,Itt Industries,NYSE
284,SN,363669000.0,-557191000.0,920860000.0,0.0674,-0.049699999999999994,0.252,0.22210000000000002,0.11,0.1728,8.0,79.92,1580879,50.14,39.83,57.9,3.11,25.7,5.79,1.77,0.0264,2.03,37.91,United States,0.73,0.09759999999999999,1.0,1.08,0.1618,0.1283,4394159000.0,11201129186.0,15.86,0.0392,2,1,Sanchez Energy Corporation,NYSE,Sanchez Energy Corporation,NYSE
285,POOL,71644000.0,-1275434000.0,1347078000.0,0.040999999999999995,-0.11410000000000001,0.305,0.2107,0.11599999999999999,0.1722,4.0,296.35,577753,42.51,34.74,41.45,10.68,27.45,9.02,1.81,0.0434,2.12,23.04,United States,1.48,-0.0187,10.0,1.2,0.0296,0.0301,3712449000.0,11177788570.0,24.71,0.0366,3,1,Pool Corp.,NASDAQ,Pool Corp.,NASDAQ
286,PPC,2053378000.0,-1349537000.0,3402915000.0,-0.04,-0.1225,0.278,0.1942,0.105,0.1517,6.0,46.72,4390363,32.35,46.01,59.47,4.57,10.16,2.6,0.49,0.1389,0.62,7.2,United States,1.34,0.0385,1.0,6.3,0.0241,0.0507,10650576000.0,11013596800.0,8.93,0.0986,1,0,Pilgrim's Pride Corp.,NASDAQ,Pilgrim's Pride Corp.,NASDAQ
287,TXRH,245225000.0,-609247000.0,854472000.0,0.1084,-0.0548,0.33799999999999997,0.2146,0.147,0.19699999999999998,7.0,166.71,820179,51.91,44.3,57.66,6.47,25.9,8.18,1.95,0.0361,2.07,27.73,United States,1.8,0.0901,4.0,0.68,0.1056,0.1149,3190779000.0,11111411560.0,23.73,0.039,2,1,Texas Roadhouse,NASDAQ,Texas Roadhouse,NASDAQ
288,CCK,918000000.0,-5500000000.0,6418000000.0,-0.16579999999999998,-0.486,0.165,0.102,0.028999999999999998,0.10800000000000001,7.0,96.11,1658045,68.27,62.74,56.02,3.55,27.25,4.11,0.76,0.0722,0.96,13.85,United States,1.23,0.0129,4.0,0.26,0.024300000000000002,0.0207,13848000000.0,11317436640.0,13.72,0.0375,2,1,Crown Cork & Seal Company,NYSE,Crown Cork & Seal Company,NYSE
289,SCI,218766000.0,-4616532000.0,4835298000.0,0.026099999999999998,-0.4163,0.322,0.055999999999999994,0.03,0.11,5.0,76.45,2877939,43.62,44.88,53.04,3.53,21.76,6.61,1.7,0.0501,2.65,19.95,United States,0.91,0.0144,10.0,0.32,0.0331,0.0245,17379438000.0,11089628160.0,19.81,0.046799999999999994,2,1,Service Corporation International,NYSE,Service Corporation International,NYSE
290,NDSN,130424000.0,-2164770000.0,2295194000.0,0.3071,-0.1999,0.158,0.12210000000000001,0.081,0.1017,6.0,191.4,435480,51.24,36.85,39.21,7.86,24.35,3.76,1.57,0.0429,4.05,23.28,United States,2.36,0.034300000000000004,62.0,0.78,0.0472,0.0297,5871526000.0,10828020042.0,18.62,0.0418,2,1,Nordson Corp.,NASDAQ,Nordson Corp.,NASDAQ
291,MANH,266230000.0,218436000.0,47794000.0,1.7011,0.020099999999999996,0.826,0.7469,0.312,0.6171,5.0,178.83,524563,58.99,38.26,43.17,3.5,51.22,36.41,3.14,0.0263,10.37,38.04,United States,1.02,0.009300000000000001,0.0,0.0,0.039,0.018600000000000002,757551000.0,10891663850.0,37.6,0.02,3,1,Manhattan Associates,NASDAQ,Manhattan Associates,NASDAQ
292,DVA,930889000.0,-11135947000.0,12066836000.0,0.0855,-1.0268000000000002,1.8119999999999998,0.11779999999999999,0.054000000000000006,0.1304,7.0,140.44,643176,43.2,42.34,52.82,10.73,13.18,89.54,1.94,0.1352,0.85,7.39,United States,2.08,0.048499999999999995,0.0,0.0,0.0565,0.054900000000000004,17285268000.0,10845027314.0,12.99,0.0863,2,1,Davita Inc.,NYSE,Davita Inc.,NYSE
293,EXEL,1111276000.0,920453000.0,190823000.0,0.0046,0.086,0.23800000000000002,0.26789999999999997,0.182,0.18989999999999999,7.0,38.89,2460922,64.13,63.69,70.79,1.76,22.06,4.77,2.27,0.06269999999999999,4.94,15.94,United States,0.38,0.1698,0.0,0.0,0.057800000000000004,0.1787,2947690000.0,10706438400.0,18.67,0.0487,2,1,Exelixis,NASDAQ,Exelixis,NASDAQ
294,CHRW,145762000.0,-1629167000.0,1774929000.0,-0.1208,-0.1532,0.29600000000000004,0.22510000000000002,0.085,0.15380000000000002,7.0,90.35,1956041,43.65,38.19,46.61,3.86,23.34,6.17,1.83,0.0409,0.6,24.46,United States,1.05,-0.0345,27.0,0.62,0.0079,0.0126,5297926000.0,10633336380.0,17.66,0.0438,2,1,C.H. Robinson Worldwide,NASDAQ,C.H. Robinson Worldwide,NASDAQ
295,NBIX,1076100000.0,621000000.0,455100000.0,0.0623,0.0581,0.134,0.1514,0.09699999999999999,0.1316,6.0,106.69,1006824,55.79,42.54,44.22,3.29,32.74,4.13,0.27,0.0521,4.54,19.19,United States,1.25,0.1393,0.0,0.0,0.1536,0.1437,3718700000.0,10691756583.0,26.41,0.0319,2,1,Neurocrine Biosciences,NASDAQ,Neurocrine Biosciences,NASDAQ
296,BG,3311000000.0,-3808000000.0,7119000000.0,0.2368,-0.3617,0.11199999999999999,0.11130000000000001,0.045,0.0733,5.0,78.48,1424614,54.07,47.26,40.71,7.99,9.83,1.06,1.71,0.049800000000000004,0.2,20.09,United States,1.3,-0.0177,4.0,0.68,0.0701,0.0066,24899000000.0,10527205361.0,9.67,0.10800000000000001,2,1,Bunge Limited,NYSE,Bunge Limited,NYSE
297,CART,1521000000.0,1495000000.0,26000000.0,-0.35,0.1431,0.14800000000000002,0.1691,0.111,0.13019999999999998,6.0,39.8,8737490,44.67,46.11,56.17,1.58,25.19,3.38,0.71,0.0596,3.09,16.77,United States,0.38,0.0951,0.0,0.0,0.1107,0.11710000000000001,4115000000.0,10448182570.0,24.09,0.0429,1,0,Carolina Trust Bank,NASDAQ,Carolina Trust Bank,NASDAQ
298,PAG,72400000.0,-8196200000.0,8268600000.0,0.0688,-0.7898000000000001,0.182,0.1478,0.055,0.0727,3.0,156.35,218923,54.38,49.11,52.3,13.74,11.32,1.99,1.91,0.08070000000000001,0.34,12.39,United States,3.28,0.0365,4.0,1.22,0.0338,0.043,16720900000.0,10377187184.0,11.23,0.0886,2,1,Penske Automotive Group,NYSE,Penske Automotive Group,NYSE
299,CACI,223897000.0,-3260188000.0,3484085000.0,0.7302,-0.3224,0.131,0.1007,0.061,0.08109999999999999,6.0,459.47,365735,75.34,59.41,58.51,21.18,21.7,2.73,3.38,0.0483,1.21,20.72,United States,5.6,0.09910000000000001,0.0,0.0,0.14550000000000002,0.1578,8580078000.0,10112477337.0,16.93,0.0471,2,1,Caci International,NYSE,Caci International,NYSE
300,CRS,151500000.0,-543600000.0,695100000.0,0.0017000000000000001,-0.0536,0.21100000000000002,0.16149999999999998,0.10800000000000001,0.1638,6.0,202.33,1347298,64.03,59.43,71.18,7.06,28.9,5.69,1.59,0.0225,3.47,44.38,United States,1.74,0.0649,0.0,0.2,0.0748,0.0199,3361800000.0,10141038996.0,24.32,0.0353,3,1,Carpenter Technology Corp.,NYSE,Carpenter Technology Corp.,NYSE
301,SWKS,1739200000.0,565500000.0,1173700000.0,-0.0092,0.056799999999999996,0.083,0.07769999999999999,0.064,0.0677,5.0,65.23,4277848,58.65,39.78,33.54,3.26,19.83,1.56,2.25,0.1258,2.46,7.95,United States,1.4,-0.1015,10.0,0.7,-0.0649,-0.0722,8331100000.0,9963946000.0,14.86,0.0529,2,1,Skyworks Solutions,NASDAQ,Skyworks Solutions,NASDAQ
302,KMX,806078000.0,-18415899000.0,19221977000.0,-0.0046,-1.844,0.081,0.0308,0.018000000000000002,0.0232,6.0,65.52,3454012,41.67,36.18,42.7,3.21,20.36,1.6,0.81,0.015700000000000002,0.38,63.68,United States,0.66,0.061,0.0,0.0,-0.0151,-0.0143,27404206000.0,9987060440.0,16.38,0.0501,1,0,Carmax Inc,NYSE,Carmax Inc,NYSE
303,DOX,349008000.0,-444783000.0,793791000.0,-0.0131,-0.0447,0.142,0.1304,0.078,0.12369999999999999,5.0,88.63,459597,60.24,54.47,53.71,4.32,20.52,2.87,1.15,0.0562,2.04,17.8,United States,1.7,-0.1011,10.0,0.53,-0.08810000000000001,-0.08900000000000001,6293741000.0,9941006690.0,12.69,0.0499,2,1,Amdocs Limited,NYSE,Amdocs Limited,NYSE
304,LECO,394705000.0,-865388000.0,1260093000.0,0.1379,-0.0868,0.34700000000000003,0.2391,0.13,0.1917,5.0,177.64,536366,44.73,41.93,46.72,8.11,22.14,7.44,1.4,0.0548,2.47,18.26,United States,2.23,-0.0013,10.0,0.75,0.0245,0.013999999999999999,3625074000.0,9975563396.0,18.32,0.0462,2,1,Lincoln Electric Holdings,NASDAQ,Lincoln Electric Holdings,NASDAQ
305,CLS,303000000.0,-638700000.0,941700000.0,0.1309,-0.061900000000000004,0.233,0.20829999999999999,0.07,0.1804,7.0,89.21,5511829,53.88,49.87,63.96,3.49,25.7,6.63,19.42,0.029900000000000003,1.02,33.43,Canada,1.12,0.1589,0.0,0.0,0.1294,0.1,5834900000.0,10323406800.0,18.05,0.04,2,1,Celestica,NYSE,Celestica,NYSE
306,ATR,226181000.0,-161820000.0,388001000.0,-0.22940000000000002,-0.0165,0.154,0.1528,0.083,0.1383,7.0,148.31,445287,52.79,46.85,54.52,5.53,26.82,3.96,4.66,0.0377,2.73,26.55,United States,1.15,-0.0184,10.0,0.45,0.0302,-0.0115,4432278000.0,9781453308.0,26.2,0.0383,3,1,Aptargroup,NYSE,Aptargroup,NYSE
307,MGA,1247000000.0,-5821000000.0,7068000000.0,-0.0215,-0.5882999999999999,0.086,0.08800000000000001,0.031,0.0616,7.0,35.01,2894194,57.93,39.82,37.6,3.52,9.97,0.86,0.38,0.15539999999999998,0.23,6.43,Canada,0.86,-0.113,7.0,0.49,-0.052300000000000006,-0.0925,31039000000.0,9894568320.0,6.58,0.102,0,0,Magna International,NYSE,Magna International,NYSE
308,SEIC,742161000.0,713831000.0,28330000.0,0.2232,0.073,0.264,0.33549999999999996,0.23,0.1984,7.0,78.31,584531,59.69,52.43,60.1,4.59,17.12,4.33,1.62,0.06269999999999999,4.52,15.95,United States,1.14,0.0759,34.0,0.49,0.051699999999999996,0.0852,2566042000.0,9778453850.0,15.69,0.061500000000000006,2,1,Sei Investments Company,NASDAQ,Sei Investments Company,NASDAQ
309,MOS,272800000.0,-3951900000.0,4224700000.0,0.1232,-0.40880000000000005,0.015,0.028999999999999998,0.008,0.0191,4.0,30.47,6221007,72.04,59.77,48.11,0.55,55.4,0.84,1.07,0.0049,0.87,203.92,United States,0.45,0.0116,0.0,0.22,0.114,0.011000000000000001,22924000000.0,9665998100.0,13.36,0.0181,2,1,Mosaic Company,NYSE,Mosaic Company,NYSE
310,AOS,200200000.0,-94800000.0,295000000.0,1.0192,-0.0098,0.276,0.2926,0.163,0.24309999999999998,3.0,67.38,1576563,59.74,46.0,45.01,3.59,18.82,5.23,1.71,0.04190000000000001,2.55,23.85,United States,0.91,-0.026099999999999998,32.0,0.34,0.0144,-0.0291,3267700000.0,9696823226.0,17.32,0.053899999999999997,2,1,Smith [A.O.] Corp.,NYSE,Smith [A.O.] Corp.,NYSE
311,CR,306700000.0,59700000.0,247000000.0,-0.006,0.0063,0.19399999999999998,0.1869,0.115,0.1523,5.0,164.09,445553,65.77,55.06,66.19,5.05,32.27,5.74,2.49,0.025099999999999997,4.42,39.86,United States,1.31,0.0739,0.0,0.23,0.09519999999999999,-0.0023,2641900000.0,9414279800.0,27.72,0.0313,3,1,Crane Company,NYSE,Crane Company,NYSE
312,IPG,1869000000.0,-2336800000.0,4205800000.0,-0.08960000000000001,-0.25329999999999997,0.132,0.1193,0.027999999999999997,0.0803,6.0,24.96,5448598,50.44,38.81,38.15,1.31,19.05,2.57,0.89,0.11349999999999999,0.88,8.81,United States,0.26,-0.20670000000000002,10.0,0.33,-0.026000000000000002,-0.0709,17125500000.0,9224888250.0,9.04,0.0535,1,0,Interpublic Group Of Companies,NYSE,Interpublic Group Of Companies,NYSE
313,QGEN,1152992000.0,-238556000.0,1391548000.0,-0.0783,-0.026000000000000002,0.024,0.0321,0.013999999999999999,0.013600000000000001,7.0,42.21,810596,56.24,51.61,47.1,0.38,111.63,2.57,0.98,0.0553,4.63,18.1,Netherlands,0.49,0.016200000000000003,2.0,1.32,0.0489,0.0393,5689622000.0,9164398980.0,17.89,0.0091,2,1,Qiagen N.V.,NASDAQ,Qiagen N.V.,NASDAQ
314,SWK,344800000.0,-6395000000.0,6739800000.0,-0.1406,-0.7021,0.042,0.0509,0.016,0.0746,8.0,58.94,4393865,37.15,25.54,35.31,2.42,24.36,1.03,1.37,0.084,0.6,11.91,United States,0.66,-0.0388,58.0,0.82,0.012,0.0059,22496200000.0,9108469720.0,10.21,0.0401,2,1,Stanley Black & Decker Inc,NYSE,Stanley Black & Decker Inc,NYSE
315,PAAS,887300000.0,84000000.0,803300000.0,0.0021,0.0097,0.024,0.0791,0.016,0.024300000000000002,6.0,24.03,4175962,41.27,52.26,56.61,0.31,77.5,1.85,7.59,0.04650000000000001,3.09,21.51,Canada,0.18,0.15960000000000002,0.0,0.1,0.0717,0.1482,7202700000.0,8702176140.0,26.39,0.0128,3,1,Pan American Silver,NASDAQ,Pan American Silver,NASDAQ
316,DSGX,236138000.0,228242000.0,7896000.0,0.1316,0.0254,0.10800000000000001,0.13470000000000001,0.09,0.09720000000000001,5.0,105.01,248600,54.71,48.1,60.2,1.64,64.03,6.5,2.42,0.0236,13.82,42.34,Canada,0.59,0.1233,0.0,0.0,0.11869999999999999,0.1613,1647384000.0,8998510820.0,53.45,0.0159,3,1,The Descartes Systems Group Inc.,NASDAQ,The Descartes Systems Group Inc.,NASDAQ
317,EPAM,1287957000.0,1124703000.0,163254000.0,-0.050499999999999996,0.1243,0.129,0.1487,0.102,0.1117,5.0,158.79,686011,46.96,33.6,39.17,7.84,20.41,2.49,1.45,0.0583,1.91,17.16,United States,2.59,0.0901,0.0,0.0,0.1381,0.1223,4750473000.0,9045437240.0,14.74,0.050300000000000004,2,1,Epam Systems Inc.,NYSE,Epam Systems Inc.,NYSE
318,HII,831000000.0,-2577000000.0,3408000000.0,0.275,-0.28859999999999997,0.128,0.08070000000000001,0.048,0.0567,4.0,227.48,1063252,66.52,58.08,50.42,13.96,16.26,1.91,0.99,0.0045000000000000005,0.77,223.27,United States,2.81,-0.0053,10.0,1.35,0.045700000000000005,0.005,12141000000.0,8930807272.0,16.09,0.0616,1,0,Huntington Ingalls Industries,NYSE,Huntington Ingalls Industries,NYSE
319,EMN,418000000.0,-4603000000.0,5021000000.0,-0.0116,-0.523,0.161,0.10339999999999999,0.061,0.10339999999999999,7.0,76.22,1287931,40.35,31.56,40.05,7.85,9.71,1.5,1.9,0.0655,0.94,15.28,United States,1.89,0.0087,10.0,0.83,0.0253,0.033,14971000000.0,8800361200.0,8.67,0.1048,2,1,Eastman Chemical Company,NYSE,Eastman Chemical Company,NYSE
320,AIT,303441000.0,-268859000.0,572300000.0,-0.0414,-0.030699999999999998,0.22399999999999998,0.1981,0.13,0.1607,5.0,228.95,699457,48.89,46.64,57.61,9.88,23.04,4.89,2.21,0.0458,1.96,21.84,United States,2.41,0.0209,10.0,0.46,0.0305,0.0319,3044641000.0,8768829277.0,21.93,0.044000000000000004,2,1,Applied Industrial Technologies,NYSE,Applied Industrial Technologies,NYSE
321,G,671605000.0,-756094000.0,1427699000.0,-0.0388,-0.08710000000000001,0.218,0.18,0.102,0.1396,7.0,49.32,1497972,53.89,57.85,60.58,2.85,17.43,3.63,1.7,0.061399999999999996,1.82,16.29,Bermuda,0.79,0.0696,8.0,0.17,0.08789999999999999,0.0891,4987153000.0,8682345150.0,13.73,0.0592,2,1,Genpact Limited,NYSE,Genpact Limited,NYSE
322,EVR,2392426000.0,1469109000.0,923317000.0,0.0935,0.18,0.243,0.1677,0.10800000000000001,0.1535,1.0,206.81,835189,59.42,42.99,51.52,9.08,22.93,4.78,1.13,0.1174,2.74,8.52,United States,1.54,0.022799999999999997,10.0,0.84,0.1009,0.1321,4173971000.0,8160004186.0,14.78,0.0464,2,1,Evercore Partners Inc,NYSE,Evercore Partners Inc,NYSE
323,HAS,695000000.0,-2685800000.0,3380800000.0,-0.0245,-0.3128,0.32799999999999996,0.1335,0.057999999999999996,0.1258,7.0,60.71,1714070,58.22,50.11,47.49,2.75,22.29,7.25,1.54,0.0757,2.08,13.21,United States,0.67,0.0176,0.0,0.7,0.0154,-0.0318,6340300000.0,8587331805.0,14.36,0.0449,2,1,Hasbro,NASDAQ,Hasbro,NASDAQ
324,INGR,1008000000.0,-823000000.0,1831000000.0,-0.1632,-0.0974,0.17,0.1563,0.08800000000000001,0.1097,6.0,131.19,366653,52.35,49.14,58.33,9.71,13.55,2.22,1.76,0.135,1.14,7.41,United States,2.42,-0.0223,0.0,0.8,0.031200000000000002,-0.0037,7444000000.0,8449945075.0,11.56,0.0766,2,1,Ingredion Inc,NYSE,Ingredion Inc,NYSE
325,CHE,173882000.0,28824000.0,145058000.0,-0.0074,0.0034000000000000002,0.26,0.2872,0.179,0.22039999999999998,4.0,576.03,113705,49.77,52.33,53.25,20.52,28.07,7.12,2.3,0.0378,3.38,26.43,United States,5.55,0.0892,10.0,0.5,0.0904,0.096,1726515000.0,8416497645.0,22.52,0.036699999999999997,3,1,Chemed,NYSE,Chemed,NYSE
326,TTEK,248104000.0,-836289000.0,1084393000.0,-0.059500000000000004,-0.1,0.153,0.14400000000000002,0.063,0.1026,7.0,31.22,1152342,58.38,36.34,43.92,0.95,32.79,4.94,2.23,0.041299999999999996,1.55,24.24,United States,0.3,-0.0028000000000000004,1.0,0.06,0.0588,0.0184,4179184000.0,8365403560.0,21.69,0.031,3,1,Tetra Tech,NASDAQ,Tetra Tech,NASDAQ
327,RRC,350558000.0,-1448986000.0,1799544000.0,-0.056600000000000004,-0.177,0.07,0.0602,0.037000000000000005,0.0694,7.0,34.21,2377990,46.5,47.12,53.87,1.12,30.54,2.08,1.63,0.0453,3.32,22.08,United States,0.91,0.0917,0.0,0.09,0.3477,0.4758,7382724000.0,8184859500.0,9.76,0.0331,3,1,Range Resources Corp.,NYSE,Range Resources Corp.,NYSE
328,EDU,4441755000.0,3703118000.0,738637000.0,0.3096,4.6328,0.10400000000000001,0.1204,0.052000000000000005,0.0731,6.0,48.88,325190,60.07,43.06,43.78,2.3,21.25,0.22,0.74,0.7398,0.17,1.35,China,0.73,-0.0058,1.0,0.58,0.16079999999999997,0.013000000000000001,7447209000.0,799329703.0,13.7,0.4899,0,0,New Oriental Education & Technology,NYSE,New Oriental Education & Technology,NYSE
329,DCI,189100000.0,-388300000.0,577400000.0,-0.059800000000000006,-0.0493,0.276,0.2553,0.142,0.1997,6.0,65.99,374149,54.34,43.34,48.37,3.42,19.29,5.1,1.62,0.044000000000000004,2.17,22.75,United States,0.96,0.0354,40.0,0.27,0.03,0.0464,2961300000.0,7881387426.0,17.03,0.053,2,1,Donaldson Company,NYSE,Donaldson Company,NYSE
330,PEGA,371736000.0,306619000.0,65117000.0,-0.8845000000000001,0.0391,0.374,0.4071,0.127,0.2777,7.0,92.09,780042,71.78,58.12,58.66,2.15,42.83,12.82,1.15,0.0461,4.77,21.71,United States,0.46,0.0783,0.0,0.03,0.09609999999999999,0.0582,1321950000.0,7838571874.0,28.26,0.025099999999999997,3,1,Pegasystems Inc.,NASDAQ,Pegasystems Inc.,NASDAQ
331,TECH,177549000.0,-217578000.0,395127000.0,-0.289,-0.0277,0.076,0.0803,0.057999999999999996,0.0689,5.0,49.62,1609661,39.99,26.06,36.73,1.0,49.62,3.77,1.06,0.032400000000000005,6.56,30.85,United States,0.51,0.0478,0.0,0.08,0.0819,0.0674,2670424000.0,7845907440.0,23.95,0.0202,3,1,Techne Corp.,NASDAQ,Techne Corp.,NASDAQ
332,LAD,430300000.0,-13471300000.0,13901600000.0,0.0525,-1.7616,0.129,0.0983,0.036000000000000004,0.06,4.0,293.76,276670,51.21,41.8,49.42,31.72,9.26,1.13,0.61,0.0171,0.21,58.6,United States,7.87,0.08460000000000001,10.0,0.55,0.08039999999999999,0.06860000000000001,23480200000.0,7647009362.0,8.07,0.111,1,0,Lithia Motors,NYSE,Lithia Motors,NYSE
333,CORT,383334000.0,376398000.0,6936000.0,44.9338,0.0499,0.22699999999999998,0.1936,0.187,0.17420000000000002,5.0,71.63,1031559,53.29,61.62,59.14,1.23,58.23,11.1,0.61,0.026000000000000002,11.17,38.5,United States,0.14,0.212,0.0,0.0,0.36810000000000004,0.23620000000000002,840553000.0,7541354440.0,43.62,0.018500000000000003,2,1,Corcept Therapeutics Inc.,NASDAQ,Corcept Therapeutics Inc.,NASDAQ
334,EXP,31173000.0,-1010601000.0,1041774000.0,-0.018500000000000003,-0.1331,0.33899999999999997,0.23129999999999998,0.156,0.1881,6.0,228.04,242262,55.91,43.93,51.47,13.99,16.3,5.08,2.51,0.0487,3.35,20.54,United States,2.79,0.048,0.0,0.25,0.0158,0.026099999999999998,3043670000.0,7595231464.0,14.71,0.062400000000000004,2,1,Eagle Materials Inc.,NYSE,Eagle Materials Inc.,NYSE
335,EXP,31173000.0,-1010601000.0,1041774000.0,-0.018500000000000003,-0.1331,0.33899999999999997,0.23129999999999998,0.156,0.1881,6.0,228.04,242262,55.91,43.93,51.47,13.99,16.3,5.08,2.51,0.0487,3.35,20.54,United States,2.79,0.048,0.0,0.25,0.0158,0.026099999999999998,3043670000.0,7595231464.0,14.71,0.062400000000000004,2,1,Eagle Materials Inc.,NYSE,Eagle Materials Inc ,NYSE
336,EXP,31173000.0,-1010601000.0,1041774000.0,-0.018500000000000003,-0.1331,0.33899999999999997,0.23129999999999998,0.156,0.1881,6.0,228.04,242262,55.91,43.93,51.47,13.99,16.3,5.08,2.51,0.0487,3.35,20.54,United States,2.79,0.048,0.0,0.25,0.0158,0.026099999999999998,3043670000.0,7595231464.0,14.71,0.062400000000000004,2,1,Eagle Materials Inc ,NYSE,Eagle Materials Inc.,NYSE
337,EXP,31173000.0,-1010601000.0,1041774000.0,-0.018500000000000003,-0.1331,0.33899999999999997,0.23129999999999998,0.156,0.1881,6.0,228.04,242262,55.91,43.93,51.47,13.99,16.3,5.08,2.51,0.0487,3.35,20.54,United States,2.79,0.048,0.0,0.25,0.0158,0.026099999999999998,3043670000.0,7595231464.0,14.71,0.062400000000000004,2,1,Eagle Materials Inc ,NYSE,Eagle Materials Inc ,NYSE
338,FN,934631000.0,907944000.0,26687000.0,0.0919,0.1188,0.184,0.183,0.136,0.1527,5.0,210.76,477248,58.05,48.67,56.09,8.94,23.81,4.15,1.19,0.041299999999999996,2.45,24.24,Cayman Islands,2.55,0.1278,0.0,0.0,0.2071,0.2082,2542405000.0,7642423839.0,19.08,0.042699999999999995,2,1,Fabrinet,NYSE,Fabrinet,NYSE
339,EXLS,349456000.0,-36641000.0,386097000.0,-0.0771,-0.0048,0.233,0.2086,0.135,0.1555,7.0,46.31,2805242,54.89,55.67,65.7,1.32,35.61,7.55,1.58,0.0322,4.02,31.06,United States,0.44,0.1233,0.0,0.0,0.1396,0.1444,1676411000.0,7640507875.0,24.44,0.028300000000000002,3,1,Exlservice Holdings,NASDAQ,Exlservice Holdings,NASDAQ
340,AYI,397900000.0,-794200000.0,1192100000.0,1.0448,-0.10550000000000001,0.17300000000000001,0.14150000000000001,0.105,0.11410000000000001,5.0,242.77,402589,46.13,33.93,49.87,13.19,18.55,2.99,1.34,0.0604,1.9,16.56,United States,3.7,0.13699999999999998,1.0,0.17,0.1429,0.1469,4581700000.0,7528109139.0,13.38,0.0554,2,1,Acuity Brands Inc,NYSE,Acuity Brands Inc,NYSE
341,HALO,596074000.0,-909724000.0,1505798000.0,0.0044,-0.1213,1.3840000000000001,0.2989,0.222,0.2351,7.0,60.11,1133817,50.48,57.08,59.88,3.43,17.78,20.61,-2.5,0.0625,7.39,16.01,United States,0.96,0.1804,0.0,0.0,0.2006,0.1986,2063477000.0,7498453100.0,12.02,0.0592,1,0,Halozyme Therapeutics,NASDAQ,Halozyme Therapeutics,NASDAQ
342,DLB,611657000.0,567212000.0,44445000.0,-0.0592,0.07730000000000001,0.107,0.106,0.086,0.08869999999999999,5.0,76.18,490814,50.81,45.7,46.32,2.71,28.11,2.93,2.08,0.0538,5.58,18.59,United States,1.27,0.0325,10.0,0.33,0.0717,0.0429,3158602000.0,7342005574.0,18.23,0.0358,3,1,Dolby Laboratories,NYSE,Dolby Laboratories,NYSE
343,ENSG,344471000.0,-1664620000.0,2009091000.0,0.0377,-0.2262,0.17300000000000001,0.1014,0.067,0.0737,7.0,128.11,433569,51.78,43.6,54.64,5.29,24.22,3.82,1.34,0.028900000000000002,1.66,34.66,United States,1.49,0.15839999999999999,10.0,0.06,0.1654,0.184,4759846000.0,7360611294.0,20.09,0.042,2,1,The Ensign Group,NASDAQ,The Ensign Group,NASDAQ
344,CVLT,243575000.0,231974000.0,11601000.0,-0.11599999999999999,0.0315,0.609,0.1482,0.177,0.5128,5.0,166.16,502500,58.45,54.75,70.54,3.8,44.14,25.56,2.26,0.0281,7.8,35.62,United States,0.93,0.1751,0.0,0.0,0.13,0.1962,1023756000.0,7358598600.0,40.87,0.0233,3,1,Commvault Systems,NASDAQ,Commvault Systems,NASDAQ
345,ALV,322000000.0,-1945000000.0,2267000000.0,-0.0207,-0.2691,0.298,0.24059999999999998,0.085,0.1631,6.0,93.35,777150,59.83,49.33,47.36,8.65,10.82,3.07,0.85,0.0689,0.7,14.51,Sweden,1.67,-0.0363,4.0,0.7,-0.0097,0.0023,8114000000.0,7228422726.0,9.43,0.0949,1,0,Autoliv,NYSE,Autoliv,NYSE
346,NCLH,190765000.0,-12909725000.0,13100490000.0,-0.0682,-1.7943,1.0070000000000001,0.10710000000000001,0.046,0.1189,5.0,16.26,19834050,39.76,34.79,43.96,1.89,8.59,5.05,0.42,0.1166,0.76,8.58,United States,0.09,-0.0187,0.0,0.0,0.09380000000000001,0.1119,19969811000.0,7194807690.0,7.34,0.1265,1,0,Norwegian Cruise Line Holdings,NASDAQ,Norwegian Cruise Line Holdings,NASDAQ
347,BFAM,110327000.0,-1682274000.0,1792601000.0,-0.0362,-0.2357,0.10800000000000001,0.0803,0.036000000000000004,0.056900000000000006,8.0,125.59,316197,57.33,53.34,55.51,2.4,51.78,5.58,1.76,0.0339,2.66,29.47,United States,0.64,0.0669,0.0,0.0,0.0931,0.09029999999999999,3850319000.0,7137835640.0,30.03,0.0196,3,1,Bright Horizons Family Solutions Inc.,NYSE,Bright Horizons Family Solutions Inc.,NYSE
348,SKX,1234986000.0,-694149000.0,1929135000.0,0.1457,-0.096,0.15,0.127,0.078,0.1183,4.0,47.73,2574620,41.3,28.87,41.4,4.16,11.55,1.69,1.19,0.0374,0.81,26.73,United States,1.17,0.079,0.0,0.0,0.09699999999999999,0.11230000000000001,8455758000.0,7232799360.0,10.14,0.08839999999999999,2,1,Skechers U.S.A.,NYSE,Skechers U.S.A.,NYSE
349,JAZZ,2992864000.0,-3154714000.0,6147578000.0,0.065,-0.44270000000000004,0.142,0.0644,0.048,0.0836,6.0,117.28,1306142,54.84,47.28,46.18,8.65,13.39,1.74,0.38,0.1906,1.75,5.25,Ireland,4.76,0.0911,0.0,0.0,0.076,0.1131,12012257000.0,7125310203.0,4.93,0.0786,1,0,Jazz Pharmaceuticals,NASDAQ,Jazz Pharmaceuticals,NASDAQ
350,GIL,75496000.0,-1841412000.0,1916908000.0,0.5529999999999999,-0.2638,0.259,0.1898,0.10800000000000001,0.1481,2.0,46.01,1233547,61.72,49.08,56.97,2.59,17.78,4.97,0.76,0.0429,2.12,23.33,Canada,0.57,0.0227,4.0,0.23,0.0582,0.0677,3917174000.0,6981258760.0,15.85,0.0583,1,0,Gildan Activewear,NYSE,Gildan Activewear,NYSE
351,TTC,171300000.0,-1053600000.0,1224900000.0,-0.0677,-0.1524,0.258,0.2069,0.109,0.1583,6.0,69.22,622659,49.5,35.74,37.17,3.91,17.7,4.71,1.34,0.0738,1.51,13.56,United States,1.46,-0.0141,4.0,0.38,0.016,0.0131,3696700000.0,6913540126.0,15.5,0.0588,2,1,Toro Company,NYSE,Toro Company,NYSE
352,KBR,350000000.0,-2447000000.0,2797000000.0,0.39289999999999997,-0.3591,0.26,0.133,0.06,0.0989,7.0,52.56,1028671,57.83,45.04,45.27,2.79,18.84,4.69,0.65,0.0565,0.88,17.7,United States,0.87,0.1496,5.0,0.17,0.1578,0.159,6663000000.0,6813682200.0,13.67,0.055,1,0,Kbr,NYSE,Kbr,NYSE
353,GTLS,308600000.0,-3333000000.0,3641600000.0,-0.0504,-0.494,0.068,0.08529999999999999,0.021,0.0736,8.0,151.63,1060329,60.67,47.02,49.64,4.1,36.52,2.39,0.46,0.056600000000000004,1.62,17.65,United States,1.83,0.062400000000000004,0.0,0.0,0.141,0.08869999999999999,9123900000.0,6747170430.0,12.37,0.028399999999999998,2,1,Chart Industries,NASDAQ,Chart Industries,NASDAQ
354,LSCC,136291000.0,126858000.0,9433000.0,-0.1216,0.018799999999999997,0.087,0.0434,0.073,0.08070000000000001,4.0,48.92,2073473,52.84,44.62,43.68,0.44,111.17,9.48,3.18,0.015300000000000001,13.23,65.31,United States,0.22,-0.1472,0.0,0.0,0.0446,-0.12990000000000002,843903000.0,6738957580.0,44.39,0.0091,3,1,Lattice Semiconductor Corp.,NASDAQ,Lattice Semiconductor Corp.,NASDAQ
355,MHK,666600000.0,-1961700000.0,2628300000.0,-0.1656,-0.2948,0.067,0.0687,0.039,0.0547,8.0,106.45,888248,47.85,35.56,44.38,8.14,13.08,0.88,0.93,0.10210000000000001,0.61,9.79,United States,1.41,-0.0444,0.0,0.0,0.0006,-0.036000000000000004,12778600000.0,6654785620.0,11.0,0.07780000000000001,0,0,Mohawk Industries,NYSE,Mohawk Industries,NYSE
356,OTEX,1277950000.0,-5374222000.0,6652172000.0,-0.2316,-0.7717,0.157,0.1164,0.047,0.0574,5.0,25.85,3763732,51.56,43.3,38.42,2.45,10.75,1.69,0.87,0.1018,1.33,9.83,Canada,0.76,-0.11539999999999999,10.0,0.26,-0.0797,-0.0968,13754826000.0,6964320000.0,7.24,0.0941,1,0,Open Text Corp.,NASDAQ,Open Text Corp.,NASDAQ
357,CHDN,271200000.0,-4605800000.0,4877000000.0,-0.0101,-0.7051000000000001,0.395,0.1317,0.057999999999999996,0.0904,8.0,90.95,1104246,34.32,20.0,34.95,5.62,16.09,6.09,2.58,0.0446,2.34,22.42,United States,1.03,0.09630000000000001,10.0,0.41,0.0928,0.08789999999999999,7347100000.0,6531948803.0,13.11,0.06480000000000001,2,1,Churchill Downs Inc.,NASDAQ,Churchill Downs Inc.,NASDAQ
358,SSD,239371000.0,-221876000.0,461247000.0,-0.1405,-0.034300000000000004,0.18,0.1809,0.11599999999999999,0.1408,3.0,154.14,153037,52.13,40.33,48.08,7.6,20.29,3.58,1.47,0.024700000000000003,2.9,40.51,United States,1.54,-0.004,4.0,0.28,0.038,0.0123,2736168000.0,6468674784.0,19.12,0.049800000000000004,2,1,Simpson Manufacturing Company,NYSE,Simpson Manufacturing Company,NYSE
359,LRN,723691000.0,161908000.0,561783000.0,0.0472,0.024700000000000003,0.23399999999999999,0.20929999999999999,0.147,0.1441,7.0,150.7,1621378,74.64,73.47,84.11,6.42,23.47,4.63,0.97,0.0373,2.87,26.8,United States,2.15,0.1329,0.0,0.0,0.1583,0.1474,2207944000.0,6562472620.0,21.33,0.045599999999999995,1,0,K12 Inc,NYSE,K12 Inc,NYSE
360,AWI,82800000.0,-512200000.0,595000000.0,-0.0677,-0.0796,0.373,0.2446,0.15,0.21350000000000002,7.0,146.98,353984,62.94,54.62,62.69,6.24,23.73,8.11,1.66,0.0339,4.29,29.47,United States,1.53,0.1358,7.0,0.31,0.11230000000000001,0.11289999999999999,1854400000.0,6438366759.0,20.57,0.0426,2,1,Armstrong World Industries Inc,NYSE,Armstrong World Industries Inc,NYSE
361,AA,1138000000.0,-1407000000.0,2545000000.0,0.4053,-0.2207,0.013000000000000001,0.0451,0.004,0.010700000000000001,7.0,24.54,5119274,40.18,30.02,40.83,0.26,94.77,1.24,-0.29,0.0066,0.54,151.82,United States,1.37,0.33130000000000004,0.0,0.1,0.0904,0.0678,14064000000.0,6376312920.0,6.93,0.009399999999999999,2,1,Alcoa Inc.,NYSE,Alcoa Inc.,NYSE
362,KNX,365945000.0,-2911346000.0,3277291000.0,0.0242,-0.461,0.017,0.029300000000000003,0.009000000000000001,0.0183,5.0,39.02,3108058,41.11,29.5,38.04,0.94,41.51,0.89,0.69,0.037000000000000005,0.85,27.01,United States,0.24,-0.0121,5.0,0.18,0.0464,0.0424,12698532000.0,6314798980.0,16.89,0.018600000000000002,1,0,Knight Transportation,NYSE,Knight Transportation,NYSE
363,BWA,2094000000.0,-2067000000.0,4161000000.0,0.1008,-0.3299,0.057,0.0453,0.024,0.0424,7.0,28.54,1559375,55.72,41.4,40.33,1.5,19.02,1.13,1.21,0.11699999999999999,0.44,8.55,United States,0.98,-0.0542,0.0,0.11,-0.011399999999999999,-0.044500000000000005,13993000000.0,6265444720.0,6.62,0.053899999999999997,2,1,Borgwarner Inc.,NYSE,Borgwarner Inc.,NYSE
364,MSA,164560000.0,-389437000.0,553997000.0,-0.1427,-0.0637,0.267,0.2148,0.129,0.1759,6.0,155.99,257917,61.7,47.3,46.72,7.26,21.49,5.35,1.7,0.0397,3.37,25.21,United States,1.58,-0.0259,55.0,0.51,0.0149,-0.011399999999999999,2205784000.0,6117194086.0,18.85,0.0466,2,1,Mine Safety Appliances Company,NYSE,Mine Safety Appliances Company,NYSE
365,UFPI,1210681000.0,853761000.0,356920000.0,-0.0712,0.1406,0.132,0.1508,0.1,0.1063,6.0,99.93,639392,39.41,33.05,46.69,6.77,14.73,1.88,1.88,0.0695,0.91,14.39,United States,1.57,-0.023799999999999998,10.0,0.35,0.0405,0.0232,4150938000.0,6070275120.0,13.58,0.0683,2,1,Universal Forest Products,NASDAQ,Universal Forest Products,NASDAQ
366,FLS,540804000.0,-1139121000.0,1679925000.0,0.2041,-0.18719999999999998,0.139,0.10679999999999999,0.053,0.1017,6.0,46.16,2106422,54.39,40.79,49.8,2.14,21.6,2.93,1.44,0.038900000000000004,1.32,25.71,United States,0.6,0.0212,1.0,0.21,0.0643,0.0736,5483298000.0,6084332070.0,13.77,0.0464,2,1,Flowserve Corp.,NYSE,Flowserve Corp.,NYSE
367,BRKR,183400000.0,-2029800000.0,2213200000.0,0.6318,-0.3386,0.067,0.0452,0.02,0.035,4.0,39.38,1792971,47.43,30.59,34.09,0.76,52.07,3.37,3.64,0.0229,1.78,43.72,United States,0.44,0.0584,0.0,0.05,0.0557,0.0761,5806700000.0,5994170760.0,14.55,0.0189,3,1,Bruker Corp.,NASDAQ,Bruker Corp.,NASDAQ
368,FCFS,790823000.0,-1241810000.0,2032633000.0,0.0962,-0.2107,0.139,0.1162,0.064,0.0886,5.0,132.65,250277,69.68,70.93,63.07,6.24,21.26,2.86,2.28,0.0692,1.74,14.45,United States,1.74,-0.0009,9.0,0.38,0.024900000000000002,0.014199999999999999,4426277000.0,5893615287.0,16.53,0.04769999999999999,2,1,First Cash Financial Services,NASDAQ,First Cash Financial Services,NASDAQ
369,APA,625000000.0,-5419000000.0,6044000000.0,0.165,-0.9177,0.175,0.0966,0.044000000000000004,0.1106,5.0,16.22,8844146,45.29,34.51,31.51,2.27,7.15,1.12,0.17,0.1201,0.61,8.33,United States,0.74,0.14029999999999998,0.0,0.25,-0.0965,0.09970000000000001,19390000000.0,5905118080.0,4.78,0.1362,1,0,Apache Corp.,NYSE,Apache Corp.,NYSE
370,ENPH,1531870000.0,329979000.0,1201891000.0,-0.0725,0.0565,0.172,0.0962,0.046,0.0572,5.0,44.55,5875081,35.25,27.64,34.51,1.08,41.25,7.21,0.59,0.0808,4.11,12.38,United States,0.7,0.3725,0.0,0.0,0.135,0.2763,3106086000.0,5845271850.0,12.78,0.0254,2,1,Enphase Energy Inc.,NASDAQ,Enphase Energy Inc.,NASDAQ
371,R,151000000.0,-7614000000.0,7765000000.0,0.0294,-1.3289,0.16399999999999998,0.08130000000000001,0.03,0.07629999999999999,7.0,138.9,581475,48.18,42.12,56.42,11.46,12.12,1.91,1.22,0.066,0.45,15.16,United States,2.39,0.013600000000000001,10.0,0.81,0.0453,0.0405,16421000000.0,5729421472.0,9.86,0.0876,2,1,Ryder System,NYSE,Ryder System,NYSE
372,CRL,194606000.0,-2529388000.0,2723994000.0,-0.1117,-0.4378,0.003,0.0331,0.001,0.0091,5.0,116.89,989968,42.3,32.1,34.49,0.2,587.0,1.67,3.8,0.0868,1.43,11.52,United States,2.09,-0.0697,0.0,0.0,-0.0472,-0.0594,7528345000.0,5777479791.0,12.41,0.0018,3,1,Charles River Laboratories Intl,NYSE,Charles River Laboratories Intl,NYSE
373,BYD,321364000.0,-3506977000.0,3828341000.0,0.0555,-0.6145,0.34600000000000003,0.1611,0.092,0.1318,1.0,69.21,753420,58.79,50.36,54.55,6.19,11.18,3.61,0.85,0.0975,1.45,10.25,United States,1.52,0.0126,6.0,0.18,0.016200000000000003,0.026600000000000002,6391815000.0,5707403459.0,10.35,0.1013,1,0,Boyd Gaming Corp.,NYSE,Boyd Gaming Corp.,NYSE
374,ACIW,216394000.0,-730775000.0,947169000.0,-0.1124,-0.1288,0.155,0.1333,0.064,0.1054,7.0,53.91,830809,56.47,54.59,66.92,1.91,28.33,3.98,-3.24,0.0605,3.56,16.53,United States,0.34,0.153,0.0,0.0,0.0851,0.17559999999999998,3025293000.0,5675189040.0,24.16,0.0358,2,1,Aci Worldwide,NASDAQ,Aci Worldwide,NASDAQ
375,SLGN,822854000.0,-3313999000.0,4136853000.0,0.2072,-0.5906,0.14,0.0814,0.035,0.0666,6.0,52.71,920363,59.86,52.93,54.93,2.58,20.38,2.82,1.11,0.0818,0.96,12.22,United States,0.79,0.1162,10.0,0.2,0.1184,0.1358,8584668000.0,5611247885.0,12.28,0.0493,2,1,Silgan Holdings,NASDAQ,Silgan Holdings,NASDAQ
376,TFX,290188000.0,-1464837000.0,1755025000.0,-0.0889,-0.2548,0.016,0.0246,0.009000000000000001,0.0233,5.0,125.87,1199900,36.96,27.08,30.78,1.48,87.27,1.34,0.18,0.0886,1.89,11.29,United States,2.88,-0.052199999999999996,0.0,0.34,0.013999999999999999,-0.0426,7097914000.0,5749014201.0,8.94,0.0121,2,1,Teleflex Inc.,NYSE,Teleflex Inc.,NYSE
377,OSK,210300000.0,-1267400000.0,1477700000.0,0.1918,-0.2262,0.15,0.13269999999999998,0.063,0.1235,4.0,86.73,874866,47.64,39.74,44.3,9.36,9.27,1.32,6.51,0.051699999999999996,0.53,19.33,United States,2.04,-0.0527,10.0,0.51,-0.020099999999999996,-0.0418,9761400000.0,5602497292.0,7.62,0.1096,2,1,Oshkosh Truck Corp.,NYSE,Oshkosh Truck Corp.,NYSE
378,FCN,227469000.0,-133724000.0,361193000.0,-0.1371,-0.0236,0.11900000000000001,0.1247,0.076,0.1026,4.0,165.31,483241,50.9,35.18,40.71,7.31,22.6,2.64,1.61,0.0275,1.55,36.3,United States,1.79,-0.0236,0.0,0.0,0.013600000000000001,-0.0154,3347702000.0,5668155405.0,20.03,0.0462,2,1,Fti Consulting,NYSE,Fti Consulting,NYSE
379,DDS,1043529000.0,488206000.0,555323000.0,-0.016200000000000003,0.08800000000000001,0.313,0.2656,0.156,0.24760000000000001,5.0,352.13,98416,56.41,41.48,48.14,36.82,9.7,3.09,-1.28,0.1099,0.84,9.1,United States,9.25,-0.0123,10.0,0.25,-0.0138,-0.0768,3531054000.0,5550630314.0,13.83,0.1069,1,0,Dillard's,NYSE,Dillard's,NYSE
380,MMSI,395529000.0,-422128000.0,817657000.0,-0.06309999999999999,-0.0762,0.09,0.08070000000000001,0.051,0.057,6.0,93.25,577121,45.26,43.03,55.36,2.04,45.96,3.88,2.54,0.0326,3.99,30.67,United States,0.75,0.0898,0.0,0.0,0.1131,0.1295,2467973000.0,5539987130.0,24.56,0.022099999999999998,3,1,Merit Medical Systems,NASDAQ,Merit Medical Systems,NASDAQ
381,SPSC,94921000.0,82658000.0,12263000.0,-0.0496,0.015300000000000001,0.098,0.1142,0.081,0.0793,5.0,142.09,487540,60.22,39.81,43.5,2.15,66.02,5.88,4.71,0.026000000000000002,8.09,38.52,United States,0.85,0.1968,0.0,0.0,0.21230000000000002,0.233,1109050000.0,5417476110.0,33.96,0.015,3,1,Sps Commerce,NASDAQ,Sps Commerce,NASDAQ
382,CROX,183678000.0,-1517618000.0,1701296000.0,-0.1478,-0.28309999999999996,0.5579999999999999,0.2505,0.2,0.3014,7.0,94.72,933681,46.32,40.47,44.18,15.88,6.02,2.92,-31.83,0.1722,1.31,5.81,United States,2.48,-0.0333,0.0,0.0,0.0365,-0.0138,4812153000.0,5360934687.0,7.23,0.1772,1,0,Crocs,NASDAQ,Crocs,NASDAQ
383,SWX,363789000.0,-4694569000.0,5058358000.0,-0.0421,-0.8926999999999999,0.057999999999999996,0.052199999999999996,0.017,0.04769999999999999,4.0,73.48,356578,53.05,49.98,52.41,2.76,26.52,1.5,2.58,0.08199999999999999,1.03,12.2,United States,1.62,-0.3042,0.0,0.62,-0.0022,-0.044199999999999996,12023836000.0,5258907040.0,22.36,0.0378,3,1,Southwest Gas Corp.,NYSE,Southwest Gas Corp.,NYSE
384,MTN,504555000.0,-2428160000.0,2932715000.0,-0.009000000000000001,-0.4646,0.384,0.1413,0.046,0.11810000000000001,7.0,140.5,536043,43.51,27.38,30.21,6.9,20.23,9.85,2.0,0.0761,1.77,13.14,United States,10.44,0.0366,3.0,2.22,0.0464,0.0668,5531193000.0,5225826480.0,18.16,0.0496,2,1,Vail Resorts,NYSE,Vail Resorts,NYSE
385,RMBS,514389000.0,485195000.0,29194000.0,-0.0466,0.0909,0.191,0.1794,0.159,0.16140000000000002,6.0,48.83,1288992,50.3,45.21,49.13,1.91,25.98,4.6,3.8,0.0437,8.82,22.88,United States,0.5,0.2189,0.0,0.0,0.25989999999999996,0.27949999999999997,1379365000.0,5337917280.0,18.81,0.0388,2,1,Rambus,NASDAQ,Rambus,NASDAQ
386,IDCC,958208000.0,486436000.0,471772000.0,-0.2238,0.09269999999999999,0.495,0.4279,0.205,0.2762,7.0,202.15,612145,54.75,57.33,74.76,12.07,16.75,6.12,1.37,0.0398,6.04,25.16,United States,2.56,-0.2615,2.0,0.6,-0.1911,-0.3836,1835529000.0,5246237230.0,24.38,0.0684,2,1,Interdigital,NASDAQ,Interdigital,NASDAQ
387,DAR,113552000.0,-4143534000.0,4257086000.0,-0.08199999999999999,-0.7976000000000001,0.062,0.0548,0.026000000000000002,0.056600000000000004,1.0,32.78,2204779,59.72,45.28,38.94,1.73,18.98,1.19,14.47,0.1017,0.91,9.84,United States,0.16,0.0282,0.0,0.0,0.0483,0.0287,10070473000.0,5195096100.0,11.16,0.0537,2,1,Darling International Inc.,NYSE,Darling International Inc.,NYSE
388,GPI,70500000.0,-5197700000.0,5268200000.0,0.18969999999999998,-0.9897,0.162,0.1411,0.05,0.08220000000000001,4.0,408.73,41235,53.14,50.36,62.92,35.66,11.39,1.76,0.92,0.0747,0.25,13.39,United States,9.67,0.2167,4.0,0.5,0.12689999999999999,0.1807,9887000000.0,5252005588.0,9.47,0.0911,1,0,Group 1 Automotive,NYSE,Group 1 Automotive,NYSE
389,FSS,57500000.0,-247700000.0,305200000.0,0.0395,-0.0479,0.182,0.1795,0.11900000000000001,0.1471,5.0,84.2,1121580,65.18,48.57,54.26,3.42,24.72,4.3,1.43,0.0385,2.72,26.0,United States,0.73,0.0888,2.0,0.14,0.11199999999999999,0.09970000000000001,1879400000.0,5170647573.0,22.37,0.0408,2,1,Federal Signal Corp.,NYSE,Federal Signal Corp.,NYSE
390,BCPC,49901000.0,-158165000.0,208066000.0,-0.3528,-0.0308,0.11800000000000001,0.12960000000000002,0.086,0.10439999999999999,7.0,157.36,202432,44.0,43.3,51.06,4.17,37.47,4.25,3.63,0.0294,5.33,34.04,United States,1.22,0.0252,10.0,0.87,0.0863,0.0993,1617555000.0,5136246231.0,39.99,0.026600000000000002,3,1,Balchem Corp.,NASDAQ,Balchem Corp.,NASDAQ
391,LOPE,324623000.0,216105000.0,108518000.0,0.09300000000000001,0.0425,0.295,0.321,0.22399999999999998,0.2397,6.0,178.97,149247,57.86,61.11,69.22,7.73,23.15,6.49,1.36,0.0496,4.92,20.16,United States,2.51,0.0455,0.0,0.0,0.0745,0.0664,1018425000.0,5087383323.0,20.29,0.044500000000000005,2,1,Grand Canyon Education,NASDAQ,Grand Canyon Education,NASDAQ
392,CRUS,563979000.0,417499000.0,146480000.0,-0.0748,0.0816,0.162,0.1909,0.132,0.1329,5.0,95.54,472023,57.45,44.33,48.91,5.51,17.46,2.61,8.09,0.08960000000000001,2.77,11.16,United States,1.18,0.0227,0.0,0.0,0.055999999999999994,0.0433,2363240000.0,5114399452.0,14.05,0.059699999999999996,2,1,Cirrus Logic,NASDAQ,Cirrus Logic,NASDAQ
393,MTDR,77516000.0,-3098940000.0,3176456000.0,0.6111,-0.6113000000000001,0.187,0.1429,0.091,0.1336,4.0,40.48,1776387,43.85,36.14,40.14,7.44,5.44,0.96,1.46,0.11259999999999999,1.36,8.88,United States,1.78,0.2144,4.0,0.31,0.26289999999999997,0.2816,11082041000.0,5069469470.0,4.66,0.1838,1,0,Matador Resources Company,NYSE,Matador Resources Company,NYSE
394,ALKS,751668000.0,676130000.0,75538000.0,-0.797,0.1352,0.27699999999999997,0.29,0.172,0.2285,3.0,30.6,2935372,57.04,49.59,54.02,2.17,14.0,3.41,-1057.29,0.1008,3.21,9.92,Ireland,0.24,-0.132,1.0,0.38,-0.09029999999999999,-0.11449999999999999,2055567000.0,4999475880.0,16.91,0.07339999999999999,1,0,Alkermes,NASDAQ,Alkermes,NASDAQ
395,DY,92670000.0,-963293000.0,1055963000.0,0.1931,-0.1924,0.198,0.1564,0.08199999999999999,0.1125,5.0,173.4,309029,67.54,51.87,57.92,7.92,21.91,4.04,1.58,0.0275,1.06,36.33,United States,1.62,0.042,0.0,0.0,0.1472,0.10980000000000001,2945367000.0,5005836654.0,18.61,0.0466,2,1,Dycom Industries,NYSE,Dycom Industries,NYSE
396,ITRI,1051237000.0,-216537000.0,1267774000.0,1.6007,-0.044000000000000004,0.179,0.1035,0.075,0.0843,6.0,108.15,796988,55.9,52.76,59.89,5.18,20.88,3.54,0.7,0.042199999999999994,2.02,23.72,United States,1.32,0.0182,0.0,0.0,0.032,0.0384,3407623000.0,4923838500.0,19.68,0.048600000000000004,1,0,Itron,NASDAQ,Itron,NASDAQ
397,URBN,610430000.0,-487928000.0,1098358000.0,0.0184,-0.0992,0.174,0.147,0.092,0.1058,6.0,52.83,1574207,56.19,54.89,62.42,4.26,12.45,1.99,1.65,0.06509999999999999,0.89,15.36,United States,0.82,0.0741,0.0,0.0,0.09050000000000001,0.1277,4519480000.0,4919361872.0,11.75,0.0818,2,1,Urban Outfitters,NASDAQ,Urban Outfitters,NASDAQ
398,MKSI,714000000.0,-4035000000.0,4749000000.0,-0.049100000000000005,-0.8351999999999999,0.081,0.0594,0.021,0.07429999999999999,8.0,71.55,1288312,49.14,35.51,38.69,2.81,25.46,2.08,0.61,0.0851,1.35,11.75,United States,1.44,0.0622,0.0,0.22,0.077,0.0834,8590000000.0,4831242936.0,9.9,0.0393,1,0,Mks Instruments,NASDAQ,Mks Instruments,NASDAQ
399,FMC,357300000.0,-3093500000.0,3450800000.0,-0.1431,-0.6391,0.076,0.0493,0.027999999999999997,0.1144,6.0,38.45,4020738,44.89,39.81,33.19,2.72,14.28,1.08,1.85,0.1246,1.14,8.02,United States,0.09,-0.15289999999999998,0.0,0.58,-0.0043,0.0044,11653300000.0,4840030000.0,9.85,0.0705,2,1,Fmc Corp.,NYSE,Fmc Corp.,NYSE
400,CGNX,246050000.0,175833000.0,70217000.0,-0.1067,0.0373,0.07,0.0721,0.053,0.058499999999999996,3.0,27.82,2901797,54.84,36.05,35.43,0.62,44.92,3.11,1.85,0.028399999999999998,5.16,35.18,United States,0.13,0.0070999999999999995,3.0,0.08,0.07780000000000001,0.0711,1992850000.0,4715260800.0,31.61,0.0225,3,1,Cognex Corp.,NASDAQ,Cognex Corp.,NASDAQ
401,LFUS,619671000.0,-258262000.0,877933000.0,-0.0431,-0.0554,0.038,0.0552,0.024,0.0319,6.0,188.97,316669,58.01,39.41,37.9,3.82,49.47,1.9,0.9,0.0636,2.11,15.72,United States,1.81,0.0059,10.0,0.7,0.0636,0.058499999999999996,3888235000.0,4662867708.0,18.18,0.0204,2,1,Littelfuse,NASDAQ,Littelfuse,NASDAQ
402,LSTR,566637000.0,403297000.0,163340000.0,0.2311,0.0875,0.196,0.2183,0.111,0.1588,4.0,133.15,445639,37.76,27.9,34.35,5.51,23.95,4.74,1.65,0.0575,0.96,17.38,United States,0.96,-0.035,5.0,0.36,0.050300000000000004,-0.015700000000000002,1813311000.0,4610142280.0,22.63,0.0425,2,1,Landstar System,NASDAQ,Landstar System,NASDAQ
403,QLYS,381423000.0,334202000.0,47221000.0,0.6429,0.0724,0.395,0.3849,0.192,0.2955,5.0,127.02,284261,55.04,45.53,45.86,4.65,27.32,9.68,4.5,0.050199999999999995,7.6,19.92,United States,1.47,0.07730000000000001,0.0,0.0,0.09300000000000001,0.09910000000000001,973537000.0,4617646974.0,21.4,0.037599999999999995,3,1,Qualys Inc.,NASDAQ,Qualys Inc.,NASDAQ
404,LEA,1052900000.0,-1709300000.0,2762200000.0,-0.003,-0.37229999999999996,0.107,0.09369999999999999,0.035,0.08929999999999999,5.0,85.86,503513,53.46,40.05,33.98,8.97,9.57,1.03,0.36,0.1223,0.2,8.18,United States,2.7,-0.08259999999999999,0.0,0.77,-0.0378,-0.0762,14027500000.0,4591641856.0,6.92,0.1103,1,0,Lear Corp.,NYSE,Lear Corp.,NYSE
405,TKR,376500000.0,-1839400000.0,2215900000.0,-0.1072,-0.4073,0.114,0.0958,0.05,0.0825,5.0,64.31,900257,45.89,34.38,40.33,4.64,13.86,1.55,0.94,0.076,1.0,13.15,United States,1.42,-0.0504,10.0,0.34,-0.018799999999999997,-0.0273,6570400000.0,4515761250.0,10.81,0.0725,1,0,Timken Company,NYSE,Timken Company,NYSE
406,NOV,1157000000.0,-1216000000.0,2373000000.0,-0.0397,-0.2703,0.092,0.0965,0.052000000000000005,0.07339999999999999,7.0,11.88,4009762,40.29,33.39,36.99,1.49,7.97,0.7,0.27,0.2559,0.51,3.91,United States,0.25,-0.0255,1.0,0.08,-0.0008,-0.0068000000000000005,11273000000.0,4498433280.0,8.13,0.1309,0,0,National-Oilwell,NYSE,National-Oilwell,NYSE
407,RHI,537583000.0,304064000.0,233519000.0,-0.0346,0.0673,0.172,0.228,0.086,0.1054,1.0,44.53,1468202,35.94,25.57,30.11,2.44,18.25,3.28,1.37,0.0783,0.78,12.76,United States,0.36,-0.0447,10.0,0.59,0.008100000000000001,0.0098,2854405000.0,4520395890.0,15.5,0.0557,2,1,Robert Half International Inc.,NYSE,Robert Half International Inc.,NYSE
408,LANC,124561000.0,82742000.0,41819000.0,2.6338999999999997,0.0187,0.17600000000000002,0.19879999999999998,0.13699999999999998,0.1577,6.0,160.61,413186,28.6,39.26,43.65,6.15,26.04,4.44,8.47,0.035,2.35,28.55,United States,1.58,0.0264,62.0,0.95,0.050300000000000004,0.0529,1276612000.0,4426408880.0,22.54,0.0383,3,1,Lancaster Colony Corp.,NASDAQ,Lancaster Colony Corp.,NASDAQ
409,NXST,144000000.0,-6379000000.0,6523000000.0,-0.045899999999999996,-1.4452,0.319,0.135,0.062,0.1045,8.0,145.0,477935,35.38,39.95,44.3,21.41,6.77,1.96,8.0,0.2503,0.82,3.99,United States,3.2,-0.0421,10.0,1.86,-0.0608,-0.023399999999999997,11468000000.0,4414071056.0,10.93,0.1636,2,1,Nexstar Broadcasting Group,NASDAQ,Nexstar Broadcasting Group,NASDAQ
410,AMKR,1563509000.0,334048000.0,1229461000.0,-0.0015,0.0768,0.077,0.0821,0.046,0.0608,5.0,17.51,2796059,50.77,31.46,37.54,1.28,13.77,1.05,1.87,0.0524,0.69,19.08,United States,0.09,-0.063,5.0,0.08,0.0143,-0.0701,6921241000.0,4349420880.0,10.24,0.0727,2,1,Amkor Technology,NASDAQ,Amkor Technology,NASDAQ
411,EEFT,1931800000.0,-151000000.0,2082800000.0,0.0353,-0.0354,0.242,0.2028,0.051,0.10369999999999999,3.0,98.92,488086,50.19,46.96,47.33,6.45,15.34,3.48,0.68,0.1441,1.07,6.94,United States,1.09,0.0613,0.0,0.0,0.0978,0.1002,5834500000.0,4271469800.0,9.47,0.0716,1,0,Euronet Worldwide,NASDAQ,Euronet Worldwide,NASDAQ
412,NSIT,259234000.0,-604878000.0,864112000.0,-0.0812,-0.1425,0.14,0.1175,0.035,0.1106,5.0,133.82,559153,38.34,33.73,41.86,6.55,20.32,2.4,1.28,0.1413,0.49,7.08,United States,2.01,-0.0794,0.0,0.0,0.0335,-0.0599,7448578000.0,4245027209.0,13.22,0.0588,2,1,Insight Enterprises,NASDAQ,Insight Enterprises,NASDAQ
413,OMAB,84416852.0,-499687839.0,584104691.0,1.4358000000000002,-0.12300000000000001,0.49200000000000005,-0.2275,0.188,0.2583,5.0,87.74,8820,63.82,65.96,60.83,4.9,17.91,7.68,17.05,0.0435,5.62,22.97,Mexico,1.18,-0.0176,1.0,2.19,0.0541,-0.032,1387936351.0,4062783152.0,14.58,0.0582,2,1,Grupo Aeroportuario Del Centro,NASDAQ,Grupo Aeroportuario Del Centro,NASDAQ
414,SON,431010000.0,-6867746000.0,7298756000.0,1.2599,-1.6097,0.068,0.0404,0.018000000000000002,0.033,5.0,43.26,1699331,44.59,36.67,35.06,1.65,26.22,1.88,0.26,0.1069,0.8,9.35,United States,1.41,0.5584,44.0,0.53,0.4864,0.1894,12507790000.0,4266508848.0,7.19,0.0384,2,1,Sonoco Products Company,NYSE,Sonoco Products Company,NYSE
415,MSM,41276000.0,-548371000.0,589647000.0,-0.0416,-0.1298,0.154,0.17010000000000003,0.086,0.12689999999999999,4.0,75.97,321341,47.74,44.32,42.76,3.79,20.06,3.11,2.27,0.07139999999999999,1.13,14.01,United States,0.72,-0.028900000000000002,3.0,0.85,-0.0128,0.0023,2462178000.0,4223426252.0,19.88,0.050499999999999996,2,1,Msc Industrial Direct Company,NYSE,Msc Industrial Direct Company,NYSE
416,AVT,172136000.0,-2617155000.0,2789291000.0,-0.2455,-0.6243,0.064,0.0818,0.026000000000000002,0.0737,5.0,48.8,1586283,51.05,46.57,49.0,3.53,13.77,0.87,2.53,0.2596,0.19,3.85,United States,0.71,-0.07150000000000001,10.0,0.33,-0.0655,-0.0086,11942931000.0,4192012916.0,11.38,0.0758,1,0,Avnet,NYSE,Avnet,NYSE
417,SANM,647141000.0,338247000.0,308894000.0,-0.038900000000000004,0.0806,0.102,0.1144,0.05,0.0992,6.0,78.86,509200,53.14,51.55,61.53,4.32,18.25,1.75,0.87,0.0643,0.53,15.56,United States,1.38,0.0736,0.0,0.0,0.10490000000000001,0.09230000000000001,4966632000.0,4194448965.0,12.38,0.057699999999999994,1,0,Sanmina-Sci Corp.,NASDAQ,Sanmina-Sci Corp.,NASDAQ
418,CBT,183000000.0,-1015000000.0,1198000000.0,-0.08689999999999999,-0.2419,0.307,0.21350000000000002,0.11599999999999999,0.193,7.0,77.22,599117,41.66,29.98,44.86,7.52,10.29,3.07,1.83,0.1065,1.05,9.39,United States,1.87,0.001,10.0,0.43,0.032,0.0147,3642000000.0,4196744100.0,10.05,0.1008,2,1,Cabot Corp.,NYSE,Cabot Corp.,NYSE
419,PAY,209411000.0,201003000.0,8408000.0,-0.2003,0.0473,0.096,0.109,0.081,0.07429999999999999,5.0,33.45,711893,68.61,59.45,61.9,0.35,95.03,8.75,10.96,0.0064,4.88,157.06,United States,0.13,0.35850000000000004,0.0,0.0,0.24,0.3709,576247000.0,4249786056.0,59.02,0.0104,3,1,Verifone Systems,NYSE,Verifone Systems,NYSE
420,MWA,338200000.0,-111300000.0,449500000.0,0.004699999999999999,-0.0268,0.172,0.14529999999999998,0.086,0.11349999999999999,7.0,26.6,1098404,59.03,58.46,72.82,0.86,30.93,4.99,1.44,0.0412,3.05,24.25,United States,0.31,-0.0069,10.0,0.07,0.0611,0.0069,1619200000.0,4159296000.0,21.42,0.0329,3,1,Mueller Water Products,NYSE,Mueller Water Products,NYSE
421,ESE,71284000.0,-77116000.0,148400000.0,-0.28550000000000003,-0.018799999999999997,0.091,0.10490000000000001,0.061,0.08789999999999999,8.0,161.27,441926,57.68,61.76,66.64,4.26,37.44,3.32,1.96,0.0262,3.89,38.13,United States,1.06,0.1718,0.0,0.08,0.1152,0.0742,1795064000.0,4106508780.0,26.68,0.0268,3,1,Esco Technologies Inc.,NYSE,Esco Technologies Inc.,NYSE
422,FIVE,528791000.0,-1452776000.0,1981567000.0,0.1398,-0.0875,0.153,0.09449999999999999,0.062,0.064,5.0,75.47,2076024,56.22,43.91,36.26,4.6,16.41,9.18,0.88,0.0064,4.28,155.59,United States,0.56,0.1091,0.0,0.0,0.1281,0.0518,4339574000.0,16594090533.0,17.45,0.015300000000000001,1,0,Five Below Inc.,NASDAQ,Five Below Inc.,NASDAQ
423,AEIS,723000000.0,41700000.0,681300000.0,-0.3375,0.009899999999999999,0.062,0.048,0.032,0.0351,6.0,109.24,1174058,64.18,51.1,53.15,1.94,58.07,3.44,0.41,0.0232,2.71,43.02,United States,1.06,0.1973,0.0,0.1,0.114,0.1121,2302200000.0,4228979787.0,21.73,0.0174,2,1,Advanced Energy Industries,NASDAQ,Advanced Energy Industries,NASDAQ
424,BDC,370302000.0,-859848000.0,1230150000.0,-0.0383,-0.21309999999999998,0.162,0.0984,0.06,0.0919,7.0,101.4,639566,54.87,44.91,53.82,4.8,21.21,3.12,2.14,0.0553,1.64,18.09,United States,1.49,0.1502,0.0,0.05,0.0902,0.1607,3327938000.0,4034372018.0,14.21,0.0492,2,1,Belden Inc,NYSE,Belden Inc,NYSE
425,RUSHA,228131000.0,-1505959000.0,1734090000.0,-0.0416,-0.3593,0.149,0.15810000000000002,0.066,0.0925,4.0,50.82,972369,43.56,41.7,52.72,3.72,13.66,1.96,3.16,0.0467,0.54,21.39,United States,0.72,-0.022400000000000003,7.0,0.18,0.035,0.0208,4617547000.0,4191943735.0,12.82,0.0726,2,1,Rush Enterprises,NASDAQ,Rush Enterprises,NASDAQ
426,SEE,371800000.0,-4136600000.0,4508400000.0,-0.057999999999999996,-1.0286,0.4,0.13019999999999998,0.037000000000000005,0.0803,6.0,27.37,1274341,48.49,37.11,36.94,1.81,15.12,6.44,0.5,0.1263,0.75,7.92,United States,0.67,-0.0451,0.0,0.2,-0.0051,-0.0381,7022100000.0,4021391990.0,8.85,0.0658,1,0,Sealed Air Corp.,NYSE,Sealed Air Corp.,NYSE
427,JWN,1035000000.0,-3248000000.0,4283000000.0,-0.0438,-0.8084,0.301,0.0842,0.033,0.0683,7.0,24.06,2220590,50.06,54.18,55.91,1.74,13.8,3.52,0.31,0.19390000000000002,0.27,5.16,United States,-0.11,0.0556,0.0,0.19,0.0276,-0.0165,8966000000.0,4017820875.0,11.94,0.0732,1,0,Nordstrom,NYSE,Nordstrom,NYSE
428,CVCO,430938000.0,399466000.0,31472000.0,-0.0545,0.09960000000000001,0.162,0.1924,0.122,0.1389,5.0,498.69,46018,53.51,54.47,63.23,20.32,24.61,3.79,2.24,0.0348,2.08,28.75,United States,5.15,0.2,0.0,0.0,0.14279999999999998,0.22399999999999998,1385767000.0,4008898814.0,19.64,0.0421,2,1,Cavco Industries,NASDAQ,Cavco Industries,NASDAQ
429,SXT,26626000.0,-606745000.0,633371000.0,-0.0382,-0.15410000000000001,0.11699999999999999,0.1093,0.062,0.0866,7.0,92.78,625488,78.18,73.74,64.05,2.94,31.62,3.71,1.67,0.025,2.53,40.06,United States,0.82,0.0079,0.0,0.41,0.0384,0.0326,2023794000.0,3937360528.0,38.19,0.0317,3,1,Sensient Technologies Corp.,NYSE,Sensient Technologies Corp.,NYSE
430,FELE,220540000.0,28922000.0,191618000.0,0.2262,0.0074,0.145,0.17079999999999998,0.1,0.1307,6.0,85.79,278697,39.5,32.94,43.99,3.86,22.11,3.08,1.69,0.056600000000000004,1.93,17.66,United States,0.73,0.0206,10.0,0.27,0.0681,0.0716,1820606000.0,3899574472.0,19.36,0.0462,2,1,Franklin Electric Co.,NASDAQ,Franklin Electric Co.,NASDAQ
431,HXL,89200000.0,-698000000.0,787200000.0,0.1014,-0.1773,0.08,0.0719,0.044000000000000004,0.06570000000000001,6.0,48.58,1235094,37.51,31.03,38.0,1.51,32.38,2.57,1.15,0.046799999999999994,2.09,21.39,United States,0.42,0.0051,3.0,0.17,0.040999999999999995,0.0139,2779200000.0,3935731079.0,20.98,0.0316,3,1,Hexcel Corp.,NYSE,Hexcel Corp.,NYSE
432,THO,373819000.0,-719805000.0,1093624000.0,-0.25920000000000004,-0.18460000000000001,0.05,0.064,0.028999999999999998,0.0478,6.0,73.41,502834,47.97,32.45,39.99,3.77,19.41,0.99,0.63,0.14679999999999999,0.41,6.81,United States,2.13,-0.039599999999999996,0.0,0.5,-0.0687,-0.0971,6714131000.0,3899823880.0,14.7,0.0518,0,0,Thor Industries,NYSE,Thor Industries,NYSE
433,RDNT,740020000.0,-988843000.0,1728863000.0,0.1594,-0.2519,0.003,0.0316,0.001,0.0129,5.0,52.37,614339,55.02,41.42,52.7,0.04,1325.5,4.35,2.32,0.0115,2.15,87.02,United States,-0.14,0.026099999999999998,0.0,0.0,0.0789,0.0472,3286690000.0,3925690934.0,106.7,0.0007000000000000001,3,1,Radnet,NASDAQ,Radnet,NASDAQ
434,BCO,1840400000.0,-2334400000.0,4174800000.0,0.09949999999999999,-0.6075,0.5529999999999999,0.1039,0.025,0.0662,7.0,89.14,241457,52.66,45.63,51.08,3.63,24.56,20.78,2.83,0.053,0.77,18.88,United States,1.17,-0.021,4.0,0.24,0.006999999999999999,-0.009000000000000001,6623100000.0,3842341410.0,13.01,0.0424,2,1,Brink's Company,NYSE,Brink's Company,NYSE
435,CPA,915184000.0,-831164000.0,1746348000.0,0.2791,-0.21739999999999998,0.284,0.1963,0.10400000000000001,0.17550000000000002,5.0,92.75,193736,57.13,50.72,50.46,14.55,6.34,1.8,0.16,0.1416,1.11,7.06,Panama,4.05,-0.0052,2.0,1.61,0.0689,0.005,5196836000.0,3822581229.0,5.91,0.13449999999999998,1,0,Copa Holdings S.A.,NYSE,Copa Holdings S.A.,NYSE
436,LBTYA,2151900000.0,-7626600000.0,9778500000.0,-0.0171,-1.9831999999999999,0.094,0.0956,0.043,-0.0028000000000000004,5.0,10.88,2610874,49.37,33.57,33.44,4.23,2.57,0.31,1.61,0.2924,0.89,3.42,Bermuda,-0.83,-0.4396,3.0,10.06,0.0447,-0.3995,25439700000.0,3845517569.0,57.47,0.4129,1,0,Liberty Global,NASDAQ,Liberty Global,NASDAQ
437,MMS,72653000.0,-1443265000.0,1515918000.0,0.024399999999999998,-0.3822,0.16,0.1386,0.07,0.10769999999999999,7.0,66.35,516900,42.39,37.36,38.16,4.64,14.32,2.29,2.07,0.0791,0.7,12.64,United States,1.38,-0.043,2.0,0.3,0.009000000000000001,-0.030699999999999998,4058760000.0,3776378688.0,10.56,0.07519999999999999,2,1,Maximus,NYSE,Maximus,NYSE
438,CBZ,49627000.0,-1900916000.0,1950543000.0,1.8912,-0.5002,0.063,0.0463,0.026000000000000002,0.031,5.0,69.87,498352,42.3,42.88,52.54,1.16,60.23,1.98,1.3,0.0227,1.76,44.1,United States,2.11,0.7404000000000001,0.0,0.0,0.6267,0.765,4585498000.0,3800076616.0,20.41,0.0229,3,1,Cbiz,NYSE,Cbiz,NYSE
439,RYN,342524000.0,-766688000.0,1109212000.0,-0.18789999999999998,-0.20829999999999999,0.2,0.1306,0.102,0.1371,5.0,23.67,2371325,32.08,32.56,38.02,2.39,9.9,2.08,23.24,0.17489999999999997,2.91,5.72,United States,0.08,0.3467,0.0,0.27,-0.44939999999999997,-0.0808,3474419000.0,3681361040.0,43.75,0.09759999999999999,2,1,Rayonier Inc. REIT,NYSE,Rayonier Inc. REIT,NYSE
440,FLO,5005000.0,-1339628000.0,1344633000.0,0.009000000000000001,-0.3678,0.17800000000000002,0.1284,0.073,0.09539999999999998,7.0,17.25,2375578,34.26,32.59,30.03,1.17,14.74,2.58,14.76,0.0776,0.71,12.88,United States,0.4,0.008199999999999999,10.0,0.24,0.07339999999999999,0.0229,3400447000.0,3641992500.0,14.57,0.0681,2,1,Flowers Foods,NYSE,Flowers Foods,NYSE
441,SMPL,103682000.0,-194855000.0,298537000.0,0.2561,-0.0537,0.083,0.0951,0.061,0.07719999999999999,7.0,35.96,820322,51.25,49.61,49.54,1.44,24.94,2.0,1.76,0.0495,2.57,20.2,United States,0.4,0.1352,0.0,0.0,0.1184,0.1638,2427180000.0,3626546200.0,17.97,0.0401,2,1,Kaiser Federal Financial Group,NASDAQ,Kaiser Federal Financial Group,NASDAQ
442,MATX,266800000.0,-482200000.0,749000000.0,0.0331,-0.1333,0.191,0.15039999999999998,0.109,0.1288,8.0,110.17,518236,49.23,36.0,47.43,13.93,7.91,1.36,3.31,0.1282,1.06,7.8,United States,2.38,0.1589,10.0,0.34,0.015300000000000001,0.15560000000000002,4595400000.0,3617013304.0,9.05,0.1317,2,1,Matson Inc,NYSE,Matson Inc,NYSE
443,PVH,748000000.0,-2643100000.0,3391100000.0,-0.0404,-0.7301000000000001,0.11599999999999999,0.0959,0.054000000000000006,0.07,7.0,68.71,773279,48.08,33.34,39.82,10.56,6.53,0.7,0.37,0.1634,0.42,6.12,United States,2.64,-0.001,0.0,0.04,0.0111,-0.053399999999999996,11033200000.0,3620365982.0,5.79,0.1653,0,0,Phillips-Van Heusen Corp.,NYSE,Phillips-Van Heusen Corp.,NYSE
444,BCC,713260000.0,197036000.0,516224000.0,-0.0256,0.0558,0.17,0.18739999999999998,0.107,0.1378,4.0,93.45,295073,42.16,26.92,43.75,9.57,9.69,1.64,1.09,0.0591,0.53,16.92,United States,1.4,-0.11,0.0,0.21,0.0092,-0.0659,3369383000.0,3532876957.0,11.25,0.1065,2,1,Boise Cascade L.L.C. Common ST,NYSE,Boise Cascade L.L.C. Common ST,NYSE
445,CNK,1057300000.0,-2398800000.0,3456100000.0,-0.027200000000000002,-0.6829000000000001,0.6709999999999999,0.10980000000000001,0.063,0.1101,6.0,29.86,8469665,69.15,55.92,61.69,2.06,14.46,5.91,1.82,0.0907,1.15,11.03,United States,-0.05,0.043899999999999995,0.0,0.08,0.08710000000000001,-0.0277,5067000000.0,3512807010.0,17.24,0.0882,2,1,Cinemark Holdings Inc,NYSE,Cinemark Holdings Inc,NYSE
446,IPAR,234744000.0,42550000.0,192194000.0,-0.0009,0.0121,0.223,0.2198,0.11699999999999999,0.2102,7.0,109.04,154232,46.39,36.13,44.53,5.12,21.3,4.7,2.73,0.0472,2.41,21.19,United States,1.09,0.020099999999999996,4.0,0.8,0.0576,0.0406,1411261000.0,3502790056.0,20.87,0.046900000000000004,2,1,Inter Parfums,NASDAQ,Inter Parfums,NASDAQ
447,GVA,726569000.0,-86117000.0,812686000.0,0.1315,-0.0246,0.13,0.106,0.043,0.0787,6.0,79.67,1182198,55.38,48.1,60.98,2.62,30.9,3.45,5.56,0.09519999999999999,0.88,10.51,United States,-0.46,0.0504,0.0,0.13,0.0805,0.060899999999999996,3025655000.0,3507091438.0,14.62,0.036000000000000004,3,1,Granite Construction Inc.,NYSE,Granite Construction Inc.,NYSE
448,ENS,463164000.0,-839494000.0,1302658000.0,0.42869999999999997,-0.2416,0.18100000000000002,0.12240000000000001,0.087,0.121,5.0,88.07,218683,52.01,41.44,46.3,8.08,10.87,1.88,0.49,0.0414,0.98,24.13,United States,2.55,0.12,2.0,0.24,0.0232,0.0797,4027660000.0,3474242278.0,8.47,0.0944,1,0,Enersys,NYSE,Enersys,NYSE
449,KAI,95946000.0,-192581000.0,288527000.0,1.6022999999999998,-0.0555,0.136,0.139,0.077,0.1106,5.0,294.53,162176,40.44,36.52,50.05,9.48,31.07,4.09,3.23,0.0391,3.29,25.59,United States,1.97,-0.0384,10.0,0.34,0.008199999999999999,-0.0218,1430345000.0,3468355827.0,28.41,0.0322,3,1,Kadant Inc,NYSE,Kadant Inc,NYSE
450,HL,28045000.0,-522668000.0,550713000.0,-0.1691,-0.15109999999999998,0.018000000000000002,0.0417,0.012,0.0222,7.0,5.47,24214222,44.59,48.88,50.87,0.06,91.17,1.7,-3.02,0.0011,3.72,913.8,United States,0.05,0.25920000000000004,2.0,0.0,0.085,0.284,2981060000.0,3458735700.0,19.96,0.0102,2,1,Hecla Mining Company,NYSE,Hecla Mining Company,NYSE
451,ARLP,181999000.0,-304799000.0,486798000.0,0.3876,-0.09050000000000001,0.191,0.1536,0.121,0.16269999999999998,4.0,26.4,674005,47.41,51.25,57.9,2.77,9.46,1.84,-1.04,0.1043,1.38,9.59,United States,0.51,-0.1464,0.0,0.7,-0.0326,-0.023700000000000002,2915730000.0,3368666440.0,9.61,0.10710000000000001,1,0,Alliance Resource Partners L.P.,NASDAQ,Alliance Resource Partners L.P.,NASDAQ
452,BRC,138452000.0,8297000.0,130155000.0,0.7742,0.0025,0.179,0.18960000000000002,0.126,0.1524,5.0,70.83,122386,54.01,47.2,58.38,4.01,17.45,3.0,2.5,0.0554,2.37,18.05,United States,1.22,0.1259,41.0,0.24,0.1346,0.1242,1588700000.0,3360861167.0,14.46,0.0576,2,1,Brady Corp.,NYSE,Brady Corp.,NYSE
453,PLXS,317849000.0,72020000.0,245829000.0,-0.48700000000000004,0.021400000000000002,0.09300000000000001,0.1082,0.038,0.09390000000000001,6.0,124.8,185579,50.87,43.08,53.43,4.31,29.0,2.55,1.61,0.1188,0.85,8.42,United States,1.54,0.013500000000000002,0.0,0.0,0.0518,0.095,3071317000.0,3368668116.0,17.04,0.0356,3,1,Plexus,NASDAQ,Plexus,NASDAQ
454,UNF,200979000.0,130096000.0,70883000.0,-0.0125,0.0405,0.071,0.0802,0.055999999999999994,0.0652,6.0,180.91,73007,52.75,44.49,49.35,8.04,22.5,1.5,2.88,0.051100000000000007,1.31,19.56,United States,2.07,0.018799999999999997,7.0,0.35,0.0101,0.0287,2733362000.0,3210371235.0,21.85,0.046799999999999994,2,1,Unifirst Corp.,NYSE,Unifirst Corp.,NYSE
455,OTTR,294651000.0,-718698000.0,1013349000.0,0.1191,-0.21530000000000002,0.19,0.1223,0.086,0.1166,6.0,79.59,227520,52.19,50.24,51.29,7.17,11.12,2.0,2.04,0.0282,2.51,35.48,United States,1.53,0.0076,10.0,0.53,0.0259,0.0278,3652082000.0,3337874400.0,12.52,0.0904,2,1,Otter Tail Corp.,NASDAQ,Otter Tail Corp.,NASDAQ
456,AVA,30000000.0,-2990000000.0,3020000000.0,0.0304,-0.9009,0.071,0.0464,0.023,0.0536,5.0,41.33,481814,53.75,64.99,56.52,2.29,18.01,1.28,2.91,0.0003,1.71,3318.76,United States,0.98,0.0695,10.0,0.49,-0.0139,0.0545,7941000000.0,3318758216.0,16.5,0.0542,2,1,Avista Corp.,NYSE,Avista Corp.,NYSE
457,GFF,151952000.0,-1504471000.0,1656423000.0,0.018799999999999997,-0.4583,1.0859999999999999,0.22219999999999998,0.1,0.1617,7.0,69.29,345375,51.8,47.1,56.66,4.9,14.14,14.41,2.36,0.1016,1.26,9.84,United States,1.11,-0.0779,0.0,0.18,0.0013,-0.0687,2325152000.0,3282904007.0,11.81,0.0727,2,1,Griffon Corp.,NYSE,Griffon Corp.,NYSE
458,M,1306000000.0,-4400000000.0,5706000000.0,-0.04650000000000001,-1.3646,0.135,0.0739,0.035,0.0642,6.0,11.66,7040489,48.57,33.76,38.2,2.07,5.59,0.71,0.67,0.12279999999999999,0.14,8.14,United States,0.15,-0.0962,3.0,0.18,-0.053200000000000004,-0.0418,16402000000.0,3224494050.0,5.36,0.1805,0,0,Macy's Inc,NYSE,Macy's Inc,NYSE
459,NPO,236300000.0,-403800000.0,640100000.0,-0.0104,-0.1255,0.051,0.059000000000000004,0.028999999999999998,0.0481,7.0,153.89,21414,50.44,42.66,51.66,3.45,44.61,2.25,1.74,0.0404,3.07,24.74,United States,1.73,0.0171,10.0,0.31,0.0461,0.0443,2491500000.0,3216644679.0,20.52,0.0227,3,1,Enpro Industries,NYSE,Enpro Industries,NYSE
460,KFY,819956000.0,254765000.0,565191000.0,-0.0335,0.0786,0.14,0.1261,0.069,0.10099999999999999,6.0,62.67,421837,47.77,41.75,49.01,4.65,13.45,1.81,1.36,0.0977,1.18,10.24,United States,1.23,-0.0139,4.0,0.48,-0.01,-0.0175,3649659000.0,3239489078.0,12.03,0.0762,2,1,Korn/Ferry International,NYSE,Korn/Ferry International,NYSE
461,ST,593670000.0,-2605826000.0,3199496000.0,-0.0588,-0.8093,0.043,0.022400000000000003,0.017,0.0245,7.0,21.38,1443680,49.97,33.84,31.36,0.85,25.29,1.11,0.31,0.12210000000000001,0.82,8.19,United States,0.76,-0.1158,3.0,0.12,-0.056900000000000006,-0.0987,7143264000.0,3219854560.0,6.57,0.039900000000000005,1,0,Sensata Technologies Holding N.V.,NYSE,Sensata Technologies Holding N.V.,NYSE
462,HAE,320846000.0,-903991000.0,1224837000.0,0.4069,-0.2844,0.142,0.07919999999999999,0.053,0.0668,5.0,63.27,433704,55.86,41.15,41.68,2.54,24.95,3.51,1.04,0.0329,2.31,30.38,United States,1.22,-0.0405,0.0,0.0,0.048799999999999996,-0.030899999999999997,2531270000.0,3179029000.0,12.98,0.0409,2,1,Haemonetics Corp.,NYSE,Haemonetics Corp.,NYSE
463,AMED,284881000.0,-167132000.0,452013000.0,-0.061900000000000004,-0.0535,0.078,0.1085,0.042,0.0374,6.0,95.17,560642,75.84,58.79,45.82,2.71,35.12,2.6,1.37,0.0702,1.32,14.24,United States,1.11,0.0435,0.0,0.0,0.0646,0.055099999999999996,2184574000.0,3124425920.0,19.01,0.0288,3,1,Amedisys Inc,NASDAQ,Amedisys Inc,NASDAQ
464,WDFC,52995000.0,-69008000.0,122003000.0,0.0067,-0.022400000000000003,0.371,0.2882,0.19,0.2451,7.0,227.34,0,48.78,42.63,48.22,6.27,36.33,12.74,2.35,0.0215,5.05,46.43,United States,1.42,0.11,10.0,0.94,0.08310000000000001,0.1322,458262000.0,3085506666.0,38.65,0.0277,3,1,Wd-40 Company,NASDAQ,Wd-40 Company,NASDAQ
465,PSMT,250772000.0,14593000.0,236179000.0,-0.09539999999999998,0.004699999999999999,0.126,0.1524,0.069,0.11289999999999999,8.0,101.53,184209,69.54,67.93,64.44,4.69,21.65,2.66,1.94,0.025699999999999997,0.61,38.92,United States,1.41,0.037200000000000004,0.0,0.63,0.0902,0.0728,2092665000.0,3122463773.0,44.74,0.045700000000000005,2,1,Pricesmart,NASDAQ,Pricesmart,NASDAQ
466,MUR,423569000.0,-1642393000.0,2065962000.0,-0.0109,-0.5505,0.077,0.0678,0.042,0.0696,5.0,21.14,2798428,42.91,31.58,31.9,2.7,7.73,0.57,0.31,0.2751,0.99,3.63,United States,0.49,-0.161,3.0,0.33,-0.0602,-0.1409,9667479000.0,2983477980.0,6.98,0.1365,0,0,Murphy Oil Corp.,NYSE,Murphy Oil Corp.,NYSE
467,PCH,151551000.0,-883101000.0,1034652000.0,0.0009,-0.2924,0.01,0.012,0.006999999999999999,0.028900000000000002,6.0,38.17,637291,35.41,36.92,42.84,0.28,136.82,1.48,4.36,0.0223,2.84,44.76,United States,0.17,0.0731,0.0,0.45,0.0206,0.0791,3305443000.0,3019851575.0,44.95,0.0072,3,1,Potlatch Corp.,NASDAQ,Potlatch Corp.,NASDAQ
468,CAMT,388037000.0,190112000.0,197925000.0,0.005600000000000001,0.0633,0.239,0.1407,0.142,0.1306,6.0,65.88,157545,54.86,43.15,48.71,2.42,27.22,5.47,0.98,0.0373,7.0,26.79,Israel,0.77,0.2255,2.0,1.33,0.17859999999999998,0.25129999999999997,892042000.0,3003765660.0,23.36,0.0395,2,1,Camtek Ltd,NASDAQ,Camtek Ltd,NASDAQ
469,USAC,14000.0,-2514221000.0,2514235000.0,0.0695,-0.8728,0.968,0.11560000000000001,0.028999999999999998,0.1133,7.0,24.52,113602,45.2,48.14,54.75,0.72,34.15,103.78,-68.32,0.0478,3.03,20.9,United States,0.24,0.0676,0.0,0.53,0.0658,0.08900000000000001,2745601000.0,2880635790.0,23.33,0.0285,2,1,USA Compression Partners Lp,NYSE,USA Compression Partners Lp,NYSE
470,HBM,597100000.0,-737900000.0,1335000000.0,-0.0929,-0.2547,0.032,0.0667,0.013999999999999999,0.030299999999999997,8.0,7.3,4796222,50.12,45.37,50.84,0.2,36.65,1.13,2.09,0.1101,1.43,9.08,Canada,0.15,0.0274,1.0,0.01,0.0805,0.10460000000000001,5487600000.0,2897317980.0,11.74,0.0265,3,1,Hudbay Minerals Inc,NYSE,Hudbay Minerals Inc,NYSE
471,CCU,651841168.0,608391595.0,43449573.0,-0.8752,0.21660000000000001,0.09300000000000001,-0.0003,0.034,0.47350000000000003,6.0,15.2,139881,52.94,69.24,60.47,0.88,17.32,2.19,1.86,0.0759,0.96,13.17,Chile,0.32,0.0576,1.0,0.22,0.0875,0.0702,3610538932.0,2808222800.0,10.37,0.048,2,1,Compania Cervecerias Unidas S.A.,NYSE,Compania Cervecerias Unidas S.A.,NYSE
472,PATK,33561000.0,-1489096000.0,1522657000.0,0.2615,-0.5477000000000001,0.125,0.0967,0.045,0.0754,5.0,81.81,808059,51.65,44.29,54.99,4.11,19.77,2.41,1.88,0.0933,0.73,10.72,United States,0.96,0.0292,6.0,0.4,0.083,0.049100000000000005,3020954000.0,2718642304.0,15.28,0.0509,2,1,Patrick Industries,NASDAQ,Patrick Industries,NASDAQ
473,IRDM,50899000.0,-1756068000.0,1806967000.0,0.1267,-0.6745,0.19399999999999998,0.0911,0.046,0.0839,6.0,24.13,1087062,46.06,37.91,37.1,1.06,22.76,5.02,1.42,0.10980000000000001,3.09,9.11,United States,0.22,0.044199999999999996,2.0,0.14,0.0733,0.08689999999999999,2610341000.0,2603411200.0,20.71,0.0475,2,1,Iridium Communications Inc,NASDAQ,Iridium Communications Inc,NASDAQ
474,AZZ,1488000.0,-877638000.0,879126000.0,-0.10039999999999999,-0.3371,0.052000000000000005,0.12560000000000002,0.023,0.09269999999999999,7.0,87.01,198473,59.26,53.17,60.6,1.79,48.64,2.49,1.24,0.0518,1.65,19.3,United States,0.98,0.0034999999999999996,0.0,0.17,0.0756,0.0154,2227101000.0,2603444780.0,14.79,0.020099999999999996,3,1,Azz Inc.,NYSE,Azz Inc.,NYSE
475,HWKN,8305000.0,-116105000.0,124410000.0,-0.049,-0.04650000000000001,0.19,0.1869,0.11900000000000001,0.1451,7.0,119.5,72910,54.88,55.43,63.7,3.92,30.48,5.47,4.01,0.0321,2.63,31.15,United States,0.75,0.0281,10.0,0.18,0.06509999999999999,0.055099999999999996,707240000.0,2499550470.0,28.46,0.0327,3,1,Hawkins,NASDAQ,Hawkins,NASDAQ
476,NSP,642000000.0,206000000.0,436000000.0,0.0259,0.08289999999999999,0.522,0.1684,0.028999999999999998,0.1005,3.0,66.43,773920,27.47,34.85,36.47,1.69,39.31,20.87,1.42,0.0028000000000000004,0.37,354.87,United States,2.02,0.0377,2.0,0.6,0.0591,0.051699999999999996,2143000000.0,2484101530.0,17.4,0.0254,3,1,Insperity Inc,NYSE,Insperity Inc,NYSE
477,GEF,201100000.0,-2947500000.0,3148600000.0,0.1993,-1.1527,0.10300000000000001,0.08039999999999999,0.031,0.0653,4.0,52.45,132359,44.59,32.71,40.9,3.62,14.49,1.25,2.25,0.0632,0.46,15.83,United States,1.2,0.043,4.0,0.54,-0.040999999999999995,0.0582,6585700000.0,2557114781.0,11.73,0.08220000000000001,2,1,Greif Bros. Corp.,NYSE,Greif Bros. Corp.,NYSE
478,JJSF,73562000.0,-91081000.0,164643000.0,0.11800000000000001,-0.0369,0.09,0.0993,0.062,0.0746,6.0,126.66,147134,40.3,36.89,37.48,4.34,29.18,2.61,5.25,0.0354,1.55,28.27,United States,0.71,0.0239,10.0,0.78,0.0567,0.044500000000000005,1346787000.0,2468641398.0,24.88,0.0342,3,1,J & J Snack Foods,NASDAQ,J & J Snack Foods,NASDAQ
479,WEN,484993000.0,-3607573000.0,4092566000.0,-0.011399999999999999,-1.4694999999999998,0.715,0.0855,0.038,0.060899999999999996,6.0,12.49,5259667,35.1,25.28,30.13,0.95,13.17,9.47,1.32,0.1063,1.09,9.41,United States,0.2,-0.0087,0.0,0.25,0.0105,-0.0032,5034843000.0,2454887340.0,12.38,0.07919999999999999,2,1,The Wendy's Company,NASDAQ,The Wendy's Company,NASDAQ
480,ACAD,764763000.0,722726000.0,42037000.0,-0.1206,0.2964,0.395,0.32549999999999996,0.23,0.2614,4.0,14.58,1432957,40.56,36.43,42.08,1.36,10.75,3.33,-0.42,0.0645,2.55,15.51,United States,-0.03,0.1628,0.0,0.0,0.1307,0.1868,1187756000.0,2438455180.0,20.47,0.0929,1,0,Acadia Pharmaceuticals Inc.,NASDAQ,Acadia Pharmaceuticals Inc.,NASDAQ
481,TEX,388000000.0,-2196000000.0,2584000000.0,3.1477,-0.9155,0.182,0.1067,0.079,0.0978,4.0,36.41,1492665,51.1,34.03,40.37,4.96,7.31,1.31,1.64,0.07919999999999999,0.47,12.62,United States,0.58,-0.0255,4.0,0.17,0.0425,-0.0313,5730000000.0,2398626153.0,7.64,0.13970000000000002,2,1,Terex Corp.,NYSE,Terex Corp.,NYSE
482,CAKE,84176000.0,-1824044000.0,1908220000.0,0.026000000000000002,-0.769,0.406,0.07769999999999999,0.054000000000000006,0.0695,7.0,48.13,2432818,47.06,50.36,57.16,3.2,15.0,5.35,1.14,0.0455,0.66,21.97,United States,0.82,0.0387,0.0,0.27,0.07690000000000001,0.0613,3041760000.0,2372063733.0,12.76,0.0661,2,1,The Cheesecake Factory Inc.,NASDAQ,The Cheesecake Factory Inc.,NASDAQ
483,TTMI,503932000.0,-491731000.0,995663000.0,-0.003,-0.2102,0.037000000000000005,0.049400000000000006,0.017,0.0304,5.0,23.28,2065686,67.1,53.05,61.52,0.54,42.63,1.5,0.52,0.0388,0.96,25.77,United States,0.4,0.09,0.0,0.0,0.0803,0.084,3472494000.0,2339315420.0,10.87,0.0241,2,1,Ttm Technologies,NASDAQ,Ttm Technologies,NASDAQ
484,CHEF,116530000.0,-795362000.0,911892000.0,-0.0139,-0.3333,0.126,0.0943,0.036000000000000004,0.0664,6.0,57.95,606760,64.19,60.73,65.23,1.51,38.58,4.41,3.2,0.053200000000000004,0.62,18.8,United States,0.19,0.0596,0.0,0.0,0.0801,0.0799,1838576000.0,2386145528.0,32.44,0.0268,3,1,The Chefs' Warehouse Inc.,NASDAQ,The Chefs' Warehouse Inc.,NASDAQ
485,SEM,59694000.0,-2644649000.0,2704343000.0,-0.4023,-1.1243,0.134,0.0837,0.028999999999999998,0.0506,8.0,18.22,1338660,63.1,39.62,39.07,1.66,10.98,1.4,1.37,0.1257,0.45,7.96,United States,0.45,-0.21739999999999998,0.0,0.06,0.0655,-0.2151,5607951000.0,2352303360.0,14.02,0.091,2,1,Select Medical Holdings Corp.,NYSE,Select Medical Holdings Corp.,NYSE
486,POWL,373397000.0,372032000.0,1365000.0,0.1207,0.1613,0.355,0.3985,0.18,0.2956,6.0,191.13,324522,59.37,47.02,56.8,13.17,14.51,4.65,0.97,0.0213,2.18,47.05,United States,3.44,0.1081,2.0,0.27,0.1399,0.13019999999999998,912675000.0,2305926111.0,13.23,0.0696,1,0,Powell Industries,NASDAQ,Powell Industries,NASDAQ
487,MYRG,10896000.0,-121277000.0,132173000.0,0.6844,-0.0518,0.057999999999999996,0.0805,0.022000000000000002,0.0581,4.0,147.1,655115,72.61,56.59,55.26,2.16,66.65,4.26,4.91,0.0464,0.69,21.57,United States,1.2,-0.0363,0.0,0.0,0.0484,0.0225,1522061000.0,2340082500.0,20.88,0.0148,3,1,Myr Group,NASDAQ,Myr Group,NASDAQ
488,IOSP,289200000.0,244300000.0,44900000.0,-0.0066,0.1073,0.028999999999999998,0.023399999999999997,0.02,0.1246,5.0,90.47,125080,48.36,32.33,40.84,1.42,63.6,1.88,-2.95,0.053899999999999997,1.23,18.55,United States,1.41,-0.0674,10.0,0.79,0.048,-0.0593,1734700000.0,2275826700.0,14.92,0.015600000000000001,2,1,Innospec Inc.,NASDAQ,Innospec Inc.,NASDAQ
489,YELP,317906000.0,274757000.0,43149000.0,-0.5057,0.1201,0.18100000000000002,0.2208,0.135,0.1393,5.0,35.21,387564,50.67,45.33,46.96,1.88,18.66,3.07,0.4,0.10859999999999999,1.62,9.2,United States,0.33,0.0623,0.0,0.0,0.0679,0.08310000000000001,983567000.0,2286892443.0,13.77,0.0581,1,0,Yelp Inc.,NYSE,Yelp Inc.,NYSE
490,HURN,23378000.0,-591601000.0,614979000.0,-0.009300000000000001,-0.2395,0.237,0.1595,0.092,0.1277,6.0,141.3,377018,53.47,58.74,69.1,6.67,20.71,5.0,1.52,0.0781,1.58,12.8,United States,1.16,0.09359999999999999,0.0,0.0,0.111,0.11539999999999999,1363566000.0,2470437420.0,19.03,0.0499,2,1,Huron Consulting Group Inc.,NASDAQ,Huron Consulting Group Inc.,NASDAQ
491,FORM,366501000.0,327274000.0,39227000.0,-0.1852,0.1466,0.07400000000000001,0.0787,0.061,0.0393,7.0,28.97,1880965,53.86,37.03,40.67,0.89,32.55,2.36,0.71,0.0354,2.92,28.23,United States,0.19,0.0077,0.0,0.0,0.0429,-0.0348,1146215000.0,2232880132.0,18.95,0.031200000000000002,2,1,Formfactor,NASDAQ,Formfactor,NASDAQ
492,CENT,632669000.0,-779669000.0,1412338000.0,0.0254,-0.3892,0.079,0.0727,0.034,0.053200000000000004,6.0,34.07,119967,42.63,41.78,46.33,1.82,18.66,1.32,2.56,0.17809999999999998,0.62,5.62,United States,0.94,-0.0246,1.0,10.83,0.0274,-0.0028000000000000004,3535855000.0,2003225858.0,14.18,0.060700000000000004,2,1,Central Garden & Pet Company,NASDAQ,Central Garden & Pet Company,NASDAQ
493,ASGN,205200000.0,-894700000.0,1099900000.0,-0.0048,-0.4017,0.09699999999999999,0.09939999999999999,0.051,0.07719999999999999,3.0,50.75,808654,27.17,22.09,29.95,3.5,14.5,1.25,2.02,0.1638,0.55,6.11,United States,0.94,-0.0791,0.0,0.0,0.0064,-0.0016,3429000000.0,2227066567.0,9.54,0.0787,2,1,On Assignment,NYSE,On Assignment,NYSE
494,SYNA,596100000.0,-236400000.0,832500000.0,-0.1459,-0.1074,0.122,-0.0245,0.063,-0.0417,4.0,56.59,321761,53.04,38.31,36.81,4.29,13.19,1.6,0.48,0.0146,2.18,68.35,United States,0.72,0.0673,0.0,0.0,0.132,0.1392,2527500000.0,2200719456.0,13.76,0.0767,1,0,Synaptics Inc.,NASDAQ,Synaptics Inc.,NASDAQ
495,EVTC,298239000.0,-661843000.0,960082000.0,-0.026699999999999998,-0.3046,0.228,0.12179999999999999,0.059000000000000004,0.1109,7.0,33.97,268592,49.24,47.99,47.02,1.73,19.54,4.6,2.14,0.079,2.57,12.66,United States,0.76,0.0572,0.0,0.05,0.0785,0.08289999999999999,1857611000.0,2173113680.0,9.94,0.0518,2,1,Evertec Inc. Common Stock,NYSE,Evertec Inc. Common Stock,NYSE
496,DV,310625000.0,218956000.0,91669000.0,0.0611,0.10099999999999999,0.051,0.0767,0.044000000000000004,0.0444,6.0,13.24,2462884,49.47,33.5,37.45,0.32,41.66,2.0,0.95,0.0611,3.3,16.36,United States,0.15,0.0873,0.0,0.0,0.1306,0.1193,1276210000.0,2168268910.0,29.77,0.0259,2,1,Devry Inc.,NYSE,Devry Inc.,NYSE
497,MEOH,1087439000.0,-2149771000.0,3237210000.0,0.0404,-0.9854,0.107,0.0728,0.034,0.0712,7.0,32.37,1381241,53.52,36.35,39.83,3.08,10.51,0.97,0.98,0.36450000000000005,0.59,2.74,Canada,1.3,0.11349999999999999,3.0,0.19,0.1355,0.14880000000000002,6656705000.0,2181582624.0,7.55,0.10210000000000001,0,0,Methanex Corp.,NASDAQ,Methanex Corp.,NASDAQ
498,SAH,64600000.0,-3985300000.0,4049900000.0,0.0433,-1.9131,0.23800000000000002,0.1537,0.042,0.0803,4.0,61.86,226254,54.41,48.08,53.21,7.01,8.78,1.91,0.78,0.051399999999999994,0.14,19.45,United States,1.44,0.04019999999999999,4.0,0.35,0.0369,0.0449,5875700000.0,2083167433.0,9.43,0.1174,1,0,Sonic Automotive,NYSE,Sonic Automotive,NYSE
499,DKL,28167000.0,-1858574000.0,1886741000.0,0.0977,-0.8875,-3.275,0.1506,0.078,0.1052,5.0,38.98,148865,48.41,45.15,43.85,2.99,13.03,58.94,0.77,0.0416,2.23,24.02,United States,0.79,-0.0698,10.0,1.11,0.1588,0.010700000000000001,2041559000.0,2094105850.0,9.79,0.0678,1,0,Delek Logistics Partners Lp,NYSE,Delek Logistics Partners Lp,NYSE
500,ALG,197274000.0,-23207000.0,220481000.0,-0.0629,-0.011399999999999999,0.11699999999999999,0.1351,0.078,0.10310000000000001,6.0,169.32,72987,46.23,40.83,47.2,9.63,17.51,2.0,3.89,0.09230000000000001,1.25,10.83,United States,2.33,-0.08109999999999999,10.0,0.3,0.004,-0.0719,1450279000.0,2034207688.0,15.9,0.057,2,1,Alamo Group,NYSE,Alamo Group,NYSE
501,LMAT,299722000.0,114037000.0,185685000.0,8.7243,0.0559,0.136,0.10949999999999999,0.107,0.0774,6.0,90.34,209731,57.7,50.73,58.94,1.93,46.81,6.05,2.41,0.0182,9.27,54.87,United States,0.5,0.07730000000000001,10.0,0.2,0.11,0.09939999999999999,551817000.0,2038918656.0,40.52,0.0216,3,1,Lemaitre Vascular,NASDAQ,Lemaitre Vascular,NASDAQ
502,MAN,509400000.0,-722400000.0,1231800000.0,-0.0709,-0.36060000000000003,0.067,0.08130000000000001,0.017,0.051500000000000004,3.0,42.73,1219413,33.82,28.78,29.0,3.01,14.23,0.94,6.87,0.1288,0.11,7.76,United States,0.5,-0.10060000000000001,10.0,1.54,-0.030600000000000002,-0.041299999999999996,8201000000.0,2003518673.0,10.4,0.0724,1,0,Manpower Inc,NYSE,Manpower Inc,NYSE
503,HNI,28900000.0,-470200000.0,499100000.0,-0.14730000000000001,-0.2368,0.172,0.1478,0.073,0.12,6.0,42.39,150547,48.36,36.54,48.34,2.88,14.7,2.36,1.05,0.0875,0.79,11.43,United States,0.34,-0.0128,10.0,0.33,0.0327,-0.0029,1875100000.0,1986041365.0,12.19,0.0702,2,1,Hon Industries Inc.,NYSE,Hon Industries Inc.,NYSE
504,CENTA,315529000.0,-1059516000.0,1375045000.0,-0.0158,-0.5284,0.10099999999999999,0.0828,0.043,0.0632,6.0,29.89,382167,40.43,41.52,45.35,1.83,16.23,1.33,2.54,0.1702,0.61,5.88,United States,0.94,-0.0246,0.0,0.0,0.0274,-0.0028000000000000004,3540018000.0,2005069413.0,12.41,0.07400000000000001,2,1,Central Garden & Pet Company,NASDAQ,Central Garden & Pet Company,NASDAQ
505,HUBG,126948000.0,-381563000.0,508511000.0,-0.1164,-0.1968,0.064,0.0642,0.036000000000000004,0.051100000000000007,6.0,32.01,490021,40.96,27.16,39.75,1.7,18.81,1.18,1.08,0.0803,0.49,12.45,United States,0.43,-0.0336,1.0,0.13,0.0473,-0.011899999999999999,2868343000.0,1938483316.0,14.48,0.0536,2,1,Hub Group,NASDAQ,Hub Group,NASDAQ
506,HP,1841836000.0,60162000.0,1781674000.0,2.2674000000000003,0.0308,0.105,0.0891,0.059000000000000004,0.0622,6.0,19.64,2705818,41.02,29.21,34.11,3.02,6.5,0.66,5.78,0.10400000000000001,0.71,9.61,United States,0.6,0.3818,0.0,0.25,0.3763,0.4052,5816621000.0,1951795704.0,6.97,0.15560000000000002,1,0,Helmerich & Payne,NYSE,Helmerich & Payne,NYSE
507,STRA,182639000.0,63156000.0,119483000.0,-0.4053,0.0322,0.067,0.0883,0.053,0.061500000000000006,6.0,81.29,211548,50.86,40.87,44.6,4.68,17.37,1.2,1.01,0.0599,1.59,16.7,United States,0.96,0.0359,0.0,0.6,0.060700000000000004,0.058899999999999994,2074213000.0,1964226528.0,13.79,0.0574,2,1,Strayer Education,NASDAQ,Strayer Education,NASDAQ
508,PII,291700000.0,-1764000000.0,2055700000.0,-0.006,-0.912,0.031,0.064,0.006999999999999999,0.042800000000000005,5.0,34.72,1813024,44.35,20.75,26.96,0.72,48.17,1.58,1.52,0.1197,0.28,8.35,United States,-0.91,-0.11869999999999999,10.0,0.67,-0.0397,-0.0542,5450400000.0,1934157300.0,17.73,0.0208,3,1,Polaris Industries Inc.,NYSE,Polaris Industries Inc.,NYSE
509,ENR,195900000.0,-3032200000.0,3228100000.0,-0.0554,-1.5808000000000002,0.396,0.06570000000000001,0.013999999999999999,0.0533,7.0,26.67,553546,38.47,28.26,38.63,0.79,33.52,13.64,1.5,0.1193,0.66,8.38,United States,0.76,0.0095,0.0,0.3,0.024900000000000002,0.022099999999999998,4230200000.0,1918138783.0,7.3,0.0305,3,1,Energizer Holdings,NYSE,Energizer Holdings,NYSE
510,ADUS,98911000.0,-174215000.0,273126000.0,0.5590999999999999,-0.0911,0.083,0.0852,0.063,0.061200000000000004,6.0,103.92,276311,59.72,43.47,48.69,4.23,24.57,1.97,1.11,0.057699999999999994,1.66,17.32,United States,1.34,0.217,0.0,0.0,0.2403,0.2349,1412634000.0,1912034472.0,17.21,0.0385,2,1,Addus Homecare Corp.,NASDAQ,Addus Homecare Corp.,NASDAQ
511,AIN,119354000.0,-297075000.0,416429000.0,-0.051699999999999996,-0.1561,0.08199999999999999,0.0802,0.045,0.07,6.0,62.38,318369,37.96,31.55,38.51,2.49,25.05,2.11,2.0,0.0746,1.58,13.4,United States,0.62,-0.0588,7.0,0.27,0.0109,-0.049400000000000006,1688076000.0,1903026438.0,18.22,0.0408,2,1,Albany International Corp.,NYSE,Albany International Corp.,NYSE
512,KWR,188880000.0,-538316000.0,727196000.0,-0.0641,-0.2874,0.084,0.0928,0.043,0.0658,6.0,105.83,154750,41.19,25.91,32.25,6.51,16.26,1.38,2.67,0.08689999999999999,1.02,11.51,United States,1.57,-0.032,10.0,0.49,0.030600000000000002,-0.0218,2610649000.0,1873292109.0,13.26,0.0623,2,1,Quaker Chemical Corp.,NYSE,Quaker Chemical Corp.,NYSE
513,AEO,358962000.0,-1087368000.0,1446330000.0,0.21989999999999998,-0.5896,0.18899999999999997,0.1474,0.09,0.099,5.0,10.73,5986818,45.57,30.47,36.01,1.68,6.38,1.04,38.27,0.1379,0.35,7.25,United States,0.11,-0.0559,1.0,0.13,-0.0155,-0.0363,3830775000.0,1844174660.0,7.3,0.17859999999999998,2,1,American Eagle Outfitters,NYSE,American Eagle Outfitters,NYSE
514,DIOD,322188000.0,270100000.0,52088000.0,-0.161,0.1483,0.025,0.028900000000000002,0.019,0.0215,5.0,39.3,494584,50.15,32.35,33.55,0.95,41.37,1.01,0.88,0.0259,1.39,38.55,United States,0.15,0.0705,0.0,0.0,0.08,0.0962,2386281000.0,1820806590.0,25.86,0.0242,2,1,Diodes Inc.,NASDAQ,Diodes Inc.,NASDAQ
515,SUPN,453612000.0,426230000.0,27382000.0,-0.1751,0.2353,0.075,0.091,0.055,0.0536,7.0,32.5,344167,54.88,44.38,50.47,1.32,24.62,1.75,1.47,0.09449999999999999,2.74,10.58,United States,0.39,-0.0014000000000000002,0.0,0.0,-0.037200000000000004,0.042,1368073000.0,1811180525.0,15.8,0.0408,2,1,Supernus Pharmaceuticals Inc.,NASDAQ,Supernus Pharmaceuticals Inc.,NASDAQ
516,BKE,290730000.0,-35533000.0,326263000.0,0.0344,-0.019799999999999998,0.433,0.36869999999999997,0.209,0.244,6.0,35.3,425472,46.36,32.94,44.7,3.89,8.93,4.23,48.3,0.1114,1.47,8.97,United States,0.66,0.0069,0.0,0.35,0.0003,-0.013000000000000001,913173000.0,1792614864.0,8.98,0.109,2,1,Buckle,NYSE,Buckle,NYSE
517,CNMD,24459000.0,-881322000.0,905781000.0,-0.0699,-0.5133,0.146,0.09880000000000001,0.057,0.08710000000000001,2.0,57.25,1406281,57.76,40.89,37.87,4.25,13.09,1.78,5.29,0.08960000000000001,1.31,11.16,United States,0.81,0.0034999999999999996,0.0,0.2,0.059699999999999996,0.0599,2306247000.0,1716913198.0,12.2,0.0771,2,1,Conmed Corp.,NASDAQ,Conmed Corp.,NASDAQ
518,STNG,406737000.0,-381947000.0,788684000.0,-0.32020000000000004,-0.19899999999999998,0.235,0.2164,0.168,0.20920000000000002,6.0,38.35,1047523,55.73,35.03,36.39,13.15,2.92,0.67,-0.22,0.6313,1.54,1.58,Monaco,0.74,-0.4882,2.0,0.4,-0.2059,-0.3739,3833652000.0,1919289425.0,9.84,0.34840000000000004,0,0,Scorpio Tankers Inc.,NYSE,Scorpio Tankers Inc.,NYSE
519,MTRN,16713000.0,-500325000.0,517038000.0,0.0472,-0.2918,0.006999999999999999,0.0338,0.003,0.013500000000000002,6.0,84.25,228064,53.03,37.38,41.24,0.28,296.11,1.97,2.35,0.0048,1.02,208.8,United States,1.04,0.0347,10.0,0.14,0.0132,0.0565,1697632000.0,1714682034.0,15.01,0.0034000000000000002,3,1,Brush Wellman Inc,NYSE,Brush Wellman Inc,NYSE
520,SBLK,436284000.0,-1019762000.0,1456046000.0,0.15109999999999998,-0.5851,0.133,0.1075,0.079,0.0973,7.0,14.8,640207,54.91,41.8,39.18,2.8,5.3,0.7,1.95,0.4127,1.38,2.42,Greece,-0.29,-0.37579999999999997,1.0,0.09,-0.1679,-0.3195,4086378000.0,1742864640.0,10.03,0.1748,1,0,Star Bulk Carriers,NASDAQ,Star Bulk Carriers,NASDAQ
521,KLIC,538325000.0,500751000.0,37574000.0,-0.22399999999999998,0.29109999999999997,0.003,0.021400000000000002,0.003,-0.0011,6.0,32.22,378573,50.09,31.69,36.12,0.11,292.91,1.77,1.31,0.0206,2.45,48.62,United States,0.19,-0.0405,7.0,0.21,0.0712,-0.021400000000000002,1251445000.0,1720006704.0,20.83,0.0019,3,1,Kulicke And Soffa Industries,NASDAQ,Kulicke And Soffa Industries,NASDAQ
522,DHT,78143000.0,-331281000.0,409424000.0,-0.045,-0.19269999999999998,0.175,0.1542,0.12300000000000001,0.145,6.0,10.71,1274342,53.36,50.61,52.89,1.12,9.54,1.66,3.77,0.1173,3.01,8.52,Bermuda,0.17,-0.22219999999999998,0.0,0.17,-0.2458,-0.3861,1486587000.0,1718773390.0,10.95,0.10550000000000001,2,1,Dht Holdings,NYSE,Dht Holdings,NYSE
523,SXI,121147000.0,-447064000.0,568211000.0,2.2518000000000002,-0.25920000000000004,0.085,0.0588,0.048,0.0516,5.0,143.65,93396,46.14,33.74,45.16,4.57,31.43,2.63,0.95,0.031400000000000004,2.4,31.86,United States,1.92,0.1522,10.0,0.32,0.1003,0.1638,1482938000.0,1724867557.0,16.97,0.0316,2,1,Standex International Corp.,NYSE,Standex International Corp.,NYSE
524,SPB,179900000.0,-457900000.0,637800000.0,-0.5711999999999999,-0.2754,0.055999999999999994,0.0755,0.03,0.04650000000000001,6.0,63.26,421160,45.47,26.01,38.15,4.07,15.54,0.82,2.02,0.0319,0.56,31.37,United States,1.41,-0.0294,1.0,0.47,0.0166,-0.017,3614600000.0,1662512202.0,11.01,0.0718,1,0,Spectrum Brands Holdings,NYSE,Spectrum Brands Holdings,NYSE
525,LZB,314589000.0,-173607000.0,488196000.0,-0.0152,-0.10529999999999999,0.12300000000000001,0.1116,0.064,0.0768,5.0,40.0,317903,55.47,45.9,52.72,2.91,13.75,1.61,2.01,0.0673,0.79,14.86,United States,0.98,0.0231,4.0,0.22,0.0342,0.0426,1958884000.0,1649074672.0,12.57,0.07519999999999999,2,1,La-Z-Boy Inc.,NYSE,La-Z-Boy Inc.,NYSE
526,CSGS,161789000.0,-412795000.0,574584000.0,-0.030699999999999998,-0.2391,0.312,0.1612,0.063,0.1185,5.0,60.01,175734,51.52,59.06,57.15,3.03,19.81,6.11,1.26,0.06559999999999999,1.44,15.24,United States,1.02,-0.0713,10.0,0.32,0.039900000000000005,0.0124,1500687000.0,1726685733.0,12.63,0.050300000000000004,2,1,Csg Systems International,NASDAQ,Csg Systems International,NASDAQ
527,FDP,34400000.0,-370800000.0,405200000.0,-0.3085,-0.2305,0.07400000000000001,0.0755,0.047,0.0677,7.0,33.68,389791,61.84,62.36,61.04,3.06,11.01,0.8,1.73,0.1349,0.38,7.41,Cayman Islands,0.62,0.0108,5.0,0.3,0.027999999999999997,0.013600000000000001,3154100000.0,1608854842.0,12.06,0.0915,1,0,Fresh Del Monte Produce,NYSE,Fresh Del Monte Produce,NYSE
528,ACLS,571343000.0,527669000.0,43674000.0,-0.0334,0.33049999999999996,0.21,0.2066,0.152,0.17420000000000002,5.0,49.11,746215,49.66,32.4,34.27,6.15,8.05,1.58,1.23,0.0806,1.57,12.41,United States,0.38,-0.2675,0.0,0.0,-0.2225,-0.2528,1348781000.0,1596811246.0,20.89,0.1259,2,1,Axcelis Technologies,NASDAQ,Axcelis Technologies,NASDAQ
529,ICFI,18817000.0,-583455000.0,602272000.0,-0.0629,-0.3716,0.115,0.10369999999999999,0.054000000000000006,0.08349999999999999,7.0,85.29,260336,49.8,29.66,35.32,5.82,14.65,1.6,1.88,0.0956,0.78,10.46,United States,1.73,-0.014499999999999999,0.0,0.14,-0.026600000000000002,0.0052,2066353000.0,1570098608.0,10.96,0.0702,2,1,Icf International,NASDAQ,Icf International,NASDAQ
530,WERN,40752000.0,-609248000.0,650000000.0,0.0019,-0.3979,0.023,0.0305,0.011000000000000001,0.024900000000000002,2.0,24.92,2027698,31.27,23.15,33.14,0.55,45.02,1.05,2.07,0.061900000000000004,0.51,16.14,United States,0.12,-0.0387,0.0,0.14,0.0379,0.0248,3052237000.0,1531090680.0,17.75,0.022400000000000003,3,1,Werner Enterprises,NASDAQ,Werner Enterprises,NASDAQ
531,SPNS,216190000.0,152443000.0,63747000.0,-0.2677,0.09970000000000001,0.156,0.15810000000000002,0.106,0.1272,8.0,27.35,115468,54.35,45.24,46.44,1.29,21.2,3.19,5.92,0.047400000000000005,2.82,21.11,Israel,0.35,0.0149,1.0,0.66,0.0449,0.0342,691711000.0,1528514920.0,29.59,0.0472,2,1,Sapiens International Corporation N.V.,NASDAQ,Sapiens International Corporation N.V.,NASDAQ
532,SHOO,203408000.0,50420000.0,152988000.0,0.1016,0.0332,0.204,0.22440000000000002,0.122,0.17,5.0,20.9,1438802,37.93,20.28,29.47,2.35,8.9,1.79,1.83,0.1133,0.67,8.83,United States,0.46,0.0077,0.0,0.21,0.195,0.0296,1411771000.0,1519743534.0,8.71,0.1115,2,1,Steven Madden,NASDAQ,Steven Madden,NASDAQ
533,KMT,121151000.0,-521045000.0,642196000.0,-0.036000000000000004,-0.34490000000000004,0.077,0.079,0.039,0.0621,6.0,19.6,654656,47.33,31.08,38.07,1.22,16.07,1.24,0.56,0.12990000000000002,0.75,7.7,United States,0.24,-0.051399999999999994,0.0,0.2,-0.0268,-0.0397,2435805000.0,1510846659.0,16.38,0.0637,1,0,Kennametal Inc.,NYSE,Kennametal Inc.,NYSE
534,OMCL,369201000.0,-2643000.0,371844000.0,-0.3839,-0.0018,0.01,0.0002,0.006,0.0001,5.0,31.45,519410,44.61,33.63,37.35,0.27,116.2,1.18,2.28,0.09179999999999999,1.32,10.9,United States,0.2,0.057,0.0,0.0,0.0375,0.0774,2120960000.0,1470420604.0,17.26,0.0085,3,1,Omnicell,NASDAQ,Omnicell,NASDAQ
535,MCRI,58760000.0,44696000.0,14064000.0,-0.31120000000000003,0.030899999999999997,0.14300000000000002,0.1697,0.107,0.13699999999999998,5.0,78.25,69376,47.73,44.86,51.85,3.84,20.07,2.8,1.89,0.0645,2.77,15.5,United States,1.04,0.013300000000000001,0.0,0.3,0.0432,0.0329,691583000.0,1447581096.0,15.02,0.050300000000000004,2,1,Monarch Casino & Resort,NASDAQ,Monarch Casino & Resort,NASDAQ
536,LNN,186720000.0,54523000.0,132197000.0,-0.0003,0.0384,0.156,0.1394,0.099,0.113,5.0,130.03,25068,55.77,52.91,51.03,7.03,18.5,2.75,1.17,0.0623,2.19,16.05,United States,1.89,0.1707,10.0,0.36,0.11289999999999999,0.1818,814185000.0,1418599680.0,21.03,0.0542,2,1,Lindsay Corp.,NYSE,Lindsay Corp.,NYSE
537,DXPE,148411000.0,-527948000.0,676359000.0,0.1743,-0.37689999999999996,0.17800000000000002,0.13470000000000001,0.057,0.1097,5.0,88.98,80014,60.98,56.76,67.95,4.22,21.11,3.31,2.1,0.055099999999999996,0.78,18.16,United States,1.2,0.156,0.0,0.0,0.1204,0.1791,1349494000.0,1400866151.0,18.35,0.050300000000000004,2,1,Dxp Enterprises,NASDAQ,Dxp Enterprises,NASDAQ
538,BV,98300000.0,-782400000.0,880700000.0,-0.0941,-0.5844,0.028999999999999998,0.057800000000000004,0.011000000000000001,0.038599999999999995,5.0,14.0,560275,59.46,48.51,54.95,0.18,77.78,1.06,4.04,0.0989,0.49,10.11,United States,0.11,-0.044000000000000004,0.0,0.0,0.0329,-0.0113,3307600000.0,1338910000.0,15.57,0.0273,3,1,Bazaarvoice Inc.,NASDAQ,Bazaarvoice Inc.,NASDAQ
539,TNC,99800000.0,-136000000.0,235800000.0,0.0342,-0.1041,0.134,0.12689999999999999,0.071,0.1066,4.0,69.76,270241,36.17,28.18,39.31,4.38,15.93,2.1,2.01,0.0529,1.02,18.9,United States,1.3,-0.0462,53.0,0.3,-0.0246,-0.0268,1190100000.0,1306278652.0,11.13,0.0641,2,1,Tennant Company,NYSE,Tennant Company,NYSE
540,ANDE,561771000.0,-314445000.0,876216000.0,0.3171,-0.24780000000000002,0.086,0.0736,0.032,0.0672,5.0,37.38,304390,38.74,35.94,40.37,3.32,11.14,0.93,2.93,0.1437,0.11,6.96,United States,-0.08,0.048600000000000004,0.0,0.2,0.059699999999999996,0.0691,4121314000.0,1268709258.0,11.45,0.08990000000000001,1,0,The Andersons,NASDAQ,The Andersons,NASDAQ
541,HIMX,224574000.0,-313626000.0,538200000.0,0.0906,-0.513,0.092,0.0872,0.048,0.0493,6.0,7.16,1035235,51.13,46.54,50.37,0.46,15.57,0.69,2.81,0.17370000000000002,0.67,5.76,Taiwan,0.1,0.0125,0.0,0.29,0.0646,0.0434,1639521000.0,611316981.0,9.84,0.1305,1,0,Himax Technologies,NASDAQ,Himax Technologies,NASDAQ
542,BHE,328027000.0,-38164000.0,366191000.0,-0.19399999999999998,-0.031400000000000004,0.057999999999999996,0.07440000000000001,0.028999999999999998,0.0558,7.0,33.88,475978,40.84,37.32,48.1,1.72,19.7,1.09,1.91,0.13,0.46,7.69,United States,0.5,-0.0527,1.0,0.17,0.0455,0.011000000000000001,2139464000.0,1215338852.0,13.63,0.0521,2,1,Benchmark Electronics,NYSE,Benchmark Electronics,NYSE
543,CRI,320794000.0,-801718000.0,1122512000.0,0.0441,-0.6598999999999999,0.195,0.12140000000000001,0.069,0.0924,5.0,33.34,1131847,38.66,22.53,26.31,4.52,7.38,1.43,1.81,0.1821,0.43,5.49,United States,0.52,-0.0576,1.0,0.8,-0.008100000000000001,-0.0012,2331800000.0,1214949608.0,8.34,0.13419999999999999,2,1,Carter's,NYSE,Carter's,NYSE
544,SCL,99665000.0,-583166000.0,682831000.0,-0.0412,-0.49450000000000005,0.042,0.045599999999999995,0.021,0.0317,5.0,53.45,320236,57.61,35.34,30.72,2.2,23.44,1.01,4.34,0.0333,0.54,30.02,United States,0.6,0.0197,57.0,0.39,0.0645,0.0308,2304648000.0,1179282947.0,16.14,0.042699999999999995,2,1,Stepan Company,NYSE,Stepan Company,NYSE
545,BTE,11986246.0,-1634688672.0,1646674917.0,-0.065,-1.2963999999999998,0.059000000000000004,0.09210000000000002,0.031,0.0785,7.0,1.63,69974174,41.41,27.28,30.25,0.2,8.09,0.42,-0.98,0.33990000000000004,0.55,2.94,Canada,0.12,0.6123,1.0,0.02,0.0415,0.2082,5599651454.0,1260951700.0,2.93,0.1303,0,0,Baytex Energy Corp,NYSE,Baytex Energy Corp,NYSE
546,PLAB,642200000.0,639548000.0,2652000.0,-0.8868,0.5462,0.135,0.13970000000000002,0.08800000000000001,0.131,5.0,18.51,670771,46.19,34.62,41.74,2.35,7.88,1.04,4.27,0.15,1.36,6.67,United States,0.48,-0.023,0.0,0.0,0.026000000000000002,-0.009899999999999999,1704671000.0,1170806514.0,8.79,0.1259,2,1,Photronics,NASDAQ,Photronics,NASDAQ
547,CTS,90288000.0,-21911000.0,112199000.0,0.1721,-0.0189,0.114,0.11630000000000001,0.079,0.09390000000000001,3.0,38.82,270869,46.83,35.14,42.43,1.97,19.65,2.16,2.05,0.0666,2.25,15.01,United States,0.49,0.0236,0.0,0.04,0.0441,0.0339,765528000.0,1161814843.0,16.81,0.052000000000000005,2,1,Cts Corp.,NYSE,Cts Corp.,NYSE
548,THS,289600000.0,-1238200000.0,1527800000.0,-0.0215,-1.0658,0.017,0.0298,0.006999999999999999,0.027200000000000002,5.0,23.13,783600,42.04,26.72,28.02,0.51,45.18,0.75,0.62,0.10980000000000001,0.35,9.11,United States,-0.24,-0.0378,0.0,0.0,0.0143,-0.0269,3980000000.0,1161708990.0,12.77,0.0232,1,0,Treehouse Foods,NYSE,Treehouse Foods,NYSE
549,GIII,181440000.0,-96244000.0,277684000.0,-0.5745,-0.087,0.122,0.1465,0.07400000000000001,0.1073,7.0,25.27,389060,48.11,38.63,46.68,4.2,5.97,0.66,0.98,0.2475,0.35,4.04,United States,0.08,0.0227,0.0,0.0,-0.0015,0.0771,2483234000.0,1106514888.0,6.05,0.17489999999999997,0,0,G-III Apparel Group,NASDAQ,G-III Apparel Group,NASDAQ
550,TILE,99226000.0,-283919000.0,383145000.0,-0.2455,-0.257,0.18600000000000003,0.1433,0.07200000000000001,0.11800000000000001,7.0,18.88,439266,48.88,41.8,54.34,1.48,12.76,2.26,0.82,0.1047,0.84,9.55,United States,0.21,0.0254,0.0,0.01,0.0421,0.046,1170816000.0,1104760800.0,12.44,0.0787,1,0,Interface,NASDAQ,Interface,NASDAQ
551,VECO,344538000.0,34022000.0,310516000.0,0.0132,0.0308,0.10099999999999999,0.0754,0.059000000000000004,0.0663,6.0,18.94,575217,46.66,27.69,36.8,1.23,15.43,1.43,0.53,0.0432,1.54,23.14,United States,0.32,-0.048600000000000004,0.0,0.0,-0.0245,-0.0282,1251577000.0,1104559373.0,13.11,0.0667,1,0,Veeco Instruments Inc.,NASDAQ,Veeco Instruments Inc.,NASDAQ
552,USPH,41362000.0,-253870000.0,295232000.0,0.1417,-0.23379999999999998,0.065,0.051399999999999994,0.03,0.055,4.0,71.55,0,50.66,33.15,39.79,1.84,38.89,2.22,2.98,0.060599999999999994,1.62,16.51,United States,0.45,0.1356,4.0,0.45,0.1534,0.17370000000000002,1167467000.0,1085902716.0,25.9,0.028900000000000002,3,1,U.S. Physical Therapy,NYSE,U.S. Physical Therapy,NYSE
553,PFBC,936600000.0,1081504000.0,168507000.0,-0.47200000000000003,1.0041,0.2079,0.027200000000000002,0.0215,0.1679,2.0,81.21,127423,49.05,45.49,53.38,9.64,8.42,1.54,1.83,0.1512,2.64,6.62,United States,2.33,0.029300000000000003,4.0,0.75,0.068,0.056900000000000006,6756213000.0,1077040934.0,8.11,0.135,2,1,Preferred Bank,NASDAQ,Preferred Bank,NASDAQ
554,CRAI,33246000.0,-69991000.0,103237000.0,-0.0507,-0.061399999999999996,0.228,0.2207,0.083,0.158,5.0,156.06,49116,34.27,36.79,52.82,6.74,23.15,5.38,1.29,0.028999999999999998,1.66,34.43,United States,1.95,0.0282,9.0,0.49,0.0659,0.0487,571439000.0,1139895430.0,19.44,0.0409,2,1,Cra Internationalinc.,NASDAQ,Cra Internationalinc.,NASDAQ
555,RES,326724000.0,295805000.0,30919000.0,0.13390000000000002,0.276,0.071,0.0782,0.055999999999999994,0.0567,5.0,4.87,1438086,45.39,40.47,39.54,0.36,13.51,0.99,-2.73,0.1425,0.78,7.02,United States,0.05,-0.1353,0.0,0.04,0.0007000000000000001,0.0067,1345919000.0,1071945900.0,13.37,0.0709,0,0,Rpc,NYSE,Rpc,NYSE
556,HLIT,101789000.0,-46526000.0,148315000.0,-0.0496,-0.0441,0.092,0.1038,0.052000000000000005,0.0697,7.0,9.03,943922,47.42,34.93,41.8,0.33,27.35,2.27,-0.21,0.0499,1.56,20.02,United States,0.05,0.0447,0.0,0.0,-0.0689,0.0098,796506000.0,1055818060.0,12.78,0.0371,2,1,Harmonic Inc.,NASDAQ,Harmonic Inc.,NASDAQ
557,DGII,25935000.0,-82654000.0,108589000.0,-0.48590000000000005,-0.0805,0.062,0.0698,0.044000000000000004,0.0675,6.0,27.89,175838,54.54,46.27,48.79,0.96,29.05,1.74,0.92,0.0892,2.43,11.21,United States,0.48,-0.0336,0.0,0.0,0.0163,-0.0108,796113000.0,1026904736.0,13.84,0.0347,2,1,Digi International Inc.,NASDAQ,Digi International Inc.,NASDAQ
558,HSTM,97217000.0,79851000.0,17366000.0,-0.1423,0.0779,0.057,0.06280000000000001,0.04,0.045599999999999995,7.0,33.52,125864,61.63,59.96,64.6,0.66,51.05,2.85,4.25,0.0288,3.52,34.74,United States,0.17,0.0298,1.0,0.03,0.0654,0.050499999999999996,510766000.0,1025344827.0,49.78,0.0195,3,1,Healthstream,NASDAQ,Healthstream,NASDAQ
559,SBGI,697000000.0,-3584000000.0,4281000000.0,-0.0154,-3.5298000000000003,0.742,0.1307,0.053,0.091,7.0,14.6,390619,50.16,47.48,46.4,4.69,3.11,1.74,0.89,0.0138,0.29,72.53,United States,-0.22,-0.0291,0.0,0.25,-0.08259999999999999,-0.0097,5885000000.0,1015354664.0,21.98,0.3053,1,0,Sinclair Broadcast Group,NASDAQ,Sinclair Broadcast Group,NASDAQ
560,MRC,63000000.0,-508000000.0,571000000.0,0.1152,-0.5041,0.05,0.0968,0.015,0.0833,6.0,11.72,690709,57.72,46.49,49.3,0.3,38.93,1.95,9.89,0.24609999999999999,0.33,4.06,United States,0.09,-0.1191,0.0,0.0,0.057800000000000004,-0.1298,1624000000.0,1007727098.0,12.05,0.0258,3,1,Mrc Global Inc.,NYSE,Mrc Global Inc.,NYSE
561,RDWR,275781000.0,257512000.0,18269000.0,-0.1176,0.25420000000000004,0.02,-0.0086,0.01,-0.0055000000000000005,5.0,23.47,183759,67.69,57.31,57.19,0.14,171.5,3.2,30.49,0.0655,3.69,15.27,Israel,0.23,0.08410000000000001,0.0,0.0,0.09539999999999998,0.1054,618676000.0,1013164078.0,26.74,0.006,3,1,Radware Ltd,NASDAQ,Radware Ltd,NASDAQ
562,GOGO,41765000.0,-860494000.0,902259000.0,0.35109999999999997,-0.8654000000000001,0.23199999999999998,0.054000000000000006,0.015,0.04,4.0,7.6,944094,52.06,48.55,42.43,0.1,75.95,14.34,-0.43,0.0189,2.24,53.0,United States,0.08,1.0603,0.0,0.0,0.833,1.0967,1229231000.0,994319500.0,17.02,0.0138,2,1,Gogo Inc.,NASDAQ,Gogo Inc.,NASDAQ
563,LQDT,139145000.0,125782000.0,13363000.0,0.35840000000000005,0.1276,0.135,0.16519999999999999,0.073,0.1042,6.0,31.87,160697,55.36,54.95,68.36,0.75,42.4,5.21,1.78,0.0588,2.38,17.01,United States,0.3,0.369,0.0,0.0,0.3653,0.35359999999999997,333206000.0,985808168.0,33.17,0.0242,3,1,Liquidity Services,NASDAQ,Liquidity Services,NASDAQ
564,TRS,32710000.0,-451120000.0,483830000.0,0.0274,-0.4586,0.046,0.0481,0.023,0.0381,6.0,24.2,604439,64.39,51.32,46.49,0.77,31.43,1.43,1.63,0.0304,1.05,32.9,United States,0.4,0.0366,0.0,0.04,0.0634,0.053099999999999994,1393750000.0,983771140.0,15.87,0.0321,3,1,Trimas Corp.,NASDAQ,Trimas Corp.,NASDAQ
565,CBRL,10346000.0,-1116788000.0,1127134000.0,-0.0128,-1.1764000000000001,0.081,0.0231,0.017,0.0509,7.0,42.71,811690,51.72,44.08,38.94,1.61,26.53,2.06,2.5,0.0535,0.27,18.68,United States,0.26,0.0128,0.0,0.25,0.0182,0.028900000000000002,2149557000.0,949315640.0,16.47,0.0379,3,1,Cracker Barrel Old Country Store,NASDAQ,Cracker Barrel Old Country Store,NASDAQ
566,HLX,369987000.0,-285810000.0,655797000.0,-0.046,-0.2987,0.055,0.059000000000000004,0.032,0.04650000000000001,7.0,6.26,3733756,38.63,32.54,39.67,0.55,11.48,0.62,-1.41,0.11900000000000001,0.71,8.4,United States,-0.04,-0.037599999999999995,0.0,0.0,0.057,0.0461,2635023000.0,956911950.0,6.51,0.0888,0,0,Helix Energy Solutions Group,NYSE,Helix Energy Solutions Group,NYSE
567,MDXG,104416000.0,85586000.0,18830000.0,-0.6164999999999999,0.09140000000000001,0.243,0.26899999999999996,0.177,0.2022,6.0,6.35,1510254,32.09,33.99,46.49,0.28,22.63,4.85,2.97,0.0689,2.68,14.52,United States,0.05,0.019,0.0,0.0,0.09230000000000001,0.038,263915000.0,936510930.0,20.7,0.0453,2,1,Mimedx Group Inc,NASDAQ,Mimedx Group Inc,NASDAQ
568,AGRO,257341000.0,-864245000.0,1121586000.0,-0.1261,-0.18969999999999998,0.067,0.07429999999999999,0.028999999999999998,0.071,7.0,9.18,1051185,29.71,36.96,45.09,0.9,10.16,3.33,0.06,0.0202,3.0,49.63,Luxembourg,0.04,0.17010000000000003,3.0,0.18,0.0126,0.15710000000000002,3114888000.0,4554958350.0,18.21,0.0203,1,0,Adecoagro S.A.,NYSE,Adecoagro S.A.,NYSE
569,THR,38744000.0,-128154000.0,166898000.0,-0.2718,-0.1427,0.09699999999999999,0.1139,0.061,0.0833,6.0,26.75,138864,52.84,44.45,48.57,1.37,19.41,1.84,4.04,0.0721,1.83,13.86,United States,0.5,0.047,0.0,0.0,0.0092,0.0574,763391000.0,898346517.0,13.36,0.0519,2,1,Thermon Group Holdings Inc.,NYSE,Thermon Group Holdings Inc.,NYSE
570,FOXF,71674000.0,-633387000.0,705061000.0,-0.051699999999999996,-0.7352,0.005,0.028399999999999998,0.003,0.1887,5.0,20.71,317704,45.77,27.86,30.21,0.16,128.69,0.72,1.72,0.10189999999999999,0.62,9.81,United States,0.32,0.0054,0.0,0.0,0.0424,0.0115,2232310000.0,861569622.0,11.68,0.0076,2,1,Fox Factory Holding Corp.,NASDAQ,Fox Factory Holding Corp.,NASDAQ
571,KRO,114700000.0,-409800000.0,524500000.0,0.14150000000000001,-0.47950000000000004,0.107,0.134,0.048,0.0528,6.0,7.5,272437,49.35,34.93,38.11,0.75,10.0,1.05,-0.53,0.050300000000000004,0.45,19.88,United States,0.16,-0.0256,0.0,0.05,0.1324,0.0576,1913500000.0,854717480.0,9.81,0.1009,1,0,Kronos Worldwide Inc,NYSE,Kronos Worldwide Inc,NYSE
572,ASTE,95400000.0,-12100000.0,107500000.0,-0.20129999999999998,-0.014199999999999999,0.024,0.0501,0.013999999999999999,0.0258,7.0,37.33,182083,59.27,55.69,48.6,0.67,55.72,1.31,2.6,0.0863,0.64,11.58,United States,0.46,0.0362,0.0,0.13,0.0605,0.057,1056000000.0,854768460.0,14.52,0.0178,3,1,Astec Industries,NASDAQ,Astec Industries,NASDAQ
573,PRLB,103090000.0,99574000.0,3516000.0,-0.3589,0.1174,0.024,0.035699999999999996,0.022000000000000002,0.0199,6.0,35.8,208892,55.51,48.24,47.89,0.66,54.16,1.27,1.71,0.081,1.69,12.35,United States,0.29,-0.0327,0.0,0.0,0.0349,-0.0134,743512000.0,848372714.0,25.22,0.0196,3,1,Proto Labs Inc.,NYSE,Proto Labs Inc.,NYSE
574,UCTT,317600000.0,-328800000.0,646400000.0,-0.0008,-0.3875,0.033,0.06509999999999999,0.015,0.0275,7.0,18.68,791647,41.03,30.41,36.45,0.62,30.32,0.97,0.55,0.029900000000000003,0.4,33.41,United States,0.31,0.1014,0.0,0.0,0.049800000000000004,0.06,1891000000.0,848487240.0,7.7,0.0331,1,0,Ultra Clean Holdings,NASDAQ,Ultra Clean Holdings,NASDAQ
575,NSSC,99195000.0,93778000.0,5417000.0,-0.0329,0.1121,0.27699999999999997,0.2897,0.237,0.2523,6.0,22.98,448090,53.79,33.19,39.88,1.3,17.68,4.8,16.27,0.0591,4.48,16.91,United States,0.27,-0.08439999999999999,2.0,0.13,-0.057999999999999996,-0.1069,202684000.0,836504172.0,18.99,0.057800000000000004,2,1,Napco Security Technologies,NASDAQ,Napco Security Technologies,NASDAQ
576,SBH,105528000.0,-1445668000.0,1551196000.0,-0.063,-1.7549000000000001,0.292,0.1452,0.064,0.1054,7.0,8.11,1377785,45.16,32.07,38.49,1.66,4.88,1.25,1.63,0.2207,0.22,4.53,United States,0.39,-0.008100000000000001,0.0,0.0,0.0108,0.0023,2710768000.0,823788320.0,4.31,0.2137,2,1,Sally Beauty Holdings,NYSE,Sally Beauty Holdings,NYSE
577,BELFB,121220000.0,39763000.0,81457000.0,-0.32289999999999996,0.0478,0.22899999999999998,0.18600000000000003,0.134,0.1705,5.0,67.06,82923,46.78,42.58,54.08,3.27,20.87,2.4,0.82,0.11130000000000001,1.4,8.98,United States,1.11,0.1549,0.0,0.07,0.2235,0.2275,555337000.0,831436100.0,14.99,0.0904,1,0,Bel Fuse Inc.,NASDAQ,Bel Fuse Inc.,NASDAQ
578,THRM,163142000.0,-159360000.0,322502000.0,0.2734,-0.19519999999999998,0.078,0.1026,0.039,0.065,6.0,26.4,611885,51.72,27.32,31.85,1.6,16.56,1.26,0.71,0.0506,0.56,19.75,United States,0.47,-0.0301,0.0,0.0,-0.0049,0.0134,1344246000.0,816396009.0,10.15,0.0613,1,0,Amerigon Incorporated,NASDAQ,Amerigon Incorporated,NASDAQ
579,AMSC,80040000.0,77315000.0,2725000.0,0.43270000000000003,0.0964,0.019,-0.0078000000000000005,0.012,-0.0068000000000000005,7.0,20.47,441556,55.72,45.09,53.57,0.08,253.63,4.16,-0.06,0.0281,4.05,35.57,United States,0.1,0.434,0.0,0.0,0.5158,0.46259999999999996,310278000.0,802215701.0,42.63,0.0040999999999999995,2,1,American Superconductor Corp.,NASDAQ,American Superconductor Corp.,NASDAQ
580,HSII,563523000.0,462718000.0,100805000.0,0.0111,0.5727,0.019,0.022799999999999997,0.008,0.0039000000000000003,6.0,39.15,23973,44.4,43.5,53.57,0.41,95.49,1.78,0.84,0.1536,0.72,6.51,United States,0.67,0.0084,0.0,0.15,0.018600000000000002,0.0339,1194188000.0,807889084.0,12.95,0.0108,2,1,Heidrick & Struggles International,NASDAQ,Heidrick & Struggles International,NASDAQ
581,KSS,134000000.0,-7025000000.0,7159000000.0,-0.0294,-8.7523,0.028999999999999998,0.0415,0.008,0.0378,6.0,7.22,19532732,47.19,24.76,30.47,0.98,7.37,0.21,1.53,0.2268,0.05,4.41,United States,-0.53,-0.11,0.0,0.13,-0.0926,-0.1276,13559000000.0,802646040.0,8.11,0.1358,1,0,Kohl's Corp.,NYSE,Kohl's Corp.,NYSE
582,BELFA,69203000.0,-249009000.0,318212000.0,2.9499,-0.2986,0.138,0.0702,0.07400000000000001,0.0724,5.0,62.8,5320,43.09,33.58,47.03,3.1,20.26,2.31,0.81,0.0729,1.56,13.71,United States,0.99,0.1549,0.0,0.06,0.2235,0.1841,949789000.0,834035308.0,10.95,0.059000000000000004,1,0,Bel Fuse Inc.,NASDAQ,Bel Fuse Inc.,NASDAQ
583,NX,55468000.0,-824382000.0,879850000.0,6.8876,-1.0578,0.015,0.0241,0.008,0.018000000000000002,5.0,16.71,386678,45.22,30.52,36.46,0.39,42.23,0.8,0.5,0.0622,0.54,16.07,United States,0.49,0.6984999999999999,0.0,0.08,0.4892,0.6453,2220489000.0,779299950.0,6.4,0.015300000000000001,1,0,Quanex Building Products Corp.,NYSE,Quanex Building Products Corp.,NYSE
584,SCSC,110520000.0,-29379000.0,139899000.0,-0.1704,-0.037599999999999995,0.068,0.0837,0.036000000000000004,0.0556,6.0,33.37,162401,50.42,34.04,43.08,2.54,13.03,0.87,0.85,0.3141,0.26,3.18,United States,0.77,0.0429,0.0,0.0,-0.0187,0.0966,1702529000.0,781569185.0,9.26,0.0805,0,0,Scansource,NASDAQ,Scansource,NASDAQ
585,SXC,193700000.0,-299200000.0,492900000.0,0.0043,-0.38549999999999995,0.14,0.0951,0.055999999999999994,0.1001,6.0,9.1,1208692,46.5,44.91,48.27,1.08,8.48,1.13,-3.65,0.1576,0.41,6.35,United States,0.17,-0.2391,3.0,0.12,-0.23120000000000002,-0.17920000000000003,1668400000.0,776205654.0,12.77,0.1201,1,0,Suncoke Energy Inc,NYSE,Suncoke Energy Inc,NYSE
586,HCKT,16366000.0,690000.0,15676000.0,-0.5446,0.001,0.281,0.3214,0.158,0.2341,7.0,25.72,126802,36.66,37.72,51.35,1.05,24.53,6.15,1.14,0.061500000000000006,2.26,16.27,United States,0.4,0.0015,0.0,0.12,0.0767,0.0416,191877000.0,710251430.0,14.43,0.0417,2,1,The Hackett Group,NASDAQ,The Hackett Group,NASDAQ
587,HY,96600000.0,-344100000.0,440700000.0,-0.1079,-0.4955,0.302,0.2583,0.067,0.1752,7.0,39.24,63310,46.25,30.22,41.03,8.04,4.88,1.46,1.61,0.1796,0.16,5.57,United States,0.49,-0.10289999999999999,10.0,0.35,-0.0646,-0.076,2029200000.0,694484863.0,13.9,0.20489999999999997,2,1,Hyster-Yale Materials Handling,NYSE,Hyster-Yale Materials Handling,NYSE
588,MGIC,112830000.0,26678000.0,86152000.0,-0.2075,0.038900000000000004,0.134,0.1472,0.069,0.12890000000000001,6.0,13.87,0,59.96,61.69,57.14,0.75,18.61,2.47,1.08,0.10679999999999999,1.24,9.36,Israel,0.25,0.1001,0.0,0.33,0.0753,0.1244,540331000.0,685180732.0,23.92,0.0538,2,1,Magic Software Enterprises Ltd,NASDAQ,Magic Software Enterprises Ltd,NASDAQ
589,SLP,21385000.0,20589000.0,796000.0,-0.22870000000000001,0.031200000000000002,0.039,0.0447,0.037000000000000005,0.0159,5.0,33.75,277993,59.61,54.02,46.92,0.35,93.9,3.49,9.77,0.0131,8.41,76.54,United States,0.26,0.1975,0.0,0.06,0.3038,0.2097,201427000.0,660948015.0,46.17,0.011000000000000001,3,1,Simulations Plus,NASDAQ,Simulations Plus,NASDAQ
590,KFRC,444000.0,-68208000.0,68652000.0,0.5524,-0.0931,0.304,0.24760000000000001,0.13,0.23739999999999997,4.0,38.3,293067,28.48,21.27,29.4,2.55,14.98,5.31,0.43,0.0875,0.53,11.43,United States,0.47,-0.0513,7.0,0.39,-0.0016,-0.0217,368195000.0,732432908.0,13.45,0.065,1,0,Kforce,NASDAQ,Kforce,NASDAQ
591,DLX,34399000.0,-1517734000.0,1552133000.0,-0.0603,-2.3011,0.086,0.09050000000000001,0.019,0.061200000000000004,6.0,14.75,718833,43.86,31.57,38.8,1.18,12.5,1.06,0.39,0.1514,0.31,6.6,United States,0.71,-0.0179,0.0,0.3,0.0086,0.0052,2831036000.0,659581650.0,4.37,0.0801,1,0,Deluxe Corp.,NYSE,Deluxe Corp.,NYSE
592,MGPI,25273000.0,-310208000.0,335481000.0,0.12369999999999999,-0.4794,0.039,0.0587,0.024,0.0391,6.0,30.87,648526,61.03,30.13,28.98,1.56,19.51,0.78,1.13,0.0481,0.92,20.81,United States,0.37,-0.313,0.0,0.12,-0.23260000000000003,-0.2872,1405785000.0,647042526.0,9.82,0.053,1,0,Mgp Ingredients,NASDAQ,Mgp Ingredients,NASDAQ
593,GSM,138840000.0,-71714000.0,210554000.0,-0.39649999999999996,-0.1091,0.006,0.0432,0.003,0.0046,6.0,3.51,580594,49.07,42.54,42.06,0.12,29.21,0.81,9.51,0.2541,0.4,3.94,United Kingdom,0.05,0.107,0.0,0.01,-0.0121,-0.1338,1454307000.0,657597500.0,12.89,0.008,2,1,Globe Specialty Metals Inc.,NASDAQ,Globe Specialty Metals Inc.,NASDAQ
594,HELE,18867000.0,-937976000.0,956843000.0,0.36119999999999997,-1.4753999999999998,0.077,0.053899999999999997,0.042,0.073,5.0,27.74,638191,24.1,22.15,30.27,5.37,5.17,0.38,0.78,0.1311,0.33,7.63,United States,2.38,-0.0154,0.0,0.0,0.0757,0.0055000000000000005,3132083000.0,635742217.0,3.34,0.19469999999999998,0,0,Helen Of Troy Limited,NASDAQ,Helen Of Troy Limited,NASDAQ
595,CSV,1165000.0,-559703000.0,560868000.0,-0.0724,-0.9006000000000001,0.17,0.0673,0.026000000000000002,0.07,7.0,39.74,140940,57.84,59.15,61.41,2.1,18.93,2.98,0.83,0.057800000000000004,1.54,17.31,United States,0.84,0.006500000000000001,0.0,0.11,0.0203,-0.009899999999999999,1279580000.0,621453019.0,12.89,0.053,1,0,Carriage Services,NYSE,Carriage Services,NYSE
596,SMP,50276000.0,-700164000.0,750440000.0,1.4559,-1.1143,0.049,0.0481,0.019,0.0388,5.0,27.63,323854,67.84,47.12,40.24,1.4,19.74,0.98,2.34,0.0304,0.41,32.85,United States,0.44,0.19,0.0,0.31,0.1777,0.1918,1926091000.0,628347645.0,9.25,0.049699999999999994,1,0,Standard Motor Products,NYSE,Standard Motor Products,NYSE
597,PSIX,58491000.0,-86859000.0,145350000.0,-0.1656,-0.14679999999999999,2.0469999999999997,0.8114,0.22,0.3826,7.0,25.72,165731,49.23,47.52,61.57,3.01,8.55,9.07,-0.3,0.0977,1.24,10.23,United States,-0.44,-0.3071,0.0,0.0,0.09269999999999999,0.1416,328182000.0,591763188.0,8.89,0.11710000000000001,1,0,Power Solutions Inte,NASDAQ,Power Solutions Inte,NASDAQ
598,GES,188492000.0,-1232378000.0,1420870000.0,0.22210000000000002,-2.1322,0.12,0.0518,0.022000000000000002,0.078,5.0,11.17,452885,52.86,39.7,36.04,0.77,14.45,1.14,6.14,0.0616,0.19,16.24,Switzerland,1.38,0.0187,4.0,0.3,0.04769999999999999,0.028900000000000002,2766678000.0,577989240.0,6.46,0.1045,2,1,Guess,NYSE,Guess,NYSE
599,GNK,44005000.0,-45212000.0,89217000.0,-0.5407,-0.078,0.083,0.0883,0.071,0.0857,7.0,13.36,734118,55.25,41.13,41.94,1.75,7.71,0.63,-1.77,0.2995,1.37,3.34,United States,-0.24,-0.6297,1.0,0.3,-0.185,-0.41659999999999997,1056602000.0,579523655.0,24.4,0.1318,0,0,Genco Shipping,NYSE,Genco Shipping,NYSE
600,CLB,22107000.0,-157895000.0,180002000.0,-0.1521,-0.2883,0.113,0.1101,0.047,0.08349999999999999,6.0,11.73,548374,41.2,32.05,36.99,0.6,19.55,2.16,1.67,0.08470000000000001,1.06,11.81,United States,0.15,-0.037599999999999995,0.0,0.01,0.0363,0.004,591519000.0,547592272.0,12.09,0.0512,2,1,Core Laboratories N.V.,NYSE,Core Laboratories N.V.,NYSE
601,USNA,181768000.0,158768000.0,23000000.0,28.2621,0.3002,0.081,0.1259,0.063,0.0658,2.0,28.08,223373,60.87,39.57,29.53,2.19,12.82,0.99,0.89,0.0964,0.62,10.37,United States,0.7,0.0669,0.0,0.0,0.1304,0.11380000000000001,748193000.0,528834400.0,9.92,0.0795,0,0,Usana Health Sciences Inc.,NYSE,Usana Health Sciences Inc.,NYSE
602,CRD.B,45196000.0,-283714000.0,328910000.0,-0.0832,-0.5287,0.151,0.1013,0.027999999999999997,0.0809,7.0,10.54,1771,53.2,47.41,53.46,0.53,20.15,3.71,0.92,0.0874,0.41,11.44,United States,0.23,0.0668,2.0,0.07,0.0801,0.09609999999999999,776277000.0,536650875.0,10.17,0.0424,1,0,Crawford Co Cl B,NYSE,Crawford Co Cl B,NYSE
603,KOP,43900000.0,-978000000.0,1021900000.0,0.098,-1.9025999999999998,0.10300000000000001,0.09539999999999998,0.027000000000000003,0.0684,5.0,25.2,126352,43.95,29.52,37.38,2.46,10.26,1.05,0.35,0.0817,0.25,12.24,United States,0.56,-0.019299999999999998,3.0,0.08,0.0444,-0.0043,1890200000.0,514026357.0,5.66,0.10189999999999999,1,0,Koppers Holdings Inc.,NYSE,Koppers Holdings Inc.,NYSE
604,SCHL,94700000.0,-314800000.0,409500000.0,2.0674,-0.66,0.019,0.0097,0.01,0.006999999999999999,6.0,18.42,275842,56.58,40.73,32.33,0.59,31.26,0.51,3.63,0.023700000000000002,0.3,42.21,United States,-0.78,0.0741,0.0,0.2,0.0342,0.0956,1961300000.0,476958188.0,16.44,0.039,2,1,Scholastic Corp.,NASDAQ,Scholastic Corp.,NASDAQ
605,SCVL,123112000.0,-244875000.0,367987000.0,0.0385,-0.5185,0.11800000000000001,0.0984,0.066,0.0678,5.0,17.41,376026,38.87,22.34,36.63,2.68,6.47,0.73,0.95,0.1471,0.39,6.8,United States,0.3,-0.0481,10.0,0.15,0.011699999999999999,-0.0017000000000000001,1124133000.0,472291072.0,7.24,0.1562,0,0,Shoe Carnival,NASDAQ,Shoe Carnival,NASDAQ
606,LYTS,4712000.0,-44636000.0,49348000.0,0.6916,-0.0978,0.11199999999999999,0.12689999999999999,0.07,0.0962,3.0,15.26,113623,43.56,39.08,50.38,0.77,19.82,2.1,0.39,0.0908,0.87,11.02,United States,0.21,0.19899999999999998,0.0,0.05,0.2024,0.09140000000000001,344545000.0,456600564.0,12.47,0.0512,1,0,Lsi Industries Inc.,NASDAQ,Lsi Industries Inc.,NASDAQ
607,CMCO,41224000.0,-444573000.0,485797000.0,-0.1168,-1.0456,0.011000000000000001,0.030600000000000002,0.005,0.0421,6.0,14.98,396860,46.63,26.8,31.85,0.33,44.85,0.49,0.46,0.058499999999999996,0.43,17.1,United States,0.58,-0.0582,0.0,0.07,-0.0277,-0.0394,1710900000.0,425181750.0,5.71,0.022000000000000002,1,0,Columbus Mckinnon Corp.,NASDAQ,Columbus Mckinnon Corp.,NASDAQ
608,MNRO,10161000.0,-528334000.0,538495000.0,-0.1264,-1.2476,0.03,0.0407,0.012,0.0279,6.0,14.15,615257,39.33,23.58,29.3,0.65,21.76,0.65,1.18,0.1664,0.35,6.01,United States,0.03,-0.0693,0.0,0.28,-0.05,-0.0506,1669929000.0,423484516.0,21.06,0.0467,1,0,Monro Muffler Brake,NASDAQ,Monro Muffler Brake,NASDAQ
609,APEI,158941000.0,-41681000.0,200622000.0,-0.020099999999999996,-0.09849999999999999,0.034,0.0584,0.018000000000000002,0.0398,8.0,23.46,133701,51.12,61.25,65.4,0.55,42.65,1.39,1.34,0.06570000000000001,0.68,15.23,United States,0.3,0.048499999999999995,0.0,0.0,0.0697,0.0698,570103000.0,423133944.0,19.17,0.023799999999999998,3,1,American Public Education,NASDAQ,American Public Education,NASDAQ
610,MYE,32222000.0,-381649000.0,413871000.0,3.3342,-0.9457,0.025,0.0623,0.008,0.0342,7.0,11.07,437395,54.13,43.43,38.28,0.19,56.79,1.45,14.87,0.1365,0.48,7.32,United States,0.19,-0.0015,0.0,0.14,0.0246,0.0085,860815000.0,403542720.0,9.29,0.0178,3,1,Myers Industries,NYSE,Myers Industries,NYSE
611,NWPX,5007000.0,-124871000.0,129878000.0,-0.16449999999999998,-0.3172,0.096,0.0934,0.055999999999999994,0.07730000000000001,8.0,39.74,98807,40.81,41.15,51.78,3.4,11.69,1.05,2.44,0.087,0.8,11.49,United States,0.53,-0.011399999999999999,0.0,0.0,0.0248,0.0083,589653000.0,393656492.0,11.26,0.08689999999999999,2,1,Northwest Pipe Company,NASDAQ,Northwest Pipe Company,NASDAQ
612,ASC,46988000.0,2751000.0,44237000.0,-0.5293,0.0070999999999999995,0.213,0.20739999999999997,0.179,0.21539999999999998,8.0,9.7,533969,54.26,37.86,40.1,3.06,3.12,0.64,-6.04,0.3264,0.95,3.06,Bermuda,0.16,-0.5951,0.0,0.08,-0.39189999999999997,-0.49579999999999996,704799000.0,386751712.0,3.39,0.3325,0,0,Ardmore Shipping Corporation,NYSE,Ardmore Shipping Corporation,NYSE
613,KMDA,78435000.0,67373000.0,11062000.0,0.2539,0.17809999999999998,0.057,0.0433,0.040999999999999995,0.08039999999999999,7.0,6.57,30549,52.18,50.98,58.26,0.25,26.32,1.46,0.92,0.0974,2.35,10.27,Israel,0.07,0.08650000000000001,0.0,0.2,0.1401,0.14150000000000001,372255000.0,378382900.0,22.99,0.0382,2,1,Kamada Ltd.,NASDAQ,Kamada Ltd.,NASDAQ
614,CWCO,99350121.0,95887724.0,3462397.0,0.298,0.2594,0.138,0.1399,0.12,0.0794,5.0,23.14,110507,36.11,37.34,46.81,1.77,13.13,1.76,2.24,0.08070000000000001,2.76,12.4,Cayman Islands,0.22,-0.1862,0.0,0.11,-0.0095,-0.1699,243313181.0,369665358.0,19.39,0.0764,2,1,Consolidated Water Co. Ltd,NASDAQ,Consolidated Water Co. Ltd,NASDAQ
615,MITK,121208000.0,-27454000.0,148662000.0,0.048,-0.07440000000000001,0.021,0.0311,0.011000000000000001,0.0451,5.0,8.12,426342,48.41,40.29,41.23,0.09,90.67,1.84,1.28,0.10890000000000001,2.14,9.18,United States,0.26,0.0052,0.0,0.0,0.0403,0.0308,395959000.0,368962374.0,8.7,0.0121,3,1,Mitek Systems Inc,NASDAQ,Mitek Systems Inc,NASDAQ
616,ZEUS,11912000.0,-298354000.0,310266000.0,0.37729999999999997,-0.8355,0.04,0.0524,0.023,0.0397,6.0,31.99,72513,55.21,42.69,41.28,1.97,16.24,0.62,0.46,0.011899999999999999,0.18,83.96,United States,0.24,-0.11359999999999999,3.0,0.16,0.0434,-0.0926,1044496000.0,357094773.0,14.3,0.0644,0,0,Olympic Steel,NASDAQ,Olympic Steel,NASDAQ
617,EGY,91458000.0,-6717000.0,98175000.0,0.0812,-0.0192,0.11900000000000001,0.1856,0.065,0.09519999999999999,5.0,3.38,738082,46.44,34.55,38.42,0.56,6.05,0.7,2.62,0.0331,0.73,30.23,United States,0.08,-0.0085,0.0,0.06,-0.24280000000000002,0.0603,954950000.0,350651340.0,16.78,0.1668,1,0,Vaalco Energy Inc,NYSE,Vaalco Energy Inc,NYSE
618,GTN,135000000.0,-5558000000.0,5693000000.0,-0.0877,-14.8078,0.152,0.09759999999999999,0.03,0.3107,7.0,3.34,1484733,40.42,41.11,35.95,3.36,1.0,0.16,0.11,1.6199000000000001,0.1,0.62,United States,-0.45,-0.0611,0.0,0.08,-0.10980000000000001,-0.051699999999999996,10542000000.0,375342297.0,1.13,0.8604999999999999,0,0,Gray Television,NYSE,Gray Television,NYSE
619,RIGL,77321000.0,17356000.0,59965000.0,-0.0101,0.051,-0.9590000000000001,0.2611,0.125,0.3641,7.0,18.77,152066,52.51,50.12,52.18,0.99,19.19,103.44,-0.1,0.0917,1.9,10.91,United States,0.09,0.4854,0.0,0.0,0.1253,0.5153,163976000.0,340096442.0,19.29,0.051399999999999994,1,0,Rigel Pharmaceuticals,NASDAQ,Rigel Pharmaceuticals,NASDAQ
620,HVT,126314000.0,-92065000.0,218379000.0,0.0029,-0.2868,0.065,0.0506,0.031,0.0291,4.0,19.86,207981,58.81,41.11,39.96,1.19,16.69,1.04,0.96,0.085,0.44,11.77,United States,0.14,-0.0336,0.0,0.32,0.053099999999999994,-0.021,648747000.0,320964425.0,12.01,0.0622,1,0,Haverty Furniture Companies,NYSE,Haverty Furniture Companies,NYSE
621,LXFR,6300000.0,-39700000.0,46000000.0,-0.4133,-0.12960000000000002,0.09699999999999999,0.11699999999999999,0.055,0.0842,7.0,11.14,214379,55.58,40.75,44.16,0.78,14.31,1.35,1.31,0.1394,0.77,7.17,United States,0.17,-0.0302,0.0,0.13,0.0109,-0.0074,385200000.0,306218848.0,11.16,0.0692,2,1,Luxfer Holdings Plc,NYSE,Luxfer Holdings Plc,NYSE
622,HVT.A,117863000.0,-94389000.0,212252000.0,-0.0441,-0.3248,0.15,0.11869999999999999,0.071,0.08039999999999999,5.0,18.06,0,42.24,35.39,35.89,1.19,15.18,0.95,0.94,0.12560000000000002,0.35,7.96,United States,0.16,-0.030600000000000002,0.0,0.3,0.053099999999999994,-0.021,640529000.0,290607812.0,10.93,0.1595,0,0,Haverty Furn Cl A SC,NYSE,Haverty Furn Cl A SC,NYSE
623,HDSN,70134000.0,65217000.0,4917000.0,0.0265,0.2261,0.099,0.12380000000000001,0.081,0.08900000000000001,5.0,6.6,524020,64.43,52.82,42.59,0.52,12.62,1.17,0.29,0.2999,1.22,3.33,United States,0.01,-0.19949999999999998,0.0,0.0,-0.0255,-0.18350000000000002,302652000.0,288481248.0,16.54,0.08449999999999999,1,0,Hudson Technologies,NASDAQ,Hudson Technologies,NASDAQ
624,MG,18317000.0,-171809000.0,190126000.0,-0.08070000000000001,-0.5991,0.09699999999999999,0.1012,0.035,0.0802,7.0,9.22,86969,44.0,43.91,52.04,0.6,15.37,1.44,0.69,0.11800000000000001,0.39,8.47,United States,0.12,-0.0203,0.0,0.0,0.0576,0.008100000000000001,523038000.0,286761128.0,10.74,0.0661,1,0,Mistras Group Inc,NYSE,Mistras Group Inc,NYSE
625,LMNR,1133000.0,-56831000.0,57964000.0,0.113,-0.20929999999999999,0.043,0.0562,0.025,-0.0092,6.0,15.56,142222,36.95,22.74,40.46,0.41,36.59,1.54,5.01,0.0168,1.46,59.6,United States,0.09,0.1209,0.0,0.08,-0.0418,0.0449,301370000.0,271580260.0,50.71,0.028399999999999998,3,1,Limoneira Co,NASDAQ,Limoneira Co,NASDAQ
626,PKOH,53100000.0,-614100000.0,667200000.0,-0.03,-2.1802,0.102,0.08380000000000001,0.023,0.07519999999999999,7.0,19.77,29196,47.51,31.68,41.99,2.4,8.3,0.85,1.09,0.0351,0.17,28.45,United States,0.83,0.0189,0.0,0.13,0.0313,0.0387,1365100000.0,281670973.0,5.56,0.11289999999999999,1,0,Park-Ohio Holdings,NASDAQ,Park-Ohio Holdings,NASDAQ
627,ORN,12956000.0,-57269000.0,70225000.0,-0.20379999999999998,-0.2248,0.022000000000000002,0.0727,0.006999999999999999,0.0547,8.0,6.53,414648,68.16,49.53,51.95,0.08,82.13,1.69,25.32,0.0528,0.31,18.93,United States,-0.07,0.07919999999999999,0.0,0.0,0.0355,0.0716,416310000.0,254758912.0,25.68,0.0118,3,1,Orion Marine Group Inc,NYSE,Orion Marine Group Inc,NYSE
628,KNOP,66933000.0,-839070000.0,906003000.0,-0.0552,-3.7314,0.013999999999999999,0.0638,0.005,0.0487,6.0,6.53,50654,54.75,57.42,46.0,0.21,30.95,0.43,10.45,0.6057,0.71,1.65,United Kingdom,0.18,0.0404,0.0,0.03,0.0504,0.0689,1572165000.0,224867886.0,8.38,0.0317,2,1,Knot Offshore Partners Lp Commo,NYSE,Knot Offshore Partners Lp Commo,NYSE
629,FTK,4506000.0,-8343000.0,12849000.0,-0.2813,-0.0387,0.09699999999999999,0.1017,0.065,0.0906,5.0,7.26,192328,49.97,48.72,53.84,0.34,21.03,1.89,4.78,0.0072,1.15,139.67,United States,0.07,0.0933,0.0,0.0,0.0941,0.0895,170796000.0,215796898.0,13.42,0.048600000000000004,2,1,Flotek Industries,NYSE,Flotek Industries,NYSE
630,JAKK,59395000.0,2479000.0,56916000.0,1.3521,0.0121,0.2,0.2029,0.105,0.1583,6.0,18.37,171009,35.93,33.32,44.04,4.05,4.53,0.87,2.37,0.1906,0.29,5.25,United States,-0.68,0.023799999999999998,0.0,0.25,0.023399999999999997,0.0415,405871000.0,204699963.0,3.68,0.2249,1,0,Jakks Pacific,NASDAQ,Jakks Pacific,NASDAQ
631,CRNT,35311000.0,-5796000.0,41107000.0,-0.1812,-0.0285,0.16,0.20010000000000003,0.077,0.1648,7.0,2.3,1340926,51.77,38.62,45.53,0.27,8.5,1.22,8.8,0.0478,0.52,20.9,Israel,0.03,-0.0168,0.0,0.0,0.0327,0.0,344996000.0,203441539.0,7.79,0.1183,2,1,Ceragon Networks Ltd,NASDAQ,Ceragon Networks Ltd,NASDAQ
632,PERF,164603000.0,164235000.0,368000.0,-0.5106,0.8715999999999999,0.046,0.0418,0.037000000000000005,-0.0149,4.0,1.85,66761,53.5,45.52,29.93,0.07,27.61,1.26,0.2,0.07139999999999999,3.04,14.0,Taiwan,0.02,0.1309,0.0,0.0,0.1602,0.1535,187270000.0,188422406.0,17.27,0.0355,2,1,Perfumania Holdings Inc,NASDAQ,Perfumania Holdings Inc,NASDAQ
633,III,23158000.0,-39433000.0,62591000.0,-0.2589,-0.215,0.03,0.0666,0.013000000000000001,0.0197,6.0,3.83,79629,62.47,59.9,48.69,0.06,63.83,1.9,1.0,0.0929,0.74,10.76,United States,0.06,-0.0888,3.0,0.05,-0.0194,-0.08,204515000.0,183369760.0,14.1,0.0155,2,1,Information Services Group,NASDAQ,Information Services Group,NASDAQ
634,FLXS,22634000.0,-38518000.0,61152000.0,-0.2514,-0.22390000000000002,0.092,0.0958,0.053,0.0634,7.0,32.63,14757,41.11,31.31,47.27,2.52,12.95,1.09,0.73,0.21789999999999998,0.39,4.59,United States,0.88,0.044000000000000004,1.0,0.17,0.0834,0.0608,266126000.0,172066148.0,8.22,0.08349999999999999,1,0,Flexsteel Industries,NASDAQ,Flexsteel Industries,NASDAQ
635,SGC,18766000.0,-77755000.0,96521000.0,-0.0919,-0.45289999999999997,0.06,0.0659,0.028999999999999998,0.0587,7.0,10.42,27058,46.24,30.05,40.55,0.73,14.27,0.86,1.34,0.1689,0.3,5.92,United States,0.12,0.0073,0.0,0.14,0.0467,0.0129,415134000.0,171698666.0,12.23,0.0699,1,0,Superior Uniform Group,NASDAQ,Superior Uniform Group,NASDAQ
636,PBYI,100965000.0,26883000.0,74082000.0,-0.33549999999999996,0.1748,0.461,0.3118,0.142,0.2341,5.0,3.08,228342,55.86,50.48,45.23,0.62,4.95,1.67,0.03,0.2527,0.67,3.96,United States,0.03,0.0171,0.0,0.0,-0.036000000000000004,0.0383,213333000.0,153793480.0,25.08,0.19690000000000002,1,0,Puma Biotechnology,NYSE,Puma Biotechnology,NYSE
637,EGAN,70539000.0,66660000.0,3879000.0,0.8858,0.4777,0.07400000000000001,0.0977,0.036000000000000004,0.0397,3.0,5.08,92159,57.53,45.07,40.57,0.14,36.29,2.53,0.99,0.0265,1.57,37.76,United States,0.07,0.0541,0.0,0.0,-0.0232,-0.030600000000000002,111257000.0,139529264.0,19.92,0.031,2,1,Egain Comm Cp,NASDAQ,Egain Comm Cp,NASDAQ
638,RCKY,3719000.0,-128555000.0,132274000.0,-0.2593,-0.8912,0.05,0.08470000000000001,0.024,0.069,5.0,17.68,315639,57.17,41.13,42.44,1.52,12.51,0.62,1.62,0.3335,0.32,3.0,United States,0.52,-0.0021,0.0,0.16,0.044800000000000006,0.047400000000000005,457300000.0,144249159.0,7.27,0.0789,1,0,Rocky Brands,NASDAQ,Rocky Brands,NASDAQ
639,SNCR,33375000.0,-170116000.0,203491000.0,0.2733,-1.4571,0.102,0.1192,0.01,0.035,7.0,10.03,69833,47.96,49.87,47.73,0.43,23.9,3.92,1.17,0.1144,0.67,8.74,United States,0.28,-0.019,0.0,0.0,0.0259,0.031400000000000004,293825000.0,116747544.0,6.4,0.026099999999999998,2,1,Synchronoss Technologies,NASDAQ,Synchronoss Technologies,NASDAQ
640,DLHC,451000.0,-177874000.0,178325000.0,-0.0433,-3.1460000000000004,0.057999999999999996,0.0911,0.02,0.07339999999999999,7.0,3.92,60402,52.89,29.54,29.41,0.44,8.91,0.51,1.13,0.16879999999999998,0.15,5.92,United States,0.07,-0.109,0.0,0.0,-0.1736,-0.09119999999999999,325009000.0,56538945.0,17.45,0.1125,1,0,Dlh Holdings Corp,NASDAQ,Dlh Holdings Corp,NASDAQ
641,ASYS,13214000.0,-3813000.0,17027000.0,-0.19,-0.0747,0.013999999999999999,0.029500000000000002,0.01,0.011899999999999999,6.0,3.43,15548,28.63,27.95,36.13,0.08,42.5,0.62,2.84,0.121,0.51,8.26,United States,0.02,-0.1369,0.0,0.0,-0.0432,-0.2581,117776000.0,51010658.0,17.09,0.0232,2,1,Amtech Systems,NASDAQ,Amtech Systems,NASDAQ
642,BWEN,7721000.0,-23432000.0,31153000.0,-0.1204,-0.6862,0.02,0.0508,0.009000000000000001,0.0438,5.0,1.52,12862,46.83,40.36,41.37,0.05,31.3,0.57,1.05,0.303,0.24,3.3,United States,-0.04,-0.1291,0.0,0.0,0.08779999999999999,-0.07980000000000001,128290000.0,34149141.0,12.27,0.0337,2,1,Broadwind Energy,NASDAQ,Broadwind Energy,NASDAQ
