Symbol,PE Ratio,Market Cap,Forward PE,Forward PS,P/OCF,Fwd EV/S,EV/EBIT,Earnings Yield,Ent. Value,EV/Sales,EV/EBITDA,P/EBITDA,FCF / EV,P/FCF,PS Ratio,PB Ratio,PEG Ratio,EV/Earnings,EV/FCF,FCF Yield,P/TBV,Div. Yield,Div. Growth,Payout Ratio,Shareh. Yield,Div. ($),Years,Last Div.
MSFT,30.10,2778970403600,26.51,9.29,22.13,9.26,23.82,3.34%,2769639403600,10.58,19.38,19.56,2.53%,39.68,10.61,9.18,1.62,29.86,39.55,2.52%,17.58,0.87%,10.58%,26.75%,0.85%,3.32,10,0.83
NVDA,36.36,2627636000000,23.90,13.02,41.00,12.86,30.79,2.77%,2594408000000,19.88,30.12,31.31,2.35%,43.18,20.14,33.12,0.94,35.60,42.63,2.32%,35.57,0.04%,150.00%,1.36%,0.58%,0.04,1,0.01
AMZN,32.77,1920515194000,28.34,2.70,16.57,2.74,27.50,3.09%,1950213194000,3.06,15.76,15.94,1.96%,50.25,3.01,6.72,1.28,32.92,51.03,1.99%,7.55,,,,-2.18%,,0,0.00
META,22.92,1385810342142,21.12,7.21,15.17,7.06,19.20,4.50%,1357055342142,8.25,15.75,16.55,3.98%,25.63,8.42,7.59,1.17,21.76,25.10,3.90%,8.60,0.38%,,8.80%,0.95%,2.10,1,0.53
AVGO,83.43,816728715000,25.28,12.40,38.42,13.27,49.55,1.23%,874000715000,16.03,31.81,28.32,2.37%,39.39,14.98,11.70,0.41,86.77,42.15,2.54%,,1.30%,13.45%,106.75%,-2.36%,2.24,5,0.59
WMT,37.86,728410991000,34.42,1.02,19.99,1.09,27.53,2.67%,779487991000,1.14,18.88,17.33,1.68%,55.64,1.07,8.00,3.23,40.11,59.54,1.80%,12.67,1.04%,13.25%,39.00%,1.36%,0.94,52,0.24
TSM,21.39,154362088749,2.42,0.04,2.77,0.03,2.52,23.39%,108699059298,1.22,1.71,11.31,24.43%,5.81,1.73,1.18,1.08,3.01,4.09,17.21%,5.24,1.63%,20.48%,35.74%,1.65%,2.47,1,0.54
LLY,61.56,683414749990,30.83,11.40,77.50,11.90,56.28,1.55%,713635749990,15.84,49.40,33.60,0.53%,181.75,15.17,48.15,1.06,67.39,189.79,0.55%,287.02,0.83%,15.14%,51.24%,0.75%,6.00,10,1.50
UNH,38.56,546993202440,19.92,1.20,22.60,1.30,25.70,2.63%,594784202440,1.49,21.84,15.63,3.48%,26.42,1.37,5.90,1.03,41.29,28.73,3.79%,,1.41%,11.70%,54.16%,2.36%,8.40,10,2.10
KO,28.34,299786686200,22.94,6.09,44.05,6.70,22.39,3.55%,329737686200,7.01,20.87,19.51,1.45%,62.70,6.37,12.06,2.60,31.02,68.97,1.59%,,2.88%,5.36%,82.93%,3.36%,2.04,63,0.51
NVO,19.47,248985506144,2.27,0.72,13.72,0.76,13.65,5.66%,260462320440,6.43,11.86,13.39,4.25%,22.48,6.15,11.56,1.00,18.49,23.52,4.45%,60.60,2.63%,17.49%,51.31%,3.72%,1.61,3,1.10
BABA,15.44,252799668010,1.43,0.24,11.61,0.21,9.89,6.52%,222483173376,1.65,7.57,9.19,6.11%,18.58,1.88,1.85,0.59,13.49,16.35,5.38%,2.42,0.94%,,14.51%,6.45%,0.98,1,0.98
AZN,28.64,399512381353,14.29,6.82,33.68,7.24,40.68,1.76%,424153381353,7.84,24.78,11.46,2.36%,39.98,7.39,9.80,0.95,60.29,42.45,2.50%,,2.37%,6.21%,34.22%,2.33%,1.54,1,1.05
GE,30.14,193119860254,32.25,4.76,41.00,4.87,23.26,3.39%,197791860254,5.11,20.42,21.53,1.92%,50.93,4.99,9.98,11.54,30.17,52.16,1.96%,29.41,0.79%,130.77%,24.04%,1.36%,1.44,2,0.36
SHEL,11.97,182498855000,14.32,0.56,3.34,0.68,6.43,8.82%,220466855000,0.76,3.61,3.43,16.65%,4.97,0.63,1.02,2.47,13.70,6.01,20.11%,1.19,4.79%,7.46%,113.20%,11.69%,2.86,3,0.72
ISRG,76.00,175232302500,59.55,17.93,72.56,17.52,64.39,1.33%,171219002500,20.50,54.21,61.86,0.76%,134.40,20.98,10.66,3.62,73.72,131.32,0.74%,10.88,,,,-1.29%,,0,0.00
RY,12.91,155484239750,8.06,2.38,3.89,1.23,5.12,7.94%,80206466338,1.91,4.82,,47.61%,4.07,3.69,1.63,2.31,6.50,2.10,24.56%,2.42,3.73%,-6.61%,48.34%,2.82%,4.10,4,1.02
DIS,27.27,151881476850,15.31,1.57,10.13,1.98,21.09,3.70%,191703476850,2.07,13.59,8.23,4.39%,18.06,1.64,1.49,0.80,34.14,22.79,5.54%,8.32,1.17%,33.33%,32.52%,2.12%,1.00,1,0.50
UBER,15.50,148416722200,28.02,2.89,20.80,2.90,32.18,6.64%,148698722200,3.38,27.75,41.80,4.64%,21.53,3.37,6.88,43.21,15.09,21.57,4.65%,11.95,,,,-2.81%,,0,0.00
UL,24.71,147648972700,16.75,,10.86,,16.72,4.05%,175185954485,2.77,14.07,11.65,6.68%,12.62,2.33,6.59,2.89,29.28,14.98,7.92%,,3.13%,1.29%,79.12%,3.95%,1.88,2,0.47
SPGI,36.56,138956310000,25.78,9.04,24.43,9.70,28.20,2.77%,149203310000,10.50,23.09,20.34,3.73%,24.97,9.78,4.19,1.93,38.73,26.81,4.00%,,0.84%,2.22%,31.09%,3.05%,3.84,52,0.96
TJX,29.92,142396737000,28.00,2.39,23.28,2.51,23.78,3.42%,149839737000,2.66,20.23,19.23,2.80%,33.92,2.53,16.97,2.77,30.81,35.69,2.95%,17.38,1.33%,12.93%,39.91%,2.80%,1.70,4,0.43
BSX,74.35,137453672775,32.22,7.11,40.02,7.65,56.95,1.35%,147785672775,8.82,38.25,32.18,1.81%,51.52,8.21,6.31,1.78,79.75,55.39,1.94%,,,,,-1.53%,,0,0.00
BLK,20.30,132208962480,18.03,5.70,26.68,5.77,15.38,4.82%,133668962480,6.55,14.30,16.11,3.52%,28.12,6.48,2.78,1.45,20.99,28.43,3.56%,164.64,2.43%,2.04%,49.61%,1.86%,20.84,10,5.21
FI,37.99,114161354120,19.36,5.32,17.22,6.42,27.74,2.74%,137765354120,6.73,17.09,12.72,3.67%,22.55,5.58,4.22,0.90,44.00,27.22,4.43%,,,,,5.49%,,,0.08
TXN,30.00,141924460050,28.83,8.22,22.46,8.57,24.82,3.38%,147940460050,9.46,19.62,20.69,1.01%,94.74,9.07,8.40,1.41,30.83,98.76,1.06%,11.55,3.47%,4.72%,104.62%,3.18%,5.44,10,1.36
PFE,15.31,122446605500,7.20,1.92,9.61,2.61,20.78,6.56%,166320605500,2.61,11.08,5.25,5.91%,12.45,1.92,1.39,0.53,20.71,16.91,8.03%,,7.97%,2.42%,121.82%,8.12%,1.72,14,0.43
ADP,30.19,117911215800,27.71,5.56,24.70,5.66,21.56,3.34%,119977615800,6.03,19.55,20.12,3.50%,28.07,5.92,23.22,2.95,30.50,28.56,3.56%,760.23,2.11%,10.94%,64.21%,2.97%,6.16,50,1.54
AMD,86.78,141099115500,18.76,4.42,46.40,4.33,65.36,1.16%,138179115500,5.36,26.12,27.24,1.74%,58.67,5.47,2.45,0.38,84.20,57.45,1.70%,10.16,,,,-0.74%,,,0.01
CAT,13.11,138198817120,14.50,2.16,11.48,2.65,12.18,7.81%,169718817120,2.62,10.55,8.83,5.62%,14.48,2.13,7.09,1.38,15.73,17.79,6.90%,9.98,1.95%,8.46%,25.58%,6.66%,5.64,32,1.41
NEE,19.53,136123602500,17.56,4.50,10.27,7.17,22.79,5.10%,216969602500,8.77,14.48,10.32,2.19%,28.68,5.50,2.72,2.44,31.24,45.72,3.49%,3.11,3.40%,10.12%,67.24%,3.21%,2.27,10,0.57
MUFG,15.17,128939565970,8.72,0.03,,0.01,3.03,6.80%,38447023489,1.11,2.53,,-33.52%,,3.74,1.06,0.79,4.38,,-10.00%,1.16,3.45%,78.79%,39.71%,6.20%,0.38,2,0.22
MMC,28.17,113562386685,23.83,4.18,26.40,4.48,19.88,3.58%,121750386685,4.98,17.03,15.72,3.27%,28.49,4.64,8.51,2.43,29.99,30.54,3.51%,,1.42%,14.79%,39.85%,2.02%,3.26,10,0.82
SCHW,24.49,133460616300,16.90,5.79,49.99,4.26,12.78,4.10%,98283616300,5.01,10.77,,2.09%,65.10,6.81,2.76,0.93,17.94,47.94,1.54%,6.81,1.46%,2.00%,36.12%,1.32%,1.08,0,0.27
SYK,44.07,130530004220,25.22,5.26,30.77,5.62,39.99,2.29%,139634004220,6.18,35.63,21.73,2.50%,37.43,5.78,6.33,2.07,46.65,40.04,2.67%,339.92,0.96%,5.81%,43.30%,0.49%,3.36,10,0.84
UNP,19.78,131442423760,18.20,5.22,14.06,6.45,16.15,5.13%,162523423760,6.70,13.04,10.89,3.63%,22.30,5.42,7.78,2.16,24.09,27.57,4.48%,8.23,2.44%,2.31%,48.33%,2.71%,5.36,10,1.34
DHR,33.88,128258721500,23.22,5.26,19.18,5.83,28.88,3.04%,142185721500,5.96,19.54,17.08,3.73%,24.16,5.37,2.59,1.91,36.47,26.78,4.14%,,0.71%,10.85%,24.20%,1.51%,1.28,7,0.32
CMCSA,8.13,127026814400,7.64,1.01,4.59,1.73,9.46,12.75%,218797814400,1.77,5.77,3.34,5.68%,10.22,1.03,1.48,1.34,13.51,17.61,9.78%,,3.92%,6.78%,31.88%,8.85%,1.32,5,0.33
GILD,266.62,126264919550,12.53,4.32,11.66,4.89,85.72,0.38%,142984919550,4.97,32.24,9.38,7.21%,12.25,4.39,6.53,0.22,297.89,13.88,8.16%,,3.12%,2.65%,831.58%,3.35%,3.16,10,0.79
HON,22.05,124579675200,18.39,3.05,20.43,3.54,17.57,4.58%,144725675200,3.76,15.12,12.95,3.41%,25.25,3.24,6.69,1.94,25.37,29.34,3.96%,,2.34%,4.74%,51.89%,3.72%,4.52,10,1.13
LOW,17.94,122539452045,17.65,1.44,12.73,1.88,15.30,5.68%,160084452045,1.91,12.35,9.73,4.87%,15.70,1.46,,2.13,23.01,20.52,6.37%,,2.08%,4.55%,37.61%,3.92%,4.60,53,1.15
TTE,8.25,126972664751,6.98,0.64,4.12,0.75,5.02,12.41%,148435664751,0.76,3.48,3.41,11.23%,7.62,0.65,1.08,7.12,9.42,8.90,13.13%,1.47,6.20%,5.46%,50.72%,6.75%,3.39,1,0.83
PDD,8.65,31285529962,1.03,0.06,1.88,,,49.23%,-21948339339,,,8.36,-75.95%,1.88,0.58,0.73,0.73,,,53.28%,2.91,,,,-1.32%,,0,0.00
VRTX,,122239444690,25.78,10.04,,9.67,422.00,-0.44%,117780744690,10.69,242.20,25.57,-0.67%,,11.09,7.45,1.32,,,-0.65%,8.42,,,,1.00%,,0,0.00
SNY,21.54,121693949327,5.91,2.63,11.95,2.88,15.18,4.76%,133430367213,2.89,10.42,10.10,6.18%,14.77,2.64,1.40,0.91,23.04,16.19,6.77%,5.93,4.43%,7.73%,47.80%,4.48%,2.20,1,2.20
DE,19.66,120559384660,22.26,2.99,13.39,4.42,15.86,5.16%,178339384660,3.71,13.32,11.96,3.41%,19.81,2.51,5.36,1.56,28.68,29.30,5.05%,6.82,1.46%,11.55%,28.65%,4.59%,6.48,4,1.62
BUD,21.31,114970623348,17.42,,7.64,,11.42,5.09%,175744623348,2.94,8.40,6.27,6.44%,10.16,1.92,1.47,1.43,30.02,15.53,9.85%,,1.73%,62.24%,36.69%,1.72%,1.05,0,1.05
BA,,114794888560,36.90,1.32,,1.64,,-10.34%,142376888560,2.14,,,-10.02%,,1.73,,6.53,,,-12.42%,,,,,-2.19%,,,2.06
C,10.12,113042529600,7.91,1.32,,4.98,25.28,11.22%,427070529600,5.26,20.14,,-6.08%,,1.39,0.54,0.85,33.68,,-22.95%,0.68,3.64%,5.66%,37.68%,4.53%,2.24,2,0.56
BHP,9.70,55149653531,7.24,0.47,2.74,0.58,3.37,20.65%,67547653531,1.26,2.66,4.39,16.15%,5.05,1.03,1.21,,5.93,6.19,19.79%,2.59,5.67%,-18.51%,110.00%,5.56%,2.47,0,0.99
SPOT,96.53,110721945894,53.42,5.98,43.02,5.65,55.25,1.07%,104628852556,6.41,51.56,74.03,2.44%,43.34,6.78,17.92,1.28,88.26,40.95,2.31%,25.52,,,,-6.29%,,0,0.00
CB,12.54,113970841400,13.09,2.31,7.04,2.62,10.97,8.14%,129750841400,2.33,10.68,9.64,12.47%,7.04,2.04,1.78,2.38,13.99,8.02,14.20%,3.15,1.29%,5.81%,16.04%,2.48%,3.64,33,0.91
AMAT,18.01,111483154020,14.47,3.77,15.32,3.71,13.32,5.69%,109530154020,3.96,12.70,13.20,5.42%,18.78,4.03,5.99,1.47,17.27,18.45,5.32%,7.66,1.33%,22.06%,24.03%,3.48%,1.84,7,0.46
PANW,94.80,111411567000,48.66,11.13,35.85,10.82,85.41,1.13%,108320567000,12.64,65.59,81.59,2.71%,38.00,13.00,17.48,1.87,86.35,36.95,2.63%,71.73,,,,0.84%,,0,0.00
SHOP,53.86,106858319635,55.40,9.60,66.13,9.10,45.46,1.89%,101281319635,11.41,44.74,84.25,1.58%,66.91,12.03,9.25,1.12,50.16,63.42,1.49%,9.75,,,,-0.46%,,0,0.00
LMT,20.41,107186545890,16.51,1.43,15.37,1.66,17.22,4.98%,124973545890,1.76,14.18,12.73,4.23%,20.27,1.51,16.93,1.61,23.42,23.64,4.93%,,2.85%,4.88%,59.17%,7.36%,13.20,10,3.30
IBN,20.47,54242399363,18.73,,2.97,,4.33,9.79%,59420688910,2.10,4.26,,29.99%,3.04,1.92,1.84,,11.19,3.33,32.85%,3.13,0.78%,22.58%,29.79%,0.29%,0.24,4,0.24
MELI,49.83,95698440136,41.05,3.62,12.09,3.35,34.13,2.00%,88648440136,4.27,27.58,29.32,7.96%,13.56,4.61,21.99,1.49,46.39,12.56,7.38%,22.73,,,,0.61%,0.00,,0.15
AMT,42.73,96411242690,31.50,9.32,18.22,13.37,34.34,2.34%,138257142690,13.65,22.48,14.53,2.68%,26.05,9.52,28.51,1.33,61.31,37.36,3.84%,,3.26%,0.77%,141.07%,3.10%,6.80,10,1.70
ANET,32.65,91809536000,28.62,10.80,24.76,9.82,25.58,3.11%,83506063000,11.92,25.10,30.71,4.40%,24.97,13.11,9.19,2.04,29.28,22.72,4.00%,9.50,,,,-0.99%,,0,0.00
KKR,31.72,92422516550,18.12,10.18,13.90,13.95,17.27,3.33%,126701819550,5.79,17.27,,5.14%,14.20,4.22,3.91,0.51,41.19,19.47,7.04%,5.91,0.69%,6.06%,21.34%,-2.30%,0.70,5,0.18
ICE,32.21,88557703450,22.57,8.93,19.21,10.72,23.68,3.11%,106312703450,9.04,17.64,15.70,3.63%,22.96,7.53,3.20,2.60,38.60,27.56,4.36%,,1.24%,6.90%,40.17%,-0.70%,1.92,10,0.48
CI,26.54,87299487080,10.53,0.34,8.42,0.43,17.46,3.93%,111056487080,0.45,12.16,7.62,8.07%,9.75,0.35,2.13,0.60,32.34,12.40,10.26%,,1.85%,12.18%,49.83%,6.82%,6.04,4,1.51
BTI,23.44,87466214233,4.88,,6.67,,21.81,4.38%,127801016406,3.95,12.94,5.84,9.79%,6.99,2.71,1.41,0.33,33.32,10.21,14.31%,,7.29%,-0.20%,173.63%,7.42%,2.96,1,0.74
MCK,31.09,85026171440,18.51,0.22,34.23,0.24,22.65,3.32%,93652171440,0.27,18.73,13.47,1.74%,52.04,0.25,,1.16,33.14,57.31,1.92%,,0.42%,14.58%,13.01%,5.45%,2.84,10,0.71
BRK.A,12.49,1116465588000,24.52,2.90,36.50,3.10,10.38,7.97%,1193498588000,2.81,9.33,8.80,0.97%,96.11,2.63,1.72,9.68,13.41,102.75,1.04%,2.10,,,,0.77%,,0,0.00
TSLA,123.85,813200586400,96.78,7.52,54.49,7.25,84.59,0.87%,784850586400,8.03,53.59,62.38,0.46%,227.09,8.32,11.15,3.31,110.68,219.17,0.44%,11.21,,,,-0.72%,0.00,0,0.00
PLTR,461.42,205617701995,152.97,53.43,178.20,52.13,414.99,0.22%,200626933995,70.01,360.66,601.24,0.57%,180.17,71.76,41.10,3.30,434.08,175.80,0.56%,41.25,,,,-6.65%,,0,0.00
NVS,17.66,204678581674,12.13,3.83,11.62,4.16,15.20,5.83%,222622581674,4.30,8.95,9.39,7.34%,12.53,3.96,4.65,1.18,18.64,13.63,7.98%,,3.17%,-13.24%,55.83%,5.88%,3.28,2,3.28
AXP,17.10,168525810700,15.53,2.33,11.99,2.48,13.88,6.01%,178974810700,2.95,12.28,,6.78%,13.88,2.77,5.57,1.62,17.67,14.74,7.20%,6.47,1.33%,16.80%,23.41%,4.50%,3.28,3,0.82
HDB,20.38,165382415500,16.98,,13.96,,28.84,4.52%,234147139875,10.53,26.83,,4.80%,14.71,7.44,2.05,0.97,31.34,20.83,6.80%,2.66,1.99%,1.09%,121.60%,1.37%,1.29,9,0.59
MDT,25.04,105578692800,14.17,3.03,14.48,3.56,20.88,4.03%,124263692800,3.74,14.40,11.23,4.40%,19.31,3.18,2.14,1.41,29.17,22.73,5.18%,,3.39%,1.45%,85.62%,6.82%,2.80,49,0.70
BMY,,100476448800,7.25,2.18,6.61,3.02,,-8.91%,139266448800,2.88,115.48,5.18,10.01%,7.21,2.08,6.15,1.21,,9.99,13.88%,,4.92%,4.27%,,5.34%,2.48,3,0.62
CME,26.20,91305876800,23.37,14.10,24.74,14.17,19.69,3.81%,91728276800,14.96,18.36,21.37,3.92%,25.39,14.89,3.45,8.04,26.35,25.50,3.94%,,4.06%,8.25%,108.58%,3.98%,10.50,6,1.25
UBS,18.01,86704609485,13.68,2.30,26.44,7.30,40.67,5.86%,274926609485,5.09,26.04,,0.50%,62.87,1.61,1.02,0.40,54.07,199.37,1.59%,1.20,1.05%,-58.11%,19.08%,-2.20%,0.29,3,0.29
INTC,,85358549250,42.51,1.57,10.30,2.08,,-21.97%,113307549250,2.13,269.78,11.34,-13.82%,,1.61,0.86,0.50,,,-18.34%,1.20,,,,-1.61%,,0,0.13
AAPL,29.73,2824004579000,24.40,6.62,26.08,6.52,22.10,3.40%,2779435579000,7.02,20.23,20.49,3.54%,28.73,7.14,42.30,1.60,28.91,28.28,3.48%,42.15,0.53%,4.17%,15.92%,3.27%,1.00,10,0.25
GOOG,19.30,1879774074195,16.91,4.70,15.00,4.52,15.05,5.33%,1806691074195,5.16,13.34,15.04,4.03%,25.83,5.37,5.78,1.16,18.05,24.83,3.87%,6.64,0.51%,,9.95%,2.71%,0.80,1,0.20
GOOGL,19.05,1876727139640,16.67,4.69,14.98,4.51,15.02,5.33%,1803644139640,5.15,13.32,14.42,4.03%,25.79,5.36,5.77,1.04,18.02,24.79,3.88%,6.37,0.52%,,9.95%,2.72%,0.80,1,0.20
BRK.B,12.22,1087790820803,23.99,2.83,35.56,3.03,10.13,8.18%,1164823820803,2.75,9.11,8.87,1.00%,93.65,2.56,1.68,10.06,13.09,100.28,1.07%,2.12,,,,0.77%,,0,0.00
V,32.48,629383827024,27.18,15.22,28.96,15.30,25.60,3.17%,632546827024,17.19,24.54,24.61,3.22%,30.86,17.10,16.43,2.19,31.67,31.01,3.24%,,0.73%,14.43%,23.80%,13.74%,2.36,7,0.59
JPM,11.38,627894461600,12.04,3.52,,5.10,12.38,9.06%,909723461600,5.12,11.17,,-4.62%,,3.54,1.82,5.93,16.00,,-6.69%,2.32,2.22%,18.82%,25.57%,4.42%,5.05,10,1.40
MA,35.84,450418046400,30.52,13.86,30.47,14.08,28.77,2.86%,457506046400,16.24,27.24,26.22,2.97%,33.15,15.99,69.46,2.07,35.54,33.67,3.02%,,0.61%,15.45%,21.89%,2.62%,3.04,10,0.76
XOM,12.74,433566868800,13.61,1.26,7.88,1.32,9.32,7.77%,452089868800,1.29,6.29,6.72,6.79%,14.12,1.24,1.64,4.37,13.42,14.72,7.08%,1.64,3.96%,4.30%,50.53%,-6.94%,3.96,44,0.99
COST,55.34,420624794490,49.00,1.46,35.15,1.45,40.39,1.81%,415505794490,1.57,32.17,34.84,1.67%,60.74,1.59,16.45,5.41,54.52,60.00,1.65%,16.45,0.48%,-75.68%,27.09%,0.46%,4.64,0,1.16
NFLX,45.23,384335386930,35.50,8.51,52.21,8.64,36.53,2.27%,390334451930,10.01,14.83,35.70,1.77%,55.53,9.85,15.53,1.71,44.81,56.39,1.80%,31.14,,,,2.28%,,0,0.00
PG,26.02,383195387000,22.30,4.31,20.20,4.59,20.09,4.04%,407652387000,4.83,17.58,15.90,3.80%,24.77,4.54,7.49,3.16,26.33,26.35,4.04%,,2.46%,7.01%,64.19%,2.54%,4.03,69,1.01
ORCL,31.31,374561001100,20.05,5.87,18.06,7.10,26.24,3.25%,453014001100,8.12,19.44,16.32,1.28%,64.45,6.71,22.39,1.31,37.25,77.94,1.55%,,1.50%,6.25%,46.96%,-0.45%,2.00,10,0.50
JNJ,25.71,358670024750,14.09,3.95,14.78,4.09,21.26,3.92%,370782024750,4.17,14.96,11.98,5.35%,18.08,4.04,5.02,1.02,26.36,18.69,5.53%,,3.34%,4.20%,85.66%,8.45%,4.96,63,1.24
HD,23.72,351509595840,22.86,2.08,17.74,2.44,19.15,4.21%,412140595840,2.58,16.30,13.70,3.96%,21.53,2.20,52.94,4.12,27.84,25.25,4.64%,,2.60%,6.22%,61.70%,3.50%,9.20,10,2.30
ABBV,70.08,296702170500,13.36,4.89,15.78,5.91,61.06,1.44%,358291170500,6.36,25.14,11.09,4.98%,16.64,5.27,89.23,0.38,83.75,20.09,6.01%,,3.77%,5.28%,274.48%,3.86%,6.56,53,1.64
SAP,92.83,298937464931,40.19,7.72,51.06,7.83,62.30,1.09%,303208107961,8.52,48.11,32.52,1.68%,58.65,8.40,5.87,1.75,93.18,59.49,1.71%,25.02,0.71%,-28.87%,67.13%,0.89%,1.84,1,1.84
TMUS,26.44,291606104700,23.64,3.34,13.08,4.49,21.64,3.89%,392098104700,4.82,12.63,9.38,3.43%,21.68,3.58,4.72,1.42,34.58,29.15,4.61%,,1.37%,68.72%,36.44%,3.62%,3.52,1,0.88
BAC,11.20,273312199200,9.63,2.48,,3.28,12.32,9.33%,360545199200,3.54,11.47,,-2.44%,,2.68,0.92,1.32,14.14,,-3.22%,1.34,2.90%,8.51%,32.40%,4.68%,1.04,10,0.26
ASML,32.36,256421186256,27.28,7.70,20.49,7.42,23.90,3.08%,247304025649,8.40,21.74,24.89,4.12%,25.15,8.71,12.38,1.36,31.36,24.26,3.98%,18.50,0.97%,-4.21%,31.53%,1.10%,6.28,1,1.63
CRM,39.66,242383420000,22.54,5.85,18.51,5.79,32.23,2.56%,239743420000,6.33,21.96,21.75,5.19%,19.49,6.40,3.96,1.10,38.69,19.28,5.13%,44.38,0.65%,,26.16%,1.67%,1.66,1,0.42
CVX,13.89,236177205600,12.88,1.21,7.50,1.30,9.07,7.48%,253933205600,1.25,5.61,5.93,8.96%,10.38,1.16,1.55,3.10,14.38,11.16,9.63%,1.61,5.07%,7.14%,70.37%,9.87%,6.84,38,1.71
PM,33.44,235048186200,20.55,5.75,19.24,6.76,24.65,3.00%,276527186200,7.30,21.26,15.67,3.90%,21.82,6.21,,2.21,39.18,25.67,4.58%,,3.57%,3.48%,119.47%,3.42%,5.40,10,1.35
TM,6.80,217251506908,0.05,0.00,7.40,0.01,6.63,15.00%,330297411224,1.11,5.06,5.46,1.92%,34.34,0.73,0.87,1.54,10.13,52.21,2.91%,1.04,2.91%,8.25%,200.57%,5.63%,4.87,2,2.32
CSCO,24.71,225131431100,14.57,3.82,16.55,4.01,20.76,4.08%,236242431100,4.36,16.16,15.43,5.42%,17.57,4.16,4.94,2.48,25.71,18.44,5.69%,,2.90%,2.55%,72.04%,4.57%,1.64,10,0.41
MCD,26.46,215236672000,24.37,8.08,22.78,9.99,22.46,3.82%,266099672000,10.27,19.08,15.45,2.55%,31.68,8.30,,2.65,32.36,39.17,3.16%,,2.31%,7.84%,62.16%,3.77%,7.08,50,1.77
ABT,16.31,214985440040,23.95,4.80,25.12,4.94,29.21,6.23%,221143440040,5.27,20.50,20.17,2.87%,33.85,5.12,4.49,4.17,16.50,34.82,2.95%,12.07,1.90%,7.55%,30.89%,1.96%,2.36,53,0.59
IBM,35.30,210488928000,20.87,3.21,15.66,3.78,32.97,2.86%,247820928000,3.95,20.34,20.16,4.97%,17.09,3.35,7.71,1.61,41.15,20.12,5.85%,,2.91%,0.60%,103.91%,1.31%,6.68,10,1.67
WFC,11.61,202864390800,10.49,2.37,66.84,3.28,12.17,9.17%,281387390800,3.42,9.17,,1.08%,66.84,2.47,1.13,1.51,15.12,92.71,1.50%,1.50,2.54%,14.81%,29.80%,9.35%,1.60,3,0.40
LIN,31.60,203541324800,25.87,5.96,21.60,6.46,24.97,3.23%,220314324800,6.68,17.48,16.07,2.24%,41.32,6.17,5.34,2.24,33.56,44.72,2.42%,246.72,1.39%,8.72%,44.05%,3.45%,6.00,10,1.50
PEP,20.87,198908515500,17.40,2.14,15.90,2.52,18.25,4.82%,233948515500,2.55,14.07,11.47,3.22%,26.41,2.17,11.03,2.47,24.43,31.06,3.79%,,3.76%,7.11%,77.99%,4.10%,5.42,53,1.36
MRK,11.41,194378778000,8.49,2.95,9.05,3.31,10.28,8.81%,217800778000,3.39,8.48,6.64,8.31%,10.74,3.03,4.20,0.72,12.72,12.04,9.31%,23.38,4.18%,5.33%,48.07%,4.45%,3.24,10,0.81
T,17.66,188893806700,12.72,1.49,4.87,2.58,14.74,5.69%,326518806700,2.67,7.64,4.30,5.67%,10.21,1.54,1.81,1.10,30.39,17.64,9.80%,,4.21%,,74.50%,3.86%,1.11,0,0.28
VZ,10.24,178607046750,8.80,1.27,4.84,2.43,11.74,9.80%,342770046750,2.54,7.28,3.73,5.78%,9.01,1.33,1.80,2.13,19.58,17.29,11.10%,,6.31%,1.89%,65.46%,6.21%,2.71,10,0.68
ACN,23.34,176896166820,21.26,2.48,17.00,2.47,17.29,4.34%,176460996820,2.63,14.19,15.44,5.52%,18.15,2.63,6.05,2.38,22.97,18.10,5.51%,31.17,2.08%,14.83%,48.85%,2.48%,5.92,5,1.48
MS,13.20,169535778900,11.83,2.49,124.48,5.51,21.46,7.55%,374570778900,6.06,16.56,,-0.56%,,2.75,1.62,119.42,29.26,,-1.24%,2.36,3.47%,9.02%,46.54%,5.62%,3.70,3,0.93
RTX,35.78,169976983350,20.55,2.00,23.74,2.44,26.52,2.81%,207291983350,2.57,17.02,13.22,2.19%,37.49,2.11,2.83,1.33,43.42,45.72,2.67%,,1.98%,6.78%,70.99%,8.39%,2.52,10,0.63
NOW,115.58,163842609250,47.91,12.45,38.40,12.19,92.27,0.87%,160358609250,14.60,69.66,83.45,2.13%,47.98,14.92,17.05,1.87,112.53,46.96,2.08%,20.14,,,,-1.38%,0.00,0,0.00
INTU,53.94,161491784920,27.92,8.22,27.85,8.37,41.58,1.88%,164475784920,9.58,34.00,34.26,3.42%,28.67,9.41,9.00,1.63,54.16,29.20,3.49%,,0.72%,15.52%,38.88%,1.07%,4.16,10,1.04
TMO,25.63,159739852620,18.03,3.61,18.43,4.19,22.12,3.97%,185444852620,4.32,16.14,14.82,3.95%,21.81,3.73,3.22,1.68,29.27,25.32,4.58%,,0.40%,11.11%,10.41%,1.69%,1.72,7,0.43
HSBC,7.74,170267454000,47.72,,2.61,,4.28,13.46%,147105454000,2.23,3.82,,44.39%,2.61,2.59,0.92,2.18,6.42,2.25,38.35%,0.93,8.98%,42.90%,349.19%,14.10%,4.33,4,1.80
PGR,19.10,160951093800,17.48,1.84,10.65,1.92,15.26,5.26%,167690093800,2.22,14.87,14.29,8.89%,10.79,2.14,6.29,0.12,19.81,11.25,9.26%,6.36,1.79%,326.09%,34.03%,1.75%,4.90,1,0.10
GS,12.13,152983269600,10.21,2.62,,14.45,45.90,8.84%,844379269600,15.78,40.62,,-1.62%,,2.86,1.25,5.12,62.43,,-8.95%,1.56,2.45%,9.30%,29.60%,5.97%,12.00,10,3.00
BX,35.54,168127814729,22.19,11.89,48.29,12.61,42.02,1.65%,178238320729,13.47,41.67,,1.92%,49.16,12.71,20.47,1.71,64.20,52.11,2.03%,25.52,3.10%,17.91%,109.12%,1.58%,3.95,1,1.44
AMGN,37.22,151174859050,13.29,4.21,13.16,5.55,25.67,2.71%,199300859050,5.96,14.92,9.98,5.22%,14.54,4.52,25.72,0.95,48.73,19.17,6.88%,,3.38%,5.71%,125.93%,2.83%,9.52,10,2.38
ADBE,22.86,150770091960,16.27,6.16,16.10,6.12,17.95,4.48%,149898091960,6.80,16.17,17.06,6.13%,16.40,6.84,11.51,1.11,22.20,16.31,6.10%,,,,,3.95%,,,0.01
QCOM,14.31,147949620000,11.22,3.33,10.69,3.34,12.60,7.13%,148221620000,3.64,11.00,11.69,8.60%,11.61,3.64,5.50,1.23,14.04,11.63,8.61%,9.97,2.53%,6.25%,36.43%,2.97%,3.40,10,0.85
BKNG,26.03,147492506033,21.15,5.73,17.72,5.76,17.28,3.99%,148409506033,6.25,15.89,18.03,5.32%,18.68,6.21,,1.15,25.23,18.80,5.35%,,0.85%,,22.24%,7.61%,38.40,1,9.60
SONY,17.92,138850359726,0.22,0.01,10.72,0.02,14.32,5.68%,155340749257,1.68,8.35,12.61,5.17%,17.30,1.50,2.61,3.81,19.68,19.35,5.78%,6.50,0.53%,7.95%,10.20%,2.19%,0.12,2,0.06
ETN,28.32,105397614070,22.16,3.91,24.36,4.20,24.11,3.60%,113138614070,4.55,20.16,18.84,3.19%,29.24,4.24,5.70,2.10,29.82,31.39,3.42%,,1.54%,9.66%,43.79%,1.97%,4.16,4,1.04
COP,10.66,105292719300,10.37,1.63,5.23,1.91,8.54,8.78%,123502719300,2.17,5.13,4.36,6.48%,13.15,1.85,1.62,8.24,13.36,15.43,7.60%,1.64,3.75%,-12.85%,39.95%,5.80%,3.12,0,0.78
ARM,133.17,106675338077,51.43,22.11,132.35,21.61,164.46,0.76%,104265338077,28.23,123.68,177.79,0.62%,164.12,28.88,16.62,1.07,129.36,160.41,0.61%,23.00,,,,-1.43%,,0,0.00
TD,13.93,99776832000,7.05,1.69,,5.24,31.05,7.48%,310177641482,8.42,27.31,,-15.50%,,2.71,1.24,0.81,41.58,,-48.19%,1.56,5.20%,0.47%,90.45%,4.38%,2.95,10,0.73
ELV,16.95,98559844320,12.58,0.51,16.97,0.49,10.45,6.07%,95110844320,0.54,9.07,10.00,4.79%,21.65,0.56,2.39,0.78,15.90,20.89,4.62%,104.36,1.57%,8.73%,26.64%,2.87%,6.84,10,1.71
SO,22.28,97494552000,20.07,3.50,9.96,5.84,20.05,4.51%,162701552000,6.09,12.16,7.53,0.58%,103.83,3.65,2.94,2.93,36.97,173.27,0.96%,3.52,3.24%,2.86%,72.18%,2.88%,2.88,10,0.72
SBUX,27.22,96091460500,26.53,2.46,16.61,3.03,22.87,3.66%,118005760500,3.26,17.35,14.94,2.47%,33.03,2.66,,1.99,33.55,40.56,3.03%,,2.88%,7.14%,78.72%,3.09%,2.44,10,0.61
SAN,7.42,94382312500,9.85,2.01,17.59,16.09,91.52,14.12%,754704406086,6.93,69.06,,0.71%,17.59,0.87,0.89,2.62,56.65,140.67,5.68%,1.16,3.28%,1.58%,25.74%,7.21%,0.20,3,0.08
MO,8.55,94392881500,10.17,4.51,10.78,5.56,7.91,11.93%,116191881500,4.84,7.76,7.63,7.41%,10.96,3.93,,4.01,10.32,13.49,9.12%,,7.22%,4.12%,62.38%,11.47%,4.08,56,1.02
RIO,7.76,89356297195,5.40,1.04,5.73,1.11,5.81,12.93%,95000297195,1.77,4.27,4.93,6.32%,14.87,1.67,1.62,,8.22,15.81,6.72%,1.82,7.32%,-7.49%,56.77%,7.32%,4.01,1,2.25
CRWD,,89545360615,93.71,18.51,64.81,17.78,1100.31,-0.02%,86010966615,21.75,279.79,882.00,1.24%,83.85,22.65,27.30,4.41,,80.54,1.19%,42.85,,,,-0.46%,,0,0.00
WM,32.84,89981551800,28.52,3.41,16.69,4.30,27.97,3.05%,113467551800,5.14,17.94,13.68,1.90%,41.68,4.08,10.90,2.78,41.32,52.56,2.40%,,1.46%,7.89%,48.46%,1.83%,3.30,10,0.83
WELL,90.30,91926078090,75.00,9.44,40.74,10.78,68.67,1.04%,104972977090,13.14,33.21,30.69,0.86%,101.30,11.50,2.88,3.09,110.30,115.67,0.99%,2.92,1.89%,7.38%,171.12%,-15.46%,2.68,1,0.67
DUK,20.46,90721703240,18.03,2.87,7.36,5.56,20.67,4.85%,175637703240,5.79,11.77,6.32,0.03%,1890.04,2.99,1.81,2.92,39.90,3659.12,0.05%,3.04,3.58%,1.96%,73.31%,3.45%,4.18,10,1.05
ENB,25.72,91079246050,13.51,2.37,10.11,4.22,19.71,3.85%,162415383916,4.37,13.61,8.58,2.50%,22.47,2.45,1.93,2.11,46.29,40.06,4.45%,7.28,6.35%,-7.57%,163.38%,3.89%,2.66,1,0.67
APP,59.92,92074282680,40.13,16.06,43.87,16.55,50.09,1.71%,94889276680,20.15,40.50,39.72,2.21%,43.97,19.55,84.49,2.11,60.17,45.31,2.27%,,,,,4.08%,0.00,0,0.00
PLD,23.50,87265614780,35.55,10.37,17.77,13.89,24.53,4.27%,116826286780,14.24,15.91,14.73,-1.29%,,10.64,1.62,0.44,31.36,,-1.73%,1.71,4.26%,8.96%,100.86%,4.10%,4.04,10,1.01
ADI,55.63,87165302120,23.00,8.10,22.70,8.55,45.55,1.79%,92010662120,9.85,22.36,21.07,3.46%,27.38,9.33,2.49,0.71,58.84,28.90,3.65%,,2.22%,7.14%,126.52%,2.26%,3.96,10,0.99
KLAC,27.45,86299475540,20.28,7.05,23.66,7.22,22.00,3.72%,88401457540,8.15,20.01,19.08,3.80%,25.67,7.96,24.08,1.10,27.55,26.29,3.90%,69.34,1.03%,14.55%,28.63%,2.74%,6.80,10,1.70
CVS,19.04,87852544000,11.57,0.22,9.65,0.41,17.49,5.25%,159779544000,0.43,17.49,6.97,3.96%,13.89,0.24,1.16,0.70,34.63,25.26,7.20%,,3.86%,4.72%,72.68%,5.99%,2.66,3,0.67
SMFG,14.69,81537044668,9.12,0.02,11.40,,,7.07%,-151223602240,,,,-4.19%,12.86,3.13,0.81,0.75,,,7.78%,0.96,2.57%,8.67%,16.24%,2.49%,0.32,2,0.19
RELX,37.59,89452560648,28.41,,26.54,,26.53,2.70%,97755482243,8.29,26.53,22.16,2.81%,32.59,7.59,19.89,2.79,40.44,35.61,3.07%,,1.14%,-26.58%,43.28%,2.62%,0.56,10,0.56
ORLY,33.27,77406328150,30.02,4.30,25.38,4.73,26.07,3.08%,85196933150,5.10,22.84,20.86,2.40%,37.90,4.63,,2.11,35.70,41.71,2.64%,,,,,3.76%,,0,0.00
MU,16.58,77374958950,7.78,1.90,5.92,2.06,12.65,6.04%,84113958950,2.69,5.72,5.49,0.72%,127.68,2.47,1.59,0.17,18.00,138.80,0.78%,1.65,0.66%,,11.09%,-0.14%,0.46,0,0.12
PBR,9.84,34064033291,1.67,0.09,5.33,0.11,15.00,22.10%,42937249048,0.47,8.66,2.31,9.14%,8.68,0.37,3.43,0.24,5.70,10.94,11.52%,1.29,16.92%,12.46%,416.65%,17.54%,1.91,0,0.12
PBR.A,9.18,65990613098,1.56,0.17,9.03,0.19,11.15,37.71%,73950352589,0.72,8.33,2.31,7.11%,12.54,0.64,4.96,0.22,2.97,14.06,7.97%,1.29,18.17%,-22.04%,419.75%,18.09%,1.93,1,0.24
PH,22.97,71469725045,19.31,3.44,19.26,3.86,18.19,4.42%,80115459045,4.02,15.07,14.34,4.14%,21.53,3.59,5.45,2.41,25.37,24.13,4.64%,,1.16%,10.14%,26.93%,0.98%,6.52,69,1.63
MSTR,,71495312787,3.20,148.90,,163.91,,-1.63%,78703493787,169.82,,,-0.08%,,154.27,3.92,3.09,,,-0.09%,3.91,,,,-16.23%,,0,0.00
APO,17.01,71116036800,14.85,3.75,21.86,3.40,11.01,6.30%,64592036800,2.47,9.31,,5.04%,21.86,2.72,4.12,1.37,14.42,19.86,4.57%,6.17,1.49%,7.56%,25.25%,-1.09%,1.85,2,0.46
MSI,44.93,69250475710,27.95,6.01,28.96,6.38,33.53,2.28%,73572475710,6.80,29.08,21.86,2.90%,32.45,6.40,40.66,1.62,46.65,34.48,3.08%,,1.05%,11.29%,47.24%,1.81%,4.36,10,1.09
AJG,50.62,84186683325,28.37,5.76,32.59,5.65,36.77,1.74%,82684583325,7.16,26.75,23.18,2.95%,34.49,7.29,4.18,1.23,56.53,33.87,2.90%,25.09,0.80%,8.89%,40.00%,-0.83%,2.60,10,0.65
CTAS,46.47,81064278120,42.39,7.33,36.46,7.55,36.04,2.19%,83512692120,8.23,29.78,30.43,2.22%,43.79,7.99,17.65,3.42,46.96,45.12,2.28%,108.18,1.03%,60.96%,48.59%,1.52%,2.09,44,0.10
AON,29.81,80533812840,21.43,4.60,26.54,5.54,23.17,3.30%,96930812840,6.17,19.90,15.85,2.91%,28.59,5.13,13.16,1.74,36.52,34.41,3.50%,,0.73%,9.76%,21.62%,-2.93%,2.70,5,0.68
BP,189.93,68881816940,44.61,,2.52,,9.50,0.55%,100836816940,0.52,3.70,2.60,12.23%,5.59,0.35,1.16,13.74,264.66,8.18,17.90%,2.02,7.24%,9.15%,8189.66%,11.90%,1.90,3,0.48
MDLZ,19.00,84047111750,22.05,2.20,17.12,2.65,16.15,5.49%,101068111750,2.77,13.37,10.87,3.50%,23.75,2.31,3.12,4.08,21.92,28.56,4.21%,,2.85%,10.54%,54.97%,4.63%,1.88,10,0.47
LRCX,19.83,83874344400,16.74,4.52,18.40,4.48,17.01,5.12%,83191249400,5.13,15.82,16.16,4.87%,20.69,5.17,9.52,1.19,19.38,20.52,4.83%,11.89,1.39%,-61.72%,27.97%,3.74%,0.92,0,0.23
GEV,55.90,85263320042,49.03,2.30,33.01,2.08,32.50,1.82%,77058320042,2.21,21.75,36.83,2.24%,49.43,2.44,8.93,2.47,49.65,44.67,2.02%,19.07,0.16%,,8.96%,-1.38%,0.50,1,0.25
BN,150.56,69943887750,11.73,11.72,9.24,49.34,16.14,0.92%,294443887750,3.42,10.53,2.71,-2.67%,,0.81,1.52,,459.35,,-11.24%,,0.77%,13.79%,117.62%,4.03%,0.36,0,0.09
SHW,30.58,81147186400,26.60,3.39,25.73,3.88,24.01,3.30%,92850086400,4.02,18.75,18.34,2.24%,38.95,3.51,20.03,3.55,34.63,44.57,2.57%,,0.96%,16.01%,29.95%,2.60%,3.16,48,0.79
HCA,15.08,81687693370,13.14,1.09,7.77,1.66,12.87,7.05%,124648693370,1.77,9.59,5.89,4.52%,14.49,1.16,,1.10,21.64,22.10,6.90%,,0.86%,9.76%,13.09%,6.15%,2.88,4,0.72
UPS,14.18,81194553409,12.13,0.91,8.02,1.13,12.10,7.12%,100528553409,1.10,8.44,6.98,6.18%,13.07,0.89,4.86,1.28,17.39,16.18,7.65%,8.67,6.79%,0.62%,97.19%,6.68%,6.56,10,1.64
NKE,18.07,80294388848,30.25,1.76,13.72,1.80,15.87,5.61%,81812388848,1.71,13.70,13.89,6.49%,15.12,1.68,5.73,5.74,18.15,15.40,6.61%,5.94,2.94%,8.45%,53.07%,5.95%,1.60,10,0.40
APH,33.47,78171927800,27.75,4.22,27.77,4.42,25.45,3.10%,81722627800,5.37,21.60,20.10,2.64%,36.24,5.14,7.98,2.13,33.71,37.89,2.76%,235.50,1.03%,40.70%,34.38%,-0.78%,0.66,10,0.17
TRI,34.08,74977413912,42.90,9.92,30.52,10.07,34.51,2.95%,76139413912,10.49,32.83,37.36,2.43%,40.53,10.33,6.25,3.64,34.45,41.16,2.47%,1620.59,1.43%,-67.78%,48.74%,4.17%,2.38,0,0.60
MCO,37.40,75762051240,29.64,9.90,26.70,10.52,27.44,2.72%,80534051240,11.36,23.93,23.44,3.13%,30.05,10.69,21.25,2.23,39.13,31.95,3.33%,,0.89%,10.44%,33.39%,1.60%,3.76,10,0.94
BAM,35.73,74873536934,27.00,13.83,40.19,13.85,31.01,2.90%,74948536934,18.83,30.83,,2.49%,40.19,18.81,8.56,4.84,34.57,40.23,2.49%,23.39,3.80%,17.72%,136.72%,-9.26%,1.75,2,0.44
TT,30.23,76297069470,25.68,3.48,24.26,3.62,23.14,3.37%,79477269470,4.01,20.84,20.03,3.50%,27.45,3.85,10.23,2.46,30.95,28.59,3.64%,,1.11%,11.95%,33.45%,2.22%,3.76,10,0.94
RACE,48.09,75880566440,43.48,10.18,35.16,10.18,35.95,2.09%,75863684539,10.91,26.55,33.12,2.14%,46.83,10.91,19.17,4.35,47.85,46.82,2.14%,26.84,0.77%,25.69%,37.34%,1.40%,3.27,3,3.27
RSG,37.13,75404336100,34.77,4.42,19.16,5.16,29.64,2.71%,88043336100,5.49,18.52,15.25,2.42%,35.43,4.70,6.61,3.55,43.10,41.37,2.82%,,0.97%,8.33%,35.75%,1.58%,2.32,0,0.58
EQIX,90.96,75099911220,56.44,8.08,23.11,9.73,63.12,1.09%,90452911220,10.34,26.28,20.76,-0.17%,,8.58,5.55,3.10,110.99,,-0.21%,11.39,2.43%,13.89%,220.71%,0.49%,18.76,8,4.69
DASH,610.86,74420027304,77.46,5.63,34.91,5.25,428.55,0.17%,69425027304,6.48,84.05,252.27,2.60%,41.30,6.94,9.54,0.88,564.43,38.53,2.42%,14.95,,,,-9.49%,,0,0.00
CL,25.93,73816754840,23.96,3.58,17.97,3.92,19.73,3.91%,80669754840,4.01,17.19,15.20,4.40%,20.82,3.67,348.19,1.91,27.92,22.75,4.80%,,2.27%,4.12%,59.26%,3.06%,2.08,62,0.52
NOC,18.28,74683100418,18.24,1.75,17.02,2.03,15.40,5.59%,86820100418,2.12,12.39,10.92,3.02%,28.49,1.82,4.88,3.07,20.80,33.12,3.51%,,1.60%,10.16%,29.08%,4.68%,8.24,10,2.06
FTNT,41.96,72917959550,37.80,10.56,32.29,10.12,34.09,2.39%,69845759550,11.73,32.16,37.95,2.69%,38.80,12.24,48.81,2.88,40.02,37.17,2.58%,63.77,,,,2.07%,,0,0.00
BBVA,6.87,72274403573,6.94,2.65,12.29,,,13.53%,-33904777437,,,,8.39%,,1.96,1.16,2.10,,,-3.94%,1.33,5.52%,15.17%,39.43%,5.46%,0.68,3,0.36
ZTS,26.79,65650785120,23.87,6.97,22.23,7.47,21.03,3.79%,70407785120,7.61,18.31,17.07,3.27%,28.56,7.09,13.76,2.55,28.32,30.63,3.50%,71.12,1.36%,15.49%,36.56%,2.97%,2.00,10,0.50
NTES,14.93,60505098222,1.66,0.51,11.15,0.36,8.93,6.72%,42946254145,2.98,8.36,14.07,11.93%,11.81,4.19,3.19,1.05,10.56,8.38,8.47%,3.35,2.74%,0.70%,204.93%,3.40%,2.58,3,1.22
AZO,24.27,60478265388,22.41,3.11,19.29,3.73,19.37,4.31%,72543099388,3.89,16.79,14.00,2.78%,30.03,3.24,,1.97,27.83,36.03,3.33%,,,,,3.27%,,0,0.00
DEO,15.31,58848541036,13.72,,14.34,,15.52,6.58%,80152541036,3.12,14.17,9.48,3.26%,22.56,2.29,5.87,1.85,20.71,30.72,4.43%,,3.87%,0.25%,256.77%,5.24%,4.14,2,1.62
BDX,33.18,56584258775,13.48,2.54,15.50,3.35,29.51,3.05%,74512258775,3.61,15.34,10.30,3.94%,19.27,2.74,2.24,0.92,43.15,25.38,5.19%,,2.09%,6.99%,70.01%,2.55%,4.16,53,1.04
SCCO,18.92,65366624300,17.61,5.35,14.78,5.64,12.02,5.17%,68860924300,6.02,10.47,10.17,4.93%,19.26,5.72,7.13,1.20,20.39,20.29,5.19%,7.23,2.43%,-47.38%,46.19%,1.49%,1.98,0,0.69
INFY,22.03,70068002684,20.49,3.35,22.26,3.24,15.40,4.52%,67749002684,3.65,13.65,15.21,4.25%,24.31,3.77,6.64,1.98,21.39,23.51,4.11%,7.63,3.45%,36.24%,74.10%,4.52%,0.59,4,0.25
ITW,19.23,66007350000,21.53,4.16,20.12,4.59,15.50,5.28%,72922350000,4.59,14.28,14.08,3.92%,23.11,4.15,19.91,3.36,20.91,25.53,4.33%,,2.67%,7.08%,51.24%,4.52%,6.00,55,1.50
GSK,21.18,67379782622,7.97,2.06,7.94,2.58,17.28,4.78%,84330887842,2.15,17.28,6.31,8.01%,9.97,1.72,3.81,0.35,26.20,12.48,10.03%,,4.59%,6.67%,199.25%,4.70%,1.55,1,0.40
BMO,12.08,64845420720,7.60,1.81,5.82,4.65,21.83,8.74%,166791659299,6.98,18.21,,6.01%,6.47,2.72,1.04,1.46,29.43,16.63,15.46%,1.48,5.04%,1.19%,60.83%,3.84%,4.46,4,1.11
NGG,16.58,64240487324,14.73,4.86,7.14,9.06,19.12,4.57%,119717145508,4.70,13.40,7.06,0.09%,569.86,2.52,1.66,2.08,40.78,1061.97,0.18%,2.04,10.70%,98.53%,1196.28%,10.03%,7.02,2,1.02
CNI,19.68,60101613000,11.87,3.33,12.56,4.15,15.57,5.14%,74986841147,6.33,12.16,9.94,3.00%,26.71,5.08,4.00,1.93,24.28,33.32,3.74%,4.49,2.56%,3.51%,50.44%,6.29%,2.46,10,0.61
BNS,13.43,56466102550,6.26,1.52,4.37,0.08,0.46,7.68%,2936368531,0.12,0.38,,431.47%,4.46,2.35,0.93,1.38,0.68,0.23,22.44%,1.22,6.71%,-4.34%,90.29%,4.18%,3.03,2,0.73
AFL,10.66,55883268775,14.92,3.05,20.64,3.12,8.64,9.74%,57152268775,3.02,8.64,8.44,4.74%,20.64,2.95,2.14,0.93,10.50,21.11,4.84%,2.17,2.21%,18.18%,24.09%,7.88%,2.32,10,0.58
GD,19.83,72428250340,17.69,1.40,17.61,1.53,16.34,5.22%,79493250340,1.67,14.43,12.95,4.02%,22.66,1.52,3.28,1.92,21.02,24.87,4.41%,,2.21%,7.06%,44.02%,1.46%,6.00,34,1.50
TDG,45.78,72809027720,33.08,7.95,33.69,10.42,25.73,2.26%,95399027720,11.70,23.62,17.66,2.09%,36.59,8.93,,3.98,58.03,47.94,2.73%,,5.78%,,264.37%,4.74%,75.00,2,75.00
MMM,17.42,71087505580,16.73,2.95,39.08,3.20,15.47,5.87%,76971505580,3.13,12.14,12.96,0.91%,101.70,2.89,18.50,2.30,18.45,110.12,0.98%,,2.20%,-43.68%,38.64%,2.49%,2.92,67,0.73
ABNB,27.23,70269756568,25.33,5.65,15.55,4.95,18.51,3.77%,61653756568,5.55,18.15,26.91,7.33%,15.55,6.33,8.35,1.88,23.28,13.65,6.43%,9.19,,,,2.57%,,0,0.00
CDNS,65.98,69681242280,37.10,13.17,55.28,13.14,47.23,1.51%,69513395280,14.98,41.70,43.90,1.61%,62.33,15.01,14.91,2.44,65.86,62.18,1.60%,40.95,,,,-0.40%,,0,0.00
CMG,45.29,68132941800,38.72,5.34,32.37,5.58,35.43,2.25%,71220802800,6.30,30.37,29.77,2.15%,44.49,6.02,18.64,1.86,46.42,46.50,2.25%,18.75,,,,0.65%,,0,0.00
CP,25.76,66489702730,14.20,4.12,17.65,5.08,20.60,3.88%,82134306293,8.13,15.36,12.64,2.15%,37.65,6.58,1.94,2.37,31.81,46.51,2.66%,3.75,0.76%,-4.17%,19.67%,0.67%,0.54,0,0.13
WMB,30.39,67363777650,25.65,5.72,13.54,7.98,22.22,3.30%,93947777650,8.94,14.57,12.06,2.44%,29.34,6.41,5.42,2.36,42.28,40.92,3.41%,12.99,3.63%,5.91%,109.89%,3.59%,2.00,7,0.50
SE,156.62,67062805079,43.11,3.17,20.46,2.69,70.72,0.66%,56845476079,3.38,,63.29,5.77%,20.46,3.99,8.01,0.77,127.94,17.34,4.89%,8.08,,,,-1.73%,,0,0.00
ECL,31.43,65697911790,30.42,4.09,23.35,4.51,25.61,3.22%,72581511790,4.61,19.25,18.22,2.52%,35.89,4.17,7.50,2.73,34.36,39.65,2.79%,,1.12%,10.91%,35.28%,1.09%,2.60,7,0.65
CEG,17.46,64958500101,22.00,2.80,,2.99,13.80,5.77%,69412500101,2.95,8.98,9.33,-7.25%,,2.76,4.92,3.63,18.51,,-7.75%,5.16,0.76%,20.59%,13.05%,3.52%,1.55,3,0.39
SNPS,29.64,61875831600,24.77,8.56,43.35,8.12,26.94,3.41%,58731499600,9.67,22.95,42.87,2.22%,47.46,10.19,6.65,6.13,27.84,45.04,2.11%,10.89,,,,-0.55%,,0,0.00
EPD,10.76,62697015000,10.00,1.05,7.73,1.56,12.74,9.41%,93221015000,1.66,9.80,6.63,3.83%,17.56,1.12,2.18,2.84,15.81,26.11,5.70%,3.30,7.39%,4.43%,79.49%,7.59%,2.14,10,0.54
COF,14.12,62498908800,10.17,1.49,3.44,1.55,10.96,7.11%,64819908800,2.37,7.08,,26.16%,3.69,2.28,1.03,1.09,14.58,3.82,27.13%,1.54,1.48%,,20.71%,1.29%,2.40,0,0.60
MAR,26.76,61386149160,21.70,2.31,22.33,2.87,19.82,3.87%,76231149160,3.04,17.57,14.42,2.62%,30.71,2.45,,1.36,32.10,38.13,3.26%,,1.13%,21.15%,30.25%,6.51%,2.52,3,0.63
EQNR,7.20,61196063103,6.55,0.60,3.04,0.62,1.97,14.39%,63968063103,0.62,1.51,1.62,12.40%,7.71,0.59,1.45,3.57,7.26,8.06,12.96%,1.67,10.03%,-33.46%,72.75%,15.79%,2.26,0,0.27
PNC,11.04,60021423750,9.78,2.59,7.62,3.26,10.51,9.21%,75443423750,3.50,10.14,,10.44%,7.62,2.78,1.10,1.43,13.65,9.57,13.13%,1.59,4.21%,3.23%,46.58%,4.45%,6.40,10,1.60
PYPL,15.33,60526771770,11.90,1.80,8.12,1.57,9.87,6.85%,52619771770,1.65,8.27,9.82,12.86%,8.94,1.90,2.96,0.88,12.69,7.77,11.18%,6.54,,,,6.14%,,0,0.00
WDAY,115.25,59780836404,25.85,6.16,24.29,5.68,86.40,0.88%,55125836404,6.53,51.66,72.56,3.97%,27.31,7.08,6.62,0.91,104.80,25.18,3.66%,11.58,,,,-1.48%,,0,0.00
ROP,38.13,58605363750,27.15,7.49,24.49,8.44,29.66,2.64%,66040163750,9.38,29.18,20.91,3.46%,25.68,8.33,3.11,2.85,42.63,28.94,3.89%,,0.60%,9.95%,23.00%,0.05%,3.30,33,0.83
MFG,9.44,56274642079,9.05,0.02,,,,10.71%,-40581158444,,,,63.19%,,2.18,0.82,0.79,,,-45.57%,0.96,2.96%,4.69%,6.00%,3.00%,0.13,2,0.06
CRH,16.55,56481184829,15.08,1.49,11.32,1.80,13.11,6.18%,68029184829,1.91,9.38,8.37,3.94%,21.05,1.59,2.61,1.71,19.48,25.36,4.75%,6.03,1.60%,-20.83%,26.49%,7.05%,1.33,0,0.37
DELL,12.24,54501365387,8.46,0.52,12.06,0.67,11.22,8.43%,70131365387,0.73,7.48,5.60,2.67%,29.16,0.57,,0.65,15.27,37.52,3.43%,,2.66%,19.61%,32.92%,4.25%,2.10,3,0.53
ET,12.43,54659175045,10.45,0.58,4.75,1.23,13.55,8.04%,114895175045,1.39,8.42,3.80,6.39%,7.44,0.66,1.56,0.69,26.15,15.65,13.43%,2.55,8.08%,3.21%,100.05%,-0.79%,1.29,3,0.33
ITUB,8.55,55408647542,1.15,0.30,4.23,0.44,9.79,12.27%,80991663697,3.17,8.77,,15.43%,4.43,2.17,1.72,1.17,11.91,6.48,22.55%,1.75,8.05%,-5.07%,70.61%,7.97%,0.43,4,0.00
RCL,17.78,52398070655,12.96,2.88,9.95,4.01,16.30,5.49%,72830070655,4.42,12.00,9.15,2.74%,26.24,3.18,6.93,0.72,25.31,36.47,3.81%,8.24,0.88%,,15.54%,-4.06%,1.70,1,0.75
JD,9.96,56267626169,1.54,0.05,7.08,0.03,5.08,10.07%,35542627878,0.22,,8.20,19.68%,8.05,0.35,1.72,1.27,6.27,5.08,12.43%,2.30,2.75%,28.95%,26.63%,10.50%,0.98,1,0.98
MFC,13.92,47352711600,6.56,,2.50,,6.60,7.44%,39046297202,1.49,5.98,7.54,48.47%,2.50,1.81,1.30,0.90,11.08,2.06,39.97%,1.89,4.41%,9.41%,61.04%,7.77%,1.20,10,0.31
WCN,79.81,49279057349,35.60,5.12,22.11,5.97,52.71,1.25%,57488888349,6.45,25.50,20.60,2.05%,41.73,5.52,6.27,1.34,93.09,48.68,2.40%,,0.65%,11.11%,52.72%,0.46%,1.26,10,0.32
MET,11.99,48523870440,7.57,0.64,3.32,0.63,8.50,8.71%,47646870440,0.67,7.54,7.75,30.64%,3.32,0.68,1.77,1.02,11.27,3.26,30.08%,2.72,3.07%,4.81%,36.70%,9.51%,2.18,10,0.55
LNG,15.06,47627223396,17.38,2.37,8.83,3.48,13.77,6.83%,69869223396,4.45,10.03,6.54,4.52%,15.09,3.03,8.36,1.83,21.49,22.14,6.63%,8.51,0.94%,12.65%,14.08%,6.50%,2.00,4,0.50
NWG,443.00,45239365606,7.79,,19.71,,13.10,11.70%,101583543012,5.53,13.10,,1.92%,23.19,2.46,0.89,0.55,19.18,52.07,4.31%,1.19,3.46%,,58.71%,10.04%,0.39,0,0.39
SLB,10.30,43549516500,9.22,1.16,6.60,1.35,8.40,10.24%,50954516500,1.40,5.94,5.28,7.83%,10.91,1.20,2.06,2.86,11.42,12.77,9.16%,13.08,3.50%,8.29%,36.66%,4.03%,1.14,3,0.28
TRV,11.43,55650142150,13.82,1.19,6.13,1.35,9.58,8.98%,62984142150,1.36,9.58,7.64,14.41%,6.13,1.20,2.00,2.85,12.60,6.94,16.31%,2.39,1.73%,5.00%,19.56%,2.18%,4.20,10,1.05
AEP,18.51,57493054785,17.29,2.77,8.45,4.95,21.46,5.16%,102794454785,5.21,12.72,7.03,-1.19%,,2.92,2.13,2.37,34.64,,-2.13%,2.05,3.61%,5.85%,66.67%,1.46%,3.72,10,0.93
CHTR,9.59,47619295560,8.69,0.85,3.30,2.53,11.89,10.67%,142165295560,2.58,6.89,2.43,2.99%,11.19,0.86,3.06,0.37,27.97,33.40,8.94%,,,,,4.34%,,0,0.00
PAYX,29.78,51370440420,26.76,8.63,28.88,8.50,22.20,3.39%,50584040420,9.30,20.67,21.20,3.18%,31.98,9.44,12.48,4.56,29.07,31.49,3.13%,24.95,2.71%,10.11%,81.50%,2.65%,3.92,10,0.98
LYG,11.55,54000315188,10.12,3.66,,7.87,16.56,9.08%,116209741063,2.71,16.56,,-9.49%,,1.26,0.91,2.20,23.70,,-20.42%,1.09,4.39%,10.82%,201.07%,9.92%,0.16,3,0.10
O,55.26,48289291350,35.75,8.75,13.51,13.43,38.10,1.76%,74071323350,14.05,17.07,10.17,1.05%,62.00,9.16,1.24,5.24,87.36,95.10,1.61%,1.76,5.86%,3.32%,323.98%,-18.78%,3.18,21,0.27
REGN,14.30,59272385640,12.54,3.99,13.41,3.57,10.95,7.44%,52964285640,3.73,9.96,12.68,6.96%,16.09,4.17,2.02,0.92,12.00,14.37,6.22%,2.08,0.16%,,2.30%,-1.07%,0.88,0,0.88
APD,15.28,58551233680,19.96,4.69,15.28,5.74,14.36,6.55%,71713833680,5.96,11.10,13.52,-5.07%,,4.87,3.51,7.50,18.69,,-6.21%,3.77,2.73%,1.14%,41.59%,2.66%,7.16,50,1.79
CNQ,13.10,54708669800,6.51,1.34,5.73,1.67,11.02,7.75%,68048284630,2.75,6.22,5.12,8.39%,9.58,2.21,1.94,12.75,16.05,11.91,10.44%,2.12,6.01%,10.39%,79.44%,8.90%,1.57,1,0.41
USB,9.72,57350348100,8.35,1.98,5.09,2.57,9.44,10.30%,74368348100,2.96,8.43,,15.16%,5.09,2.29,0.98,1.47,12.59,6.60,19.66%,1.55,5.37%,2.58%,52.80%,4.26%,2.00,10,0.50
EOG,9.24,57324725640,9.28,2.44,4.72,2.35,6.62,11.17%,55299725640,2.33,4.44,4.58,10.48%,9.89,2.42,1.95,66.45,8.64,9.54,10.11%,1.96,3.78%,-24.14%,34.67%,6.31%,3.90,0,0.98
NEM,17.45,57552259300,14.15,3.10,9.04,3.39,12.28,5.82%,62884259300,3.37,8.17,6.49,5.60%,16.35,3.08,1.92,0.79,18.78,17.86,6.12%,2.11,1.96%,-31.03%,34.26%,-34.54%,1.00,0,0.25
KMI,22.06,57351110500,19.90,3.57,10.18,5.54,17.33,4.56%,89153110500,5.90,11.89,8.65,3.37%,19.08,3.80,1.88,2.25,34.12,29.66,5.24%,6.60,4.46%,1.77%,98.27%,5.10%,1.15,7,0.29
CPRT,39.25,56303900040,34.62,11.29,35.28,10.55,31.86,2.58%,52625846040,11.68,28.26,30.88,1.94%,55.22,12.49,6.78,2.68,36.19,51.61,1.81%,7.31,,,,-0.34%,,0,0.00
EMR,23.75,56237747000,16.23,3.07,15.22,3.33,19.57,4.29%,61026747000,3.48,12.80,11.90,5.36%,17.20,3.20,2.74,1.25,25.31,18.67,5.81%,,2.12%,0.72%,50.17%,2.50%,2.11,68,0.53
MNST,38.77,56219395430,31.17,6.93,29.15,6.80,27.73,2.68%,55170952430,7.36,26.48,26.30,2.95%,34.60,7.50,9.44,1.96,36.56,33.95,2.89%,17.50,,,,4.24%,,,0.01
AEM,29.50,56367646445,21.59,5.54,14.23,5.57,19.24,3.36%,56723397445,6.85,12.71,12.48,3.75%,26.51,6.80,2.71,28.15,29.92,26.67,3.77%,3.36,1.43%,,42.33%,-1.18%,1.60,0,0.40
SPG,20.37,48257864560,22.14,8.48,12.65,12.59,21.71,4.91%,71642297560,12.01,15.37,12.61,4.35%,15.50,8.09,16.40,4.07,30.26,23.00,6.45%,19.38,5.59%,8.55%,113.64%,5.57%,8.25,3,2.10
BK,13.22,55048071744,10.76,2.76,80.13,,,7.88%,-2843928256,,,,27.50%,,2.96,1.33,0.97,,,-1.42%,3.71,2.45%,12.27%,32.41%,7.49%,1.88,10,0.47
ADSK,50.18,54723960000,26.87,7.74,34.05,7.83,40.03,2.03%,55396960000,9.04,35.42,38.19,2.83%,34.92,8.93,20.88,1.41,49.82,35.35,2.86%,,,,,-0.46%,,,0.02
COR,39.59,54118356360,17.56,0.16,,0.18,29.95,2.58%,59042643360,0.19,24.36,12.96,-1.08%,,0.18,238.85,1.06,42.29,,-1.18%,,0.79%,6.53%,31.33%,4.08%,2.20,2,0.55
CM,10.56,53122112480,6.93,1.85,2.83,19.37,79.40,9.51%,556645692647,30.06,70.86,,3.24%,2.95,2.87,1.21,4.29,110.14,30.88,33.93%,1.52,4.75%,1.26%,50.47%,3.59%,2.69,1,0.67
CSX,15.54,52433745000,15.26,3.55,9.99,4.74,12.98,6.62%,69931745000,4.81,9.93,7.45,3.98%,18.83,3.61,4.19,1.75,20.15,25.12,5.31%,4.37,1.87%,8.89%,29.06%,5.35%,0.52,10,0.13
TEAM,,52512718325,48.31,9.10,36.88,8.89,,-0.66%,51288011325,10.70,4407.70,,2.70%,37.92,10.95,43.06,2.42,,37.03,2.64%,,,,,-0.98%,0.00,0,0.00
ING,12.39,53813224740,8.23,2.34,6.97,6.39,19.15,10.17%,146989300381,6.98,17.81,,5.05%,7.26,2.55,0.98,0.41,26.86,19.82,13.78%,0.96,6.73%,-2.63%,68.58%,6.51%,1.17,3,0.65
CARR,9.57,50871613440,19.19,2.20,90.36,2.58,8.47,11.02%,59612613440,2.65,7.21,14.27,0.07%,1156.17,2.26,3.61,405.13,10.64,1354.83,0.09%,,1.54%,6.71%,14.63%,-5.35%,0.90,5,0.23
ALL,11.29,50773681080,10.66,0.85,5.69,0.97,9.34,8.96%,58154681080,0.91,8.57,7.50,15.03%,5.81,0.79,2.37,1.87,12.78,6.65,17.21%,3.29,2.10%,4.74%,23.54%,0.06%,4.00,10,1.00
HLT,33.68,49621663260,25.62,4.07,24.65,4.93,25.61,3.09%,60131663260,5.38,24.11,19.89,3.02%,27.34,4.44,,1.31,39.17,33.13,3.66%,,0.28%,,9.77%,5.23%,0.60,0,0.15
JCI,29.21,50322395970,20.29,2.12,19.42,2.49,26.40,3.48%,59078395970,2.65,19.59,15.05,3.51%,24.26,2.26,3.16,1.27,33.76,28.49,4.12%,,1.94%,,56.78%,4.66%,1.48,4,0.37
HWM,44.48,50625849885,37.54,6.19,39.00,6.53,34.11,2.28%,53376849885,7.18,28.98,26.87,1.83%,51.82,6.81,11.12,0.80,46.21,54.63,1.93%,3616.13,0.25%,34.78%,11.03%,1.69%,0.31,4,0.10
FDX,13.02,49647907788,10.06,0.55,6.88,0.91,13.56,7.89%,81543907788,0.93,7.90,4.51,4.21%,14.47,0.57,1.86,0.82,20.81,23.77,6.91%,2.43,2.67%,9.52%,34.61%,6.28%,5.52,4,1.38
NU,25.09,48366098076,17.64,3.24,20.16,2.77,14.76,4.08%,41245493076,3.58,14.36,,5.39%,21.75,4.20,6.33,,20.91,18.55,4.60%,7.08,,,,-0.65%,,0,0.00
PSA,26.09,48634363250,26.67,10.04,15.55,11.88,24.34,3.85%,57539981250,12.25,16.47,14.64,4.14%,20.42,10.36,5.01,10.95,30.73,24.16,4.90%,9.61,4.31%,,112.78%,4.41%,12.00,0,3.00
DLR,87.02,47181902390,105.45,7.90,20.86,10.27,55.24,1.19%,61319607390,11.04,21.28,19.90,1.95%,39.50,8.49,2.21,2.25,109.16,51.33,2.53%,4.95,3.43%,,302.59%,-3.79%,4.88,0,1.22
NSC,18.71,48863798445,16.60,3.89,12.06,5.13,15.58,5.37%,64428798445,5.31,11.74,8.10,3.46%,21.92,4.03,3.42,1.67,24.57,28.90,4.56%,3.43,2.51%,,46.66%,2.47%,5.40,0,1.35
OKE,15.57,50135284830,14.10,1.70,10.26,2.76,15.08,6.05%,81479284830,3.76,12.46,7.76,3.52%,17.49,2.31,2.94,1.47,26.85,28.42,5.72%,8.15,5.07%,3.76%,79.69%,-15.65%,4.12,2,1.03
MPLX,11.41,48968003900,10.44,3.77,8.24,5.29,15.87,8.76%,68659003900,5.75,12.24,8.51,7.12%,10.01,4.10,3.61,1.90,16.00,14.04,9.99%,9.07,8.07%,11.17%,90.88%,6.47%,3.83,2,0.96
AIG,20.35,48718572630,13.12,1.80,14.88,2.08,247.10,-2.93%,56338572630,2.07,14.73,6.19,5.81%,14.88,1.79,1.15,0.85,,17.21,6.72%,1.25,1.97%,11.11%,,11.33%,1.60,2,0.40
SNOW,,47402442100,134.41,10.51,49.39,10.07,,-2.71%,45450041100,12.53,,,1.95%,53.62,13.07,15.80,2.01,,51.41,1.86%,30.54,,,,-1.43%,,0,0.00
BCS,7.79,48473171000,6.53,2.13,5.25,29.68,73.66,13.71%,675388369742,20.17,59.15,,1.06%,6.75,1.45,0.52,0.73,101.64,94.00,14.82%,0.61,3.09%,3.87%,97.00%,8.00%,0.42,3,0.27
MRVL,,45788803680,18.64,5.49,27.24,5.86,,-1.93%,48904303680,8.48,76.82,33.96,2.84%,32.95,7.94,3.41,1.52,,35.19,3.03%,,0.45%,,,-0.03%,0.24,0,0.06
ARES,67.69,28186503147,26.18,5.74,10.10,7.86,24.02,1.56%,38599005147,9.94,21.87,37.82,6.99%,10.44,7.26,7.95,0.63,87.53,14.30,9.58%,,3.30%,20.68%,216.31%,2.09%,4.48,5,1.12
AXON,114.20,42000295662,88.29,15.78,102.86,15.68,109.40,0.90%,41735618662,20.04,97.08,335.27,0.79%,127.46,20.17,18.04,2.86,110.69,126.65,0.78%,30.09,,,,-4.11%,,0,0.00
NXPI,17.02,41996935800,15.65,3.42,15.10,4.04,14.69,5.98%,49558935800,3.93,11.53,9.50,4.22%,20.10,3.33,4.57,0.95,19.74,23.72,4.97%,,2.45%,,41.69%,3.80%,4.06,0,1.01
TRP,14.64,46788835800,11.15,3.14,8.52,5.95,14.37,6.82%,88592910207,9.26,10.86,7.99,1.08%,48.99,4.89,2.38,1.54,27.77,92.76,2.04%,6.02,5.63%,-8.14%,83.68%,4.89%,2.57,0,0.59
GWW,24.69,46044391833,23.46,2.55,21.81,2.66,18.67,4.15%,48191391833,2.81,16.61,15.83,3.26%,29.33,2.68,13.71,2.13,25.24,30.70,3.41%,16.68,0.85%,10.22%,21.18%,3.05%,8.20,54,2.05
KMB,18.21,45598833480,18.18,2.32,14.10,2.65,15.39,5.58%,52020833480,2.59,12.50,11.61,4.83%,18.15,2.27,54.28,1.56,20.44,20.70,5.51%,,3.67%,3.36%,66.75%,4.98%,5.04,53,1.26
D,21.28,44255524950,15.23,2.72,8.82,5.23,19.74,4.80%,85259524950,5.90,12.25,6.13,-8.65%,,3.06,1.62,1.86,40.14,,-16.66%,2.11,5.14%,,109.66%,4.76%,2.67,0,0.67
FAST,37.77,43318488540,34.38,5.27,36.92,5.30,28.74,2.66%,43548088540,5.77,25.76,25.70,2.20%,45.16,5.74,11.98,3.18,37.85,45.40,2.21%,11.98,2.27%,-12.09%,86.00%,2.04%,1.72,0,0.43
KDP,33.27,47472682500,17.05,2.92,21.39,3.84,23.59,3.04%,62477682500,4.07,19.50,11.48,2.56%,29.65,3.09,1.96,1.03,43.36,39.02,3.37%,,2.65%,7.10%,87.62%,5.48%,0.92,4,0.23
PCAR,11.26,46685094136,11.79,1.45,10.06,1.64,8.63,8.92%,52740494136,1.57,7.50,8.70,5.49%,16.12,1.39,2.67,1.18,12.67,18.22,6.20%,2.67,4.43%,-7.75%,49.75%,4.18%,3.93,0,0.33
TFC,10.61,46680746400,8.69,2.23,21.57,3.40,16.68,9.57%,71073746400,6.23,13.56,,3.04%,21.57,4.09,0.73,1.94,15.90,32.84,4.64%,1.19,5.84%,,62.03%,5.91%,2.08,0,0.52
ROST,21.48,44645671275,20.46,1.98,18.94,2.03,17.64,4.68%,45597356275,2.16,15.04,14.72,3.77%,25.96,2.11,8.10,1.69,21.81,26.52,3.85%,8.10,1.17%,9.84%,25.63%,3.10%,1.62,4,0.41
EXC,18.44,45530254000,16.73,1.93,8.18,3.87,19.93,5.40%,91281254000,3.96,11.16,6.33,-1.67%,,1.98,1.69,2.14,37.11,,-3.36%,2.24,3.55%,5.48%,65.31%,2.93%,1.60,3,0.40
FICO,85.75,45472118363,60.24,21.76,64.51,22.84,61.78,1.20%,47729845363,26.88,59.75,58.77,1.41%,67.52,25.61,,1.65,87.69,70.87,1.48%,,,,,1.55%,,,0.02
FCX,23.93,44664135600,20.35,1.69,6.24,1.85,10.32,4.23%,48801135600,1.92,7.00,4.69,5.63%,16.27,1.75,2.54,4.76,25.83,17.77,6.15%,2.61,1.91%,,46.15%,1.79%,0.60,0,0.15
KR,18.47,44798699790,14.06,0.29,7.73,0.43,17.42,5.95%,65921699790,0.45,8.64,5.65,3.27%,20.80,0.30,5.41,1.59,24.74,30.60,4.81%,9.38,1.88%,10.34%,34.88%,2.59%,1.28,10,0.32
CVNA,127.67,43369102781,67.69,2.57,47.24,2.76,54.35,0.48%,46579102781,3.41,40.09,33.84,1.80%,51.75,3.17,34.42,-0.13,221.81,55.58,1.93%,35.74,,,,34.09%,,0,0.00
AMP,13.86,44020305090,11.89,2.42,6.67,2.17,8.60,7.73%,39526305090,2.29,8.91,,16.24%,6.86,2.55,8.42,0.86,11.62,6.16,14.58%,16.53,1.30%,9.63%,17.91%,5.43%,5.92,10,1.48
TAK,33.46,43973216094,36.23,0.02,5.71,0.04,26.00,3.03%,79369768074,2.71,9.57,5.43,7.71%,7.18,1.50,0.86,1.61,59.65,12.97,13.92%,,4.24%,17.55%,71.16%,2.83%,0.59,0,0.32
SRE,14.93,43097968430,14.03,2.77,20.79,4.97,18.73,6.54%,77356968430,5.87,14.45,8.11,-0.58%,,3.27,1.38,1.78,27.46,,-1.04%,1.51,3.86%,4.16%,58.37%,3.10%,2.58,10,0.65
GM,6.93,44008938460,3.71,0.23,2.19,0.53,10.65,16.34%,100241938460,0.53,4.60,2.35,4.90%,8.96,0.23,0.70,1.17,13.94,20.41,11.16%,0.75,1.09%,23.08%,7.54%,18.62%,0.48,2,0.12
ALC,42.21,42768062000,27.40,4.09,20.59,4.41,31.82,2.38%,46079062000,4.65,17.23,17.28,3.48%,26.66,4.32,1.98,2.65,45.26,28.73,3.75%,10.75,0.38%,24.87%,16.11%,0.18%,0.33,4,0.33
COIN,17.16,41308728238,21.54,5.01,16.16,4.30,11.73,6.24%,35460538238,5.40,11.26,19.09,7.21%,16.16,6.29,4.02,0.26,13.76,13.87,6.19%,4.54,,,,-7.46%,,0,0.00
TGT,10.46,42236450960,10.21,0.39,5.73,0.52,10.05,9.69%,56996450960,0.53,6.59,4.83,7.86%,9.43,0.40,2.88,1.22,13.93,12.73,10.60%,3.00,4.83%,1.82%,50.56%,5.05%,4.48,54,1.12
AMX,30.93,42603552000,8.24,0.04,3.51,0.07,9.00,10.53%,68300235444,1.42,4.55,2.55,8.88%,7.02,0.89,2.38,0.20,15.22,11.26,14.24%,12.51,3.63%,-3.62%,2291.13%,10.71%,0.51,0,0.24
SU,9.90,40157564400,7.17,0.75,3.51,0.90,6.66,10.40%,48181487937,1.36,3.81,3.71,14.16%,5.89,1.13,1.26,0.07,11.53,7.06,16.99%,1.48,4.95%,1.40%,48.63%,7.70%,1.60,4,0.39
KVUE,40.72,41856171330,18.81,2.67,23.66,3.15,27.55,2.46%,49393171330,3.20,20.45,11.84,2.70%,31.35,2.71,4.33,2.23,47.95,37.00,3.19%,,3.75%,,152.46%,-0.22%,0.82,2,0.21
CCI,,41292206220,65.00,7.66,14.03,13.10,,-9.45%,70615206220,10.75,,10.38,2.44%,23.99,6.29,,2.82,,41.03,4.17%,,6.58%,,,6.57%,6.26,0,1.57
HLN,24.30,43096425300,19.96,,14.49,,19.00,4.18%,53504476743,3.81,17.22,12.30,4.95%,16.26,3.07,2.06,1.77,29.68,20.19,6.15%,,1.75%,10.30%,85.49%,2.85%,0.17,2,0.12
HMC,6.32,40894644233,6.17,0.00,12.36,0.00,6.31,16.30%,69503328360,0.50,4.31,2.39,0.44%,135.07,0.29,0.45,3.62,10.42,229.57,0.74%,0.54,4.44%,0.83%,84.93%,18.29%,1.18,4,0.66
FLUT,937.67,39852688080,23.98,2.39,24.88,2.60,113.87,0.11%,43496688080,3.10,26.83,20.31,2.48%,37.00,2.84,4.29,0.17,1011.55,40.39,2.70%,,,,,-0.58%,0.00,,1.33
CTVA,44.18,39191400700,19.31,2.22,18.27,2.20,24.95,2.31%,38725400700,2.29,13.94,12.34,4.00%,25.32,2.32,1.65,1.29,42.70,25.02,3.95%,8.71,1.17%,6.35%,52.29%,3.65%,0.68,6,0.17
PWR,43.07,38486279610,25.17,1.42,18.49,1.56,30.33,2.35%,42223276610,1.78,19.78,18.82,3.50%,26.05,1.63,5.26,1.58,46.66,28.58,3.84%,273.44,0.15%,11.76%,6.63%,-0.68%,0.40,0,0.10
VST,16.01,38216638950,18.34,2.16,8.38,3.08,12.93,6.46%,54477638950,3.16,7.96,5.62,4.92%,14.25,2.22,6.86,3.23,22.08,20.32,7.02%,,0.81%,5.25%,12.60%,6.82%,0.88,5,0.22
BKR,12.29,36326038000,14.07,1.29,10.90,1.39,11.35,8.20%,38985038000,1.40,8.53,7.88,5.79%,16.09,1.31,2.15,3.12,13.09,17.27,6.21%,5.28,2.51%,7.50%,30.87%,4.18%,0.92,3,0.23
TTWO,,35381270640,31.60,4.50,,4.86,,-10.33%,38172770640,7.00,,99.62,-1.30%,,6.49,6.21,1.40,,,-1.40%,,,,,-3.27%,,,0.00
TRGP,28.49,35578411275,20.20,1.71,9.75,2.38,20.13,3.60%,49595711275,3.03,12.76,8.64,1.39%,51.77,2.17,13.72,0.84,38.77,72.17,1.93%,62.59,1.85%,50.00%,52.26%,3.92%,3.00,3,0.75
TCOM,16.23,35827272285,16.03,0.57,,0.48,10.40,6.53%,30435242755,4.17,,17.46,,,4.91,1.85,2.34,13.02,,,3.81,0.52%,,8.25%,-2.12%,0.28,0,0.28
WPM,66.87,35341516200,41.00,20.50,34.39,20.03,53.13,1.50%,34528521200,26.88,38.44,35.72,1.12%,91.65,27.51,4.87,2.40,65.25,89.54,1.09%,4.86,0.85%,38.46%,56.65%,0.70%,0.66,1,0.17
SYY,17.91,34091992550,14.60,0.40,12.96,0.56,14.80,5.67%,46988992550,0.58,11.11,7.63,4.34%,16.72,0.42,16.93,1.24,24.32,23.04,5.98%,,2.96%,2.00%,52.26%,5.53%,2.04,56,0.51
ARGX,42.63,33106238460,84.03,9.35,,8.41,339.63,2.52%,29766465460,6572.17,283.03,,-0.28%,,7309.56,6.02,,35.73,,-0.26%,6.26,,,,-19.85%,,0,0.00
YUM,27.74,40311482500,23.86,4.90,23.87,6.20,21.36,3.69%,51028482500,6.76,19.90,14.86,2.81%,28.15,5.34,,2.12,34.34,35.63,3.55%,,1.95%,9.46%,54.41%,2.43%,2.84,7,0.71
VRSK,42.91,40392474200,39.81,12.88,35.31,13.83,31.86,2.37%,43347074200,15.04,26.01,29.39,2.12%,43.90,14.02,403.52,3.71,45.24,47.11,2.28%,,0.63%,14.89%,26.84%,3.67%,1.80,6,0.45
ED,20.41,38487476850,18.38,2.32,10.65,3.92,19.55,4.73%,64988476850,4.26,11.86,6.82,-1.78%,,2.52,1.75,8.67,35.71,,-3.01%,1.72,3.14%,2.45%,64.89%,3.73%,3.40,52,0.85
OTIS,22.79,36734152650,22.54,2.51,23.50,2.95,22.44,4.48%,43056152650,3.02,20.50,14.53,3.34%,25.56,2.58,,2.34,26.17,29.96,3.91%,,1.65%,14.71%,38.33%,4.11%,1.56,5,0.39
F,6.26,35619984000,6.88,0.21,2.31,0.62,12.47,16.50%,103943984000,0.56,6.54,3.28,6.48%,5.29,0.19,0.79,2.95,17.68,15.42,18.92%,0.81,8.21%,19.05%,51.37%,8.70%,0.75,0,0.30
GRMN,25.59,35946839320,23.01,5.21,25.09,4.86,19.81,3.93%,33580987320,5.33,17.91,20.27,3.69%,29.02,5.71,4.58,2.49,23.79,27.11,3.45%,5.07,1.95%,7.14%,49.32%,1.58%,3.60,7,0.90
OXY,14.93,34217499030,10.24,1.20,,2.06,10.84,6.95%,58575499030,2.18,,2.76,,,1.27,1.00,0.79,24.64,,,1.47,2.63%,18.42%,39.27%,-3.95%,0.96,3,0.24
ABEV,16.72,35632511145,2.25,0.38,8.06,0.33,7.80,6.01%,31162977913,2.35,5.99,8.17,11.70%,9.77,2.68,2.13,1.40,14.55,8.55,10.23%,5.23,0.99%,-84.78%,15.19%,0.97%,0.02,3,0.02
HUM,28.89,34811481990,17.27,0.27,11.74,0.21,11.62,3.47%,26500481990,0.23,8.16,10.39,9.05%,14.52,0.30,2.13,0.85,21.96,11.05,6.89%,6.57,1.22%,,35.47%,3.42%,3.54,0,0.89
PRU,13.15,34936260000,6.86,0.58,4.11,0.74,13.85,7.81%,44805260000,0.64,12.39,9.72,18.98%,4.11,0.50,1.25,0.60,16.43,5.27,24.34%,1.30,5.49%,3.96%,72.00%,6.85%,5.40,10,1.35
KHC,12.76,34463511600,10.63,1.36,8.24,2.10,30.01,7.96%,52998511600,2.05,19.53,5.32,5.70%,11.41,1.33,0.70,0.99,19.31,17.55,8.76%,,5.55%,,70.80%,6.96%,1.60,0,0.40
CTSH,15.47,34444988600,13.70,1.64,16.22,1.60,11.20,6.50%,33681988600,1.71,9.49,9.81,5.42%,18.85,1.75,2.39,1.40,15.04,18.44,5.30%,5.89,1.78%,3.42%,27.49%,3.36%,1.24,5,0.31
WEC,21.84,33183312470,20.03,3.55,10.33,5.72,20.85,4.60%,53500512470,6.22,13.65,9.76,0.81%,77.05,3.86,2.68,2.51,35.03,124.22,1.30%,3.60,3.38%,7.01%,73.92%,3.21%,3.57,10,0.89
ODFL,28.62,33261167050,27.52,5.49,20.05,5.48,21.32,3.57%,33212478050,5.71,17.30,17.65,2.73%,36.63,5.72,7.84,2.36,28.00,36.57,2.73%,7.85,0.71%,23.26%,20.44%,2.39%,1.12,8,0.28
HSY,15.05,33297346542,26.65,2.89,13.15,3.27,14.27,6.67%,37668751542,3.36,12.17,9.65,5.11%,17.29,2.97,7.06,44.49,16.96,19.56,5.78%,,3.34%,14.41%,50.18%,4.41%,5.48,10,1.37
IMO,9.58,30748862742,7.39,0.56,7.20,0.59,7.34,10.82%,32914922050,0.92,5.58,5.70,8.93%,10.46,0.86,1.83,0.85,9.90,11.20,9.56%,2.01,2.99%,16.57%,28.76%,10.64%,1.80,10,0.50
GIS,12.47,31062666725,14.00,1.60,9.80,2.31,12.07,8.24%,44728666725,2.28,10.52,7.39,5.54%,12.53,1.58,3.35,3.54,17.48,18.05,7.98%,,4.20%,1.69%,52.81%,7.16%,2.40,5,0.60
NTR,34.97,23235770920,12.75,0.87,6.57,1.31,19.23,2.90%,35189770920,1.35,8.44,5.22,3.92%,16.83,0.89,0.95,1.24,52.21,25.48,5.94%,2.23,4.54%,1.64%,160.29%,5.12%,2.18,7,0.55
MSCI,37.14,40490962848,30.29,12.80,26.96,14.13,29.00,2.74%,44713580848,15.66,25.58,24.48,3.10%,29.20,14.18,,2.28,40.31,32.25,3.42%,,1.36%,14.98%,51.25%,2.49%,7.20,10,1.80
PEG,22.95,40498110030,20.10,3.61,18.99,5.65,23.41,4.38%,63378110030,6.16,16.30,10.64,-1.97%,,3.94,2.51,2.40,35.77,,-3.08%,2.51,3.10%,5.19%,71.19%,3.10%,2.52,10,0.63
NDAQ,36.42,40432693500,21.54,7.86,20.85,9.63,26.54,2.76%,49493693500,6.69,19.97,15.45,3.50%,23.34,5.46,3.61,1.35,44.31,28.58,4.28%,,1.37%,9.09%,49.74%,1.75%,0.96,10,0.24
EW,9.76,40033050500,26.93,6.69,73.82,6.14,8.46,10.43%,36757150500,6.76,8.12,24.46,0.79%,138.09,7.36,4.00,4.03,8.80,126.79,0.72%,5.68,,,,1.66%,,0,0.00
LHX,27.12,40016358300,19.51,1.79,15.64,2.31,22.83,3.75%,51637358300,2.42,14.54,10.20,4.17%,18.59,1.88,2.05,0.29,34.38,24.00,5.38%,,2.25%,2.18%,60.99%,2.18%,4.80,10,1.20
DFS,8.90,39836619650,11.15,2.26,4.73,2.70,7.95,11.16%,47590619650,3.66,7.57,,17.26%,4.85,3.06,2.22,3.69,10.70,5.79,20.62%,2.49,1.78%,,15.81%,1.35%,2.80,10,0.70
PSX,19.17,38955543900,13.95,0.29,9.30,0.43,16.25,5.43%,57279543900,0.39,9.73,9.37,4.07%,16.70,0.27,1.42,0.65,27.06,24.56,5.99%,1.58,4.74%,9.52%,92.18%,11.73%,4.60,3,1.15
E,15.74,39075497219,7.55,0.35,2.66,0.55,8.01,7.00%,62377866147,0.66,3.82,2.51,23.54%,2.66,0.41,0.66,2.65,22.82,4.25,37.57%,0.82,8.79%,3.50%,276.67%,14.27%,2.24,4,0.52
XEL,19.82,39230478840,17.69,2.57,8.45,4.53,24.83,4.93%,69259478840,5.15,12.46,7.42,-3.93%,,2.92,2.01,2.69,35.77,,-6.94%,2.01,3.32%,4.98%,66.30%,1.36%,2.28,0,0.57
HES,14.16,39331859600,17.35,3.38,7.02,4.10,10.86,7.04%,47620859600,3.66,6.93,5.34,1.37%,60.14,3.02,3.51,2.00,17.20,72.81,1.66%,3.60,1.57%,10.71%,22.27%,1.35%,2.00,3,0.50
CMI,9.99,39040498490,12.38,1.12,26.25,1.26,8.51,10.11%,43835498490,1.29,7.05,8.05,0.64%,139.93,1.14,3.80,0.59,11.11,157.12,0.71%,7.02,2.59%,8.02%,25.66%,5.81%,7.28,10,1.82
DB,11.12,40584160213,6.57,1.26,,,,11.14%,-32668341952,,,,99.39%,,1.31,0.53,2.35,,,-80.00%,0.53,3.47%,52.34%,52.52%,6.55%,0.74,3,0.74
TEL,20.32,38074318095,15.40,2.30,10.47,2.48,14.33,5.04%,41025318095,2.59,11.15,10.07,7.11%,13.05,2.40,3.07,2.41,21.39,14.06,7.66%,7.05,2.24%,9.92%,45.29%,6.06%,2.84,10,0.71
CPNG,259.88,37436781446,55.24,1.07,19.85,1.00,50.12,0.41%,35131781446,1.16,22.43,37.69,2.89%,36.85,1.24,9.12,0.17,228.13,34.58,2.71%,9.80,,,,-1.28%,,0,0.00
URI,14.99,37888698074,12.87,2.36,8.33,3.24,12.73,6.80%,51926698074,3.38,7.44,8.29,3.87%,18.88,2.47,4.39,1.11,20.17,25.87,5.30%,35.78,1.23%,10.05%,18.51%,4.42%,7.16,2,1.79
MPC,12.00,37654751970,14.75,0.30,4.35,0.50,12.22,9.15%,63202751970,0.45,7.43,4.14,9.76%,6.11,0.27,2.12,2.07,18.35,10.25,16.38%,3.96,3.02%,10.16%,36.11%,19.64%,3.64,3,0.91
CCEP,26.47,39104179565,17.95,,11.45,,20.18,3.85%,49724430808,2.34,15.06,11.32,4.80%,16.40,1.84,4.13,1.48,33.06,20.85,6.10%,,2.50%,8.12%,66.80%,2.19%,2.13,4,1.34
RBLX,,37422202506,192.31,6.98,45.51,6.84,,-2.50%,36689079506,10.19,,,1.75%,58.23,10.39,168.99,8.18,,57.09,1.72%,818.30,,,,-5.03%,,0,0.00
DHI,8.33,37115186940,8.98,1.00,12.41,1.05,6.42,12.54%,39143886940,1.07,6.32,6.11,7.33%,12.94,1.01,1.49,0.48,8.41,13.65,7.73%,1.50,1.36%,27.27%,11.30%,5.05%,1.60,10,0.40
FIS,26.63,36818890920,11.99,3.49,17.78,4.48,21.86,3.94%,47274890920,4.67,12.12,13.51,2.65%,29.36,3.64,2.35,0.60,32.60,37.70,3.41%,,2.30%,-22.92%,61.19%,8.38%,1.60,0,0.40
VALE,6.17,37821391925,5.15,0.97,16.34,1.04,28.89,16.30%,40604390967,1.07,28.89,3.08,2.70%,34.55,0.99,6.73,10.64,6.59,37.09,2.89%,1.59,9.26%,-41.69%,69.09%,14.30%,0.82,0,0.37
NET,,35849809648,127.72,16.94,94.24,16.75,,-0.22%,35450580648,21.23,317.88,,0.47%,214.78,21.47,34.27,2.35,,212.39,0.47%,42.49,,,,-2.32%,,0,0.00
EA,35.71,36575130120,19.68,4.78,17.33,4.62,24.21,2.87%,35303130120,4.81,18.74,19.29,5.36%,19.33,4.98,4.93,1.71,33.65,18.66,5.17%,21.31,0.55%,,19.37%,2.76%,0.76,0,0.19
AME,26.45,36190359480,21.76,5.02,19.79,5.25,21.36,3.80%,37896081480,5.46,17.57,16.74,4.50%,21.21,5.21,3.75,2.36,27.54,22.21,4.71%,,0.78%,11.65%,20.91%,0.50%,1.24,5,0.31
PCG,14.43,36424395900,10.93,1.41,4.53,3.63,17.44,6.79%,93554395900,3.83,9.79,3.91,-2.49%,,1.49,1.21,0.99,37.80,,-6.41%,1.27,0.61%,250.00%,8.70%,0.19%,0.10,1,0.03
HOOD,25.66,35510966055,27.70,9.32,,6.84,24.49,3.97%,26056966055,8.83,22.84,,-0.79%,,12.03,4.45,,18.47,,-0.58%,4.57,,,,-1.72%,,0,0.00
GLW,71.10,35316347940,17.57,2.27,18.21,2.62,38.60,1.43%,40759347940,3.11,16.94,12.91,2.59%,33.51,2.69,3.30,0.39,80.55,38.67,2.98%,4.67,2.69%,,193.10%,2.37%,1.12,0,0.28
FANG,7.93,35647553560,7.82,2.33,5.56,3.17,11.34,9.36%,48458553560,4.38,6.80,4.61,-11.09%,,3.22,0.94,1.20,14.52,,-15.08%,0.94,5.04%,-23.52%,39.99%,-13.59%,6.21,1,1.00
HEI,61.40,30275888200,56.00,6.93,39.64,7.43,39.31,1.87%,32464052200,8.13,32.34,32.94,2.16%,43.16,7.59,8.08,3.61,57.22,46.28,2.32%,,0.09%,10.00%,5.43%,-0.33%,0.22,7,0.11
ETR,32.77,34553555640,20.24,2.58,7.70,4.67,24.15,3.05%,62612738640,5.27,12.43,6.85,-2.37%,,2.91,2.29,1.42,59.32,,-4.29%,2.35,3.69%,-24.46%,121.02%,2.08%,2.97,1,0.60
CBRE,37.15,34945334780,19.01,0.87,20.46,0.98,28.88,2.77%,39418334780,1.10,19.33,16.03,2.57%,34.53,0.98,4.15,1.07,40.72,38.95,2.90%,70.09,,,,1.45%,0.00,0,0.00
VLO,12.71,34279393610,14.62,0.28,5.13,0.33,9.98,8.08%,40085393610,0.31,5.90,5.18,12.16%,7.03,0.26,1.40,4.86,14.47,8.22,14.22%,1.42,4.15%,5.08%,52.70%,12.93%,4.52,2,1.13
VEEV,48.01,33910727280,28.51,10.85,31.11,9.23,31.36,2.11%,28836275280,10.50,29.72,45.86,3.71%,31.71,12.35,5.81,1.10,40.38,26.96,3.15%,6.31,,,,-1.07%,0.00,0,0.00
ACGL,8.17,34285963580,11.52,1.88,5.14,1.98,7.48,12.46%,36034963580,2.07,7.14,7.04,18.38%,5.18,1.97,1.65,2.24,8.44,5.44,19.31%,1.83,5.51%,,44.68%,4.75%,5.00,1,5.00
BRO,33.74,33607133000,27.56,6.41,28.63,7.04,24.84,2.95%,36935133000,7.69,21.61,20.97,3.15%,28.92,6.99,5.22,4.41,37.20,31.79,3.46%,,0.51%,14.29%,17.34%,0.03%,0.60,32,0.15
STZ,48.78,32734710750,12.57,3.06,10.95,4.13,39.91,2.10%,44240110750,4.34,26.52,8.42,3.93%,18.85,3.21,4.19,1.04,64.46,25.47,5.31%,,2.19%,13.48%,,3.54%,4.04,10,1.01
XYZ,11.64,32894390814,12.61,1.24,19.27,1.08,20.52,8.81%,28665464814,1.19,15.54,24.45,5.42%,21.18,1.36,1.55,0.56,9.89,18.45,4.72%,3.91,,,,-3.64%,,0,0.00
HIG,11.23,33177665685,10.39,1.15,5.61,1.30,9.22,9.31%,37309665685,1.41,8.47,7.67,15.45%,5.76,1.25,2.02,1.41,12.07,6.47,17.37%,2.45,1.81%,10.61%,20.10%,5.41%,2.08,10,0.52
GOLD,15.78,33115904300,14.06,,7.37,,8.67,6.47%,33770904300,2.61,5.81,5.25,3.90%,25.14,2.56,1.36,3.01,15.75,25.64,3.98%,1.54,2.08%,14.94%,32.79%,2.50%,0.40,0,0.10
FERG,19.90,32139754115,16.81,1.02,18.96,1.19,14.85,5.10%,37396754115,1.25,13.02,11.10,3.63%,23.68,1.07,5.86,1.17,22.80,27.56,4.22%,13.05,2.10%,5.19%,40.81%,4.11%,3.32,1,0.83
DDOG,178.81,32022188353,52.70,9.80,36.78,9.08,140.64,0.57%,29675309353,11.06,101.21,307.70,2.61%,41.31,11.93,11.80,1.55,161.50,38.29,2.42%,13.56,,,,-2.38%,,0,0.00
VICI,11.68,31605897000,10.82,7.83,13.27,11.85,13.60,8.48%,47814171000,12.42,13.59,8.91,4.97%,13.31,8.21,1.19,,17.85,20.14,7.51%,1.19,5.75%,4.74%,67.60%,2.65%,1.73,7,0.43
FER,9.42,31190428916,64.83,4.49,21.54,5.57,9.47,10.82%,38700644153,4.06,8.45,22.72,2.55%,31.61,3.27,4.58,,11.47,39.22,3.16%,,1.85%,14.51%,17.77%,3.01%,0.82,4,0.49
WTW,,30924323536,18.14,3.17,20.45,3.58,97.94,-0.32%,34963323536,3.52,38.38,11.66,3.62%,24.41,3.11,3.89,1.08,,27.60,4.10%,,1.16%,4.71%,,3.63%,3.68,8,0.92
SLF,14.82,31169203780,7.25,,17.25,,7.86,6.79%,27122635048,1.18,7.86,8.28,6.29%,18.28,1.35,1.71,1.28,12.81,15.91,5.47%,4.87,4.38%,5.42%,65.02%,5.50%,2.38,10,0.58
TW,54.39,29849938806,35.78,14.10,33.25,13.48,41.36,1.68%,28544384806,16.54,31.36,,2.83%,36.90,17.29,5.15,3.66,56.92,35.29,2.71%,27.98,0.38%,13.51%,20.60%,-0.68%,0.48,2,0.12
ALNY,,29433144720,833.33,10.12,,9.64,,-0.95%,28034688720,12.47,,,-0.15%,,13.09,438.72,-0.49,,,-0.14%,436.64,,,,-2.20%,,0,0.00
MLM,14.46,28702033223,25.04,4.03,19.67,4.75,12.24,6.95%,33836033223,5.18,10.14,13.93,1.79%,47.52,4.39,3.04,3.58,16.96,56.02,2.10%,5.78,0.66%,7.99%,9.75%,1.48%,3.16,10,0.79
CQP,13.48,27738370640,12.93,2.53,9.35,3.87,12.81,9.05%,42387370640,4.87,10.62,7.00,6.64%,9.86,3.19,,6.16,16.89,15.06,10.14%,15.23,5.75%,-21.21%,77.06%,5.76%,3.28,0,0.82
WIT,20.18,29445447574,19.31,0.03,13.91,0.03,12.81,4.76%,25188489330,2.38,10.71,14.57,7.94%,14.72,2.78,2.98,1.77,17.97,12.59,6.79%,4.89,1.09%,157.33%,22.34%,5.77%,0.03,0,0.03
K,21.17,28356042240,20.44,2.16,16.11,2.59,17.37,4.74%,34004042240,2.67,14.63,11.63,3.33%,25.05,2.22,7.51,3.53,25.32,30.04,3.99%,,2.78%,1.46%,58.76%,2.14%,2.28,10,0.57
AWK,26.59,27995779160,24.98,5.73,13.69,8.59,19.07,3.75%,41983779160,8.96,14.04,11.03,-2.29%,,5.98,2.71,3.66,39.95,,-3.44%,3.04,2.14%,8.13%,56.77%,1.10%,3.06,10,0.77
CAH,24.14,31203338560,15.22,0.13,,0.15,18.58,4.20%,34999338560,0.16,13.35,10.45,-1.44%,,0.14,,0.82,26.72,,-1.61%,,1.57%,1.00%,37.70%,2.80%,2.02,0,0.51
VMC,34.88,31454569110,28.17,3.81,22.31,4.44,27.08,2.90%,36682569110,4.95,18.00,15.39,2.35%,36.54,4.24,3.87,1.92,40.23,42.61,2.74%,12.07,0.82%,6.86%,28.60%,1.29%,1.96,10,0.49
HEI.A,49.47,30560757044,45.01,7.00,55.86,7.50,47.61,1.45%,32746245044,9.33,38.64,29.54,1.51%,61.96,8.70,9.02,2.89,73.87,66.39,1.61%,,0.11%,10.00%,5.43%,-0.94%,0.22,7,0.11
LULU,17.53,29644999020,16.72,2.59,13.04,2.56,11.35,6.12%,29236454020,2.76,9.67,10.49,5.42%,18.72,2.80,6.86,1.02,16.11,18.46,5.34%,7.45,,,,2.46%,,0,0.00
CNC,9.76,30552335400,8.39,0.18,198.39,0.19,6.52,10.82%,32400335400,0.20,5.22,4.94,-1.51%,,0.19,1.16,0.67,9.80,,-1.60%,8.87,,,,4.02%,,0,0.00
IDXX,35.48,30681365400,30.95,7.32,33.03,7.48,27.48,2.89%,31358508400,8.05,24.67,23.25,2.55%,38.44,7.87,19.23,3.07,35.32,39.29,2.60%,28.45,,,,0.87%,,0,0.00
CSGP,217.38,31261073560,83.35,10.08,79.63,8.94,131.99,0.44%,27730473560,10.13,71.16,199.95,-0.88%,,11.43,4.14,2.43,199.93,,-0.78%,6.60,,,,-0.22%,,0,0.00
RMD,24.98,31079994540,21.09,5.79,21.05,5.85,20.20,4.02%,31397786540,6.37,17.71,18.12,4.43%,22.33,6.31,5.92,1.41,25.14,22.56,4.48%,15.44,1.01%,10.11%,25.03%,1.06%,2.12,10,0.53
ZS,,30483919500,59.67,10.24,34.34,9.69,4329.98,-0.05%,28842021500,11.91,173.87,,2.41%,43.88,12.59,18.97,2.50,,41.51,2.28%,27.17,,,,-3.17%,,0,0.00
IT,24.50,30114270764,30.69,4.43,20.28,4.56,20.40,4.16%,30980817764,4.94,17.34,23.01,4.46%,21.77,4.80,22.16,1.99,24.71,22.40,4.59%,,,,,1.68%,,,1.20
CHT,26.32,30098906931,26.32,0.13,12.47,0.12,20.08,3.81%,28619317552,4.04,10.87,12.01,5.38%,19.56,4.25,2.57,,24.98,18.60,5.11%,3.09,3.81%,-3.63%,1009.11%,3.81%,1.47,0,1.47
LYV,47.21,29894466550,49.12,1.12,17.33,1.20,38.60,2.13%,32060098550,1.38,23.22,16.64,3.30%,28.24,1.29,172.54,4.12,50.23,30.29,3.54%,,,,,-2.33%,,0,0.00
TPL,60.12,27208486848,15.66,32.07,55.45,31.63,46.37,1.67%,26839104848,38.03,44.44,47.85,0.24%,425.64,38.55,24.03,,59.12,419.87,0.23%,24.83,1.31%,251.85%,78.80%,1.47%,15.54,1,1.60
EFX,44.93,27298533260,28.45,4.52,20.61,5.32,31.01,2.21%,32139133260,5.66,18.72,15.35,2.53%,33.58,4.81,5.69,1.06,53.20,39.53,2.98%,,0.71%,,32.23%,-0.08%,1.56,0,0.39
DXCM,47.18,26320182375,32.63,5.61,26.60,5.60,36.08,2.19%,26269682375,6.51,27.78,32.02,2.40%,41.73,6.53,12.52,0.97,45.59,41.65,2.40%,13.25,,,,3.01%,,0,0.00
NOK,14.93,25957338337,15.89,1.30,8.08,1.16,10.48,5.12%,23166395088,1.16,10.48,8.52,12.06%,9.29,1.30,1.12,1.62,17.42,8.29,10.76%,1.79,2.89%,-35.67%,58.39%,3.22%,0.14,0,0.02
VRT,53.98,26269736240,19.08,2.82,19.91,3.02,30.73,1.89%,28141736240,3.51,23.59,15.84,4.03%,23.14,3.28,10.79,0.63,56.76,24.79,4.32%,,0.22%,150.00%,11.72%,0.19%,0.15,2,0.04
DAL,7.14,26019349360,5.96,0.43,3.25,0.74,8.00,14.07%,44588349360,0.72,5.51,3.29,6.33%,9.21,0.42,1.68,39.29,12.18,15.79,10.85%,,1.53%,83.33%,10.66%,1.08%,0.60,1,0.15
IQV,19.49,25740226850,12.17,1.60,9.48,2.37,16.23,5.33%,38053226850,2.47,11.00,8.81,5.62%,12.03,1.67,4.24,0.77,27.72,17.79,8.31%,,,,,1.56%,,0,0.00
NUE,12.92,25229767640,15.47,0.80,6.34,0.89,10.87,8.03%,28040767640,0.91,7.12,5.81,2.94%,30.66,0.82,1.24,0.75,13.83,34.07,3.26%,1.96,2.01%,3.81%,26.00%,6.51%,2.20,52,0.55
TKO,7259.00,11890951809,64.55,3.85,20.38,4.66,50.67,0.08%,14400772809,5.14,20.51,36.78,3.73%,22.15,4.24,2.91,,1530.69,26.83,4.51%,,1.05%,,,-106.53%,1.52,1,0.38
IP,29.54,24527758340,18.08,0.88,14.62,1.12,89.52,2.27%,31330758340,1.68,18.93,11.96,2.71%,28.92,1.32,3.00,0.66,56.25,36.95,3.46%,4.89,4.00%,,117.83%,3.59%,1.85,0,0.46
TYL,92.16,24035809094,50.17,10.25,38.48,10.19,76.11,1.09%,23906199094,11.18,51.25,57.97,2.40%,41.82,11.24,7.09,2.94,90.89,41.60,2.39%,,,,,-1.60%,,,0.01
IRM,133.65,23947235025,42.48,3.54,20.01,5.88,41.39,0.75%,39845431025,6.48,21.09,11.73,-1.45%,,3.89,,1.08,221.17,,-2.41%,,3.51%,11.54%,469.67%,2.74%,2.87,2,0.79
BR,35.74,26724799220,25.71,3.66,25.71,4.12,27.70,2.84%,30090499220,4.50,21.83,16.30,3.26%,27.21,4.00,11.99,1.64,39.64,30.63,3.68%,,1.54%,10.08%,55.00%,2.21%,3.52,10,0.88
ROL,55.42,25806043200,47.53,6.90,42.47,7.09,40.26,1.81%,26488640200,7.82,34.35,33.45,2.19%,44.49,7.62,19.39,4.24,56.80,45.66,2.25%,,1.22%,12.50%,68.75%,2.43%,0.66,10,0.17
ROK,28.42,25808346885,23.18,3.12,21.59,3.54,23.97,3.57%,29276346885,3.62,19.01,16.39,3.30%,26.68,3.19,7.62,2.88,31.78,30.26,3.75%,,2.30%,5.07%,65.22%,3.76%,5.24,10,1.31
ANSS,45.26,25983937851,25.34,9.18,32.65,8.95,33.07,2.22%,25327564851,9.95,27.20,30.19,2.97%,34.57,10.21,4.27,1.71,43.99,33.69,2.89%,16.32,,,,-0.58%,,0,0.00
STLA,4.58,25154184982,4.06,,5.60,,5.96,22.66%,24345588967,0.15,2.00,2.32,-29.78%,,0.15,0.27,1.77,4.27,,-28.82%,0.53,8.43%,-54.48%,39.45%,12.19%,0.75,2,0.75
RKT,56.95,23958373363,24.22,3.96,,5.59,157.32,0.12%,33859689363,6.64,103.18,19.10,-7.96%,,4.70,34.10,0.64,1152.87,,-11.26%,,6.73%,,384.17%,99.57%,0.80,0,0.80
WDS,6.48,22975510195,9.42,1.75,3.93,2.36,6.65,15.55%,31005510195,2.35,3.29,2.90,3.55%,20.89,1.74,0.65,,8.68,28.19,4.79%,0.77,9.92%,-11.76%,64.21%,9.93%,1.20,0,0.51
FMX,50.21,19998872740,21.65,0.02,8.22,0.03,5.05,19.37%,23151436208,0.56,3.70,5.99,3.43%,25.22,0.48,1.34,0.38,5.98,29.19,3.97%,4.08,0.20%,,51.96%,0.20%,0.20,3,0.04
EXR,32.66,27929871125,29.21,8.99,14.80,13.14,28.36,3.06%,40819510125,12.53,18.37,12.90,2.66%,25.68,8.58,2.00,3.22,47.76,37.53,3.89%,2.12,4.92%,,160.79%,-20.11%,6.48,0,1.62
EBAY,15.50,28486580000,11.34,2.66,11.80,2.83,11.99,6.93%,30341580000,2.95,10.63,11.04,6.45%,14.56,2.77,5.52,1.54,15.36,15.51,6.87%,36.96,1.86%,7.84%,29.46%,7.89%,1.16,6,0.29
EQT,107.53,28910169990,17.17,3.64,10.23,4.83,54.19,0.80%,38335191990,7.27,13.36,11.53,1.50%,50.43,5.48,1.40,0.37,166.26,66.87,1.98%,1.58,1.30%,2.44%,140.55%,-23.23%,0.63,3,0.16
VTR,312.57,28682349940,156.60,5.22,21.57,7.54,64.17,0.28%,41465670940,8.42,21.83,15.42,-2.10%,,5.82,2.66,1.73,510.96,,-3.04%,3.07,2.93%,1.67%,1010.53%,-1.29%,1.92,0,0.48
WAB,28.22,28922505260,19.63,2.62,15.77,2.92,20.12,3.65%,32187505260,3.10,15.63,13.76,5.10%,17.64,2.78,2.87,3.92,30.48,19.63,5.67%,,0.59%,19.72%,16.55%,3.21%,1.00,3,0.25
FNV,54.82,30302286825,39.84,23.41,36.53,22.28,37.63,1.82%,28845086825,25.90,29.08,30.35,1.50%,70.03,27.21,5.05,11.81,52.25,66.66,1.43%,4.80,0.97%,5.80%,52.97%,0.81%,1.52,10,0.38
IR,34.51,28735787070,20.12,3.71,,4.13,24.31,2.92%,31952087070,4.42,17.79,14.80,-0.45%,,3.97,2.82,1.05,38.10,,-0.50%,,0.11%,,3.88%,0.55%,0.08,0,0.02
LEN.B,7.26,27462550302,8.77,0.75,6.62,0.71,4.81,15.09%,26094992302,0.73,4.70,5.72,15.19%,6.93,0.77,1.02,1.37,6.30,6.59,14.43%,1.49,2.01%,23.08%,14.53%,5.83%,2.00,1,0.50
A,22.92,28496044850,17.27,4.06,16.79,4.33,19.15,4.42%,30392044850,4.65,16.39,15.81,4.32%,21.72,4.36,4.73,1.62,24.14,23.16,4.60%,26.28,0.99%,4.99%,22.76%,3.37%,0.99,1,0.25
GEHC,14.04,27872331385,12.73,1.37,14.29,1.67,11.21,7.15%,33934331385,1.73,9.41,7.73,4.57%,17.98,1.42,3.30,1.70,17.03,21.89,5.56%,,0.22%,-13.33%,3.23%,0.01%,0.14,2,0.04
QSR,19.32,19937829750,16.43,2.15,13.27,3.71,17.50,5.12%,34336829750,4.08,15.43,10.73,3.79%,15.31,2.37,6.41,1.15,33.63,26.37,6.53%,,4.03%,5.83%,78.08%,4.46%,2.48,10,0.62
LEN,7.65,27516639566,9.26,0.75,15.76,0.74,5.59,13.57%,27421496566,0.77,5.45,5.55,6.03%,16.64,0.77,1.21,1.33,7.35,16.59,6.01%,1.45,1.91%,24.23%,14.53%,7.36%,2.00,7,0.50
AVB,25.19,27246579220,32.04,8.85,16.95,11.45,26.91,3.97%,35230034220,12.09,16.34,15.00,-0.02%,,9.35,2.28,6.33,32.56,,-0.02%,2.28,3.62%,3.01%,92.16%,3.34%,7.00,2,1.75
TSCO,25.16,27282481800,23.21,1.70,19.20,2.02,22.12,4.04%,32455407800,2.18,16.95,14.25,2.39%,35.12,1.83,12.02,2.13,29.47,41.77,2.85%,13.63,1.79%,-48.20%,45.10%,3.45%,0.92,1,0.23
RJF,12.97,27224342600,11.98,1.87,11.15,1.20,6.34,7.95%,17501342600,1.31,5.94,,12.83%,12.12,2.04,2.28,1.53,8.08,7.79,8.25%,2.73,1.53%,9.20%,19.54%,3.66%,2.00,0,0.50
HUBS,5782.44,27141516302,55.57,8.89,45.34,8.46,796.88,0.02%,25817437302,9.83,199.79,,1.82%,57.62,10.33,14.22,0.62,5578.53,54.81,1.74%,18.01,,,,-3.89%,,0,0.00
BIDU,8.77,28756496007,1.05,0.21,9.91,0.15,4.85,11.32%,20579176983,1.13,3.42,5.52,8.70%,16.06,1.58,0.80,2.59,6.32,11.49,6.23%,0.85,,,,1.37%,,0,0.00
DTE,19.02,26753220560,17.90,2.16,7.34,4.02,21.43,5.25%,49744220560,3.99,12.27,8.05,-1.56%,,2.15,2.29,3.14,35.43,,-2.91%,2.79,3.39%,6.97%,64.42%,2.88%,4.36,5,1.09
OWL,85.95,26504105935,18.60,9.35,26.52,10.34,104.66,0.41%,29330865935,12.78,50.35,25.16,3.19%,28.34,11.55,12.46,,267.66,31.36,3.53%,,4.26%,28.57%,360.71%,-14.26%,0.72,4,0.18
XYL,29.52,26269524550,23.00,2.98,20.80,3.08,24.02,3.39%,27164524550,3.17,16.05,15.58,3.48%,27.77,3.07,2.47,2.10,30.52,28.72,3.60%,92.65,1.50%,9.63%,43.84%,-10.11%,1.60,10,0.40
AEE,21.83,26129681760,19.54,3.17,9.46,5.44,23.26,4.52%,44844681760,5.88,12.99,8.17,-3.67%,,3.43,2.16,2.35,37.94,,-6.30%,2.23,2.93%,6.25%,64.25%,1.41%,2.84,10,0.71
MTB,10.61,25520808600,9.39,2.61,7.07,1.88,5.80,9.60%,18403808600,2.12,5.00,,18.44%,7.52,2.94,0.88,25.94,7.51,5.42,13.30%,1.41,3.42%,3.85%,36.89%,3.50%,5.40,6,1.35
CUK,10.35,18544483927,10.47,0.89,3.65,2.20,12.40,11.07%,46102483927,1.81,7.13,4.03,4.46%,9.03,0.73,2.02,0.63,22.47,22.45,11.08%,3.46,,,,-3.49%,,,0.50
CHD,43.84,25573290100,27.81,4.02,22.12,4.22,31.50,2.29%,26813790100,4.39,24.59,18.63,3.67%,26.02,4.19,5.86,2.43,45.81,27.28,3.84%,,1.13%,4.09%,49.79%,1.42%,1.18,29,0.30
WRB,15.24,25210944480,15.15,1.70,6.85,1.77,10.93,6.97%,26150521480,1.92,11.77,10.49,13.66%,7.06,1.85,3.00,16.34,14.89,7.32,14.17%,3.11,2.60%,80.21%,39.68%,4.08%,1.73,2,0.08
PPL,28.34,25146983352,18.80,3.59,10.75,5.94,22.46,3.53%,41646983352,4.92,12.97,7.95,-1.12%,,2.97,1.79,1.28,46.90,,-1.85%,2.18,3.19%,6.91%,90.83%,2.98%,1.09,2,0.27
EQR,23.63,24403640350,46.82,7.72,15.51,10.33,24.70,4.23%,32670116350,10.96,14.27,13.78,1.55%,48.34,8.19,2.21,14.72,31.63,64.71,2.07%,2.28,4.30%,2.07%,101.94%,4.34%,2.77,0,0.69
TEF,,24576507259,22.73,,2.00,,18.49,-0.21%,68285847928,1.59,18.49,2.47,8.98%,4.01,0.57,1.13,2.14,,11.14,24.94%,,7.55%,0.99%,,8.00%,0.33,2,0.16
PUK,11.14,24484340475,9.78,,6.78,,7.83,9.33%,23434340475,1.94,7.83,5.30,14.97%,6.98,2.03,1.40,0.74,10.26,6.68,14.33%,1.91,2.45%,12.99%,55.07%,2.35%,0.46,3,0.33
TTD,63.17,24442282415,27.31,8.36,33.05,7.81,53.29,1.61%,22833008415,9.34,39.82,48.57,2.77%,38.65,10.00,8.29,1.70,58.09,36.11,2.59%,8.25,,,,-0.35%,,0,0.00
DD,34.38,24025970180,12.73,1.81,13.01,2.22,19.78,2.93%,29340970180,2.37,10.96,7.84,4.32%,18.95,1.94,1.03,0.30,41.74,23.14,5.28%,17.00,2.84%,6.16%,97.92%,9.64%,1.64,3,0.41
GDDY,26.20,23889164000,25.60,4.77,18.55,5.32,28.88,3.92%,26671864000,5.83,25.19,22.36,4.73%,18.94,5.22,34.52,3.19,28.47,21.15,5.28%,,,,,4.07%,,0,0.00
CCL,11.51,22626396738,9.48,0.86,4.45,1.90,13.49,9.07%,50184396738,1.97,7.77,3.66,4.09%,11.02,0.89,2.46,1.41,24.46,24.43,9.08%,3.14,,,,-3.49%,,,0.50
ATO,21.34,23636980120,20.16,,13.35,,21.13,4.58%,31557707120,7.54,14.48,11.30,-4.08%,,5.65,1.85,2.43,29.13,,-5.45%,1.98,2.34%,8.41%,49.70%,-3.02%,3.48,43,0.87
CNP,22.91,23586072510,20.63,2.36,11.03,4.46,21.73,4.32%,44583072510,5.16,12.77,7.10,-5.32%,,2.73,2.21,2.39,43.75,,-10.07%,3.51,2.29%,6.41%,52.53%,0.56%,0.83,3,0.22
FCNCO,0.36,20593490674,0.12,2.17,5.91,2.92,7.70,12.72%,27795490674,2.94,8.13,,8.56%,8.66,2.18,0.94,,10.61,11.69,11.55%,1.13,6.56%,,0.74%,6.65%,1.41,0,0.35
MPWR,13.55,23729569500,28.78,8.84,30.10,8.52,39.91,7.53%,22866623500,10.36,37.53,41.21,2.73%,38.02,10.75,7.54,2.08,12.80,36.64,2.63%,7.63,1.29%,24.94%,17.05%,1.13%,6.24,7,1.56
EXE,64.62,23218806000,15.61,2.41,14.84,2.94,,-3.08%,28419806000,6.71,28.11,19.49,0.10%,800.65,5.48,1.32,17.62,,979.99,0.12%,1.32,2.31%,-16.01%,,-7.48%,2.30,0,0.57
VRSN,30.37,22981651000,27.44,13.88,25.46,14.60,22.03,3.42%,24174051000,15.52,21.32,20.99,3.62%,26.28,14.76,,2.19,30.77,27.64,3.81%,,,,,5.12%,,,2.75
LPLA,21.49,24114469761,14.80,1.55,86.87,1.73,16.15,4.39%,26925141761,2.17,12.76,,-1.06%,,1.95,8.23,1.27,25.43,,-1.18%,,0.40%,,8.55%,3.52%,1.20,0,0.30
ONC,,26047787900,333.33,1.52,,1.43,,-2.48%,24500243900,6.43,,,-2.58%,,6.84,7.82,,,,-2.43%,7.12,,,,-0.86%,,0,0.00
BNTX,,21860140390,7.04,8.53,94.31,1.89,,-3.17%,4838498113,1.69,,,-5.61%,,7.63,1.01,0.04,,,-1.24%,1.16,,,,-0.85%,,,2.11
TDY,26.09,21317997095,20.90,3.51,17.89,3.84,23.45,3.84%,23317197095,4.11,17.88,15.63,4.75%,19.24,3.76,2.23,0.98,28.46,21.04,5.20%,,,,,0.63%,,0,0.00
ERIC,7787.07,21952409311,15.53,0.08,4.67,0.08,31.69,0.01%,20405307650,0.91,31.69,16.86,21.28%,5.06,0.98,2.29,3.53,11253.52,4.70,19.78%,8.25,0.36%,10.12%,4776.75%,0.30%,0.03,1,0.01
MKL,8.77,22231046796,18.88,1.42,8.57,1.43,5.98,12.19%,22369139796,1.35,5.48,5.48,10.46%,9.50,1.34,1.31,4.43,8.25,9.56,10.52%,1.83,,,,2.69%,,0,0.00
HPQ,8.23,21559617610,6.28,0.38,5.39,0.51,7.61,12.61%,28356617610,0.53,6.23,4.37,11.52%,6.60,0.40,,0.86,10.43,8.68,15.15%,,5.07%,5.00%,41.57%,9.56%,1.16,7,0.29
TSN,19.92,20590193371,16.05,0.38,8.87,0.52,14.93,5.11%,28104193371,0.52,8.63,6.17,4.53%,16.19,0.38,1.11,0.52,26.72,22.09,6.18%,7.24,3.33%,2.05%,67.58%,2.80%,2.00,10,0.50
CHKP,28.86,23342682600,20.92,8.41,22.18,7.92,22.60,3.62%,21970782600,8.57,20.81,24.97,4.68%,22.70,9.10,8.37,2.09,25.98,21.37,4.40%,26.15,,,,4.17%,,0,0.00
FE,23.73,23313004770,13.81,1.63,8.06,3.29,12.71,4.20%,47182004770,3.50,8.90,5.60,-2.41%,,1.73,1.87,1.16,48.24,,-4.89%,3.40,4.44%,5.20%,104.71%,3.92%,1.78,2,0.45
KEYS,37.46,22797227120,17.97,4.25,20.69,4.24,24.76,2.68%,22757227120,4.54,19.17,20.30,4.23%,23.67,4.54,4.40,0.98,37.25,23.63,4.22%,9.95,,,,1.14%,,0,0.00
SBAC,30.22,22276843075,24.28,8.04,16.69,13.22,30.51,3.36%,36636543075,13.67,24.91,12.58,3.02%,20.13,8.31,,1.73,48.88,33.10,4.97%,,2.08%,14.73%,63.98%,2.85%,4.44,6,1.11
STT,9.59,22714997610,7.99,1.67,,,,10.93%,-56594002390,,,,24.98%,,1.75,0.90,0.88,,,-62.23%,1.65,3.85%,10.00%,37.03%,11.31%,3.04,0,0.76
GIB,18.70,22067185935,11.11,1.33,13.58,1.40,13.63,5.48%,23199332787,2.25,11.09,12.36,6.22%,15.29,2.14,3.13,2.43,19.18,16.08,6.54%,,0.23%,,4.30%,2.49%,0.23,1,0.11
LVS,16.33,22612096000,12.26,1.83,7.06,2.63,13.69,6.39%,32589096000,2.88,8.83,6.09,5.03%,13.80,2.00,7.84,0.67,22.54,19.90,7.24%,9.79,3.14%,41.67%,51.02%,6.78%,1.00,1,0.25
FITB,10.76,22581746200,9.07,2.44,8.00,4.17,13.22,9.54%,38558746200,4.85,11.30,,6.48%,9.04,2.84,1.15,2.10,17.89,15.43,11.07%,1.80,4.38%,5.80%,47.13%,4.51%,1.48,10,0.37
DRI,21.54,22370105030,18.47,1.73,13.41,2.19,20.58,4.71%,28225105030,2.40,15.07,12.04,3.74%,21.19,1.90,10.15,1.83,26.78,26.73,4.72%,,2.92%,6.87%,63.19%,4.93%,5.60,4,1.40
FOX,9.95,21740568678,11.66,1.35,10.01,1.59,7.97,10.05%,25618568678,1.69,7.12,6.64,7.17%,11.83,1.43,1.89,6.82,11.72,13.94,8.45%,5.56,1.18%,3.85%,11.56%,6.16%,0.54,4,0.27
FOXA,10.49,21362913866,12.35,1.32,9.84,1.57,7.86,10.23%,25240913866,1.66,7.02,6.58,7.28%,11.62,1.41,1.86,7.36,11.55,13.73,8.60%,5.51,1.08%,3.85%,11.56%,6.08%,0.54,4,0.27
LI,21.30,11755007542,4.88,0.07,5.40,,,9.36%,-1433563242,,,18.42,-78.23%,10.48,0.59,1.21,0.70,,,9.54%,2.32,,,,-0.66%,,0,0.00
IX,7.93,4247003610,,0.00,,0.03,8.11,60.02%,40638180610,2.17,,3.80,,,0.23,0.15,,15.94,,,0.86,12.89%,32.39%,109.49%,14.63%,2.42,1,2.06
PPG,20.79,22411511500,12.43,1.42,15.78,1.74,14.98,4.98%,27448511500,1.73,11.81,8.19,2.55%,32.06,1.41,3.30,0.72,24.60,39.27,3.12%,,2.76%,4.67%,57.27%,4.37%,2.72,54,0.68
FCNCA,8.53,21911003543,9.24,2.30,7.33,3.98,10.52,12.40%,37800003543,4.05,10.16,,4.51%,12.87,2.35,0.99,,13.92,22.20,7.77%,1.05,0.48%,50.21%,4.12%,1.83%,7.80,10,1.95
FTS,20.01,22626950450,13.12,,8.14,,32.10,4.93%,46569822692,5.83,17.48,6.00,-1.89%,,2.83,1.33,2.79,41.76,,-3.89%,4.29,3.80%,0.19%,76.42%,2.01%,1.72,4,0.43
CBOE,28.97,21868054080,22.32,9.78,19.87,10.03,19.75,3.48%,22416854080,5.47,17.67,16.75,4.66%,20.95,5.34,5.11,1.75,29.46,21.48,4.77%,,1.18%,13.49%,34.95%,1.87%,2.52,10,0.63
VLTO,26.35,21790645086,23.54,4.00,24.90,4.28,19.42,3.82%,23288645086,4.48,18.24,16.93,3.52%,26.57,4.20,10.69,,27.96,28.40,3.76%,,0.50%,,13.17%,-0.64%,0.44,2,0.11
DOV,8.20,21869612720,16.78,2.70,20.10,2.84,7.21,12.33%,22954137720,2.96,6.52,13.43,4.01%,23.76,2.82,3.14,1.90,8.51,24.94,4.21%,46.79,1.30%,0.98%,10.60%,2.65%,2.06,70,0.52
BEKE,37.40,7045429738,17.76,0.07,5.45,0.01,2.38,7.93%,1328198622,0.10,1.91,32.91,86.57%,6.13,0.55,0.72,0.78,2.38,1.16,16.32%,2.45,1.72%,-40.61%,65.59%,4.87%,0.31,2,0.31
CVE,9.47,20005221100,5.26,0.36,3.03,0.45,7.70,10.91%,25219272182,0.67,3.73,3.26,11.95%,6.64,0.53,0.94,0.45,11.56,8.37,15.07%,1.18,5.49%,46.36%,52.55%,8.46%,0.61,4,0.12
FTV,26.62,21356600400,15.28,3.35,13.99,3.80,21.61,3.90%,24250600400,3.89,14.55,12.67,6.05%,14.55,3.43,2.10,0.99,29.12,16.52,6.87%,,0.50%,3.23%,13.56%,1.29%,0.32,2,0.08
ERIE,36.05,19116744708,28.79,4.43,31.27,4.35,24.79,3.14%,18773743708,4.95,24.79,28.24,2.59%,39.30,5.04,9.62,3.05,31.27,38.60,2.54%,10.89,1.32%,7.10%,47.56%,1.31%,5.46,35,1.37
FWONA,,25486088191,55.06,6.07,46.09,6.45,,-8.09%,27078088191,7.41,,27.20,1.77%,53.32,6.98,3.63,3.70,,56.65,1.88%,35.82,,,,23.84%,,,1.23
KOF,17.07,1961650013,121.95,0.01,0.95,0.01,2.37,58.72%,4088192843,0.28,1.82,7.93,26.04%,1.84,0.14,0.32,12.01,3.55,3.84,54.28%,9.84,3.42%,,59.45%,3.40%,3.22,5,0.69
TME,19.28,9057733277,15.20,0.29,6.45,0.20,4.81,11.60%,6163618847,1.58,,18.15,22.79%,6.45,2.33,0.98,1.08,5.87,4.39,15.51%,3.41,1.39%,,30.99%,-8.89%,0.18,1,0.18
ADM,12.02,21069245280,10.36,0.23,7.55,0.27,8.23,8.54%,24538245280,0.29,5.95,6.88,5.00%,17.17,0.25,0.95,16.43,13.63,20.00,5.82%,1.37,4.59%,8.65%,55.89%,13.69%,2.04,52,0.51
GFI,16.94,20922438847,10.78,,13.02,,11.55,5.95%,23008038847,4.42,11.55,8.31,6.98%,13.02,4.02,4.02,,18.48,14.32,7.68%,4.03,2.33%,39.58%,39.49%,2.09%,0.54,0,0.38
LII,24.41,19579153113,23.62,3.55,20.70,3.75,20.00,4.12%,20645453113,3.87,18.31,17.34,3.80%,24.95,3.67,23.03,2.13,25.59,26.31,4.01%,31.07,0.83%,4.55%,20.41%,0.55%,4.60,10,1.15
CMS,21.18,21099572100,19.35,2.61,8.90,4.64,15.82,4.71%,37487572100,4.99,10.39,7.80,-1.73%,,2.81,2.56,2.84,37.75,,-3.07%,2.63,3.03%,5.56%,65.17%,0.61%,2.17,10,0.54
STE,46.00,21332213696,21.96,3.71,18.68,4.09,31.32,2.19%,23496928696,4.61,18.97,15.01,3.20%,28.39,4.19,3.32,4.77,50.25,31.27,3.52%,47.52,1.06%,9.85%,48.32%,1.15%,2.28,10,0.57
EIX,16.46,20972257280,9.22,1.12,4.18,3.11,17.06,6.12%,58540257280,3.33,9.19,3.28,-1.18%,,1.19,1.35,0.58,45.59,,-3.30%,1.51,5.98%,5.93%,99.94%,5.30%,3.31,0,0.83
IOT,,21611399157,132.02,14.05,164.15,13.64,,-0.72%,20978661157,16.79,,,0.53%,193.86,17.30,20.21,,,188.18,0.52%,20.16,,,,-4.01%,,0,0.00
ZM,21.85,21468048610,12.61,4.35,11.04,2.78,10.42,4.71%,13713745610,2.94,9.38,22.84,13.19%,11.87,4.60,2.40,2.71,13.57,7.58,8.43%,2.50,,,,-2.12%,,0,0.00
TU,30.85,21713054400,14.15,1.03,6.27,2.01,46.17,3.18%,42313555949,2.99,11.14,5.38,2.46%,20.82,1.53,1.95,0.73,61.36,40.58,4.80%,,7.86%,3.45%,244.14%,5.42%,1.13,4,0.28
VOD,8.10,21081653477,10.79,1.06,1.13,3.47,22.01,13.44%,68827477409,1.87,,2.10,21.38%,1.43,0.57,0.32,0.61,24.29,4.68,69.80%,0.90,8.42%,-26.61%,675.80%,8.40%,0.71,0,0.24
BBD,9.18,22103729313,5.84,0.17,2.61,0.19,8.83,11.58%,24740175311,2.14,6.28,,33.07%,2.70,1.91,0.78,0.48,9.66,3.02,37.02%,0.85,3.32%,85.00%,26.71%,3.33%,0.07,0,0.00
BBDO,7.33,19881534163,5.27,0.15,2.35,0.17,8.06,12.88%,22510311378,1.95,5.74,,36.24%,2.44,1.72,0.70,0.43,8.79,2.76,41.03%,0.85,7.07%,-17.42%,51.63%,7.12%,0.14,0,0.00
UAL,6.64,20537311600,4.88,0.33,2.17,0.64,6.85,15.33%,39695311600,0.70,4.55,2.54,9.92%,5.21,0.36,1.62,0.59,12.61,10.08,19.18%,3.76,,,,-0.26%,,,2.15
ES,24.55,20479504780,11.38,1.54,9.48,3.72,21.11,3.96%,49567700780,4.17,13.11,4.80,-4.68%,,1.72,1.36,0.84,61.07,,-11.33%,1.78,5.41%,5.75%,132.60%,3.15%,3.01,10,0.75
AU,54.44,19455815736,9.06,,15.64,,43.60,1.53%,20491815736,4.55,43.60,8.60,4.27%,22.26,4.32,4.75,,69.00,23.45,4.49%,2.98,2.34%,301.38%,39.06%,2.19%,0.91,1,0.69
RYAAY,11.55,4490891200,10.63,0.38,1.27,0.25,1.19,46.40%,2953380784,0.20,0.81,7.44,29.05%,5.23,0.31,0.53,2.95,1.42,3.44,19.10%,2.60,1.99%,119.81%,55.40%,1.50%,0.85,0,0.46
CPAY,21.59,21187018591,14.05,4.72,10.92,5.21,13.24,4.74%,23403753591,5.89,11.04,10.06,7.54%,12.00,5.33,6.79,1.18,23.32,13.26,8.33%,,,,,3.41%,,0,0.00
SW,48.84,20918196175,12.17,0.65,14.11,1.04,35.13,1.52%,33658196175,1.59,13.90,7.33,0.23%,268.18,0.99,1.20,,105.51,431.52,0.37%,2.21,2.58%,-36.33%,126.32%,1.90%,1.04,2,0.43
MCHP,68.10,20859309915,42.28,4.87,18.59,6.31,41.47,1.48%,27022809915,5.68,18.86,14.68,3.59%,21.50,4.39,3.46,5.70,87.51,27.85,4.65%,,4.68%,7.97%,320.56%,6.34%,1.82,10,0.46
PBA,16.94,20489197550,11.32,2.40,8.90,3.50,18.40,5.83%,29927422648,5.84,13.34,8.89,5.41%,12.67,4.00,1.63,1.47,25.04,18.50,7.90%,3.40,5.63%,-0.15%,95.01%,1.45%,1.98,1,0.48
MTD,23.93,20226607320,22.42,5.12,20.89,5.61,19.95,4.27%,22181133320,5.73,17.96,16.65,3.90%,23.35,5.22,,3.56,25.70,25.61,4.28%,,,,,2.96%,,0,0.00
NVR,13.81,20712184886,13.73,1.96,15.07,1.80,8.90,8.12%,19068002886,1.85,8.82,9.61,7.07%,15.36,2.01,4.92,4.89,11.34,14.14,6.51%,4.99,,,,3.38%,,,0.17
CINF,9.13,20780088563,25.57,1.81,7.84,1.80,7.10,11.03%,20672088563,1.82,6.80,6.83,12.71%,7.91,1.83,1.49,-158.72,9.02,7.87,12.64%,1.50,2.62%,7.84%,23.95%,3.00%,3.48,64,0.87
GPN,13.62,20635143300,6.76,2.20,5.84,3.72,13.94,7.61%,34840501300,3.45,7.88,4.69,8.20%,7.22,2.04,0.93,0.55,22.19,12.19,13.85%,,1.20%,,16.23%,3.46%,1.00,0,0.25
ZBH,23.19,20515432780,12.42,2.58,,3.29,20.90,4.41%,26194532780,3.41,11.64,7.90,-1.70%,,2.67,1.65,1.41,28.98,,-2.16%,,0.94%,100.00%,21.67%,3.71%,0.96,1,0.24
MKC,25.64,19959439088,23.45,2.88,22.20,3.48,22.01,3.58%,24164339088,3.59,18.38,15.82,2.69%,30.75,2.97,3.68,3.50,33.82,37.23,3.25%,,2.38%,7.41%,62.07%,2.44%,1.80,38,0.45
MKC.V,25.94,20062527785,23.78,2.89,17.53,3.51,23.12,3.34%,24361027785,3.65,19.35,16.07,3.57%,23.09,3.00,3.77,3.69,36.39,28.03,4.33%,,2.42%,7.41%,62.07%,2.34%,1.80,10,0.45
PHG,,20701702763,11.64,1.08,11.82,1.39,36.60,-3.53%,26468289372,1.41,11.64,12.21,1.52%,51.38,1.10,1.55,0.36,,65.70,1.95%,,7.97%,-3.21%,,5.19%,1.80,0,0.89
SMCI,14.59,19933899176,10.92,0.70,,0.72,12.83,7.25%,20412932176,0.98,12.43,12.50,-10.64%,,0.96,3.20,0.76,14.13,,-10.89%,3.20,,,,-9.52%,,0,0.00
WBD,,19822187000,666.67,0.50,3.69,1.36,,-57.06%,54015187000,1.37,,2.59,8.20%,4.48,0.50,0.58,2.79,,12.20,22.33%,,,,,-0.57%,,0,0.00
MT,15.06,19375066089,6.69,0.30,3.99,0.38,6.04,6.91%,24454066089,0.39,3.66,3.48,4.15%,19.09,0.31,0.39,0.66,18.26,24.09,5.24%,0.44,1.82%,-7.25%,27.44%,8.21%,0.46,5,0.23
CRWV,,14996989200,,,5.46,,,-6.25%,24218789200,12.64,45.83,16.49,-24.58%,,7.83,,,,,-39.69%,,,,,-13.37%,,0,0.00
FWONK,,25087621838,59.91,5.98,45.37,6.36,,-8.22%,26679621838,7.30,,26.54,1.79%,52.48,6.87,3.57,4.04,,55.82,1.91%,34.95,,,,23.84%,,,1.23
INVH,42.27,19195495560,41.08,6.96,17.74,9.78,32.90,2.36%,26978104560,10.30,17.58,13.47,2.52%,28.27,7.33,1.97,12.88,59.43,39.73,3.54%,2.02,3.67%,5.56%,156.80%,3.63%,1.16,0,0.29
KB,5.83,18895921938,3.85,0.00,6.67,0.01,31.79,18.93%,101471757902,8.97,26.79,,1.87%,9.97,1.67,0.48,0.71,28.37,53.51,10.03%,0.51,2.57%,-46.75%,15.28%,2.57%,1.32,1,0.41
NTRA,,19194384210,,10.17,141.48,9.75,,-0.99%,18403058210,10.85,,,0.38%,277.21,11.31,16.06,,,265.78,0.36%,16.05,,,,-8.45%,0.00,0,0.00
CTRA,16.35,18735633920,7.87,2.34,6.70,2.50,13.78,5.98%,19993633920,3.66,6.08,5.81,5.17%,18.14,3.43,1.43,44.67,17.84,19.35,5.51%,1.43,3.56%,4.94%,58.67%,5.56%,0.88,0,0.22
SSNC,24.60,18243900240,12.37,2.89,13.14,3.93,18.34,4.17%,24857800240,4.23,12.21,9.58,4.58%,16.04,3.10,2.79,0.87,32.69,21.85,6.24%,,1.33%,7.61%,33.33%,1.62%,1.00,10,0.25
NRG,18.26,18621273810,11.58,0.58,8.08,0.89,13.64,5.68%,28638273810,1.02,9.03,5.17,6.40%,10.15,0.66,7.51,2.40,27.07,15.62,9.85%,,1.90%,7.95%,35.27%,8.95%,1.76,5,0.44
LH,25.45,18804879000,13.62,1.31,11.86,1.71,21.05,3.97%,24558979000,1.89,12.31,11.07,4.46%,17.16,1.45,2.34,0.84,32.92,22.41,5.83%,,1.34%,3.65%,32.58%,2.76%,2.88,3,0.72
RPRX,16.34,13515406750,5.90,4.38,4.88,6.27,17.85,6.36%,19356836750,8.55,17.85,,13.92%,5.02,5.97,1.31,2.26,22.53,7.19,19.93%,2.59,2.82%,4.94%,46.03%,4.28%,0.88,5,0.22
IBKR,23.71,69433555067,21.35,12.35,7.96,14.65,78.96,1.09%,82355555067,15.88,72.31,,10.53%,8.00,13.39,16.22,10.92,109.08,9.49,12.49%,4.23,0.61%,150.00%,14.43%,-2.37%,1.00,1,0.25
TROW,9.22,18806118040,9.14,2.48,11.16,2.17,5.90,11.17%,16435018040,2.32,5.41,6.65,7.68%,14.90,2.65,1.82,2.00,7.83,13.02,6.71%,2.56,5.91%,1.84%,55.52%,6.59%,5.08,39,1.27
DOW,17.36,19270920160,16.68,0.44,6.61,0.80,14.93,5.79%,34726920160,0.81,6.65,3.79,-0.66%,,0.45,1.11,0.33,31.12,,-1.19%,2.72,10.26%,,178.50%,10.82%,2.80,0,0.70
BCE,167.18,19261533375,7.40,0.79,3.86,1.91,24.87,0.59%,46783152045,2.76,8.53,3.20,3.91%,10.53,1.14,1.58,0.20,413.30,25.59,9.49%,,13.58%,-1.70%,2294.00%,13.66%,2.85,4,0.69
EL,,19165638856,28.36,1.28,10.59,1.74,,-3.65%,25962638856,1.71,45.31,8.23,4.41%,16.74,1.26,4.60,0.61,,22.67,5.97%,,2.63%,-23.48%,,52.65%,1.40,0,0.35
WSO.B,38.16,20465220299,34.10,2.50,28.70,2.49,30.82,2.51%,20395566299,2.79,29.19,23.96,3.34%,30.07,2.80,8.10,3.66,39.74,29.97,3.33%,9.47,2.37%,10.45%,90.22%,-11.65%,12.00,10,3.00
WSO,37.59,20160302442,33.62,2.47,26.08,2.42,29.06,2.66%,19825825442,2.60,27.42,23.95,3.75%,27.12,2.65,7.59,3.61,36.97,26.67,3.69%,9.46,2.42%,10.45%,90.22%,-0.09%,12.00,10,3.00
HUBB,23.25,17972268498,18.58,2.99,18.13,3.20,17.88,4.33%,19195368498,3.41,14.93,13.63,4.22%,22.17,3.19,5.50,2.01,24.68,23.67,4.51%,,1.55%,8.55%,36.74%,1.43%,5.28,10,1.32
WSM,17.03,18567258300,17.36,2.42,13.65,2.44,13.08,6.06%,18701596300,2.43,9.76,11.11,6.09%,16.31,2.41,8.67,2.11,16.62,16.42,6.13%,8.95,1.78%,23.76%,30.03%,3.68%,2.64,10,0.66
CDW,18.64,19661812652,15.07,0.90,15.39,1.14,15.11,5.48%,24936012652,1.19,12.95,10.03,4.63%,17.03,0.94,8.36,1.53,23.14,21.60,5.87%,,1.69%,2.89%,31.37%,2.47%,2.50,10,0.63
EXPE,16.71,18440899680,10.30,1.25,5.98,1.29,10.62,6.69%,19097899680,1.39,7.25,10.52,12.20%,7.92,1.35,11.84,0.73,15.48,8.20,12.63%,,0.27%,,4.47%,8.46%,0.40,0,0.40
TOST,1113.50,19161971753,78.35,3.09,53.23,2.87,807.68,0.10%,17768971753,3.58,261.31,173.04,1.72%,62.62,3.86,12.40,0.36,935.21,58.07,1.60%,13.60,,,,-10.88%,,0,0.00
DG,17.05,19163982110,15.09,0.44,6.40,0.82,20.82,5.87%,35694791110,0.88,13.29,6.58,4.73%,11.34,0.47,2.58,1.67,31.72,21.12,8.82%,10.22,2.71%,,46.18%,2.67%,2.36,1,0.59
VG,13.70,18897184223,4.64,1.24,8.79,2.95,17.46,7.81%,44778184223,9.01,15.52,9.10,-25.83%,,3.80,6.52,,30.36,,-61.22%,6.55,0.21%,,2.89%,-31.07%,0.02,0,0.02
PHM,6.38,18884482800,7.56,1.03,11.24,1.06,4.84,16.33%,19376294800,1.08,4.73,4.73,8.06%,12.09,1.05,1.56,0.25,6.28,12.40,8.27%,1.57,0.94%,16.67%,5.99%,6.06%,0.88,7,0.22
RYAN,101.75,9104984460,33.27,2.92,17.68,3.86,40.67,1.04%,12028979460,4.78,25.96,28.37,3.89%,19.46,3.62,14.51,,127.07,25.71,5.14%,,0.66%,,67.20%,-5.02%,0.48,1,0.12
HBAN,10.39,18426408000,8.94,2.29,10.15,2.70,9.09,9.77%,21667408000,3.11,7.21,,7.72%,11.02,2.65,0.93,2.03,12.03,12.96,9.07%,1.53,4.81%,,50.82%,4.33%,0.62,0,0.16
MOH,16.54,18585385023,13.70,0.42,28.86,0.29,7.45,6.34%,12716385023,0.31,6.72,10.12,4.28%,34.16,0.46,4.13,-0.62,10.79,23.38,2.93%,7.76,,,,0.69%,,0,0.00
WY,47.95,18814006080,32.60,2.42,18.66,2.98,33.34,2.10%,23206006080,3.26,19.37,16.05,1.47%,55.17,2.64,1.94,1.33,58.60,68.05,1.81%,1.93,3.25%,-10.99%,155.56%,3.68%,0.84,0,0.21
WAT,28.83,18353512283,23.77,5.91,24.08,6.36,23.36,3.48%,19730499283,6.67,19.04,17.82,3.14%,29.62,6.20,10.04,2.03,30.93,31.84,3.38%,,,,,-0.48%,0.00,,0.04
GFS,,18693983120,20.50,2.66,10.86,2.45,,-1.42%,17203983120,2.55,11.17,8.42,6.70%,16.21,2.77,1.73,0.67,,14.92,6.17%,1.85,,,,0.54%,,0,0.00
MAA,34.33,18017951130,38.87,7.98,16.41,10.16,32.71,2.91%,22942147130,10.47,17.82,14.88,1.07%,73.49,8.22,3.03,10.19,43.79,93.58,1.36%,3.11,3.91%,4.01%,135.11%,3.74%,6.06,2,1.52
RDDT,,18374454830,90.52,9.98,82.74,8.99,,-2.64%,16560347830,12.74,,,1.30%,85.14,14.13,8.62,,,76.73,1.17%,8.91,,,,-145.99%,,0,0.00
IFF,74.02,17914236750,16.67,1.64,16.74,2.46,46.56,1.36%,26956236750,2.35,16.91,10.35,2.33%,28.53,1.56,1.29,1.55,110.93,42.92,3.51%,,2.24%,-43.46%,168.56%,1.87%,1.60,0,0.40
DGX,21.26,18145469172,16.74,1.67,13.60,2.25,18.23,4.80%,24521469172,2.48,13.34,9.54,3.71%,19.96,1.84,2.68,1.44,28.15,26.98,5.01%,,1.95%,5.90%,41.61%,2.68%,3.20,1,0.80
UI,40.59,18072686931,36.86,7.03,23.13,7.15,30.75,2.46%,18377833931,8.55,29.75,29.25,4.20%,23.42,8.40,62.22,0.82,41.31,23.82,4.27%,62.96,0.81%,,32.62%,0.77%,2.40,0,0.60
SYF,5.47,18135140850,5.96,0.95,1.84,0.99,4.21,18.90%,18886140850,2.01,3.81,,52.14%,1.84,1.93,1.09,1.61,5.51,1.92,54.30%,1.37,2.15%,2.04%,11.70%,8.06%,1.00,3,0.25
HPE,6.62,18009181800,7.34,0.55,4.63,0.57,5.85,15.35%,18684181800,0.60,3.28,3.56,10.74%,8.98,0.58,0.71,4.55,6.76,9.31,11.14%,2.72,3.79%,4.00%,25.04%,-3.27%,0.52,2,0.13
DVN,5.99,17711210000,5.69,1.01,2.68,1.48,6.48,16.32%,26068210000,1.64,3.58,2.40,-3.18%,,1.11,1.22,14.90,9.02,,-4.68%,1.29,4.72%,-48.35%,,1.58%,1.31,0,0.24
L,13.16,17746554540,,,5.87,,11.70,7.97%,26149554540,1.49,9.28,6.45,9.15%,7.42,1.01,1.04,2.69,18.49,10.93,13.48%,1.11,0.30%,,3.90%,3.49%,0.25,0,0.06
NI,23.46,17885343025,19.55,3.12,10.04,5.53,22.04,4.14%,31647043025,5.80,12.77,7.47,-2.72%,,3.28,2.06,2.11,42.78,,-4.82%,2.48,2.93%,5.83%,69.14%,1.12%,1.12,10,0.28
STLD,11.94,17611398530,13.31,0.96,9.55,1.09,9.92,8.73%,20105130530,1.15,8.03,7.27,-0.12%,,1.00,1.97,10.91,13.08,,-0.13%,2.14,1.70%,8.36%,20.33%,8.45%,2.00,10,0.50
HAL,7.16,17498214300,7.62,0.78,4.53,1.04,6.57,14.29%,23482214300,1.02,5.05,3.52,11.27%,6.61,0.76,1.67,1.83,9.39,8.87,15.12%,2.29,3.35%,4.62%,24.03%,5.46%,0.68,3,0.17
CCJ,142.82,16837868160,26.42,4.78,26.04,4.92,60.04,0.71%,17323470510,7.96,35.42,31.64,2.86%,33.96,7.73,3.70,3.33,145.16,34.94,2.94%,3.95,0.29%,29.13%,42.05%,-8.58%,0.11,1,0.11
GFL,,18124575000,64.94,2.37,16.46,3.34,,-2.77%,25568200739,4.68,27.24,12.47,1.14%,62.06,3.32,3.63,,,87.55,1.61%,,0.13%,8.30%,,-2.90%,0.06,1,0.02
DKNG,,17363471880,67.41,2.64,41.56,2.64,,-2.92%,17368360880,3.64,,,1.80%,55.67,3.64,17.18,,,55.69,1.80%,,,,,-4.59%,,0,0.00
CYBR,,16873824679,95.24,12.58,72.77,11.97,,-0.55%,16054048679,16.04,,,1.38%,76.41,16.86,7.12,4.78,,72.70,1.31%,32.64,,,,-6.06%,,0,0.00
ASX,7.13,17873362784,12.30,0.03,6.46,0.03,15.19,5.58%,21801516609,1.19,6.69,5.69,1.62%,50.64,0.98,1.83,1.38,21.88,61.77,1.97%,2.14,4.11%,-43.72%,145.90%,3.10%,0.32,0,0.32
FNF,12.90,16496650100,10.19,1.12,2.42,1.20,9.60,7.70%,17723650100,1.30,6.86,6.19,37.63%,2.47,1.21,2.13,10.83,13.96,2.66,40.43%,15.04,3.33%,5.38%,43.01%,2.62%,2.00,4,0.50
PKG,20.39,16353424985,17.09,1.82,13.73,2.04,16.58,4.92%,18337924985,2.19,11.24,9.68,2.84%,31.36,1.95,3.71,2.05,22.78,35.16,3.19%,4.94,2.69%,,55.99%,2.53%,5.00,0,1.25
AER,8.30,16748831610,7.44,2.05,3.08,7.41,13.74,12.53%,60641760610,7.58,8.67,3.89,2.47%,11.20,2.09,0.97,0.91,28.90,40.56,8.93%,1.09,1.19%,,10.01%,15.76%,1.08,1,0.27
TECK,58.62,15738475000,15.56,1.46,7.90,1.32,28.84,-2.06%,14234664036,2.26,8.24,8.68,2.65%,41.72,2.50,0.84,2.02,,37.74,2.40%,0.90,2.29%,95.43%,132.76%,3.30%,0.73,0,0.09
KSPI,8.04,15825482560,0.01,0.01,14.04,0.00,5.98,12.54%,14660746807,3.03,5.98,4.28,6.43%,16.78,3.28,5.38,,7.39,15.55,5.96%,5.83,6.50%,,52.36%,8.56%,5.42,1,1.71
NWS,39.44,15477850983,29.41,1.77,13.33,1.89,23.10,2.67%,16565850983,1.69,12.49,11.55,4.49%,20.80,1.58,1.90,1.34,40.01,22.27,4.81%,7.83,0.68%,,27.61%,1.27%,0.20,0,0.10
BURL,31.21,15334236912,26.89,1.31,17.76,1.68,26.48,3.28%,19711063912,1.85,18.22,14.53,-0.04%,,1.44,11.19,2.99,39.14,,-0.05%,14.03,,,,0.50%,,0,0.00
SMMT,,15490146084,,,,,,-1.43%,15084690084,,,,-0.94%,,,39.85,,,,-0.92%,40.13,,,,-15.96%,,0,0.00
FDS,29.37,15647107214,23.32,6.52,24.78,7.02,23.41,3.44%,16840225214,7.47,19.06,18.40,3.19%,29.17,6.94,7.86,2.19,31.27,31.39,3.43%,,1.00%,6.12%,29.55%,1.33%,4.16,10,1.04
IHG,26.27,15876886001,20.96,6.24,13.82,7.29,16.86,3.96%,18549886001,3.77,16.86,14.69,6.09%,14.06,3.23,,1.01,29.54,16.43,7.11%,,1.63%,10.05%,43.50%,7.55%,1.68,3,1.14
PFG,10.88,16351641790,8.60,0.99,3.55,0.98,8.72,9.61%,16247741790,1.01,7.67,7.53,27.91%,3.61,1.01,1.47,1.50,10.34,3.58,27.73%,2.01,4.00%,9.81%,43.56%,8.07%,2.91,10,0.75
NMR,14.75,15177566511,16.08,,16.56,,115.49,7.22%,209502711821,20.31,93.61,,0.33%,22.23,1.47,0.66,0.85,191.23,306.79,4.50%,0.71,4.22%,73.91%,31.31%,4.54%,0.21,2,0.13
BF.B,15.94,15710513647,18.36,3.72,21.49,4.26,13.08,6.30%,17974513647,4.44,12.30,12.54,3.18%,27.47,3.88,4.11,4.32,18.17,31.42,3.64%,11.13,2.70%,4.96%,43.34%,3.31%,0.91,52,0.23
LNT,22.38,15466323330,18.90,3.43,13.25,5.72,25.16,4.46%,25791323330,6.48,14.35,9.08,-3.43%,,3.89,2.21,1.93,37.38,,-5.72%,2.21,3.37%,5.90%,75.46%,1.97%,2.03,10,0.51
LUV,33.93,14801242060,16.89,0.51,32.04,0.49,16.69,3.14%,14134242060,0.51,5.64,9.15,-11.26%,,0.54,1.43,0.35,30.40,,-10.76%,1.68,2.79%,,95.46%,2.18%,0.72,0,0.18
EXPD,18.79,14808877500,18.91,1.33,20.47,1.28,13.02,5.47%,14229494500,1.34,12.33,13.46,4.80%,21.69,1.40,6.66,3.68,17.57,20.84,4.61%,6.70,1.36%,5.80%,25.52%,6.99%,1.46,30,0.73
DOCU,14.43,14799994100,20.34,4.64,14.55,4.37,55.96,7.22%,13960874100,4.69,37.09,51.79,6.59%,16.08,4.97,7.39,0.41,13.07,15.17,6.22%,10.08,,,,-0.66%,,0,0.00
HRL,21.58,16255428280,17.44,1.32,13.87,1.48,17.37,4.66%,18246407280,1.53,13.53,12.34,4.88%,18.24,1.36,2.02,3.14,24.11,20.48,5.48%,11.75,3.93%,2.69%,84.11%,3.57%,1.16,59,0.29
TPG,,16140325782,18.31,7.36,30.33,7.57,101.79,0.15%,16601117782,4.74,55.62,111.62,3.04%,32.02,4.61,20.58,,706.94,32.94,3.12%,,3.98%,29.85%,,-10.72%,1.74,3,0.53
GRAB,,15581281600,94.61,4.50,17.12,2.86,,-0.67%,9885281600,3.53,411.89,,8.69%,18.14,5.57,2.43,,,11.51,5.51%,2.96,,,,-2.58%,,0,0.00
ULTA,13.86,15914508780,15.13,1.34,11.89,1.44,10.84,7.55%,17134541780,1.52,7.94,8.69,5.63%,16.51,1.41,6.40,1.84,14.27,17.77,6.06%,6.42,,,,4.42%,,,1.00
BF.A,15.90,15837269233,18.32,3.75,21.67,4.29,13.17,6.24%,18101269233,4.47,12.39,12.78,3.16%,27.69,3.92,4.14,4.26,18.30,31.65,3.61%,11.35,2.74%,4.96%,43.34%,3.34%,0.91,2,0.23
Z,,14888262277,33.59,5.72,43.66,5.26,,-1.07%,13687262277,6.83,115.99,,1.45%,75.19,7.43,3.19,0.73,,69.13,1.33%,8.78,,,,-0.12%,,0,0.00
KGC,17.71,16801658200,16.45,,6.40,,11.53,5.65%,17615358200,3.42,6.58,6.12,8.27%,11.54,3.26,2.45,-3.90,18.57,12.09,8.67%,2.32,0.88%,,15.58%,0.77%,0.12,0,0.03
GWRE,,15905877738,82.39,12.56,71.56,12.33,,-0.11%,15622693738,14.40,,1406.21,1.31%,77.59,14.67,12.54,1.99,,76.21,1.29%,17.83,,,,-0.48%,,0,0.00
SHG,4.93,15290041805,4.08,0.00,41.88,0.01,21.52,22.06%,86834213630,6.18,17.90,,0.37%,47.12,1.09,0.41,5.10,25.75,267.57,2.12%,0.46,2.92%,-45.14%,15.58%,4.43%,0.89,1,0.29
GPC,17.51,15722612780,14.22,0.65,12.57,0.86,16.49,5.75%,20985357780,0.89,12.49,8.05,3.84%,19.50,0.67,3.62,2.42,23.21,26.03,5.13%,,3.64%,4.68%,63.68%,4.60%,4.12,69,1.03
DPZ,26.65,15293889725,25.18,3.05,24.47,4.01,21.90,3.82%,20109634725,4.27,19.99,16.31,2.55%,29.87,3.25,,3.31,34.42,39.28,3.35%,,1.54%,21.98%,41.70%,2.56%,6.96,10,1.74
SUI,167.18,15144933000,57.33,5.00,17.59,7.40,55.52,0.59%,22433833000,6.96,20.94,12.58,2.60%,25.99,4.70,2.14,8.16,252.07,38.49,3.85%,2.50,3.18%,0.80%,532.60%,0.43%,3.76,10,0.94
BJ,29.38,15474680922,26.80,0.69,17.18,0.81,23.60,3.45%,18226705922,0.89,17.62,14.84,1.72%,49.46,0.75,8.38,2.95,34.11,58.25,2.02%,20.98,,,,1.12%,,0,0.00
DLTR,15.02,15430054420,11.75,0.47,5.39,,,-19.64%,,,,7.56,,9.87,0.88,,1.12,,,10.13%,4.34,,,,1.82%,,0,0.00
CFG,11.38,15081123000,8.93,1.83,7.54,1.97,9.28,9.10%,16246123000,2.28,7.22,,11.57%,8.03,2.12,0.62,0.26,11.84,8.65,12.46%,1.16,4.83%,,55.45%,9.63%,1.68,0,0.42
DKS,13.52,15199786449,13.10,1.09,11.59,1.29,11.45,7.67%,17997606449,1.34,9.12,8.10,2.83%,29.85,1.13,4.75,1.95,15.44,35.34,3.35%,5.24,2.55%,10.06%,34.51%,6.04%,4.85,2,1.21
SFM,41.32,15148032540,32.90,1.73,23.48,1.89,32.83,2.51%,16562114540,2.15,21.27,23.58,2.50%,36.52,1.96,11.46,2.38,43.52,39.92,2.74%,20.78,,,,1.95%,,0,0.00
COO,35.56,14734600080,17.87,3.49,18.96,4.07,23.66,2.82%,17173600080,4.37,15.14,13.31,2.24%,38.30,3.75,1.81,1.22,41.34,44.64,2.61%,5.67,,,,-0.65%,,,0.01
EVRG,17.28,15061251240,15.65,2.52,7.59,4.87,19.85,5.80%,29108751240,4.98,11.28,5.74,-1.21%,,2.58,1.51,2.74,33.32,,-2.34%,1.98,4.05%,4.38%,70.45%,4.01%,2.67,10,0.67
KEY,,14814134400,9.13,1.99,22.31,3.68,,-2.05%,27320134400,6.44,,,2.28%,23.78,3.49,0.82,0.67,,43.85,4.21%,1.17,5.97%,,,4.22%,0.82,0,0.21
WMG,29.45,15020212010,22.11,2.25,18.94,2.76,22.74,3.41%,18442212010,2.91,16.13,11.73,3.63%,22.42,2.37,27.56,1.10,36.02,27.53,4.46%,,2.51%,5.97%,73.86%,2.04%,0.72,5,0.18
GEN,24.09,15093211490,10.21,3.71,7.03,5.58,14.53,4.21%,22686211490,5.83,11.34,6.85,9.39%,7.08,3.88,7.02,0.64,35.73,10.65,14.12%,,2.05%,,49.06%,5.46%,0.50,0,0.13
PKX,20.58,13275979221,10.02,0.00,2.90,0.00,4.67,5.74%,20787626745,0.41,2.89,3.60,-4.78%,,0.26,0.35,0.89,27.26,,-7.49%,0.43,1.65%,-3.70%,8.68%,1.64%,0.72,1,0.35
CSL,12.10,14855831606,14.88,2.80,14.42,3.02,9.81,8.83%,15992931606,3.20,8.87,11.47,5.73%,16.20,2.97,6.03,0.94,12.19,17.44,6.17%,,1.19%,16.67%,14.38%,7.74%,4.00,49,1.00
WST,30.12,14388416081,32.66,4.93,22.02,4.86,23.55,3.42%,14206116081,4.91,18.73,19.45,1.95%,52.06,4.97,5.36,3.48,28.83,51.40,1.92%,5.68,0.41%,5.06%,12.56%,2.55%,0.84,10,0.21
TEVA,,14540709600,5.46,0.83,11.66,1.68,1628.87,-11.27%,29319709600,1.77,27.22,3.28,2.55%,19.41,0.88,2.71,0.86,,39.15,5.15%,,,,,-1.07%,,,0.09
NWSA,35.40,15145997380,25.35,1.73,13.05,1.85,22.64,2.73%,16233997380,1.65,12.24,10.70,4.58%,20.36,1.54,1.86,1.16,39.21,21.82,4.91%,7.25,0.79%,,27.61%,1.38%,0.20,0,0.10
USFD,31.18,14530003530,16.13,0.36,12.38,0.48,20.45,3.40%,19615003530,0.52,14.04,9.29,4.26%,17.38,0.38,3.21,0.24,39.71,23.46,5.75%,,,,,2.40%,,0,0.00
JBL,30.70,14400566450,13.63,0.50,8.49,0.56,17.29,3.36%,16101566450,0.59,9.79,7.15,8.20%,10.90,0.52,10.60,0.91,33.27,12.19,9.17%,55.93,0.24%,,7.66%,12.69%,0.32,0,0.08
BLDR,12.89,13285182400,11.95,0.77,7.09,1.02,10.95,8.11%,17464383400,1.06,8.10,6.15,8.62%,8.82,0.81,3.09,0.81,16.20,11.60,11.34%,,,,,7.77%,,0,0.00
RS,17.92,14767032317,16.00,1.00,10.33,1.08,13.48,5.93%,15867032317,1.15,10.97,10.14,6.33%,14.71,1.07,2.05,1.20,18.13,15.81,6.80%,3.65,1.74%,9.76%,30.85%,6.40%,4.80,10,1.20
FFIV,25.35,14701336500,17.35,4.77,17.71,4.47,18.89,4.05%,13793301500,4.77,15.98,18.13,5.80%,18.37,5.09,4.54,1.24,23.19,17.23,5.44%,17.88,,,,1.00%,,0,0.00
UDR,149.79,12897882990,74.00,7.47,14.71,10.93,65.94,0.66%,18871695990,11.29,19.22,14.10,2.85%,23.99,7.71,3.75,-4.53,222.67,35.10,4.17%,4.15,4.37%,1.19%,668.30%,3.88%,1.72,10,0.43
FMS,24.57,13752290932,11.59,0.69,5.15,1.36,19.01,4.07%,26846036732,1.33,7.98,5.71,7.10%,7.22,0.68,0.84,0.46,47.91,14.09,13.85%,,2.67%,2.60%,33.47%,2.67%,0.63,1,0.63
WES,8.79,13477790745,10.08,3.50,6.31,5.29,10.32,11.40%,20325005745,5.64,7.76,6.02,6.41%,10.34,3.74,4.17,5.48,13.22,15.60,9.67%,5.24,9.76%,36.27%,87.06%,10.28%,3.50,3,0.88
BAP,10.45,13708325116,8.19,0.60,12.49,0.65,8.18,9.57%,14855540306,3.33,7.44,,6.83%,13.51,3.07,1.57,1.16,11.33,14.64,7.40%,1.66,7.16%,,66.65%,7.16%,12.21,3,2.92
CRBG,7.16,14806173480,5.02,0.66,6.88,1.18,7.80,15.06%,26392173480,1.41,7.38,5.04,8.15%,6.88,0.79,1.29,,11.84,12.27,14.53%,1.29,3.61%,-55.29%,25.81%,10.73%,0.96,0,0.24
STX,13.05,15108470055,8.26,1.59,16.11,2.06,12.26,7.80%,19549470055,2.43,10.58,9.47,3.53%,21.86,1.88,,0.21,16.58,28.29,4.57%,,4.15%,1.43%,52.82%,0.21%,2.88,1,0.72
ZG,,15168633334,33.52,5.83,35.44,5.30,,-0.74%,13808633334,6.18,77.14,,2.06%,53.22,6.78,3.13,0.72,,48.45,1.88%,8.21,,,,-0.21%,,0,0.00
ON,9.50,14526381870,13.28,2.37,7.62,2.43,7.85,10.83%,14901981870,2.10,5.87,5.70,8.18%,11.92,2.05,1.65,1.43,9.47,12.23,8.39%,2.09,,,,3.16%,,0,0.00
EG,10.85,16481967708,6.76,1.01,3.32,1.13,11.28,8.33%,18519967708,1.07,11.28,,26.77%,3.32,0.95,1.19,-50.00,13.49,3.74,30.08%,1.07,2.36%,15.94%,25.17%,3.27%,8.00,3,2.00
BEP,,6088654920,52.36,0.97,4.78,6.41,25.52,-4.19%,40115654920,6.83,11.20,4.70,-6.13%,,1.04,1.69,3.51,,,-40.39%,3.96,6.73%,5.14%,,2.43%,1.44,5,0.37
OMC,9.76,14281737840,8.61,0.88,8.24,1.03,7.35,10.37%,16813137840,1.07,6.64,5.68,9.47%,8.97,0.91,3.41,1.40,11.36,10.56,11.15%,,3.81%,,37.53%,5.31%,2.80,0,0.70
AMH,31.29,12497335500,49.38,6.72,15.40,9.23,29.70,3.19%,17157881500,9.93,16.27,16.29,-0.66%,,7.23,1.75,29.82,43.06,,-0.90%,2.02,3.50%,17.39%,111.11%,2.02%,1.20,4,0.30
BAX,,14431116740,11.23,1.27,14.16,2.29,,-4.50%,26036116740,2.45,35.86,7.66,2.15%,25.82,1.36,2.07,1.82,,46.58,3.87%,,2.42%,-20.69%,,2.03%,0.68,0,0.17
DUOL,168.59,14339254300,120.53,14.52,50.22,13.68,132.09,0.62%,13513530300,18.07,119.42,192.06,1.96%,54.24,19.17,17.39,,152.57,51.12,1.84%,18.06,,,,-4.69%,,0,0.00
TRMB,9.65,14212922400,19.69,4.06,27.59,4.31,7.21,10.39%,15088022400,4.15,6.46,19.92,3.17%,29.74,3.91,2.42,2.13,10.21,31.57,3.36%,,,,,1.12%,,0,0.00
TRU,50.81,14318397500,17.95,3.22,17.20,4.23,28.97,1.99%,18786097500,4.49,15.84,11.31,2.75%,27.71,3.42,3.40,0.69,66.06,36.36,3.61%,,0.64%,2.38%,31.72%,-1.08%,0.46,0,0.12
ZTO,12.25,10647206495,9.15,0.42,6.81,0.38,5.97,11.34%,9801640291,1.62,4.77,7.07,15.94%,6.81,1.76,1.25,0.71,8.12,6.27,14.68%,2.03,3.84%,11.29%,47.07%,3.90%,0.69,2,0.34
J,23.69,14075403840,18.14,1.52,18.92,1.64,14.58,4.38%,15211881840,1.06,11.39,11.33,4.19%,22.09,0.98,3.35,1.18,24.68,23.87,4.53%,,1.00%,16.62%,23.48%,2.63%,1.14,6,0.32
EQH,12.14,14080382810,6.37,0.84,7.02,0.75,6.90,8.71%,12565382810,1.01,4.69,4.05,14.75%,7.60,1.13,8.88,,10.24,6.78,13.16%,,2.10%,9.09%,25.40%,9.69%,0.96,7,0.24
CNH,11.23,13865724400,15.62,0.85,7.05,2.25,11.57,8.99%,36943724400,1.86,9.73,6.54,2.12%,17.71,0.70,1.81,,29.65,47.18,5.65%,4.88,2.23%,-46.81%,25.25%,8.94%,0.25,3,0.25
ONON,52.32,13931600844,39.85,4.59,22.52,4.36,36.05,1.93%,13228631675,5.14,26.80,50.74,4.12%,25.54,5.41,8.26,,49.14,24.25,3.92%,9.47,,,,-0.66%,,0,0.00
TLK,10.46,13982629897,9.46,,3.89,,7.19,11.34%,16200370208,1.67,7.19,3.13,9.93%,8.69,1.44,1.74,13.51,10.21,10.07,11.50%,1.68,7.87%,-1.59%,7375.75%,7.92%,1.11,0,1.11
FSLR,10.23,13141993900,6.53,2.38,10.79,2.16,8.27,9.83%,11958812900,2.84,6.40,7.25,-2.58%,,3.12,1.65,0.25,9.26,,-2.34%,1.67,,,,-0.14%,,0,0.00
BIP,687.00,12682349760,33.00,1.52,2.73,7.66,15.76,0.45%,63816349760,3.03,8.30,1.49,0.45%,44.19,0.60,1.79,1.18,1119.59,222.36,2.26%,,5.99%,5.97%,2233.50%,5.34%,1.65,5,0.43
PRMB,87.42,12410168789,21.61,1.73,26.56,2.43,49.02,-0.13%,17474968789,3.39,25.33,13.82,1.81%,39.15,2.41,3.60,,,55.13,2.55%,,3.64%,260.61%,,-7.35%,1.19,3,0.10
MNDY,387.24,12190161597,68.88,9.81,39.19,8.72,,0.27%,10834591597,11.15,,,2.73%,41.21,12.54,11.83,1.34,334.69,36.62,2.43%,11.93,,,,-8.38%,,0,0.00
ACM,26.71,12387274950,18.46,0.71,14.83,0.79,16.90,3.83%,13817189950,0.85,13.88,11.09,5.30%,16.91,0.76,5.62,0.91,29.10,18.86,5.91%,,1.12%,20.00%,29.69%,3.64%,1.04,3,0.26
AS,159.07,12317520362,31.69,2.02,29.00,2.20,35.94,0.59%,13455320362,2.60,20.76,19.86,1.39%,65.80,2.38,2.46,0.55,185.33,71.88,1.52%,36.94,,,,-30.49%,,0,0.00
PFGC,30.60,11864605200,15.24,0.18,12.01,0.30,24.43,3.26%,19714805200,0.33,13.82,8.29,2.74%,21.97,0.20,2.79,0.67,50.90,36.50,4.55%,,,,,-0.39%,,0,0.00
INSM,,11685295440,,24.47,,24.21,,-7.82%,11561413440,31.79,,,-6.10%,,32.13,40.95,,,,-6.04%,98.71,,,,-16.81%,,0,0.00
JKHY,30.77,12452385114,27.56,4.96,23.24,5.01,23.18,3.25%,12576732114,5.53,16.87,21.53,2.42%,40.95,5.48,6.30,2.66,31.04,41.35,2.44%,25.33,1.35%,5.69%,41.80%,1.25%,2.32,35,0.58
DVA,14.30,12272800000,13.89,0.90,6.07,1.72,13.88,7.63%,23408747000,1.83,9.71,4.58,6.27%,8.37,0.96,101.33,2.10,25.00,15.96,11.95%,,,,,6.34%,,0,0.00
CAG,38.26,12237174870,10.45,1.03,6.69,1.70,29.87,2.69%,20332874870,1.73,18.75,5.72,7.14%,8.43,1.04,1.39,0.31,61.78,14.01,11.86%,,5.48%,,206.05%,5.63%,1.40,5,0.35
SOFI,27.00,11573979700,39.18,3.51,,3.65,51.66,4.31%,12055309700,4.51,27.60,,-10.65%,,4.33,1.77,2.13,24.18,,-11.09%,2.52,,,,-16.55%,,0,0.00
ACI,11.99,12384226125,9.52,0.15,4.34,0.32,15.58,8.38%,26392126125,0.33,6.30,3.22,3.59%,13.06,0.15,3.68,6.59,25.44,27.83,7.66%,,2.81%,6.25%,33.70%,2.28%,0.60,0,0.15
EBR,17.26,16143181145,6.97,0.48,11.66,0.70,10.04,6.21%,23434679489,3.07,7.96,4.60,0.79%,87.04,2.12,0.85,,23.38,126.35,1.15%,1.75,3.97%,252.94%,37.82%,-52.91%,0.28,1,0.14
SGI,27.85,12185360440,21.45,1.57,18.28,1.92,23.43,3.15%,14944460440,3.03,18.62,16.07,3.81%,21.41,2.47,21.80,,38.89,26.26,4.67%,,0.26%,,6.94%,-0.26%,0.15,0,0.15
RL,17.72,12027284346,14.27,1.62,9.75,1.69,13.27,5.86%,12548684346,1.81,10.76,10.78,8.43%,11.37,1.73,4.74,1.40,17.81,11.86,8.79%,7.52,1.72%,10.00%,30.22%,5.05%,3.30,4,0.83
FIX,23.18,11942286290,18.47,1.53,14.07,1.50,17.34,4.37%,11672789290,1.66,14.26,13.38,6.37%,16.06,1.70,7.01,2.06,22.34,15.70,6.23%,30.20,0.40%,45.95%,9.25%,0.73%,1.35,10,0.40
CNA,13.56,12897533880,10.12,0.81,5.02,0.97,11.46,7.44%,15398533880,1.08,10.91,9.14,16.08%,5.21,0.90,1.23,4.21,16.06,6.22,19.20%,1.25,7.92%,2.16%,107.39%,7.84%,3.78,1,2.46
GGG,26.92,12764044440,24.96,5.65,20.53,5.36,20.49,3.81%,12129523440,5.74,17.87,19.52,4.25%,24.79,6.04,4.94,2.51,24.95,23.55,4.03%,6.86,1.41%,8.16%,39.01%,1.38%,1.10,10,0.28
AMCR,16.22,12943019700,11.49,0.91,10.34,1.40,14.89,6.17%,19897019700,1.47,10.46,6.78,4.01%,16.24,0.96,3.42,1.61,24.93,24.96,6.16%,,5.67%,2.02%,92.58%,5.68%,0.51,4,0.13
RIVN,,12771182591,,2.34,,1.81,,-37.17%,9891182591,1.99,,,-28.88%,,2.57,1.95,,,,-22.37%,1.96,,,,-6.97%,0.00,0,0.00
ARE,41.06,12795826100,23.03,4.14,8.50,7.92,48.12,2.42%,24480353100,7.86,14.31,6.53,0.22%,239.60,4.11,0.72,844.20,79.08,458.38,0.42%,0.73,7.10%,4.38%,293.50%,6.55%,5.28,10,1.32
BCH,8.24,12836735275,10.10,,7.36,,15.07,12.18%,25821058032,8.06,14.29,,6.66%,7.46,4.01,2.09,4.39,16.52,15.01,13.40%,2.34,8.22%,24.30%,17492.85%,8.22%,2.10,0,2.10
WPC,27.20,12449880480,21.53,7.61,6.79,12.13,25.78,3.70%,19848509480,12.54,15.54,9.50,4.93%,12.72,7.86,1.48,,43.07,20.29,7.86%,2.05,6.19%,-8.01%,168.18%,3.96%,3.52,0,0.89
PPC,11.26,12197555680,9.90,0.67,6.13,0.75,8.61,8.91%,13547092680,0.76,6.75,5.61,11.29%,7.98,0.68,2.88,0.49,12.47,8.86,12.54%,5.56,12.21%,,137.86%,12.00%,6.30,1,6.30
PAYC,23.17,11833463932,23.33,5.73,22.16,5.58,17.65,4.24%,11514863932,6.11,14.42,20.17,2.96%,34.70,6.28,7.51,2.12,22.94,33.77,2.88%,7.91,0.71%,25.00%,16.82%,3.66%,1.50,2,0.38
CF,10.38,11647695990,11.00,1.87,5.13,2.13,8.18,10.46%,13279695990,2.24,5.21,4.48,13.24%,6.63,1.96,2.34,0.61,10.90,7.55,15.09%,5.97,2.86%,17.65%,29.67%,9.64%,2.00,3,0.50
YPF,4.60,10846138159,5.70,,1988.92,,5067.77,21.65%,10853766600,0.56,2306.72,3.64,0.00%,24471.70,0.56,1001.80,-0.17,4.62,24488.91,0.00%,1.24,,,,,,,0.14
BAH,15.91,13499197140,15.31,1.05,14.46,1.30,12.06,6.45%,16641950140,1.41,10.43,9.62,5.07%,15.99,1.15,11.16,2.29,19.12,19.71,6.25%,,2.02%,8.33%,32.86%,4.05%,2.20,10,0.55
PSTG,135.92,13736979105,26.46,3.98,18.23,3.62,84.44,0.78%,12483372105,3.94,45.48,60.30,4.22%,26.07,4.34,10.51,1.31,116.95,23.69,3.84%,14.84,,,,-3.05%,,0,0.00
VIV,16.99,13859304296,12.58,0.23,4.12,0.27,11.07,5.94%,16239442816,1.96,4.19,4.84,11.40%,7.49,1.67,1.17,0.98,19.73,8.77,13.35%,3.92,5.34%,-8.29%,82.57%,6.00%,0.45,0,0.02
ARCC,8.18,13669045630,9.02,4.18,,8.12,11.50,11.13%,26568045630,8.89,11.50,,-8.01%,,4.57,1.02,3.95,17.46,,-15.57%,1.02,9.68%,,78.72%,1.09%,1.92,0,0.48
CHWY,35.79,13472197444,59.93,1.06,22.59,1.05,88.19,2.92%,13377937444,1.13,44.71,71.08,3.38%,29.77,1.14,51.53,0.36,34.06,29.56,3.36%,115.06,,,,0.24%,,0,0.00
KIM,35.23,13165293125,28.26,6.19,13.09,9.90,28.30,2.85%,21053937125,10.34,15.62,10.71,2.85%,21.96,6.46,1.24,2.90,56.04,35.12,4.55%,1.29,5.06%,-4.85%,181.82%,-3.70%,1.00,0,0.25
JBHT,24.16,13435574760,20.98,1.07,9.06,1.18,17.73,4.25%,14866293760,1.23,8.75,8.44,5.44%,16.61,1.11,3.35,1.44,26.04,18.38,6.02%,3.55,1.31%,2.37%,31.65%,2.93%,1.76,10,0.44
RCI,10.52,12975162879,4.51,0.60,3.20,2.15,14.11,9.28%,46334907051,3.24,7.04,2.09,2.73%,10.24,0.91,1.75,0.43,38.48,36.57,9.76%,,6.08%,-3.42%,64.23%,0.28%,1.43,0,0.35
PNR,21.64,13384016100,16.84,3.20,17.46,3.56,18.47,4.67%,14913316100,3.65,16.18,13.17,4.65%,19.32,3.28,3.76,1.34,23.85,21.52,5.18%,,1.24%,6.67%,26.75%,0.75%,1.00,48,0.25
BSS,,,,,,,,,,,,35.85,,,,,,,,,,,,,,,0,0.00
SNAP,,13375875191,21.66,2.15,32.35,2.29,,-5.22%,14243492191,2.66,,,1.54%,61.17,2.49,5.46,496.06,,65.14,1.63%,19.86,,,,-2.89%,,0,0.00
GLPI,16.47,12992730075,15.37,7.91,12.11,12.53,17.83,6.04%,20571736075,13.43,14.42,9.56,1.67%,37.81,8.48,3.04,8.08,26.22,59.86,2.65%,3.13,6.48%,3.40%,105.98%,3.64%,3.04,0,0.76
LINE,,13443443661,213.20,2.43,19.12,3.63,,-4.94%,20084443661,3.76,36.32,12.15,0.09%,707.55,2.52,1.56,,,1057.08,0.14%,3.17,2.77%,,,-15.14%,1.44,1,0.53
TPR,18.49,13195136100,12.28,1.87,13.47,2.31,15.39,6.03%,16298736100,2.41,12.42,8.74,5.26%,15.39,1.95,9.87,0.90,20.48,19.01,6.50%,,2.19%,3.70%,40.76%,5.09%,1.40,4,0.35
CG,13.17,13180297470,8.49,2.90,,4.53,14.25,7.74%,20579697470,3.79,12.64,,-4.07%,,2.43,2.35,0.92,20.17,,-6.35%,2.65,3.82%,,50.54%,2.05%,1.40,3,0.35
RPM,19.98,12821443800,16.67,1.67,16.02,1.95,17.02,5.02%,14973648800,2.05,14.06,11.91,3.78%,22.68,1.76,4.79,2.27,23.27,26.48,4.41%,15.90,1.99%,10.56%,40.85%,2.15%,2.04,52,0.51
AVY,18.74,12919627260,16.31,1.44,13.76,1.75,14.71,5.46%,15742727260,1.80,11.39,9.09,4.44%,18.47,1.48,5.59,1.81,22.33,22.50,5.42%,,2.12%,8.64%,40.32%,2.58%,3.52,10,0.88
BSY,57.56,12070832400,35.03,8.12,27.73,9.03,42.67,1.94%,13433461400,9.93,35.40,35.26,3.14%,28.66,8.92,11.60,2.22,57.39,31.89,3.49%,,0.67%,19.05%,38.69%,0.31%,0.28,2,0.07
TWLO,,13202841000,19.64,2.69,18.43,2.43,,-0.83%,11928589000,2.68,101.63,79.54,5.51%,20.08,2.96,1.66,44.96,,18.14,4.98%,5.33,,,,9.49%,,0,0.00
MAS,15.99,12724518240,13.80,1.63,11.84,1.96,12.63,6.46%,15261518240,1.95,11.24,8.37,5.94%,14.03,1.63,,1.28,18.57,16.83,7.13%,,2.01%,3.06%,32.98%,5.92%,1.24,10,0.31
MDB,,12989220123,49.35,5.57,86.48,4.58,,-0.99%,10689143123,5.33,,,1.13%,107.67,6.47,4.67,1.67,,88.60,0.93%,4.83,,,,-4.64%,,0,0.00
UNM,7.82,13032074160,8.03,0.96,8.61,1.22,6.77,13.65%,16609074160,1.29,6.47,5.06,8.35%,9.39,1.01,1.19,2.50,9.34,11.97,10.65%,1.23,2.28%,14.04%,17.76%,8.64%,1.68,10,0.42
AFRM,,13130364542,117.61,3.64,16.71,5.23,,-1.52%,18857193542,6.73,1658.65,,3.25%,21.42,4.69,4.71,,,30.76,4.67%,5.81,,,,-12.23%,,0,0.00
DT,26.92,12901985000,28.59,6.71,30.12,6.22,64.08,3.74%,11969489000,7.32,49.39,63.38,3.39%,31.75,7.89,5.05,0.90,24.82,29.46,3.15%,10.79,,,,-1.41%,,0,0.00
BALL,3.53,12972491260,12.83,1.05,112.80,1.44,4.00,30.90%,17760491260,1.51,3.51,7.19,-2.08%,,1.10,2.21,1.36,4.43,,-2.84%,21.24,1.74%,,6.15%,4.56%,0.80,0,0.20
DOC,50.55,12712700710,81.37,4.51,11.88,7.65,40.82,1.91%,21551664710,7.98,13.60,8.91,4.64%,12.73,4.71,1.51,4.91,88.92,21.57,7.86%,1.73,6.66%,,337.44%,-16.90%,1.21,0,0.10
HOLX,18.08,12814912900,12.90,3.04,10.22,3.18,12.77,5.81%,13382612900,3.31,9.97,10.02,8.37%,11.43,3.17,2.68,1.28,17.99,11.94,8.75%,23.01,,,,3.37%,,0,0.00
ELS,32.28,12120377630,31.93,7.63,20.31,9.63,30.34,3.03%,15300437630,10.03,21.44,17.49,2.31%,34.23,7.94,6.96,4.58,41.69,43.21,2.92%,7.45,3.23%,7.01%,105.27%,2.60%,2.06,10,0.52
BBY,13.66,12443351900,9.03,0.30,5.93,0.36,11.05,7.45%,14918351900,0.36,6.73,4.75,9.33%,8.94,0.30,4.43,1.19,16.09,10.72,11.19%,6.83,6.36%,1.89%,88.79%,7.37%,3.80,7,0.95
IEX,24.99,12541076041,20.00,3.62,18.77,4.00,20.29,4.03%,13880476041,4.25,16.14,14.22,4.34%,20.80,3.84,3.30,1.51,27.49,23.02,4.81%,,1.66%,7.81%,41.57%,1.50%,2.76,10,0.69
UTHR,11.44,12669731620,10.07,3.98,9.55,3.04,6.13,9.43%,9702731620,3.37,5.86,8.33,11.14%,11.72,4.40,1.97,1.43,8.12,8.98,8.53%,2.00,,,,2.41%,,0,0.00
REG,32.43,12408993300,31.07,8.18,15.70,11.21,29.29,3.12%,17000670300,11.69,17.43,13.30,3.27%,22.34,8.53,1.85,2.71,43.96,30.61,4.48%,2.05,4.12%,-16.92%,133.65%,5.79%,2.82,10,0.71
TAP.A,11.07,12708975203,9.22,1.08,6.05,1.57,11.33,8.53%,18468275203,1.55,7.99,4.95,7.60%,9.05,1.06,0.97,23.47,17.03,13.15,11.05%,,3.17%,7.19%,35.14%,4.60%,1.88,4,0.47
SJM,,11992131730,11.14,1.34,9.64,2.21,55.97,-2.14%,19882031730,2.26,23.14,5.42,4.10%,14.71,1.36,1.74,2.42,,24.39,6.80%,,3.79%,2.38%,,3.57%,4.32,29,1.08
TAP,11.20,11832335820,9.31,1.01,6.19,1.45,9.72,9.49%,17009135820,1.46,6.78,4.90,7.41%,9.39,1.02,0.90,23.18,15.15,13.49,10.65%,,3.14%,7.19%,35.14%,6.53%,1.88,4,0.47
THC,3.92,12197365830,10.48,0.58,5.96,1.06,4.29,26.24%,22351365830,1.08,3.71,3.02,27.28%,2.00,0.59,2.92,0.85,6.98,3.67,49.99%,,,,,6.60%,,,0.03
WDC,10.28,12269491600,6.97,1.23,14.25,1.73,8.44,9.81%,17344491600,1.11,6.70,4.10,2.55%,27.76,0.79,1.01,490.33,14.41,39.24,3.60%,5.31,,,,-9.85%,,,0.38
COKE,19.74,12036032743,,,13.73,,14.57,5.26%,12505996743,1.81,12.16,10.83,4.05%,23.79,1.74,8.49,,19.75,24.72,4.20%,26.54,0.72%,-66.67%,14.30%,4.33%,10.00,2,2.50
UHAL,28.53,10654615044,18.56,,7.25,,18.74,4.21%,16583747044,2.91,9.02,7.11,-7.93%,,1.87,1.40,,36.97,,-12.35%,1.52,,,,,,,0.04
CW,29.09,11568529323,24.04,3.34,21.25,3.57,21.84,3.50%,12380611323,3.97,18.35,16.95,3.93%,23.78,3.71,4.72,2.71,30.57,25.45,4.21%,65.27,0.27%,5.00%,7.96%,0.67%,0.84,10,0.21
ALGN,28.34,11688756498,15.62,2.80,15.83,2.57,17.63,3.60%,10733083498,2.68,13.54,14.28,5.80%,18.77,2.92,3.03,0.97,25.47,17.24,5.33%,3.55,,,,2.06%,,0,0.00
SYM,,11885513714,66.15,4.82,67.11,4.46,,-0.12%,10982479714,5.74,610.54,,1.17%,92.59,6.21,60.48,2.96,,85.56,1.08%,66.00,,,,-27.34%,0.00,0,0.00
TXT,14.73,11583787380,10.38,0.78,11.42,0.93,13.22,7.11%,13730787380,1.00,9.66,7.82,4.76%,17.71,0.85,1.61,0.80,16.66,21.00,5.65%,2.36,0.13%,,1.85%,5.48%,0.08,0,0.02
CPT,71.32,11496235230,74.07,7.22,14.84,9.39,50.50,1.42%,14949617230,9.53,17.03,13.12,3.32%,23.20,7.33,2.46,8.96,91.55,30.16,4.31%,2.48,3.87%,2.73%,279.67%,4.72%,4.20,3,1.05
TER,21.92,11704621575,19.52,3.69,17.41,3.53,18.47,4.63%,11181576575,3.97,15.42,17.63,4.24%,24.69,4.15,4.15,1.16,20.62,23.59,4.05%,4.89,0.66%,6.67%,14.46%,1.26%,0.48,1,0.12
PAA,22.53,11556001920,10.60,0.20,4.64,0.33,13.98,4.45%,19142001920,0.38,7.99,4.27,9.66%,6.25,0.23,1.18,2.27,37.24,10.35,16.01%,1.98,9.28%,19.23%,207.60%,8.82%,1.52,3,0.38
SBS,16.67,12070786883,15.17,,14.68,,11.72,5.99%,14816823494,2.82,8.53,4.02,0.81%,100.52,2.30,2.39,2.55,20.48,123.38,0.99%,,1.21%,-15.76%,9.39%,1.21%,0.21,0,0.21
POOL,26.55,11316591546,26.02,2.07,17.17,2.28,22.06,3.84%,12510652546,2.36,20.42,17.06,4.79%,18.87,2.13,8.89,1.81,28.80,20.86,5.30%,39.78,1.57%,9.09%,42.48%,3.56%,4.80,10,1.20
OC,17.82,11233191592,8.49,1.01,5.94,1.49,14.54,5.76%,16488191592,1.50,9.10,4.38,7.55%,9.02,1.02,2.21,0.82,25.48,13.24,11.08%,,2.06%,15.18%,37.45%,6.89%,2.76,6,0.69
BNT,5.39,11461512423,,,2.51,,2.44,10.59%,3758512423,0.27,2.15,6.44,121.40%,2.51,0.81,0.94,,3.10,0.82,39.81%,1.18,0.77%,13.81%,7.26%,-28.50%,0.36,1,0.09
XPO,29.36,11116981260,23.11,1.33,13.76,1.79,21.53,3.48%,14987981260,1.86,12.64,9.18,0.63%,118.27,1.38,6.94,1.60,38.73,159.45,0.85%,,,,,-1.69%,,,21.00
FLEX,12.00,11259397170,10.31,0.42,6.43,0.49,11.17,8.98%,13100397170,0.55,7.04,6.71,10.37%,8.29,0.47,2.26,0.97,12.96,9.64,12.07%,3.41,,,,9.63%,0.00,1,8.26
RBRK,,10963649805,,9.49,227.33,9.16,,-10.53%,10580846805,11.93,,,0.20%,506.90,12.37,,,,489.20,0.20%,,,,,-154.49%,,0,0.00
SCI,20.76,10568000640,18.90,2.44,11.18,3.51,16.27,4.91%,15184532640,3.63,13.11,8.38,3.66%,19.01,2.52,6.30,1.62,29.28,27.32,5.26%,,1.70%,7.02%,36.26%,5.40%,1.28,10,0.32
GME,75.70,11168158320,164.88,3.00,76.65,1.83,49.59,1.18%,6803958320,1.78,38.64,519.45,2.13%,77.07,2.92,2.27,0.86,51.82,46.96,1.30%,2.27,,,,-29.33%,,,0.10
SOLV,23.61,11273389928,11.86,1.34,9.51,2.20,19.04,4.25%,18521389928,2.24,12.12,6.84,4.35%,14.00,1.37,3.81,,38.67,23.01,7.14%,,,,,-0.58%,,0,0.00
CPB,21.80,11152007398,11.92,1.06,9.01,1.71,17.37,4.67%,17998007398,1.78,12.21,5.99,4.29%,14.43,1.10,2.85,0.61,34.55,23.28,6.93%,,4.13%,2.70%,90.07%,4.16%,1.56,0,0.39
LAMR,31.16,10124493237,18.00,4.35,11.59,6.28,27.19,3.57%,14633025237,6.63,14.62,11.30,5.11%,13.53,4.59,9.67,7.43,40.48,19.55,7.39%,,5.38%,16.83%,167.61%,4.93%,5.90,1,1.55
KNSL,26.90,11146626624,26.87,6.03,11.42,6.07,21.37,3.72%,11217535624,7.07,21.14,20.98,8.49%,11.70,7.02,7.51,1.83,27.04,11.78,8.54%,7.52,0.14%,8.77%,3.82%,0.04%,0.68,9,0.17
SNN,26.44,10872222502,11.45,,11.02,,21.11,3.79%,13574222502,2.34,10.54,8.12,4.46%,17.94,1.87,2.07,0.44,32.95,22.40,5.57%,8.98,2.98%,,159.57%,2.90%,0.75,0,0.46
RTO,0.28,10786396880,16.31,1.84,12.28,2.55,19.12,3.56%,14911385058,2.19,10.38,8.70,4.06%,17.83,1.59,1.97,1.22,38.86,24.65,5.61%,,2.69%,5.42%,385.48%,2.69%,0.59,2,0.38
ZBRA,22.19,11555317202,14.48,2.15,11.41,2.42,17.71,4.57%,12980317202,2.61,14.34,12.39,7.35%,12.11,2.32,3.22,0.78,24.58,13.61,8.26%,,,,,-0.43%,,0,0.00
RGA,16.33,11605108788,7.57,0.48,1.24,0.56,10.43,6.18%,13321108788,0.60,10.07,8.70,70.34%,1.24,0.52,1.07,1.57,18.58,1.42,80.74%,1.08,2.06%,5.07%,33.18%,2.11%,3.56,10,0.89
LBRDA,12.42,10907406607,14.04,,104.88,,11.42,7.97%,14572406607,14.34,9.83,38.10,-0.61%,,10.74,1.11,-657.00,16.77,,-0.82%,1.42,,,,2.20%,,,0.44
RNR,6.63,11440030490,9.32,1.03,2.75,1.05,5.83,16.04%,11650115490,1.00,5.17,3.34,35.75%,2.75,0.98,1.08,-3.13,6.35,2.80,36.41%,1.25,0.69%,2.61%,4.54%,-0.82%,1.60,10,0.40
APTV,7.16,11350693620,6.67,0.56,4.64,0.91,7.90,15.74%,18540693620,0.94,5.60,3.73,8.75%,7.00,0.58,1.29,0.68,10.38,11.43,14.29%,7.00,,,,9.27%,,,0.22
UHAL.B,25.43,10629070676,16.54,,7.32,,14.07,5.91%,15420920676,2.74,7.96,6.83,-5.19%,,1.89,1.48,,24.53,,-7.54%,1.46,0.37%,11.11%,8.74%,0.37%,0.20,3,0.05
ILMN,,11214720000,15.49,2.55,13.40,2.85,,-10.91%,12537720000,2.87,,16.05,5.65%,15.82,2.57,4.73,0.62,,17.68,6.32%,11.66,4.36%,,,-0.63%,3.11,1,3.11
RGLD,33.74,11188994180,26.91,13.59,21.13,13.35,25.22,2.97%,10993496180,15.28,18.95,19.47,4.82%,21.13,15.55,3.59,1.41,33.11,20.76,4.73%,3.58,1.05%,9.68%,35.71%,0.99%,1.80,10,0.45
RVTY,42.31,11150242335,18.48,3.86,17.75,4.60,39.78,2.42%,13289069335,4.82,17.44,13.35,4.08%,20.59,4.05,1.45,0.72,49.15,24.53,4.86%,,0.30%,,12.75%,1.66%,0.28,0,0.07
WLK,18.71,11156956848,15.33,0.89,8.49,1.08,12.85,5.40%,13512956848,1.11,6.24,5.78,2.26%,36.46,0.92,1.06,1.59,22.45,44.16,2.74%,1.54,2.42%,11.74%,45.26%,1.93%,2.10,10,0.53
AUR,,11308730891,,2793.35,,2521.15,,-6.61%,10206730891,,,,-6.32%,,,6.03,,,,-5.70%,8.85,,,,-21.93%,0.00,0,0.00
AGI,40.74,11782746240,22.99,6.85,17.82,6.81,23.16,2.41%,11718146240,8.70,16.18,16.26,2.01%,49.97,8.75,3.29,-2.50,41.22,49.70,2.00%,3.10,0.36%,,14.49%,-5.64%,0.10,0,0.03
LBRDK,12.70,11001711772,14.36,,407.47,,11.10,7.82%,14613711772,14.91,9.50,37.00,-1.24%,,11.23,1.20,,16.99,,-1.65%,1.38,,,,2.31%,,0,0.00
ULS,33.06,10719820695,31.93,3.51,20.46,3.72,25.18,3.04%,11356820695,3.96,18.23,18.87,2.53%,37.35,3.74,11.86,2.86,34.84,39.57,2.68%,124.65,0.95%,,32.10%,0.46%,0.52,1,0.13
AKAM,22.36,10681737075,11.45,2.55,7.03,3.27,22.34,4.73%,13719759075,3.44,10.87,9.85,6.08%,12.81,2.68,2.19,0.93,27.17,16.45,7.81%,10.99,,,,0.68%,,0,0.00
OHI,24.45,10656256970,21.41,8.98,14.22,12.59,23.39,3.81%,14946380970,14.22,15.84,11.39,2.20%,32.38,10.14,2.35,1.13,36.78,45.41,3.09%,2.84,7.11%,,173.24%,-3.14%,2.68,0,0.67
PNW,17.29,10803506400,19.79,2.01,6.71,4.07,19.92,5.64%,21848010400,4.26,10.64,5.36,-1.50%,,2.11,1.60,4.31,35.89,,-3.04%,1.75,3.97%,1.72%,68.32%,1.83%,3.58,10,0.90
TXRH,25.02,10707529320,22.87,1.80,14.21,1.90,22.32,4.05%,11316776320,2.11,16.52,15.46,3.54%,26.72,1.99,7.88,,26.10,28.24,3.74%,9.06,1.68%,11.06%,42.04%,1.88%,2.72,4,0.68
BMRN,25.52,10759822800,17.52,3.36,18.78,3.20,18.43,3.97%,10217254800,3.58,15.70,16.14,4.87%,21.63,3.77,1.90,0.38,23.94,20.54,4.62%,2.10,,,,-2.67%,,0,0.00
MBLY,,10625499833,43.15,5.93,26.56,5.14,,-29.08%,9199499833,5.56,,,3.47%,33.31,6.42,0.88,0.92,,28.84,3.00%,4.65,,,,-0.50%,0.00,0,0.00
YMM,25.64,553201771,19.49,,,,,76.02%,-2871269621,,,31.54,,,0.36,0.11,,,,,2.35,0.77%,,20.20%,2.01%,0.08,1,0.08
H,8.79,10616558241,36.96,1.51,16.77,1.89,7.63,12.21%,13292558241,2.00,6.29,14.28,3.48%,22.93,1.60,2.99,0.79,10.26,28.71,4.36%,,0.54%,,4.74%,7.42%,0.60,2,0.15
SUZ,,11173831743,38.76,,3.20,,,-9.39%,29531653700,4.20,107.30,2.82,2.43%,15.56,1.59,2.04,,,41.14,6.42%,3.64,3.11%,13.08%,,7.64%,0.27,1,0.27
LKQ,15.63,10629113830,11.43,0.74,9.48,1.11,13.06,6.49%,16004113830,1.11,9.81,6.08,5.06%,13.12,0.74,1.77,0.92,23.19,19.76,7.62%,,2.92%,4.35%,45.84%,5.78%,1.20,4,0.30
WTRG,17.67,10566345400,14.74,4.20,13.72,7.29,20.93,5.63%,18330080400,8.79,14.72,9.35,-2.14%,,5.07,1.70,2.71,30.79,,-3.72%,2.74,3.40%,5.99%,60.00%,0.87%,1.30,10,0.33
CLH,25.88,10371742544,25.01,1.67,13.34,2.03,18.88,3.88%,12622681544,2.14,11.80,9.66,2.81%,29.25,1.76,4.03,188.43,31.38,35.59,3.42%,26.23,,,,0.34%,,0,0.00
ENTG,35.42,10344303560,20.31,2.97,16.37,4.03,26.23,2.83%,14068354560,4.34,15.38,11.14,2.25%,32.72,3.19,2.80,1.58,48.05,44.50,3.06%,,0.58%,,20.73%,-0.01%,0.40,0,0.10
GGAL,17.54,6560223530,3.47,,4.24,,13.99,6.36%,7056688328,1.61,12.11,,21.04%,4.42,1.50,3.50,0.75,16.92,4.75,22.63%,1.86,4.87%,127.30%,223.31%,4.87%,2.37,3,0.72
PEN,752.78,10437808900,73.70,7.64,61.95,7.56,494.56,0.13%,10321066900,8.64,231.56,73.62,1.43%,70.86,8.74,9.07,-62.27,736.59,70.07,1.41%,10.67,,,,-0.13%,0.00,0,0.00
MMYT,48.96,10319553778,,8.84,96.93,8.43,74.00,2.31%,9848358778,10.52,,91.60,1.03%,102.22,11.03,8.70,-0.21,41.39,97.55,0.98%,17.24,,,,-2.46%,,0,0.00
FUTU,15.20,10472494757,9.35,0.71,,,,6.68%,-5531347226,,,,,,6.00,2.90,,,,,2.91,2.61%,,38.96%,2.48%,1.95,1,1.95
NDSN,23.13,10344555151,17.69,3.62,19.05,4.37,19.02,4.37%,12509325151,4.68,15.69,12.91,3.72%,22.24,3.87,3.60,1.39,27.65,26.90,4.50%,,1.72%,12.27%,39.69%,1.87%,3.12,62,0.78
EHC,22.54,10173939755,20.69,1.72,10.15,2.16,14.44,5.86%,12764639755,2.38,10.78,8.62,2.82%,28.24,1.89,4.92,,21.40,35.43,3.54%,20.86,0.67%,10.00%,15.25%,-0.21%,0.68,0,0.17
PCTY,47.42,10335778768,27.38,6.21,26.29,6.15,34.69,2.14%,10227462768,6.83,26.71,33.26,3.08%,32.80,6.90,8.82,1.23,46.24,32.46,3.05%,17.19,,,,0.20%,,0,0.00
SN,23.57,10229924902,14.55,1.59,22.91,1.67,16.96,4.29%,10787115902,1.95,13.85,13.41,2.74%,34.63,1.85,5.28,1.42,24.59,36.51,2.89%,16.11,,,,-1.19%,,1,1.08
FTI,12.64,10167328100,11.81,1.02,10.58,1.09,10.53,8.29%,10801028100,1.19,7.62,7.25,6.29%,14.97,1.12,3.29,2.04,12.81,15.90,6.68%,4.02,0.83%,33.33%,10.15%,3.46%,0.20,2,0.05
BROS,167.51,9290082992,94.14,5.77,37.70,6.17,123.15,0.38%,9939637992,7.76,52.46,46.71,0.35%,270.37,7.25,17.29,,281.91,289.28,0.37%,19.77,,,,-67.75%,,0,0.00
JLL,18.77,10075733639,12.28,0.39,12.83,0.43,13.94,5.43%,11377233639,0.49,10.61,8.05,5.27%,16.80,0.43,1.49,0.72,20.81,18.97,5.95%,7.00,,,,-0.17%,0.00,,0.43
HTHT,23.95,987002132,16.13,0.08,0.96,0.35,6.25,42.30%,4296045812,1.31,4.94,11.02,21.07%,1.09,0.30,0.59,46.26,10.29,4.75,91.70%,35.91,4.97%,,120.13%,7.22%,1.58,0,0.95
ITT,19.13,9808700000,18.61,2.58,17.43,2.63,14.73,5.28%,10029600000,2.76,12.26,12.83,4.39%,22.28,2.70,3.55,1.80,19.35,22.78,4.49%,11.25,1.15%,10.01%,22.29%,1.65%,1.40,10,0.35
INCY,367.80,10676719080,9.36,2.25,31.84,1.81,26.83,0.31%,8554966080,2.02,20.96,60.12,2.91%,42.87,2.52,3.10,0.38,262.30,34.35,2.33%,3.36,,,,6.82%,,0,0.00
ALLE,17.88,10523545732,15.38,2.67,15.59,3.05,15.01,5.68%,12019245732,3.19,13.07,11.73,4.85%,18.05,2.79,7.01,1.72,20.12,20.62,5.54%,,1.67%,6.56%,29.91%,2.65%,2.04,10,0.51
AFG,11.74,10380750795,11.75,1.39,9.01,1.39,8.71,8.54%,10449750795,1.26,8.16,7.90,10.04%,9.90,1.25,2.32,2.78,11.78,9.96,10.11%,2.63,7.32%,34.76%,86.19%,8.37%,9.11,1,0.80
BSAC,11.94,25658090,11.40,0.00,0.05,0.01,20.44,3344.75%,22160215948,8.45,18.06,,1.92%,0.06,0.01,0.00,2.85,25.82,52.16,1655.73%,2.41,6.32%,78.44%,29460.36%,6.32%,1.35,0,1.35
LOGI,16.39,10429345926,14.82,2.19,10.96,1.87,12.19,6.28%,8926513926,1.96,11.00,12.94,10.06%,11.61,2.29,4.96,1.65,13.63,9.94,8.61%,6.15,1.94%,16.67%,32.10%,5.46%,1.37,9,1.37
CHRW,23.20,10544666130,17.99,0.58,20.71,0.67,18.19,4.42%,12173833130,0.69,15.89,13.87,3.57%,24.25,0.59,6.12,1.80,26.14,28.00,4.12%,63.97,2.75%,1.23%,64.25%,1.95%,2.48,27,0.62
BXP,657.56,9373942500,32.26,2.72,7.59,7.26,37.95,0.15%,25022816500,7.34,16.16,5.51,0.40%,93.35,2.75,1.73,0.32,1753.28,249.20,1.07%,1.93,6.57%,,4355.56%,6.33%,3.92,0,0.98
HLI,28.94,10652054573,22.05,4.05,14.89,3.91,20.60,3.37%,10284294573,4.58,18.14,,6.59%,15.71,4.75,5.12,6.54,28.66,15.17,6.37%,18.40,1.54%,3.64%,43.62%,0.23%,2.28,10,0.57
RDY,15.86,10589362416,15.04,0.03,20.12,0.03,11.59,6.31%,9877507748,2.95,9.64,10.53,2.24%,47.95,3.16,3.26,4.51,14.79,44.73,2.09%,4.23,3.76%,-18.13%,63.73%,3.70%,0.48,0,0.48
CAVA,80.70,10261330867,162.92,8.49,63.72,8.50,236.53,1.27%,10273918867,10.66,98.99,94.05,0.51%,193.99,10.65,14.75,,78.84,194.23,0.52%,14.82,,,,-86.41%,,0,0.00
KMX,22.54,10264612000,16.97,0.38,13.03,1.05,39.18,4.49%,28667162000,1.10,28.22,20.37,1.18%,30.39,0.40,1.65,0.68,62.19,84.88,3.29%,1.68,,,,2.23%,,0,0.00
CART,24.43,10215191622,23.39,2.71,14.87,2.31,15.54,4.39%,8720191622,2.58,13.89,18.81,7.14%,16.40,3.02,3.30,0.69,19.46,14.00,6.10%,3.75,,,,-121.38%,,0,0.00
RBC,44.64,10212132834,29.84,5.81,33.60,6.37,30.78,2.12%,11200032834,6.95,22.87,20.90,2.31%,39.46,6.33,3.47,1.45,51.61,43.28,2.53%,,,,,-6.91%,,,0.35
KEP,4.25,10085254440,18.15,0.00,9.62,0.00,,-36.92%,109657626025,1.62,14.86,0.69,-7.58%,,0.15,0.41,,,,-82.46%,0.39,,,,,,,0.49
PSO,19.41,10487945877,17.67,2.76,9.97,3.07,14.46,5.17%,11653025156,2.62,10.49,12.40,8.73%,10.31,2.36,2.00,0.68,21.48,11.46,9.70%,7.93,1.97%,6.66%,38.26%,6.67%,0.30,1,0.21
FTAI,,10459176490,17.92,4.19,,,,-0.31%,,,,13.34,,,6.03,,3.22,,,-4.33%,,1.26%,,,0.03%,1.20,0,0.30
NICE,22.10,9448571373,11.96,3.13,11.35,2.78,15.37,4.68%,8390466373,3.07,11.17,12.79,8.73%,12.89,3.45,2.63,1.05,18.96,11.45,7.76%,6.94,,,,1.15%,,,0.16
ALAB,,9370038264,45.04,13.70,68.56,12.37,,-0.89%,8455737264,21.34,,,1.21%,91.48,23.64,9.71,,,82.55,1.09%,9.71,,,,-253.51%,,0,0.00
CCK,23.18,9653038920,11.93,0.80,8.10,1.26,14.31,4.39%,15153038920,1.28,10.06,5.04,5.39%,11.82,0.82,3.50,0.62,35.74,18.55,8.46%,,1.28%,4.12%,29.30%,2.09%,1.04,4,0.26
APG,,9678832787,16.73,1.30,15.61,1.64,117.45,-2.31%,12214832787,1.74,24.28,12.33,4.66%,17.01,1.38,3.28,,,21.47,5.88%,,,,,-14.04%,,0,0.00
CLS,21.57,9030886920,16.05,0.83,19.06,0.86,16.09,4.74%,9404286920,0.97,12.77,12.37,3.25%,29.52,0.94,4.76,19.42,21.97,30.74,3.39%,7.64,,,,1.33%,,0,0.00
AEG,5.46,9059836871,7.43,,9.36,,3.71,24.28%,9648947068,0.17,3.99,,9.81%,9.57,0.16,0.86,14.09,4.39,10.20,10.45%,1.03,3.42%,-42.98%,51.62%,4.21%,0.20,3,0.20
ATR,25.53,9290335694,24.95,2.54,14.44,2.58,18.39,4.03%,9452155694,2.64,12.15,12.01,3.90%,25.22,2.59,3.76,4.14,25.24,25.65,3.97%,7.27,1.28%,9.32%,32.55%,0.11%,1.80,10,0.45
BWXT,32.40,9136728159,28.06,2.98,22.37,3.30,26.08,3.09%,10115304159,3.74,21.35,21.97,2.52%,35.86,3.38,8.45,2.31,35.88,39.70,2.79%,14.49,0.99%,4.30%,32.57%,1.02%,1.00,10,0.25
DOX,19.03,9220920230,11.60,2.01,14.24,2.10,15.10,5.38%,9665703230,1.98,11.59,9.46,5.78%,16.51,1.89,2.66,1.05,19.47,17.31,6.06%,23.21,2.55%,10.09%,48.89%,6.35%,2.11,10,0.53
TLN,10.74,9097011037,29.58,3.84,35.54,4.96,8.80,10.97%,11736011037,5.55,7.25,14.02,0.57%,135.78,4.30,6.56,,11.76,175.16,0.74%,6.57,,,,8.09%,,0,0.00
MTZ,56.47,9224015094,21.24,0.69,8.22,0.86,28.11,1.76%,11455710094,0.93,12.53,9.64,9.07%,8.88,0.75,3.17,0.56,70.37,11.03,11.26%,,,,,-1.73%,,0,0.00
BIRK,38.79,8878686757,25.07,3.95,17.16,4.51,20.14,2.57%,10129168041,5.22,16.35,16.13,4.42%,19.82,4.57,2.89,,44.43,22.61,5.05%,,,,,-0.49%,,0,0.00
WIX,65.97,8666425376,19.31,4.30,17.42,4.23,85.20,1.60%,8529222376,4.84,65.00,66.30,5.61%,18.13,4.92,,0.27,61.66,17.84,5.52%,,,,,-2.65%,,0,0.00
ARMK,25.91,8682188750,16.47,0.45,10.90,0.75,18.43,3.91%,14418955750,0.82,11.76,7.38,2.68%,22.47,0.49,2.82,1.57,42.46,37.32,4.45%,,1.28%,14.67%,33.09%,-0.38%,0.42,2,0.11
COHR,,8642510036,14.26,1.41,13.94,1.93,29.35,-0.68%,11777088036,2.22,12.31,9.53,1.95%,37.69,1.63,1.67,0.34,,51.36,2.65%,,,,,-2.10%,,,1.00
ASND,,8577383188,,14.88,,15.46,,-4.59%,8910173955,23.52,,,-3.86%,,22.64,,,,,-4.01%,,,,,-2.85%,,0,0.00
HMY,16.57,10104263889,,,264.55,,264.46,0.24%,10106291574,62.27,203.74,8.59,0.17%,600.28,62.26,4.93,,409.38,600.40,0.17%,4.05,0.94%,28.58%,17.22%,0.78%,0.15,2,0.10
CIB,6.24,9032064968,6.44,,90.50,,4.30,15.69%,8525362736,1.68,3.85,,-3.20%,,1.78,0.91,1.65,6.02,,-3.02%,1.27,17.33%,79.56%,430.15%,17.33%,6.36,3,3.81
BEN,26.79,9289036640,8.17,1.42,8.62,2.81,26.31,4.06%,18421236640,2.11,14.68,5.40,4.61%,10.95,1.06,0.75,0.38,48.85,21.71,9.14%,5.84,7.22%,3.28%,195.36%,1.29%,1.28,45,0.32
MUSA,19.89,9634129160,18.27,0.46,11.37,0.57,15.94,5.22%,11931829160,0.59,11.97,9.57,3.28%,24.61,0.48,11.47,1.71,23.74,30.48,4.06%,25.86,0.38%,16.25%,7.71%,4.97%,1.86,5,0.49
SQM,10.34,8661013706,10.73,,3.56,,3.64,10.66%,10702130706,1.43,3.64,6.84,12.44%,6.51,1.16,1.95,0.69,11.59,8.04,15.37%,1.91,0.64%,-80.68%,,0.64%,0.21,0,0.21
MRNA,,9282732960,32.47,4.28,,1.37,,-38.36%,2967732960,0.92,,,-136.64%,,2.87,0.85,,,,-43.68%,0.86,,,,-0.52%,,0,0.00
MGA,9.06,9007099920,5.98,0.22,2.48,0.36,8.90,11.20%,14828099920,0.35,8.90,2.33,10.37%,5.86,0.21,0.78,0.50,14.70,9.64,17.08%,1.16,6.04%,2.96%,55.14%,5.91%,1.94,7,0.49
WBA,,9244017150,6.92,0.06,5.79,0.25,,-62.52%,38246017150,0.25,,7.63,1.49%,16.19,0.06,1.30,3.55,,66.98,6.18%,,,,,-0.19%,,0,0.25
VTRS,,8546820400,2.98,0.60,3.71,1.54,,-7.42%,21859220400,1.48,7.75,1.91,9.06%,4.32,0.58,0.46,0.13,,11.04,23.16%,,6.61%,,,7.86%,0.48,0,0.12
SWKS,16.27,8191690500,12.19,2.17,5.74,2.02,12.66,6.43%,7626190500,1.89,7.21,8.84,16.43%,6.54,2.03,1.28,1.80,14.48,6.09,15.30%,2.55,5.20%,4.51%,86.11%,4.99%,2.80,10,0.70
GMAB,10.64,11445389759,0.19,0.45,9.83,0.33,5.06,9.56%,8438272425,2.81,4.87,11.30,13.26%,10.23,3.81,2.08,0.98,7.71,7.54,9.77%,3.83,,,,-0.17%,,0,0.00
UHS,10.54,11563420115,9.56,0.68,5.59,0.96,9.86,9.88%,16392866115,1.04,7.29,5.08,6.85%,10.29,0.73,1.73,1.87,14.35,14.59,9.71%,4.34,0.45%,,4.76%,3.64%,0.80,0,0.20
MORN,31.35,11524570199,31.13,4.68,19.48,4.82,23.22,3.21%,11877570199,5.22,16.92,22.28,3.78%,25.67,5.07,7.12,,32.11,26.46,3.90%,,0.67%,12.35%,21.21%,0.20%,1.82,3,0.46
JNPR,40.28,11541701600,15.94,2.08,14.64,2.15,41.29,2.49%,11907701600,2.35,26.74,22.17,5.65%,17.16,2.27,2.41,1.19,41.36,17.70,5.83%,11.46,2.54%,,102.33%,-0.14%,0.88,0,0.22
ICLR,15.15,11643933627,10.94,1.37,9.05,1.73,13.26,6.80%,14671393627,1.77,9.20,6.83,7.62%,10.41,1.41,1.22,0.70,18.54,13.12,9.61%,,,,,-0.38%,,0,0.00
AVTR,14.20,10068010050,13.69,1.49,11.97,2.04,12.92,7.07%,13861910050,2.04,9.38,8.90,4.99%,14.55,1.48,1.69,,19.48,20.03,6.87%,,,,,-0.52%,0.00,0,0.00
NLY,10.68,10337701500,6.08,1.91,3.12,18.19,96.79,8.20%,98454720500,82.16,93.99,,3.36%,3.12,8.63,0.82,-3.61,116.19,29.74,32.03%,0.90,16.18%,1.92%,172.84%,10.48%,2.80,0,0.70
PAG,10.83,9933318304,10.79,0.32,8.42,0.58,11.98,9.25%,18129518304,0.60,10.85,6.74,4.62%,11.86,0.33,1.91,1.71,19.73,21.65,8.43%,5.44,2.99%,46.05%,32.32%,4.58%,4.44,4,1.22
AR,177.33,9932865600,10.12,1.79,11.70,2.51,243.96,0.58%,13966326600,3.23,16.97,12.13,0.95%,74.96,2.30,1.41,0.35,244.06,105.40,1.33%,1.41,,,,-0.58%,,,0.30
LECO,21.55,9839690889,18.34,2.38,16.43,2.60,16.84,4.74%,10723503889,2.68,14.79,12.31,4.57%,20.07,2.45,7.41,1.27,23.01,21.88,4.98%,32.67,1.69%,8.15%,36.81%,3.06%,3.00,10,0.75
WWD,28.50,10087027807,26.45,2.86,23.63,3.04,21.63,3.67%,10705475807,3.23,17.54,18.50,3.19%,29.58,3.05,4.57,1.71,28.93,31.39,3.38%,9.88,0.67%,13.19%,18.76%,1.80%,1.12,4,0.28
GL,9.93,9872584220,8.40,1.58,7.04,1.99,8.56,10.85%,12446911220,2.15,8.56,6.57,10.70%,7.42,1.71,1.86,,11.62,9.35,13.49%,2.05,0.91%,43.48%,9.05%,11.72%,1.08,0,0.27
EWBC,8.54,9852774800,8.02,3.94,6.98,3.27,5.52,11.83%,8179071800,3.35,4.87,,17.26%,6.98,4.04,1.28,5.58,7.02,5.79,14.33%,1.36,3.37%,13.07%,28.81%,4.74%,2.40,7,0.60
ALLY,17.77,9822177300,8.78,1.14,2.17,2.16,25.72,5.68%,18650177300,2.28,9.69,,24.28%,2.17,1.20,0.71,0.35,33.42,4.12,46.10%,0.90,3.75%,,66.79%,2.07%,1.20,0,0.30
BG,9.22,9872101846,9.08,0.17,5.20,0.24,7.04,11.52%,13680101846,0.26,5.67,4.86,3.83%,18.84,0.19,1.00,1.71,12.03,26.11,5.31%,1.08,3.69%,4.11%,34.04%,9.40%,2.72,4,0.68
GMED,94.64,11354793750,20.30,4.17,21.81,4.04,88.08,0.91%,11001924750,4.37,29.03,14.05,3.68%,28.02,4.51,2.72,1.96,106.83,27.15,3.57%,5.01,,,,-20.27%,,0,0.00
STN,37.89,9521172490,16.43,1.48,22.10,1.68,26.58,2.64%,10817042747,2.66,17.05,17.18,3.33%,26.44,2.34,4.53,1.63,43.09,30.04,3.78%,,0.73%,3.14%,27.80%,-1.82%,0.61,4,0.16
DOCS,52.31,9796559253,37.83,15.52,41.04,14.20,35.41,2.06%,8964566253,16.29,33.78,42.89,2.59%,42.21,17.81,9.50,3.01,44.52,38.63,2.37%,10.45,,,,-0.88%,,0,0.00
AIZ,13.35,9802074822,11.82,0.77,7.36,0.79,9.74,7.76%,10077474822,0.85,8.01,7.76,11.03%,8.82,0.83,1.92,1.46,13.26,9.07,11.34%,5.01,1.68%,7.04%,22.13%,3.91%,3.20,10,0.80
EXEL,19.01,9363418855,16.07,4.11,13.38,3.70,12.39,5.57%,8442965855,3.89,11.44,13.03,7.95%,13.94,4.32,4.17,2.27,16.20,12.57,7.17%,4.29,,,,7.88%,0.00,0,0.00
JHX,21.16,9193146048,15.92,2.27,11.18,2.38,14.23,4.74%,9649646048,2.47,10.55,8.85,3.81%,24.97,2.35,4.38,2.53,22.13,26.21,4.00%,5.44,,,,1.69%,,,0.30
MANH,45.21,9635407020,34.14,8.88,32.66,8.68,35.29,2.27%,9416971020,9.03,34.48,36.21,3.04%,33.65,9.24,32.21,2.31,43.13,32.89,2.97%,40.95,,,,0.68%,,0,0.00
CNM,22.77,9185551470,19.29,1.17,14.79,1.49,16.79,4.47%,11683551470,1.57,13.13,10.51,5.02%,15.68,1.23,5.41,,28.43,19.94,6.38%,,,,,11.58%,,0,0.00
HST,13.59,9402989150,18.01,1.58,6.28,2.44,15.65,7.41%,14491989150,2.55,8.59,6.19,8.35%,7.77,1.65,1.42,2.08,20.79,11.98,12.87%,1.44,6.69%,-8.16%,90.91%,7.61%,0.90,3,0.20
SAIL,,9144526856,,38.08,,41.84,,-11.81%,10047700856,11.66,212.56,187.00,-1.19%,,10.61,,,,,-1.31%,,,,,11.38%,,0,0.00
BRBR,35.13,9549386446,31.82,3.95,74.37,4.27,24.03,2.93%,10333186446,4.92,23.04,21.30,1.21%,76.09,4.55,,,36.97,82.34,1.31%,,,,,1.43%,,0,0.00
SAIA,25.56,9137017617,22.40,2.57,15.65,2.65,19.47,3.96%,9442008617,2.94,13.58,13.17,-4.84%,,2.85,3.95,1.77,26.08,,-5.00%,4.00,,,,-0.15%,,0,0.00
X,26.03,9253172350,20.15,0.55,10.07,0.72,19.09,4.15%,12138172350,0.78,7.84,7.71,-11.23%,,0.59,0.82,1.68,31.61,,-14.73%,0.92,0.49%,,12.80%,-0.47%,0.20,0,0.05
TOL,6.39,9221787380,6.44,0.83,10.29,1.03,5.71,16.37%,11392992380,1.06,5.48,4.36,7.20%,11.24,0.86,1.18,0.67,7.55,13.89,8.89%,1.18,1.08%,9.30%,6.86%,5.25%,1.00,4,0.25
DTM,24.92,9112712700,20.31,7.39,11.94,10.19,19.51,3.88%,12565712700,12.81,14.43,13.06,3.29%,22.06,9.29,1.97,,35.50,30.43,4.53%,4.72,3.61%,7.84%,91.11%,2.69%,3.28,4,0.82
PCOR,,9218826760,49.15,7.01,46.99,6.48,,-1.15%,8517480760,7.40,,,1.50%,72.30,8.00,7.16,,,66.80,1.38%,18.24,,,,-3.86%,,0,0.00
SWK,29.23,8794757580,10.99,0.57,7.95,0.94,19.54,3.35%,14607257580,0.95,10.92,5.70,5.15%,11.68,0.57,1.01,1.37,49.63,19.40,8.56%,,5.59%,1.24%,168.82%,5.20%,3.28,58,0.82
NBIX,27.57,9045101520,20.92,3.33,15.19,3.10,17.33,3.77%,8424101520,3.58,16.42,14.83,6.61%,16.23,3.84,3.49,0.27,24.68,15.12,6.16%,3.55,,,,-2.67%,,0,0.00
CACI,18.70,8950392634,15.37,0.97,17.34,1.33,16.50,5.36%,12212965634,1.50,13.14,9.98,3.77%,19.44,1.10,2.40,3.38,25.44,26.52,5.15%,,,,,-0.57%,,0,0.00
PAC,16.15,9221496083,16.42,,10.25,,13.72,6.10%,10748222196,5.49,11.84,10.38,3.63%,23.63,4.71,9.55,3.96,19.10,27.55,4.23%,,3.98%,-15.38%,857.93%,4.50%,7.23,0,3.37
AOS,17.06,8903107654,16.31,2.30,15.30,2.28,12.50,5.99%,8843707654,2.32,11.24,11.43,5.36%,18.79,2.33,4.73,1.49,16.57,18.67,5.32%,11.10,2.17%,6.35%,37.47%,4.71%,1.36,32,0.34
SEIC,16.07,9014719500,14.37,3.88,14.49,3.52,10.94,6.45%,8177078500,3.85,9.94,15.06,7.04%,15.66,4.24,4.00,1.37,14.07,14.20,6.39%,5.09,1.34%,6.74%,21.54%,2.83%,0.95,34,0.49
DRS,41.94,8881467210,31.33,2.53,32.77,2.46,30.35,2.40%,8648467210,2.67,23.00,22.69,2.16%,47.49,2.75,3.47,,40.60,46.25,2.11%,7.49,0.26%,,11.25%,-0.50%,0.09,0,0.09
PAAS,80.13,8995507920,27.13,,12.42,,17.30,1.24%,8911507920,3.16,8.20,9.89,4.54%,22.23,3.19,1.91,7.59,79.92,22.03,4.50%,1.91,1.62%,33.33%,130.35%,-9.67%,0.40,0,0.10
FYBR,,8955526365,133.33,1.45,5.52,3.20,43.16,-3.60%,19766526365,3.33,9.49,4.21,-5.88%,,1.51,1.81,,,,-12.98%,5.34,,,,0.11%,,0,0.00
IPG,13.19,8950656331,9.03,1.02,8.48,1.26,8.79,7.70%,11018156331,1.03,7.29,5.31,8.29%,9.80,0.84,2.36,0.81,15.98,12.06,10.20%,,5.51%,4.76%,72.13%,7.61%,1.32,10,0.33
ORI,11.38,9116570370,11.34,1.02,7.39,1.18,9.16,9.35%,10503370370,1.28,9.16,7.61,11.74%,7.39,1.11,1.62,-0.85,12.32,8.52,13.53%,1.66,8.45%,208.50%,95.22%,17.15%,3.09,45,0.29
RKLB,,8744347600,,14.76,,14.83,,-2.17%,8789518600,20.15,,,-1.32%,,20.05,22.86,,,,-1.33%,34.71,,,,-2.94%,,0,0.00
TTAN,,8799020382,228.52,9.69,237.47,9.38,,-4.09%,8521917382,11.04,,,0.18%,569.37,11.40,6.05,,,551.44,0.18%,24.63,,,,-25.48%,,0,0.00
BEPC,19.56,3739533470,24.63,0.59,6.81,2.75,8.41,6.31%,17401533470,3.81,5.22,3.25,2.36%,9.12,0.82,2.79,2.22,73.74,42.44,10.96%,13.61,5.57%,5.14%,206.76%,2.19%,1.44,5,0.37
EMN,9.81,8647376700,8.80,0.89,6.72,1.32,10.06,10.47%,12827376700,1.37,7.19,4.59,5.36%,12.57,0.92,1.50,1.17,14.17,18.64,7.96%,7.79,4.41%,2.50%,43.29%,6.61%,3.32,10,0.83
JEF,14.72,8767474440,9.23,1.08,,4.37,34.36,7.63%,35618742440,5.17,28.85,,-1.29%,,1.27,0.86,,53.22,,-5.24%,1.08,3.76%,25.00%,55.15%,9.24%,1.60,10,0.40
DSGX,61.77,8672743860,51.61,11.84,39.55,11.53,43.84,1.65%,8444501860,12.97,31.55,33.23,2.52%,40.81,13.32,6.26,2.51,58.94,39.73,2.45%,63.01,,,,-0.58%,,0,0.00
OGE,19.77,8717545700,18.94,2.66,10.73,4.35,18.37,5.06%,14239545700,4.77,10.83,6.97,-1.95%,,2.92,1.88,3.54,32.25,,-3.19%,2.13,3.93%,0.79%,76.94%,3.73%,1.69,10,0.42
FHN,12.46,8709836520,9.90,2.55,6.87,3.00,10.38,8.47%,10229836520,3.37,9.43,,12.04%,7.07,2.87,0.99,1.67,13.86,8.30,14.14%,1.29,3.56%,,44.12%,6.67%,0.60,0,0.15
QGEN,105.39,8655445800,16.29,4.20,12.85,4.32,53.91,0.97%,8894001800,4.50,24.15,12.63,5.69%,17.09,4.38,2.43,0.90,106.40,17.56,5.85%,10.33,3.19%,0.03%,346.82%,5.75%,1.32,2,1.32
ROKU,,8582999662,57.80,1.82,39.36,1.47,,-1.51%,6935469662,1.69,31.54,104.92,3.07%,40.30,2.09,3.44,,,32.56,2.48%,4.16,,,,-2.16%,,0,0.00
CHE,29.42,8550571378,23.30,3.25,20.48,3.20,20.97,3.53%,8414527378,3.46,18.12,19.87,4.41%,23.03,3.52,7.64,2.27,27.86,22.66,4.34%,24.33,0.34%,20.25%,10.06%,0.43%,2.00,10,0.50
MEDP,22.79,8699280094,22.94,3.94,14.29,3.70,18.09,4.65%,8156078094,3.87,16.21,18.42,7.02%,15.20,4.12,10.54,1.65,20.17,14.25,6.58%,68.08,,,,-0.54%,,0,0.00
CELH,81.07,9402136284,36.94,5.04,35.76,4.58,43.74,1.14%,8532196284,6.29,42.17,52.53,2.81%,39.26,6.94,23.51,1.18,79.40,35.62,2.55%,27.13,,,,-0.19%,,0,0.00
DAY,498.73,8668009740,23.64,4.43,30.84,4.77,119.20,0.21%,9321209740,5.30,32.37,36.13,1.84%,50.54,4.93,3.40,5.36,514.98,54.35,1.98%,425.60,,,,-1.20%,,0,0.00
MRNO,,701299435,,,,,,-17.20%,1211334330,34.58,,,-5.67%,,20.02,2.26,,,,-9.80%,26.19,,,,-460.34%,,0,0.00
SNX,12.72,8551590660,7.57,0.14,100.59,0.20,10.38,8.00%,12337692660,0.21,7.73,5.20,-0.39%,,0.14,1.06,0.73,18.02,,-0.56%,24.15,1.72%,12.00%,22.01%,6.53%,1.76,4,0.44
LTM,8.56,8356355571,10.17,0.81,2.69,1.29,7.08,11.69%,13278062571,1.03,7.08,3.63,14.14%,4.45,0.65,11.55,,13.59,7.07,22.48%,,5.11%,,87252.48%,5.24%,1.41,5,0.95
AIT,22.08,8379683455,21.03,1.75,19.66,1.80,16.70,4.61%,8648542455,1.93,15.15,15.25,4.64%,20.87,1.87,4.67,1.91,22.40,21.54,4.79%,11.21,0.83%,10.56%,18.62%,1.65%,1.84,10,0.46
PR,7.32,8532031529,6.30,1.53,2.50,2.21,7.77,11.54%,12358425529,2.47,3.67,2.33,2.49%,27.72,1.71,0.93,1.67,12.55,40.15,3.61%,0.93,6.72%,91.89%,49.10%,2.84%,0.71,3,0.15
BLD,13.92,8211787787,13.09,1.53,10.58,1.75,10.27,7.58%,9389556787,1.76,8.91,7.83,7.55%,11.58,1.54,3.72,,15.08,13.24,8.64%,,,,,3.45%,,0,0.00
SSB,11.70,8266315750,10.32,3.19,16.15,3.00,11.11,6.47%,7780694750,4.57,10.28,,6.31%,16.83,4.86,1.40,1.61,14.55,15.84,5.94%,2.12,2.65%,3.88%,30.99%,2.28%,2.16,10,0.54
OVV,7.46,8202809240,5.58,0.92,2.20,1.61,8.19,13.71%,14432809240,1.58,3.56,1.87,9.82%,5.78,0.90,0.79,,12.83,10.18,17.29%,1.05,3.78%,,28.50%,2.42%,1.20,4,0.30
MGM,12.02,8123523210,12.63,0.46,3.44,2.13,29.96,9.19%,37216144210,2.16,14.38,3.30,3.29%,6.63,0.47,2.69,1.68,49.85,30.38,15.08%,,,,,13.49%,,,0.00
NVT,25.12,8109969360,16.12,2.47,12.61,3.09,16.18,4.09%,10133769360,3.37,13.12,12.09,5.62%,14.24,2.70,2.50,0.75,30.54,17.79,7.02%,,1.64%,6.85%,40.59%,1.65%,0.80,1,0.20
EXAS,,8124923700,,2.61,38.59,3.16,,-12.66%,9841655700,3.57,,273.01,0.76%,108.99,2.95,3.38,,,132.02,0.92%,,,,,-2.25%,,0,0.00
CR,27.47,7923125022,24.36,3.39,29.04,3.37,20.05,3.72%,7863425022,3.69,17.74,20.35,3.00%,33.54,3.72,4.84,2.06,26.68,33.29,2.98%,9.76,0.66%,13.42%,18.20%,-0.75%,0.92,0,0.23
LOAR,350.00,7879993886,108.60,16.06,143.35,16.54,99.94,0.28%,8112361886,20.14,65.00,57.41,0.57%,170.93,19.56,7.24,,364.91,175.97,0.59%,,,,,-19.07%,,0,0.00
WMS,17.50,8073199029,16.42,2.59,14.47,2.89,12.78,5.79%,8993961029,3.06,10.21,9.57,3.83%,23.46,2.74,5.56,0.97,19.22,26.14,4.26%,30.28,0.62%,14.29%,10.71%,1.22%,0.64,4,0.16
VNOM,9.55,7999151295,17.96,6.10,12.91,6.91,27.16,4.49%,9055279295,10.52,16.53,10.10,0.12%,724.89,9.30,4.74,0.64,25.21,820.60,0.14%,4.74,6.82%,36.81%,65.18%,-19.81%,2.49,1,0.65
PARAA,,7709410579,16.35,0.26,6.93,0.72,29.39,-0.57%,21132410579,0.70,18.59,2.72,3.81%,9.58,0.26,0.35,1.22,,26.25,10.44%,2.33,0.89%,,,0.59%,0.20,0,0.05
SF,13.11,8499609600,9.80,1.49,17.33,1.50,9.25,8.17%,8591891600,1.73,8.47,,5.66%,17.47,1.71,1.49,0.85,12.38,17.66,5.72%,2.51,2.30%,14.67%,29.44%,4.32%,1.84,8,0.46
INGR,12.94,8073302502,11.00,1.05,5.62,1.16,9.24,8.01%,8896302502,1.20,7.56,6.61,12.83%,7.08,1.09,2.12,1.64,13.75,7.80,14.13%,3.17,2.51%,4.26%,32.96%,3.10%,3.20,0,0.80
FND,39.40,8055385160,37.31,1.65,13.36,1.96,37.30,2.56%,9554274160,2.14,19.55,16.71,1.64%,51.53,1.81,3.71,2.20,46.41,61.12,1.94%,4.56,,,,-0.62%,,0,0.00
MKTX,28.07,7702982352,26.30,8.76,20.00,8.17,19.84,3.56%,7184051352,8.79,16.23,18.58,4.58%,23.44,9.43,5.55,2.78,26.20,21.86,4.27%,7.31,1.45%,2.76%,41.76%,1.43%,3.04,10,0.76
CUBE,21.60,8463653010,21.62,7.57,13.41,10.23,23.73,4.62%,11438204010,10.73,16.53,12.31,4.50%,16.43,7.94,2.95,6.31,29.24,22.20,6.09%,2.97,5.61%,3.00%,120.93%,5.22%,2.08,0,0.52
CRS,31.32,8256004094,21.18,2.68,22.86,2.85,24.41,3.26%,8788704094,3.05,17.72,14.92,2.92%,32.21,2.87,4.81,1.59,32.70,34.29,3.10%,5.61,0.49%,,15.09%,-0.53%,0.80,0,0.20
EPAM,18.57,8306049387,13.39,1.53,14.85,1.32,12.29,5.47%,7181346387,1.52,10.09,11.99,7.34%,15.76,1.76,2.29,1.44,15.80,13.63,6.35%,4.13,,,,1.87%,,0,0.00
CIEN,106.50,8289954720,22.63,1.81,23.54,1.89,40.62,0.95%,8656313720,2.14,24.93,26.19,2.37%,40.39,2.05,2.97,0.77,109.60,42.17,2.48%,3.80,,,,-0.07%,,0,0.00
PRI,18.12,8221773478,11.74,2.54,9.54,2.53,11.45,5.72%,8183942478,2.65,11.09,7.87,10.18%,9.87,2.66,3.64,1.05,17.39,9.83,10.13%,3.73,1.44%,32.96%,26.19%,6.52%,3.59,10,1.04
ESTC,,8188328493,42.47,4.99,34.10,4.56,,-1.62%,7488425493,5.24,,,3.17%,34.54,5.73,9.53,1.29,,31.59,2.90%,15.61,,,,0.40%,,0,0.00
WF,4.21,7810447904,2.46,0.00,6.99,0.01,25.10,24.78%,58759680537,7.27,25.10,,1.62%,8.23,0.97,0.36,2.46,30.37,61.91,12.15%,0.36,2.49%,-14.76%,29.26%,2.47%,0.78,1,0.39
SKM,9.52,8147218279,9.24,0.00,2.32,0.00,9.04,10.69%,13901971034,1.11,,2.37,12.76%,4.59,0.65,1.01,1.92,15.97,7.84,21.78%,1.63,3.12%,2.62%,17.07%,3.87%,0.67,0,0.33
G,16.28,8158068360,12.82,1.57,13.26,1.72,12.31,6.30%,8914162360,1.87,10.87,10.30,5.98%,15.31,1.71,3.41,1.70,17.35,16.73,6.53%,11.76,1.45%,11.06%,23.86%,4.02%,0.68,8,0.17
SARO,613.25,8204344029,28.86,1.38,107.49,1.76,28.87,0.13%,10515076029,2.01,19.02,13.87,-0.25%,,1.57,3.46,,958.18,,-0.32%,,,,,-2.56%,0.00,0,0.00
MASI,,8387343744,29.64,5.24,42.71,5.58,,-3.64%,8937643744,4.27,,78.23,1.97%,47.55,4.00,7.97,4.73,,50.67,2.10%,21.10,,,,1.48%,,,1.00
DBX,19.36,8195666121,10.56,3.28,9.17,3.84,18.83,5.52%,9598066121,3.77,14.05,12.20,9.08%,9.40,3.22,,0.86,21.22,11.01,10.63%,,,,,6.42%,,0,0.00
KT,11.16,8427154794,10.64,0.00,2.22,0.00,10.15,9.10%,13229591324,0.64,10.15,2.85,9.94%,6.41,0.41,0.73,0.56,17.25,10.06,15.61%,0.84,2.75%,-37.27%,36.29%,-5.86%,0.47,0,0.17
HESM,14.29,8118914771,12.29,4.81,8.63,6.86,23.31,2.75%,11586514771,7.75,16.55,7.32,5.47%,12.80,5.43,15.30,1.57,51.93,18.27,7.81%,15.47,7.71%,10.96%,108.64%,-50.57%,2.71,8,0.70
APPF,40.28,8100784747,41.39,8.47,43.05,8.22,52.29,2.52%,7860011747,9.90,46.20,57.62,2.30%,44.76,10.20,15.60,5.30,38.52,43.43,2.23%,22.71,,,,-1.00%,,0,0.00
MLI,13.67,8224389480,12.72,1.94,12.73,1.70,8.88,7.35%,7199044480,1.91,8.34,9.84,7.86%,14.54,2.18,2.97,,11.90,12.73,6.88%,3.73,1.38%,30.77%,18.83%,1.11%,1.00,4,0.25
BIO.B,,6252527890,22.58,2.42,,,,,,,,18.44,,,,,1.21,,,,1.32,,,,,,0,0.00
LAD,9.65,7530983460,8.12,0.19,17.72,0.54,13.16,10.65%,20990983460,0.58,10.57,4.00,0.42%,85.39,0.21,1.13,0.60,26.17,237.99,1.17%,3.78,0.73%,6.00%,7.15%,2.55%,2.12,10,0.53
WYNN,16.62,7675874100,14.09,1.06,5.38,2.39,14.52,6.53%,17319705100,2.43,9.35,4.26,5.79%,7.65,1.08,,1.45,34.56,17.26,13.08%,,1.38%,,22.97%,3.69%,1.00,1,0.25
SFD,7.76,7657835610,18.36,1.05,6.74,1.24,7.02,12.44%,9058835610,0.64,5.56,5.64,9.78%,8.64,0.54,1.31,,9.51,10.22,11.57%,2.59,1.28%,,9.97%,63.28%,0.25,0,0.25
CHDN,18.03,7525885598,15.52,2.50,9.75,4.05,14.15,5.67%,12180385598,4.45,11.43,8.49,1.84%,33.49,2.75,6.95,2.58,28.54,54.21,2.99%,,0.40%,7.07%,7.15%,2.37%,0.41,10,0.41
MTSI,,7313921223,26.69,7.46,37.28,7.34,,-1.41%,7197338223,9.10,,48.84,2.40%,42.26,9.25,6.36,0.83,,41.59,2.37%,10.07,,,,-0.68%,,0,0.00
SKX,11.86,7370653458,10.96,0.75,10.72,0.82,10.24,8.68%,8064802458,0.90,8.07,6.61,3.36%,27.24,0.82,1.72,1.19,12.61,29.80,3.67%,1.78,,,,1.54%,,0,0.00
HRB,15.55,7536367889,11.24,2.00,9.82,2.62,12.52,7.07%,9875766889,2.73,10.87,8.59,6.96%,10.97,2.08,,0.85,18.54,14.37,9.12%,,2.63%,15.60%,39.78%,7.45%,1.50,10,0.38
HII,14.39,7882039684,14.23,0.65,20.06,0.87,14.17,6.98%,10459039684,0.91,9.83,7.95,0.38%,197.05,0.68,1.69,0.81,19.02,261.48,0.51%,6.23,2.69%,4.33%,38.68%,3.94%,5.40,10,1.35
ASR,13.26,8201950091,13.04,,12.50,,10.79,7.34%,8042703858,5.28,9.50,8.22,7.33%,13.92,5.39,3.74,18.25,13.37,13.65,7.18%,,4.54%,,556.63%,4.51%,12.07,3,5.60
HLNE,25.47,7870247639,27.41,10.95,27.79,11.01,28.11,2.74%,7912800639,11.44,26.42,23.72,3.45%,28.84,11.38,12.12,1.39,36.76,28.99,3.47%,11.91,1.40%,10.11%,36.17%,-1.24%,1.96,8,0.49
ICL,18.69,7716968740,,,5.26,,12.59,5.27%,9567968740,1.40,7.06,6.03,7.89%,10.22,1.13,1.35,9.44,23.51,12.67,9.78%,1.59,3.14%,-32.37%,59.45%,3.19%,0.19,0,0.04
LCID,,7654537500,,5.04,,3.76,,-40.00%,5708604500,7.07,,,-50.86%,,9.48,1.98,,,,-37.93%,1.96,,,,-17.46%,,0,0.00
AM,19.34,7684019330,15.77,6.56,9.10,9.21,14.29,5.22%,10800977330,9.76,12.06,8.82,5.57%,12.77,6.95,3.63,1.17,26.94,17.95,7.83%,7.92,5.67%,,108.43%,5.01%,0.90,0,0.23
ALSN,10.56,7502092867,9.66,2.25,9.37,2.73,9.25,9.74%,9121092867,2.83,8.24,6.60,7.26%,11.33,2.33,4.54,1.65,12.48,13.78,8.82%,,1.21%,8.51%,13.00%,4.40%,1.08,5,0.27
REXR,26.62,7281170160,26.59,6.99,15.20,10.14,28.39,3.61%,10571161160,11.29,16.32,12.34,-12.84%,,7.78,0.87,9.31,40.22,,-18.64%,0.95,5.39%,8.03%,143.33%,-2.18%,1.72,10,0.43
CBSH,14.46,7504121780,13.97,4.31,12.99,4.06,10.51,7.01%,7055025780,4.35,9.72,,7.66%,13.88,4.62,2.27,3.58,13.40,13.05,7.20%,2.38,1.89%,5.44%,27.69%,3.63%,1.07,57,0.28
BERY,16.02,7454625000,9.76,0.73,6.62,1.45,16.83,6.32%,14881625000,1.26,8.77,3.74,4.19%,11.95,0.63,3.38,1.19,31.60,23.85,8.37%,,1.78%,13.94%,28.69%,2.03%,1.15,3,0.31
DCI,18.26,7460038669,16.09,1.93,17.32,2.03,14.00,5.60%,7848338669,2.16,11.88,11.37,4.41%,21.53,2.05,4.83,1.46,18.77,22.65,4.64%,8.16,1.73%,8.00%,31.57%,2.34%,1.08,40,0.27
PLNT,47.01,7842379500,31.47,5.93,22.81,7.52,29.23,2.19%,9954395500,8.42,19.87,16.34,1.91%,41.23,6.64,,2.17,57.86,52.33,2.43%,,,,,-0.75%,,,2.78
EGP,32.92,7957591040,31.90,11.09,19.10,13.17,35.41,2.86%,9443624040,14.75,20.70,19.23,-2.94%,,12.43,2.42,5.78,41.46,,-3.49%,2.45,3.71%,8.10%,120.17%,-4.19%,5.60,10,1.40
TTEK,30.74,7842733360,20.33,1.71,21.63,1.90,20.69,3.30%,8679022360,1.61,17.73,12.88,3.98%,22.72,1.45,4.64,2.23,33.49,25.15,4.40%,,0.80%,11.54%,24.39%,-0.39%,0.23,1,0.06
ADC,40.21,7699405710,39.51,11.23,17.82,15.28,34.65,2.36%,10478427710,16.98,20.57,14.34,-4.30%,,12.48,1.40,-28.74,57.65,,-5.86%,1.44,4.14%,2.65%,169.55%,-2.53%,3.02,10,0.25
NYT,27.11,7827327840,22.64,2.81,19.07,2.61,20.93,3.75%,7261405840,2.81,16.54,17.93,5.25%,20.53,3.03,4.06,2.11,24.71,19.04,4.87%,6.25,1.51%,23.91%,40.68%,1.42%,0.72,6,0.18
U,,7816408200,,4.38,24.77,4.79,,-8.50%,8537658200,4.71,,,3.35%,27.33,4.31,2.45,,,29.85,3.66%,,,,,-4.07%,,0,0.00
TECH,48.66,7654620960,23.49,5.87,25.12,6.04,39.06,2.07%,7872198960,6.58,25.22,24.85,3.23%,30.10,6.40,3.68,1.03,49.78,30.96,3.32%,11.78,0.65%,,32.66%,0.30%,0.32,0,0.08
HSIC,20.84,7892690120,12.84,0.59,9.31,0.80,16.40,4.94%,10640690120,0.84,11.25,7.68,6.21%,11.94,0.62,2.33,1.60,27.28,16.10,8.37%,,,,,3.01%,,,17.22
RRC,29.59,7744515000,9.81,2.53,8.20,3.00,24.84,3.44%,9176304000,3.80,12.61,10.02,4.05%,20.82,3.20,1.97,6.95,34.45,24.67,4.80%,1.98,1.12%,3.13%,32.97%,-0.09%,0.36,0,0.09
FRT,26.10,7676461149,28.30,6.04,13.36,9.53,25.74,3.74%,12114304149,10.07,14.90,10.26,0.44%,142.48,6.38,2.42,3.26,42.18,224.86,0.70%,2.56,4.95%,0.92%,128.65%,2.14%,4.40,58,1.10
MOS,44.40,7753912635,10.77,0.64,5.97,0.96,21.50,2.26%,11705812635,1.05,7.46,4.40,0.40%,163.58,0.70,0.68,1.01,66.93,246.96,0.61%,0.74,3.64%,4.88%,160.91%,7.36%,0.88,0,0.22
FSV,54.61,7367754655,29.04,1.33,25.79,1.56,30.24,1.82%,8690316655,1.67,19.20,15.58,1.99%,42.62,1.41,6.20,2.17,64.67,50.27,2.35%,,0.67%,10.81%,37.04%,-0.43%,1.10,10,0.28
LW,21.02,7563817600,15.01,1.15,9.43,1.78,16.41,4.85%,11741417600,1.84,10.53,6.00,0.73%,88.47,1.18,4.63,2.27,31.99,137.33,1.13%,25.64,2.75%,14.06%,58.01%,4.76%,1.48,8,0.37
BECN,21.61,7583167602,16.22,0.74,18.08,1.07,16.55,4.77%,10970667602,1.12,12.69,8.49,2.74%,25.22,0.78,3.81,1.65,30.33,36.48,3.97%,,,,,1.88%,,0,0.00
ERJ,21.48,7579573501,20.33,1.02,51.60,1.03,46.73,4.65%,7647054037,1.20,37.35,13.38,0.92%,107.75,1.19,14.62,1.19,21.69,108.70,0.93%,2.50,,,,,,,0.01
CX,122.44,7283166118,7.91,0.57,3.37,1.17,7.55,2.50%,14823166118,0.85,4.64,2.80,8.03%,6.12,0.42,0.62,0.11,81.45,12.45,16.35%,2.66,1.65%,,129.39%,1.65%,0.08,0,0.02
KVYO,,7671802653,50.54,6.48,46.23,5.78,,-0.60%,6843392653,7.30,,,2.17%,51.58,8.18,7.42,,,46.01,1.94%,7.42,,,,-9.65%,,0,0.00
AGNC,8.73,7433567680,4.99,5.41,86.44,60.53,83.62,9.83%,83200567680,87.12,83.62,,0.10%,86.44,7.78,0.76,17.55,113.82,967.45,1.16%,0.98,17.73%,,154.84%,-9.12%,1.44,0,0.12
FRHC,22.87,7415669066,12.29,,11.37,,9.68,4.34%,8804515066,4.09,9.38,,6.72%,12.54,3.45,5.89,,27.35,14.89,7.97%,6.35,,,,-2.12%,,0,0.00
BIO,,6426586031,23.39,2.49,14.12,2.38,,-28.70%,6136786031,2.39,,17.55,4.72%,22.18,2.50,0.98,1.19,,21.18,4.51%,1.26,,,,3.41%,,0,0.00
ASTS,,7323620645,,15.77,,14.92,,-4.10%,6929086645,1568.38,,,-4.33%,,1657.68,15.29,,,,-4.10%,16.05,,,,-88.82%,,0,0.00
AXS,7.46,7241772410,8.23,1.13,3.93,0.89,5.18,14.52%,5666324410,0.95,4.93,6.54,32.56%,3.93,1.22,1.19,-10.28,5.39,3.07,25.47%,1.37,1.91%,,14.25%,2.89%,1.76,0,0.44
CORT,55.07,7145718190,41.24,8.51,36.08,8.06,49.97,1.96%,6769320190,10.03,49.48,51.88,2.89%,36.48,10.59,10.51,0.61,48.44,34.56,2.74%,10.51,,,,-1.56%,,0,0.00
EXLS,36.38,7144666100,22.91,3.41,26.61,3.41,25.49,2.78%,7150871100,3.89,20.00,23.33,3.11%,32.11,3.89,7.68,1.33,36.06,32.14,3.11%,16.31,,,,2.28%,,0,0.00
HAS,18.65,7173713040,12.26,1.71,8.47,2.35,14.95,5.38%,9859513040,2.38,11.31,7.84,6.59%,11.04,1.73,6.05,1.46,25.57,15.17,9.06%,,5.49%,,101.82%,4.92%,2.80,0,0.70
SUN,8.70,7114243920,6.85,0.32,12.96,0.68,10.49,12.17%,15019243920,0.66,8.34,5.44,1.52%,31.20,0.31,1.75,-3.00,17.34,65.87,3.20%,3.48,6.82%,4.31%,59.10%,-33.39%,3.55,2,0.89
GTLB,,7169260131,56.69,7.48,,6.44,,-0.09%,6176883131,8.14,,,-1.10%,,9.44,9.24,,,,-0.94%,9.68,,,,-4.08%,,0,0.00
DLB,26.77,6993120489,17.37,5.04,16.43,4.63,22.31,3.76%,6425908489,4.89,16.93,19.56,6.15%,17.71,5.32,2.79,2.08,24.46,16.27,5.65%,4.46,1.86%,10.53%,48.89%,2.15%,1.32,10,0.33
HQY,74.33,7007946430,22.40,5.32,20.62,5.94,44.27,1.38%,7820519430,6.52,23.06,19.18,3.67%,24.45,5.84,3.31,0.83,80.87,27.28,4.09%,,,,,-2.15%,0.00,0,0.00
WAL,8.57,6708975960,6.85,1.96,,2.70,9.33,11.55%,9243975960,3.06,8.33,,-30.57%,,2.22,1.00,1.84,11.93,,-42.12%,1.15,2.44%,2.74%,21.44%,1.74%,1.52,6,0.38
VFS,,6758830862,,2.30,,3.55,,-37.51%,10414714075,6.90,,,-20.45%,,4.48,,,,,-31.51%,,,,,-1.29%,,0,0.00
KD,52.63,6858670388,19.84,0.44,13.55,0.60,22.15,2.01%,9304670388,0.62,6.63,6.55,0.14%,527.59,0.45,6.27,,67.43,715.74,0.19%,77.94,,,,-4.83%,,0,0.00
LNTH,22.55,6766538443,13.66,4.16,12.42,3.94,14.25,4.62%,6419977443,4.19,12.46,13.22,7.68%,13.72,4.41,6.22,0.61,20.55,13.02,7.29%,7.80,,,,-2.01%,,0,0.00
PSN,29.41,6656478180,16.83,0.91,12.71,1.05,20.95,3.53%,7617542180,1.13,16.46,12.02,6.23%,14.03,0.99,2.75,,32.41,16.05,7.13%,,,,,-1.24%,,0,0.00
BILI,,6975007970,23.87,0.23,8.48,0.17,,-2.65%,5367460906,1.46,32.53,50.86,14.32%,9.07,1.90,3.62,,,6.98,11.02%,6.11,,,,-0.79%,,0,0.00
SRAD,209.86,6546194092,88.81,5.14,16.55,4.87,54.34,0.54%,6208192532,5.39,14.33,16.62,6.27%,16.80,5.68,6.31,,174.52,15.94,5.95%,,,,,-0.07%,,0,0.00
WTFC,9.37,6464969806,9.18,2.39,8.96,2.16,6.17,10.32%,5841160806,2.49,5.58,,10.88%,10.17,2.75,1.02,4.57,8.76,9.19,9.83%,1.29,1.92%,11.76%,19.40%,-2.29%,2.00,10,0.50
CRDO,3824.00,6493198270,35.76,10.27,568.68,9.69,421.30,0.08%,6126946270,18.71,188.46,475.88,-0.39%,,19.82,10.50,,1197.14,,-0.37%,10.92,,,,-9.16%,,0,0.00
KBR,17.55,6351176925,12.73,0.71,13.75,0.99,13.56,5.90%,8798176925,1.14,10.93,9.79,4.38%,16.50,0.82,4.37,0.57,23.46,22.85,6.06%,,1.35%,10.81%,23.66%,2.09%,0.66,5,0.17
UFPI,15.62,6413260644,14.96,0.93,9.98,0.80,10.13,6.46%,5559499644,0.84,7.98,9.95,7.59%,15.20,0.96,1.99,1.88,13.41,13.18,6.58%,2.36,1.32%,13.56%,20.68%,3.10%,1.40,10,0.35
WH,22.86,6394107372,16.72,4.15,22.05,5.68,17.79,4.52%,8754107372,6.22,15.55,10.82,2.75%,26.53,4.54,9.84,0.91,30.29,36.32,3.77%,,2.00%,8.39%,45.43%,8.18%,1.64,4,0.41
RRX,34.30,6689461180,10.19,1.13,10.98,2.02,18.44,2.93%,11903361180,1.97,9.91,5.50,4.24%,13.25,1.11,1.07,1.09,60.67,23.58,7.55%,,1.44%,,47.62%,0.70%,1.40,0,0.35
RVMD,,6126762915,,,,,,-9.79%,3969608915,,,,-14.30%,,,2.70,,,,-9.27%,2.79,,,,-48.24%,,0,0.00
WAY,,6223289016,27.35,6.10,36.66,7.13,58.86,-0.31%,7281915016,7.72,23.46,20.76,1.96%,43.67,6.60,2.02,,,51.10,2.29%,,,,,-23.21%,,0,0.00
GIL,16.19,6048225330,11.47,,12.06,,12.30,6.63%,7602716330,2.32,10.05,7.63,5.19%,15.34,1.85,4.15,1.78,18.97,19.28,6.52%,6.67,2.25%,10.22%,36.75%,15.36%,0.90,4,0.23
JAZZ,11.57,6084485513,4.26,1.40,4.36,2.12,13.07,9.21%,9239199513,2.27,6.76,4.00,14.70%,4.48,1.50,1.49,0.32,16.50,6.80,22.32%,,,,,8.41%,,0,0.00
IONQ,,5710571376,,76.01,,71.72,,-5.81%,5388007376,125.09,,,-2.37%,,132.58,14.88,,,,-2.23%,17.73,,,,-5.16%,,0,0.00
BBIO,,6145006590,,27.15,,33.91,,-8.72%,7673454590,34.58,,,-6.80%,,27.69,,,,,-8.49%,,,,,-14.30%,,0,0.00
ALB,,6428891640,18.45,1.25,9.16,1.70,,-20.47%,8752826640,1.63,,,-10.91%,,1.20,0.65,0.99,,,-14.85%,1.08,2.97%,0.94%,,3.17%,1.62,30,0.41
OTEX,9.83,6386160000,6.63,1.19,7.60,2.22,8.75,10.35%,11924146000,2.20,5.84,4.11,5.73%,9.35,1.18,1.51,0.87,18.05,17.46,10.70%,,4.25%,4.48%,42.87%,6.89%,1.05,10,0.26
EAT,24.56,6295122144,15.68,1.16,11.39,1.50,22.79,4.18%,8116922144,1.68,15.09,10.63,4.21%,18.44,1.30,47.87,1.11,30.86,23.78,5.42%,,,,,-1.34%,0.00,,0.38
SATS,,6275469002,69.93,0.40,5.01,1.94,73.94,-1.90%,30391866002,1.92,12.98,3.87,-4.10%,,0.40,0.31,13.41,,,-19.84%,,,,,-1.20%,,0,0.00
WTS,21.80,6311772779,20.57,2.77,17.48,2.69,15.28,4.61%,6121872779,2.72,13.45,13.96,5.42%,19.03,2.80,3.70,2.46,21.02,18.46,5.26%,8.33,0.90%,19.44%,19.79%,0.61%,1.72,10,0.43
ZION,8.73,6374721600,8.00,1.90,5.55,1.85,6.13,11.56%,6202721600,2.03,5.46,,16.94%,6.07,2.08,1.04,1.90,8.42,5.90,16.49%,1.28,4.05%,2.44%,34.75%,4.13%,1.72,10,0.43
POST,18.84,6477061883,17.34,0.79,6.07,1.53,15.24,6.05%,12547561883,1.58,9.59,4.98,4.71%,10.96,0.82,1.67,1.19,32.02,21.23,9.12%,,,,,3.12%,,,31.88
AN,9.83,6526776100,8.79,0.23,20.74,0.41,8.68,10.61%,11411976100,0.43,7.33,4.17,-0.12%,,0.24,2.66,0.79,16.49,,-0.21%,66.26,,,,8.91%,,,0.69
RGEN,,6443613336,65.88,9.06,36.74,8.96,,-0.40%,6372505336,10.04,79.40,60.18,2.24%,45.22,10.16,3.27,2.59,,44.72,2.21%,11.87,,,,0.78%,,0,0.00
GNRC,20.05,6440994630,13.60,1.40,8.69,1.66,15.32,4.91%,7635454630,1.78,11.39,9.09,7.92%,10.65,1.50,2.58,1.02,24.14,12.63,9.39%,21.51,,,,2.75%,,,5.00
MHK,12.52,6369089328,10.49,0.59,5.62,0.77,12.00,8.13%,8330789328,0.77,6.25,4.41,8.16%,9.37,0.59,0.84,0.93,16.09,12.26,10.67%,1.13,,,,0.16%,,0,0.00
UMBF,9.66,6327541368,9.10,2.50,28.09,0.09,0.40,6.97%,218103368,0.14,0.37,,94.12%,30.82,4.04,1.83,1.73,0.49,1.06,3.24%,1.99,1.70%,2.60%,17.80%,1.09%,1.60,10,0.40
LLYVA,,6135873677,50.03,,,,,,,,,,,,,,,,,,,,,,,,0,0.00
FBIN,13.78,6271782315,11.94,1.31,9.39,1.82,11.96,7.52%,8685582315,1.88,9.06,6.59,5.46%,13.22,1.36,2.59,1.96,18.41,18.30,7.57%,,1.99%,4.30%,26.67%,3.50%,1.00,1,0.25
BZ,29.87,3404750271,4.16,0.40,7.03,0.17,5.69,6.38%,1438931281,1.43,,33.03,33.66%,7.03,3.38,1.66,0.28,6.63,2.97,14.22%,3.22,,,,-0.72%,,1,0.18
AGCO,,6210443140,19.33,0.64,9.00,0.86,,-6.84%,8373743140,0.72,84.75,4.97,3.57%,20.79,0.53,1.66,0.75,,28.03,4.81%,5.22,1.41%,-40.58%,,1.68%,1.16,0,0.29
AAL,7.83,6381775080,4.93,0.11,1.60,0.63,11.73,13.26%,36209775080,0.67,6.79,1.14,5.40%,3.27,0.12,,0.17,42.80,18.53,30.62%,,,,,-0.55%,,,0.10
BXSL,7.89,6187561867,8.23,4.29,,9.02,12.56,11.22%,13014046867,9.81,12.56,,-19.41%,,4.66,1.02,,18.75,,-40.83%,1.02,11.27%,2.33%,89.36%,-8.81%,3.08,4,0.77
IDA,21.01,6258780372,19.43,3.20,10.53,4.58,19.16,4.62%,8963577372,4.91,12.88,11.39,-4.63%,,3.43,1.88,2.13,31.00,,-6.63%,1.87,2.96%,4.32%,62.55%,-0.60%,3.44,10,0.86
LLYVK,,6246533307,51.30,,,,,,,,,,,,,,,,,,,,,,,,0,0.00
TAL,52.85,18264453252,22.22,5.98,30.41,4.75,96.52,0.65%,14503140252,7.01,,262.32,3.33%,37.78,8.83,4.84,0.52,121.46,30.00,2.65%,1.72,,,,-2.41%,,,0.08
ONTO,28.99,5798128904,18.16,5.11,23.60,4.36,22.44,3.48%,4945800904,5.01,17.49,23.25,4.32%,27.12,5.87,3.01,0.56,24.52,23.14,3.69%,3.95,,,,-0.69%,,0,0.00
LSCC,92.06,5635293300,36.79,10.58,40.00,10.34,170.64,1.08%,5508435300,10.81,70.13,56.07,1.87%,54.61,11.06,7.93,3.18,90.11,53.39,1.83%,14.26,,,,1.05%,,0,0.00
GLBE,,5784510900,120.31,6.00,34.15,5.53,,-1.31%,5334927900,7.09,,56.93,3.13%,34.63,7.68,6.47,,,31.93,2.89%,14.46,,,,-1.81%,,0,0.00
LEGN,,2853446120,1000.00,2.76,,2.02,,-6.20%,2081296120,3.32,,,-6.92%,,4.55,2.74,,,,-5.05%,5.51,,,,-3.84%,,0,0.00
TLX,182.22,5489473600,77.52,,204.94,,93.44,0.56%,5409232612,11.12,93.44,102.93,0.33%,307.18,11.28,15.52,,174.46,302.69,0.33%,59.28,,,,,,0,0.00
MSA,19.36,5494913576,17.28,2.99,18.54,3.21,14.29,5.19%,5884350576,3.25,12.36,11.28,4.12%,22.64,3.04,4.81,1.70,20.65,24.25,4.42%,20.11,1.44%,8.51%,28.29%,1.46%,2.04,55,0.51
FLR,2.69,5562268995,13.01,0.30,6.72,0.20,1.31,38.56%,3707268995,0.23,1.28,12.17,17.91%,8.38,0.34,1.41,0.31,1.73,5.58,11.94%,1.48,,,,-0.67%,,,0.10
FLS,19.87,5599797510,13.03,1.15,13.17,1.36,15.13,5.05%,6611944510,1.45,12.65,9.42,5.24%,16.16,1.23,2.79,1.22,23.38,19.08,6.19%,10.51,2.01%,3.70%,39.25%,1.65%,0.84,1,0.21
NXT,9.47,5350330746,9.79,1.68,10.10,1.51,6.34,10.89%,4802120746,1.73,6.26,7.44,10.49%,10.62,1.93,3.80,3.57,8.24,9.53,9.42%,5.46,,,,-131.31%,0.00,0,0.00
GTLS,29.69,5562130164,10.06,1.18,11.06,1.89,14.22,3.44%,8895130164,2.14,9.93,5.88,4.30%,14.55,1.34,1.97,0.45,46.50,23.27,6.87%,,,,,0.32%,,0,0.00
ALK,14.45,5463691520,7.52,0.36,3.73,0.62,13.06,7.23%,9352691520,0.80,7.20,3.83,1.96%,29.86,0.47,1.25,1.30,23.68,51.11,3.35%,7.05,,,,0.26%,,,0.38
MMSI,44.74,5370380732,24.44,3.56,24.32,3.84,31.94,2.24%,5788330732,4.27,19.56,20.48,3.21%,28.93,3.96,3.89,2.27,48.09,31.18,3.46%,12.85,,,,-1.73%,,0,0.00
CZR,,5332126950,24.65,0.45,4.96,2.50,13.52,-5.21%,29412126950,2.62,8.34,1.48,1.13%,16.01,0.47,1.28,4.59,,88.32,6.25%,,,,,0.46%,,0,0.00
CROX,6.01,5353367100,7.22,1.26,5.39,1.61,6.74,17.75%,6870985100,1.67,6.31,4.79,13.44%,5.80,1.31,2.92,-31.83,7.23,7.44,17.24%,,,,,3.42%,,0,0.00
FCFS,20.87,5352484506,15.34,1.54,9.91,1.89,14.65,4.84%,6562026506,1.94,6.65,9.64,5.88%,13.88,1.58,2.61,2.28,25.35,17.02,7.20%,140.36,1.27%,7.97%,26.53%,2.05%,1.52,9,0.38
KEX,18.84,5263541470,13.90,1.52,6.96,1.80,15.18,5.45%,6247942470,1.91,9.58,8.13,6.62%,12.72,1.61,1.57,2.63,21.79,15.10,7.86%,1.83,,,,2.88%,,,0.05
TGTX,240.27,5655341355,34.01,9.45,,9.35,112.76,0.41%,5595605355,17.01,112.61,124.63,-0.72%,,17.19,25.43,,239.30,,-0.72%,23.54,,,,-7.96%,,0,0.00
CWEN.A,34.41,5469608897,43.63,3.72,7.73,9.03,36.02,1.41%,13292608897,10.31,11.87,5.15,3.04%,13.54,4.24,2.66,1.41,172.63,32.90,7.39%,,6.47%,7.12%,225.61%,6.47%,1.68,5,0.43
NVMI,31.30,5269819216,28.33,6.08,22.40,5.67,22.74,3.49%,4919349216,7.32,21.05,25.72,4.43%,24.17,7.84,5.68,,26.77,22.56,4.14%,6.21,,,,-0.15%,,0,0.00
ZK,,4963370617,,0.34,11.35,0.38,,-17.69%,5627280112,0.54,,,5.03%,17.54,0.48,,,,19.88,5.70%,,,,,-17.65%,,0,0.00
GPI,10.85,5207050408,9.51,0.23,8.88,0.47,11.45,9.57%,10409850408,0.52,10.18,4.77,5.48%,9.12,0.26,1.75,1.92,20.90,18.23,10.96%,,0.50%,4.95%,5.43%,4.15%,2.00,4,0.50
QFIN,6.67,2753928186,3.27,,2.16,,,31.16%,-2317952872,,,4.78,-54.20%,2.19,1.17,0.83,,,,45.62%,1.67,3.49%,19.63%,22.63%,10.46%,1.28,1,0.69
OLED,23.48,5174131900,22.33,7.59,20.39,6.87,15.33,4.29%,4681461900,7.23,13.39,18.32,4.51%,24.51,7.99,3.20,1.23,21.08,22.18,4.08%,3.40,1.67%,13.79%,38.71%,1.59%,1.80,8,0.45
SLGN,18.57,5120286275,11.39,0.78,7.09,1.29,16.35,5.40%,8434285275,1.44,10.65,5.82,5.44%,11.15,0.87,2.57,1.05,30.52,18.37,8.97%,,1.68%,5.48%,31.01%,1.39%,0.80,10,0.20
BCPC,39.35,5038664576,29.84,4.86,27.69,5.02,28.40,2.55%,5197193576,5.45,22.50,21.71,2.82%,34.35,5.28,4.38,3.75,40.45,35.43,2.91%,24.56,0.56%,10.13%,22.14%,-0.27%,0.87,10,0.87
GH,,4996699185,,5.69,,6.10,,-8.73%,5359345185,7.25,,,-5.13%,,6.76,,,,,-5.50%,,,,,-9.61%,0.00,0,0.00
GKOS,,5071833084,,10.34,,9.90,,-2.89%,4851584084,12.65,,,-1.39%,,13.23,6.61,,,,-1.33%,11.59,,,,-8.92%,,0,0.00
MOG.A,24.38,5053542183,17.90,1.31,522.65,1.57,18.10,4.21%,6083885183,1.66,14.10,10.52,-2.31%,,1.38,2.78,,28.63,,-2.78%,5.39,0.72%,3.67%,17.68%,0.24%,1.16,4,0.29
UMC,11.28,16300738404,9.86,0.06,5.69,0.06,8.70,8.91%,14935383498,2.09,4.69,5.65,1.11%,98.09,2.28,1.41,1.81,10.28,89.87,1.02%,1.47,7.09%,-20.90%,406.24%,6.89%,0.46,0,0.46
PARA,,7803386629,7.87,0.26,10.38,0.70,,-79.32%,20691386629,0.71,,2.51,2.36%,15.96,0.27,0.48,0.58,,42.31,6.27%,2.15,1.83%,,,-0.55%,0.20,0,0.05
CACC,24.77,5938918076,11.79,2.60,5.22,5.01,15.28,4.17%,11446818076,5.29,14.74,,9.95%,5.21,2.75,3.39,1.15,46.18,10.05,19.18%,3.39,,,,4.16%,,0,0.00
TEO,4.46,3584966323,,0.00,4.75,0.00,,27.39%,6130019655,1.53,5.16,6.09,7.11%,8.22,0.89,0.71,1.15,6.24,14.06,12.16%,35.69,2.86%,,63.60%,2.86%,0.29,1,0.29
HR,,5316677100,10.83,4.29,10.60,8.23,,-12.31%,10207377100,8.05,32.47,7.11,13.75%,3.79,4.19,1.02,4.67,,7.27,26.40%,1.18,8.31%,,,11.84%,1.24,0,0.31
EC,3.16,17155943075,0.04,0.00,3.78,0.00,3.88,31.69%,38133271982,1.03,2.93,1.46,-1.67%,,0.46,0.99,0.30,7.01,,-3.72%,1.26,18.96%,-51.63%,1894.58%,18.70%,1.56,0,0.52
LYB,13.19,17698738708,9.35,0.55,4.63,0.84,12.87,7.68%,26878738708,0.67,7.45,4.29,7.37%,8.94,0.44,1.42,1.09,19.76,13.58,11.19%,1.71,9.86%,7.20%,129.09%,9.69%,5.36,1,1.34
ESS,22.93,17075551883,43.62,9.07,15.98,12.56,24.21,4.34%,23653795883,13.33,15.19,15.26,-0.35%,,9.62,3.08,7.73,31.90,,-0.48%,3.19,3.91%,5.76%,89.08%,3.89%,10.28,0,2.57
CLX,38.09,17183773100,19.50,2.38,18.62,2.77,27.68,2.66%,19985773100,2.79,21.13,13.75,3.48%,24.72,2.40,,0.57,43.73,28.76,4.04%,,3.47%,1.24%,133.03%,3.47%,4.88,48,1.22
NTRS,8.92,16971337740,10.34,2.10,,,,11.72%,-12457462260,,,,9.89%,,2.05,1.33,52.48,,,-7.26%,1.90,3.41%,,30.71%,6.25%,3.00,0,0.75
NIO,,7152650813,434.78,0.08,,0.07,,-43.39%,6057216539,0.67,,,-37.83%,,0.79,8.77,,,,-32.03%,9.75,,,,-20.85%,,0,0.00
NNN,18.17,7346488380,19.48,8.13,11.56,12.96,20.16,5.40%,11711229380,13.47,14.10,9.25,1.81%,34.58,8.45,1.68,4.92,29.51,55.12,2.89%,1.69,5.94%,2.67%,107.91%,4.64%,2.32,36,0.58
WPP,11.11,7393855070,5.99,1.06,4.05,1.75,6.91,9.16%,12207267234,0.66,6.91,3.71,13.18%,4.60,0.40,1.64,2.61,18.02,7.59,21.76%,,3.49%,-52.11%,193.10%,5.07%,1.19,3,0.24
AYI,17.93,7308081703,12.61,1.54,14.10,1.71,15.15,5.71%,8102281703,2.05,12.81,10.96,5.61%,16.08,1.85,2.90,1.23,19.43,17.82,6.22%,,0.29%,14.29%,5.16%,-0.67%,0.68,1,0.17
RLI,20.14,6913959334,24.20,3.96,12.34,3.99,16.07,5.00%,6974169334,3.94,15.79,15.49,7.97%,12.45,3.91,4.54,3.82,20.17,12.55,8.03%,4.71,6.63%,431.22%,134.22%,6.23%,5.02,51,0.15
UWMC,33.81,11754575524,11.77,4.31,,8.59,45.82,0.12%,23446422524,10.84,41.83,8.07,-26.79%,,5.43,72.77,,1627.77,,-53.43%,,9.13%,,309.29%,-10.32%,0.40,0,0.10
EDU,18.51,696142910,11.92,0.13,0.71,,,56.24%,-3463258090,,,13.01,-20.21%,0.99,0.14,0.19,0.67,,,100.53%,1.95,1.34%,,25.29%,1.49%,0.58,1,0.58
CFR,12.05,6873406313,11.75,3.07,6.95,0.55,1.76,8.38%,1226896313,0.61,1.58,,70.24%,7.98,3.44,1.76,4.29,2.13,1.42,12.54%,1.83,3.59%,3.86%,42.84%,3.45%,3.80,10,0.95
VNO,824.75,6305584880,257.88,3.37,11.73,7.67,29.68,0.13%,14348600880,8.03,15.06,8.35,0.74%,59.65,3.53,1.22,8.45,1733.97,135.73,1.68%,1.78,2.26%,146.67%,1850.00%,-0.37%,0.74,1,0.74
TIMB,13.74,6995530185,10.47,0.26,3.35,0.33,8.33,7.30%,9087312821,2.21,3.99,4.15,14.50%,5.31,1.70,1.56,0.94,17.81,6.90,18.84%,3.61,5.83%,-34.96%,400.12%,5.83%,0.84,3,0.23
SIRI,,6765216930,6.35,0.78,3.89,1.95,,-24.61%,16978216930,1.95,,2.77,5.97%,6.68,0.78,0.61,0.66,,16.76,14.97%,,2.96%,-23.56%,,9.58%,0.59,0,0.27
VIPS,6.92,35078752082,5.82,0.32,,0.28,22.82,3.02%,31553522880,2.12,,4.89,,,2.36,6.18,32.44,29.76,,,1.82,3.55%,,24.41%,7.71%,0.48,1,0.48
CMA,10.30,6772853668,9.83,1.96,11.27,1.92,7.48,9.91%,6641853668,2.08,6.75,,6.75%,15.12,2.12,1.04,3.07,9.90,14.83,6.61%,1.26,5.52%,,56.57%,5.66%,2.84,0,0.71
BMA,6.29,448770363,3.10,,,,0.07,161.97%,57078386,0.02,0.07,,-231.56%,,0.13,0.24,0.90,0.08,,-29.45%,1.61,7.42%,280.33%,1078.72%,7.49%,5.30,2,1.80
SPXC,30.40,6056451236,20.59,2.75,21.18,2.96,21.73,3.31%,6514251236,3.28,16.64,14.69,3.81%,24.43,3.05,4.37,1.22,32.49,26.28,4.09%,,,,,-1.00%,,,0.09
TFX,87.21,5766886321,8.94,1.83,9.07,2.30,45.62,1.21%,7231723321,2.37,16.70,8.46,7.04%,11.32,1.89,1.35,0.17,103.79,14.20,8.83%,,1.06%,,91.91%,1.51%,1.36,0,0.34
LPX,14.60,5979522222,15.56,1.97,9.88,1.98,10.47,7.02%,6011522222,2.04,8.59,9.09,7.02%,14.17,2.03,3.58,2.74,14.31,14.25,7.06%,3.64,1.30%,8.16%,19.02%,2.68%,1.12,7,0.28
PATH,,5862369580,20.90,3.77,18.29,2.77,,-1.26%,4306643580,3.01,,,7.10%,19.18,4.10,3.18,0.58,,14.09,5.21%,3.35,,,,0.70%,,0,0.00
CHH,19.83,5744752614,17.24,3.54,17.99,4.63,15.56,5.22%,7510855614,4.74,13.57,10.79,2.31%,33.10,3.62,,1.50,25.06,43.28,3.02%,,0.92%,,18.55%,6.73%,1.15,0,0.29
IVZ,10.81,5727822440,6.82,1.23,4.81,2.68,14.71,5.26%,12485022440,2.06,12.14,4.71,8.98%,5.11,0.94,0.39,1.62,41.45,11.14,19.57%,,6.51%,2.50%,69.65%,6.45%,0.82,3,0.21
FCN,20.54,5763405900,20.13,1.53,14.59,1.40,14.72,4.86%,5266054900,1.42,12.98,14.06,6.83%,16.02,1.56,2.55,1.61,18.80,14.64,6.24%,5.58,,,,-1.22%,,0,0.00
MTG,8.04,5633902210,8.08,4.51,7.77,4.84,6.02,13.54%,6043942210,5.00,5.91,5.51,11.98%,7.78,4.66,1.09,1.54,7.92,8.35,12.85%,1.09,2.24%,13.48%,17.99%,10.28%,0.52,6,0.13
TRNO,27.75,5515122165,34.94,12.08,23.70,13.85,30.77,3.33%,6320207165,16.52,22.41,23.67,-11.94%,,14.41,1.51,7.70,34.40,,-13.68%,1.49,3.64%,9.71%,102.08%,-11.31%,1.96,10,0.49
APA,6.39,5275323766,4.37,0.63,1.46,1.27,6.73,15.24%,10694323766,1.10,2.77,0.94,6.63%,7.44,0.54,1.00,0.17,13.30,15.08,13.44%,1.00,6.85%,,44.05%,-7.35%,1.00,0,0.25
CRK,,5399961765,27.66,3.08,8.70,4.81,,-4.05%,8418919765,6.71,13.42,8.61,-5.65%,,4.30,2.41,-0.04,,,-8.81%,2.83,,,,-3.69%,,2,0.13
FSK,8.96,5231632880,7.26,3.26,2.75,7.67,11.72,11.18%,12304632880,7.15,11.72,,15.45%,2.75,3.04,0.79,,21.03,6.47,36.34%,0.79,15.00%,-5.00%,134.05%,14.98%,2.80,0,0.70
SIGI,26.85,5269523135,11.19,1.03,4.79,1.12,19.92,3.75%,5714437135,1.18,17.76,14.87,18.71%,4.93,1.08,1.69,1.86,28.89,5.35,20.29%,1.81,1.77%,12.31%,47.06%,1.43%,1.52,10,0.38
QRVO,196.86,5148031616,10.64,1.41,8.23,1.63,38.04,0.52%,5927829616,1.56,12.78,8.77,8.23%,10.55,1.36,1.52,0.47,219.67,12.15,9.48%,8.43,,,,2.18%,,0,0.00
LDOS,15.11,17856363780,12.69,1.02,12.83,1.27,12.10,7.02%,22204363780,1.33,10.45,8.48,5.61%,14.34,1.07,4.05,2.34,17.71,17.83,6.97%,,1.14%,5.41%,17.35%,4.11%,1.60,6,0.40
PINS,9.84,17898686332,13.97,4.17,18.56,3.62,96.74,10.40%,15537181332,4.26,85.43,75.61,6.05%,19.04,4.91,3.77,0.43,8.34,16.53,5.25%,3.84,,,,-3.52%,,0,0.00
PODD,43.18,17527030038,58.38,7.02,40.73,7.19,52.36,2.39%,17953530038,8.67,42.37,44.98,1.65%,59.15,8.46,14.47,6.27,42.92,60.59,1.69%,16.51,,,,-0.35%,,0,0.00
OKTA,1658.92,16504794165,31.95,5.75,22.01,5.20,292.82,0.17%,14933794165,5.72,107.44,691.18,4.89%,22.61,6.32,2.58,0.35,533.35,20.46,4.42%,21.10,,,,-7.00%,,0,0.00
RBA,47.16,17547809170,25.85,3.98,18.83,4.77,26.83,2.12%,21037309170,4.91,15.21,14.23,3.13%,26.68,4.10,3.36,0.92,56.45,31.99,3.75%,,1.22%,-15.56%,57.71%,-8.92%,1.16,0,0.29
ESLT,55.33,17757363096,39.99,2.39,33.22,2.54,36.89,1.81%,18860992096,2.76,28.16,26.16,1.72%,54.86,2.60,5.42,2.21,58.73,58.27,1.82%,12.21,0.49%,-23.18%,26.73%,0.22%,1.92,0,0.50
VIK,107.83,17206377705,16.75,2.74,8.26,3.23,36.91,0.89%,20289168705,3.80,25.03,13.07,5.74%,14.77,3.23,,,133.19,17.42,6.77%,,,,,-65.23%,,0,0.00
PTC,44.23,17297778240,23.80,6.72,21.59,7.31,32.29,2.27%,18821321240,8.14,26.03,24.96,4.19%,21.94,7.48,5.36,1.49,47.99,23.87,4.56%,,,,,-0.74%,,0,0.00
RF,9.83,17185725700,8.15,2.21,10.75,1.67,5.80,10.32%,12966725700,1.97,5.45,,10.98%,12.07,2.61,0.96,2.33,7.31,9.11,8.29%,1.67,5.26%,7.61%,51.81%,7.51%,1.00,10,0.25
XPEV,,17781430931,,0.26,,0.21,,-4.46%,14510906220,2.59,,,,,3.18,4.16,,,,,5.14,,,,-8.64%,,0,0.00
EME,17.45,17210697011,16.34,1.07,12.22,1.00,11.74,5.85%,16213969011,1.11,10.70,11.54,8.24%,12.87,1.18,5.86,1.32,16.10,12.13,7.77%,13.43,0.27%,26.58%,4.65%,2.48%,1.00,4,0.25
STM,11.29,16746805154,26.67,1.40,5.65,1.13,8.18,9.30%,13515805154,1.02,3.96,4.96,-1.56%,,1.26,0.96,1.84,8.68,,-1.26%,1.01,1.90%,44.38%,21.71%,6.30%,0.36,1,0.09
SNA,16.52,16897402008,16.11,3.46,13.88,3.31,11.59,6.18%,16194402008,3.17,10.83,11.40,7.02%,14.86,3.31,3.13,2.18,15.51,14.24,6.73%,4.15,2.66%,14.94%,43.87%,3.40%,8.56,10,2.14
TS,8.48,16919294198,9.38,1.41,3.86,1.18,3.61,20.84%,14122656198,1.00,3.13,5.53,26.28%,4.56,1.19,0.97,4.69,4.00,3.81,21.93%,1.10,3.55%,-8.33%,60.90%,5.26%,1.10,3,0.56
YUMC,19.47,17011738905,17.11,1.39,11.99,1.40,13.54,5.36%,17159738905,1.52,7.98,10.13,4.16%,23.83,1.51,2.97,0.99,18.84,24.03,4.20%,4.72,1.60%,30.91%,30.90%,8.74%,0.72,2,0.24
NTAP,15.42,17147864930,10.88,2.46,11.88,2.42,11.98,6.63%,16880864930,2.59,9.90,10.46,7.49%,13.56,2.63,17.23,1.09,14.85,13.34,7.38%,,2.53%,4.00%,38.52%,3.95%,2.08,1,0.52
DECK,17.77,16638983620,16.58,3.03,15.28,2.67,12.03,5.66%,14655089620,2.98,11.37,13.57,6.93%,16.39,3.38,6.32,1.13,15.55,14.44,6.10%,6.40,,,,1.60%,,0,0.00
BIIB,10.14,16595997500,7.07,1.78,5.77,2.23,10.94,9.83%,20851297500,2.15,7.90,5.54,12.49%,6.37,1.72,0.99,6.24,12.77,8.01,15.69%,30.40,,,,-0.21%,,,22.23
NTNX,,16431712378,37.33,6.03,22.68,5.93,,-0.34%,16145900378,6.96,215.16,104.22,3.97%,25.61,7.09,,1.67,,25.17,3.90%,,,,,1.74%,,0,0.00
BSBR,15.43,33344637748,6.58,,,,20.97,40.08%,68133329245,0.92,18.35,,-5.40%,,0.45,1.64,0.89,5.10,,-11.02%,1.17,6.17%,-16.00%,95.31%,6.06%,0.28,0,0.05
CASY,30.52,16258493190,28.47,0.92,15.55,1.08,24.73,3.29%,18983626190,1.22,16.42,13.81,2.87%,29.86,1.05,4.76,2.04,35.47,34.87,3.35%,7.47,0.46%,16.28%,13.94%,0.39%,2.00,6,0.50
STEP,,5229982003,22.08,5.02,37.60,5.03,,-2.49%,5231595003,4.53,,,2.59%,38.53,4.53,24.92,,,38.54,2.60%,,2.11%,,,-12.84%,0.96,0,0.24
MOG.B,23.36,5307525100,17.15,1.37,28.64,1.60,19.92,3.58%,6196409100,1.77,15.26,11.06,0.41%,211.09,1.51,3.03,,32.65,246.44,0.47%,5.67,0.76%,3.67%,17.68%,-0.15%,1.16,4,0.29
PJT,26.60,5078854251,22.04,3.09,9.57,3.01,29.73,2.65%,4949497251,3.31,25.36,,10.66%,9.63,3.40,27.16,1.36,36.83,9.38,10.39%,,0.73%,,20.31%,-4.57%,1.00,0,0.25
MTN,20.26,5233513936,18.19,1.70,8.38,2.49,14.48,4.96%,7661673936,2.60,9.41,6.14,5.19%,13.16,1.78,9.86,2.00,29.54,19.27,7.60%,,6.35%,5.71%,128.89%,7.74%,8.88,3,2.22
JXN,6.00,5128827792,3.33,0.70,0.89,0.99,6.67,17.59%,7292827792,2.23,6.67,,79.43%,0.89,1.57,0.53,,8.09,1.26,112.95%,0.55,4.50%,13.28%,27.26%,11.55%,3.20,4,0.80
LNC,1.63,5089967480,3.89,0.26,,0.28,1.25,62.55%,5444967480,0.30,1.25,5.34,-36.86%,,0.28,0.62,1.24,1.71,,-39.43%,0.84,6.04%,,9.78%,5.57%,1.80,0,0.45
CAE,,7064249460,16.14,1.40,12.54,1.88,,-2.11%,9457571087,2.99,35.82,12.34,3.42%,21.81,2.23,2.12,2.45,,29.20,4.58%,13.19,,,,-0.10%,,,0.08
BRX,21.50,7305174800,25.97,5.40,11.69,9.06,22.09,4.64%,12266233800,9.55,13.10,8.69,-0.18%,,5.68,2.45,1.68,36.15,,-0.31%,2.53,4.77%,5.16%,103.60%,4.20%,1.15,4,0.29
NCLH,8.72,7303416925,7.82,0.70,3.56,1.95,13.30,12.46%,20213141925,2.13,8.11,2.97,4.15%,8.71,0.77,5.12,0.38,22.21,24.10,11.49%,9.18,,,,-20.50%,,0,0.00
AES,4.35,7339699310,5.01,0.58,2.67,2.77,10.93,22.88%,35234699310,2.87,7.85,2.23,-13.17%,,0.60,2.01,1.09,20.99,,-63.22%,5.41,6.83%,2.97%,29.82%,0.65%,0.70,10,0.18
ENSG,24.57,7228463874,19.75,1.46,20.82,1.75,22.03,4.12%,8676081874,2.04,18.12,16.19,2.18%,38.26,1.70,3.93,1.32,29.12,45.92,2.61%,4.14,0.20%,4.26%,4.88%,-1.40%,0.25,10,0.06
GPK,11.17,7314516960,9.47,0.83,8.71,1.41,11.05,9.00%,12341516960,1.40,7.37,4.31,-2.94%,,0.83,2.43,1.13,18.76,,-4.96%,20.58,1.83%,2.50%,20.37%,3.76%,0.44,0,0.11
EVR,18.94,6737147957,12.79,1.89,6.82,1.48,10.67,5.61%,5268038957,1.77,9.85,,18.19%,7.03,2.26,3.95,1.13,13.93,5.50,14.22%,4.50,1.81%,5.26%,35.24%,-2.05%,3.20,10,0.80
WBS,9.66,7229045550,7.11,2.78,5.15,3.27,8.38,10.40%,8518072550,3.60,7.61,,16.14%,5.26,3.05,0.79,1.93,11.33,6.19,19.02%,1.28,3.79%,,36.61%,4.15%,1.60,0,0.40
CWST,495.65,7110214200,98.87,3.89,25.27,4.35,95.08,0.19%,7934902200,5.10,24.92,21.29,1.00%,89.43,4.57,4.58,7.52,586.21,99.80,1.12%,30.72,,,,-7.97%,,0,0.00
EXP,15.76,7337252572,14.15,3.05,13.36,3.48,12.80,6.46%,8347853572,3.68,10.34,9.51,4.43%,19.84,3.24,4.90,2.51,17.61,22.58,5.04%,7.28,0.46%,,7.18%,3.73%,1.00,0,0.25
WCC,11.28,7184952296,10.84,0.32,6.52,0.54,9.26,9.19%,12162152296,0.56,8.12,5.03,8.28%,7.14,0.33,1.45,1.18,18.42,12.08,14.01%,,1.23%,10.00%,13.91%,5.29%,1.82,2,0.45
HALO,16.82,7127854100,11.37,5.85,14.88,6.59,13.97,6.23%,8037578100,7.92,12.24,11.37,5.83%,15.22,7.02,19.59,-2.50,18.10,17.16,6.57%,,,,,3.56%,,0,0.00
GAP,8.55,7055712100,8.67,0.46,4.75,0.65,8.12,11.96%,9942712100,0.66,5.77,4.37,10.52%,6.75,0.47,2.16,0.91,11.78,9.51,14.82%,2.36,3.48%,2.50%,30.00%,1.40%,0.66,0,0.17
CFLT,,7087819520,58.38,5.97,211.83,5.30,,-4.87%,6287237520,6.52,,,0.15%,746.95,7.36,7.37,0.52,,662.58,0.13%,8.98,,,,-7.03%,,0,0.00
MIDD,16.66,7059303458,12.90,1.73,10.28,2.14,13.09,6.07%,8764837458,2.26,11.00,8.41,7.30%,11.03,1.82,1.94,1.16,20.46,13.69,9.07%,,,,,-0.23%,,,0.07
MTCH,13.91,7037054900,13.22,2.00,7.54,2.82,11.47,7.83%,9915310900,2.85,10.42,7.14,8.90%,7.98,2.02,,0.35,17.99,11.24,12.54%,,1.35%,,18.80%,8.98%,0.38,1,0.19
FOUR,26.06,5365243152,16.77,1.28,10.72,1.67,,4.28%,7034643152,2.11,24.10,14.44,4.64%,16.44,1.61,6.65,0.70,30.64,21.55,6.08%,,,,,-50.06%,0.00,0,0.00
TEM,,6601970451,,5.49,,5.50,,-11.30%,6620920451,9.55,,,-3.19%,,9.52,117.18,,,,-3.20%,,,,,-89.32%,,0,0.00
XP,10.32,6768102054,8.22,0.35,3.33,1.23,24.60,9.89%,23843701677,9.44,23.52,,8.42%,3.37,2.68,2.01,,35.61,11.87,29.67%,2.41,4.97%,-50.57%,48.84%,7.06%,0.65,0,0.65
OLLI,35.21,6974957625,29.81,2.67,30.67,2.72,26.75,2.86%,7111158625,3.13,22.96,23.74,1.51%,65.00,3.07,4.11,2.08,35.60,66.27,1.54%,6.83,,,,0.48%,,0,0.00
TFII,16.36,6858182500,11.89,0.76,6.45,1.09,13.46,6.16%,9861188500,1.17,7.50,6.20,7.46%,9.33,0.82,2.57,,23.34,13.41,10.72%,137.77,2.21%,13.33%,36.29%,3.80%,1.80,10,0.45
PNFP,15.16,6988534011,11.36,3.35,7.73,2.92,10.47,6.58%,6082808011,3.76,8.95,,13.37%,8.59,4.32,1.09,0.60,13.23,7.48,11.64%,1.60,1.07%,2.27%,16.11%,0.44%,0.96,0,0.24
COOP,10.49,6805914258,7.90,2.50,,6.31,10.27,9.83%,17218914258,7.74,10.01,6.88,-4.43%,,3.06,1.41,,25.74,,-11.20%,,,,,2.85%,,0,0.00
WING,64.51,6660143201,62.90,8.88,42.26,10.11,45.04,1.63%,7588794201,12.13,40.37,36.83,1.45%,60.72,10.64,,3.12,69.80,69.19,1.65%,,0.45%,21.18%,29.19%,2.03%,1.08,1,0.27
ROIV,,6703792855,,91.83,,22.70,,-3.27%,1657598855,16.99,,,-47.02%,,68.72,1.29,,,,-11.63%,1.29,,,,14.42%,0.00,0,0.00
ESAB,26.49,6921244794,21.35,2.55,19.47,2.85,19.03,3.83%,7747625794,2.83,16.35,13.00,3.97%,22.51,2.53,3.91,1.89,29.25,25.20,4.44%,,0.28%,33.33%,7.42%,-0.01%,0.32,3,0.08
MDGL,,6786349470,,11.44,,10.07,,-6.87%,5974668470,33.17,,,-7.73%,,37.67,9.00,,,,-6.81%,9.05,,,,-13.83%,,0,0.00
KNTK,41.97,2610507700,22.43,1.23,4.10,2.89,12.67,9.36%,6138980700,4.14,7.59,13.11,6.10%,6.98,1.76,,8.62,25.14,16.41,14.33%,,7.29%,2.00%,305.88%,66.38%,3.12,2,0.78
NFG,,6663464741,9.80,2.52,6.56,3.60,87.18,-0.16%,9504191741,4.83,16.98,5.45,0.95%,73.73,3.38,2.42,2.05,,105.16,1.36%,2.42,2.79%,4.04%,,3.86%,2.06,55,0.52
ADT,14.89,6120138975,9.36,1.19,3.25,2.65,11.97,8.19%,13623146975,2.78,5.49,2.61,8.79%,5.11,1.25,1.61,,27.19,11.37,19.57%,,2.86%,37.50%,41.31%,3.95%,0.22,1,0.06
OBDC,8.57,6702368290,7.65,3.43,41.83,6.99,12.73,8.88%,13645914290,8.55,12.73,,1.17%,41.83,4.20,1.13,,22.94,85.17,2.39%,1.13,10.16%,-21.76%,87.19%,10.15%,1.33,3,0.06
CVLT,40.09,6731412812,38.68,6.12,31.99,5.91,85.64,2.54%,6499438812,6.89,73.21,74.50,3.18%,32.59,7.13,23.39,2.26,37.96,31.46,3.07%,84.27,,,,-0.86%,,0,0.00
UGI,11.99,6592610970,10.96,,5.37,,13.18,8.34%,13610610970,1.91,8.59,3.54,2.76%,17.53,0.93,1.44,2.65,24.75,36.20,5.70%,4.68,4.85%,,58.77%,4.85%,1.50,38,0.38
TTC,16.93,6593117605,14.83,1.40,10.75,1.62,13.67,6.17%,7646717605,1.67,11.67,9.88,6.67%,12.93,1.44,4.49,1.34,18.80,14.99,7.74%,12.53,2.28%,5.71%,38.75%,5.15%,1.52,4,0.38
AZEK,45.66,6580177600,30.76,4.11,25.87,4.29,30.20,2.22%,6864162600,4.62,19.21,18.19,2.53%,37.84,4.43,4.74,,46.90,39.48,2.64%,24.53,,,,2.35%,,0,0.00
BFAM,48.98,6711588484,28.39,2.29,19.89,2.86,34.04,2.09%,8393862484,3.13,24.36,17.88,2.89%,27.71,2.50,5.25,1.76,59.87,34.66,3.61%,,,,,-0.93%,,0,0.00
ATI,18.07,6498680270,15.60,1.39,15.96,1.64,13.24,5.66%,7672780270,1.76,10.50,9.77,2.55%,33.21,1.49,3.51,1.20,20.86,39.21,3.01%,4.15,,,,-11.81%,,,0.08
AXTA,16.98,6592281460,11.69,1.21,11.44,1.72,13.43,5.93%,9417281460,1.78,9.60,6.65,4.63%,15.12,1.25,3.45,2.02,24.09,21.60,6.61%,,,,,0.92%,,0,0.00
LNW,21.39,6639051180,13.74,1.90,10.50,2.93,14.33,5.06%,10228051180,3.21,9.51,6.36,3.30%,19.64,2.08,10.44,1.42,30.44,30.26,5.09%,,,,,2.15%,0.00,0,0.00
KNX,55.80,6595060710,19.55,0.84,8.25,1.22,29.55,1.78%,9506406710,1.28,7.39,6.42,2.46%,28.20,0.89,0.93,0.60,80.82,40.65,3.55%,6.05,1.77%,13.79%,99.00%,1.55%,0.72,5,0.18
ENPH,66.03,6496330720,14.80,4.15,12.65,3.88,47.12,1.58%,6081114720,4.57,28.90,40.23,7.89%,13.53,4.88,7.80,0.39,59.24,12.67,7.39%,11.79,,,,2.29%,,0,0.00
FN,20.61,6601016169,16.47,1.78,17.23,1.54,16.55,4.94%,5693072169,1.82,14.43,18.75,5.54%,20.93,2.11,3.58,1.19,17.46,18.05,4.78%,3.59,,,,0.65%,,0,0.00
LTH,40.61,6298961702,24.90,2.12,10.95,3.45,28.75,2.48%,10258380702,3.91,16.24,10.29,0.64%,95.21,2.40,2.41,,65.66,155.06,1.05%,5.44,,,,-3.51%,,0,0.00
AAON,39.81,6539561392,32.53,4.43,33.97,4.53,31.92,2.58%,6687938392,5.57,24.55,23.91,-0.05%,,5.45,7.93,2.87,39.68,,-0.05%,9.84,0.51%,6.25%,19.80%,0.11%,0.40,0,0.10
SSD,19.30,6187446304,18.04,2.66,18.30,2.76,14.95,5.21%,6409322304,2.87,12.06,11.82,2.49%,38.75,2.77,3.43,1.47,19.89,40.14,2.58%,6.71,0.76%,3.70%,14.74%,1.82%,1.12,4,0.28
ALV,9.85,6176000802,8.40,0.59,5.83,0.75,8.07,10.46%,7914000802,0.76,5.79,4.46,6.28%,12.43,0.59,2.71,0.85,12.25,15.92,8.05%,6.83,3.49%,2.99%,34.83%,9.14%,2.80,4,0.70
FAF,47.55,6176517520,11.57,0.86,6.88,0.96,21.94,2.12%,6878717520,1.12,13.21,11.79,9.88%,9.09,1.01,1.26,2.04,52.47,10.12,11.01%,2.67,3.58%,1.90%,171.43%,3.88%,2.16,10,0.54
AA,91.35,6148495000,5.37,0.44,9.89,0.54,15.71,0.98%,7555495000,0.64,6.73,3.93,0.56%,146.39,0.52,1.19,-0.29,125.92,179.89,0.68%,1.23,1.69%,,153.85%,-43.07%,0.40,0,0.10
PB,12.67,6093002292,10.65,4.57,12.89,5.66,12.31,7.87%,7542448292,6.37,11.65,,6.17%,13.10,5.15,0.82,4.26,15.73,16.22,7.63%,1.57,3.65%,2.70%,45.98%,1.79%,2.32,10,0.58
FR,20.44,5863685970,27.29,7.97,16.64,10.93,21.35,4.90%,8038914970,12.00,15.59,13.37,2.76%,26.41,8.76,2.20,3.74,27.96,36.21,3.79%,2.28,3.98%,16.92%,82.03%,3.92%,1.78,10,0.45
VERX,,6039443396,57.91,7.80,36.64,7.83,,-0.87%,6056107396,9.08,69.32,232.12,1.28%,77.72,9.06,33.67,,,77.93,1.29%,,,,,-2.70%,,0,0.00
WFG,,5713228218,16.46,0.87,8.64,0.81,138.74,-0.09%,5272228218,0.85,8.98,9.15,3.30%,32.83,0.93,0.82,,,30.30,3.05%,1.36,1.72%,6.67%,,5.70%,1.28,4,0.32
HIMS,50.97,5789379040,41.21,2.48,23.06,2.36,76.69,2.18%,5499617040,3.72,60.21,72.23,3.61%,29.19,3.92,12.14,2.78,43.63,27.73,3.43%,18.72,,,,-13.12%,,0,0.00
EPRT,25.77,5817666300,23.35,10.70,18.86,14.51,27.96,3.49%,7890205300,17.55,19.51,14.33,-9.94%,,12.94,1.63,,38.87,,-13.48%,1.67,3.91%,3.54%,102.87%,-11.36%,1.18,7,0.30
STWD,16.04,5951031660,8.91,3.09,9.20,11.82,13.11,6.05%,22739701660,11.68,12.77,,3.67%,7.12,3.06,0.92,2.73,63.18,27.22,14.04%,0.97,10.92%,,174.55%,3.37%,1.92,0,0.48
BBWI,7.73,5975834270,7.59,0.78,6.74,1.34,7.66,13.35%,10260834270,1.40,6.33,3.86,6.43%,9.05,0.82,,0.87,12.86,15.55,11.04%,,2.90%,,22.16%,6.99%,0.80,0,0.20
CRVL,68.11,5946870189,,,49.71,,51.82,1.48%,5705619189,6.55,41.13,42.87,1.45%,72.09,6.83,19.77,,64.69,69.16,1.39%,22.57,,,,-0.12%,,0,0.00
TREX,26.04,5835984600,24.32,4.68,40.55,4.87,19.89,3.88%,6079271600,5.28,16.87,16.20,-1.45%,,5.07,6.86,1.17,26.85,,-1.51%,7.04,,,,0.45%,,0,0.00
ONB,10.90,5846602720,8.79,2.42,9.40,4.15,14.74,8.95%,10030171720,5.65,13.44,,5.92%,9.85,3.29,0.92,2.45,19.18,16.90,10.15%,1.53,3.13%,,33.33%,-3.43%,0.56,0,0.14
PEGA,61.18,5831676321,21.56,3.60,16.86,3.47,37.64,1.70%,5626820321,3.76,30.43,32.70,6.01%,17.24,3.90,9.96,0.94,56.73,16.64,5.80%,11.65,0.18%,,10.85%,-5.38%,0.12,0,0.03
CIGI,34.62,5494784650,16.28,1.02,16.85,1.33,22.22,2.94%,7146453650,1.48,13.15,9.97,3.65%,21.06,1.14,4.15,1.14,44.19,27.39,4.75%,,0.27%,,9.32%,-17.22%,0.30,0,0.15
STAG,29.71,5766496200,38.03,6.87,12.53,10.48,29.08,3.28%,8793542200,11.46,14.77,10.37,-2.18%,,7.51,1.67,-402.43,46.52,,-3.33%,1.92,4.80%,0.68%,142.85%,3.77%,1.48,10,0.12
CCCS,220.25,5793226940,22.95,5.38,20.41,5.77,59.89,0.45%,6218189940,6.58,27.33,28.54,3.71%,25.09,6.13,2.90,,237.83,26.93,3.99%,,,,,-3.88%,,0,0.00
CWAN,13.76,5948758128,42.26,10.82,80.04,10.48,,7.13%,5765188128,12.76,,177.44,1.20%,86.27,13.17,5.90,2.18,13.59,83.60,1.16%,6.41,,,,-27.38%,,0,0.00
R,12.65,5839663830,10.23,0.44,2.58,1.02,12.86,8.37%,13464663830,1.07,4.32,2.17,0.98%,44.24,0.46,1.87,1.22,27.54,102.01,2.26%,3.89,2.34%,14.18%,29.31%,6.91%,3.24,10,0.81
BRKR,50.09,5775409350,14.02,1.62,22.98,2.19,38.17,1.96%,7805209350,2.32,20.10,9.72,1.76%,42.13,1.72,3.24,3.64,69.01,56.93,2.37%,,0.53%,,26.35%,-1.04%,0.20,0,0.05
S,,5523669580,104.49,5.34,163.77,4.64,,-5.22%,4801764580,5.85,,,0.14%,818.69,6.72,3.31,,,711.69,0.12%,6.19,,,,-6.74%,,0,0.00
AWI,21.50,5654053466,18.49,3.54,21.19,3.86,15.96,4.69%,6174653466,4.27,12.60,14.53,3.37%,27.14,3.91,7.47,1.66,23.31,29.64,3.68%,56.87,0.93%,10.11%,20.47%,2.72%,1.23,7,0.31
LEVI,16.38,5698653769,11.10,0.88,8.57,1.13,16.32,6.25%,7275953769,1.15,11.31,6.22,6.08%,12.88,0.90,2.80,,20.42,16.45,7.76%,3.65,3.57%,8.33%,58.68%,3.33%,0.52,6,0.13
BPOP,9.62,5708679870,8.02,2.09,8.46,0.03,0.11,10.73%,84219870,0.03,0.10,,558.30%,12.14,2.13,1.02,1.75,0.14,0.18,8.24%,1.23,3.43%,12.82%,32.71%,4.61%,2.80,6,0.70
LRN,22.29,5823922284,19.51,2.41,18.08,2.35,15.53,4.63%,5667676284,2.58,11.61,15.10,4.58%,22.42,2.66,4.42,0.91,21.01,21.82,4.46%,6.09,,,,-9.20%,,0,0.00
BOKF,10.77,5639198870,8.08,2.55,3.94,3.92,12.99,9.28%,8658676870,4.26,11.22,,14.83%,4.39,2.77,1.02,2.09,16.54,6.74,22.77%,1.26,2.63%,2.75%,28.03%,5.38%,2.28,10,0.57
BWA,17.15,5631650610,5.94,0.40,4.08,0.55,16.42,6.00%,7698650610,0.55,16.42,2.95,9.52%,7.68,0.40,1.02,1.21,22.78,10.50,13.02%,2.09,1.72%,-8.27%,29.31%,5.82%,0.44,0,0.11
STVN,46.06,5629898448,38.05,4.72,32.26,5.03,29.22,2.18%,6005182987,5.22,20.30,22.93,-2.68%,,4.90,3.58,3.57,48.95,,-2.86%,4.12,0.29%,0.40%,13.03%,-2.18%,0.06,3,0.06
TMHC,6.65,5597624760,5.96,0.66,26.65,0.86,6.27,15.78%,7309939760,0.89,6.05,4.36,2.38%,32.22,0.69,0.95,1.51,8.28,42.07,3.10%,1.08,,,,3.70%,,0,0.00
ESNT,7.89,5581062000,7.74,4.31,6.48,4.59,6.67,13.07%,5943541000,4.78,6.63,6.26,14.38%,6.53,4.49,1.00,0.84,8.15,6.95,15.32%,1.02,2.27%,11.65%,18.10%,2.78%,1.24,6,0.31
THG,13.37,5650617526,10.72,0.86,7.01,0.91,10.48,7.54%,5999217526,0.96,10.45,9.78,13.27%,7.10,0.91,1.99,-23.25,14.08,7.53,14.09%,2.11,2.31%,5.42%,30.77%,1.77%,3.60,4,0.90
VMI,16.08,5576799920,15.10,1.34,9.74,1.51,11.96,6.24%,6279320920,1.54,10.12,8.96,7.85%,11.31,1.37,3.62,1.55,18.03,12.73,8.84%,7.08,0.98%,3.33%,15.82%,5.07%,2.72,0,0.68
SNV,13.27,5668363490,8.28,2.38,6.90,1.91,7.47,7.75%,4539213490,2.45,6.79,,16.85%,7.41,3.06,1.08,2.34,10.33,5.93,13.49%,1.35,3.94%,0.66%,51.49%,4.83%,1.56,0,0.39
OPCH,27.18,5502995220,24.91,1.01,17.02,1.16,18.97,3.85%,6308403220,1.26,15.07,14.34,4.56%,19.12,1.10,3.92,2.26,29.78,21.92,5.23%,,,,,4.17%,,0,0.00
VIRT,11.90,3061967510,9.18,1.79,5.11,8.34,14.11,9.03%,14301446510,4.97,13.25,,3.81%,5.62,1.06,2.44,-9.42,51.74,26.26,17.79%,,2.70%,,32.32%,9.38%,0.96,0,0.24
USM,,5617650000,57.84,1.50,6.36,2.48,60.36,-0.69%,9295650000,2.47,11.35,6.93,3.72%,16.24,1.49,1.23,1.42,,26.87,6.16%,,,,,1.15%,,,5.75
BRFS,10.48,5761945231,4.81,0.12,14.01,0.16,70.93,-7.23%,8124892583,0.74,12.30,3.71,0.38%,188.79,0.52,2.28,-124.43,,266.21,0.53%,4.03,2.86%,,31.90%,-26.37%,0.10,0,0.10
CIG.C,6.60,5269328668,2.08,0.16,,,,,,,,3.58,,,,,,,,,9.14,9.19%,-19.38%,52.98%,9.19%,0.21,0,0.03
CIG,3.95,3103650400,6.87,0.10,2.33,0.13,3.01,38.13%,4303905952,0.57,2.62,3.58,26.76%,2.69,0.41,0.75,,3.64,3.74,37.11%,9.14,12.21%,-6.68%,50.68%,12.39%,0.20,1,0.03
OSK,8.10,5389875120,7.63,0.51,9.80,0.58,6.08,12.64%,6146775120,0.57,5.08,4.27,4.38%,20.03,0.50,1.30,6.51,9.02,22.84,4.99%,2.75,2.41%,11.83%,19.71%,2.95%,2.04,10,0.51
GRFS,65.20,4753125027,11.34,1.30,20.35,4.47,20.91,1.39%,16402525197,2.24,12.81,3.26,-1.99%,,0.65,0.73,0.23,248.88,,-6.87%,,,,,,,,0.46
SLM,9.62,5424704940,8.31,3.16,,4.08,8.75,10.88%,6990789940,4.85,8.51,,-4.71%,,3.77,2.51,0.58,11.85,,-6.07%,2.94,2.02%,9.09%,19.40%,8.06%,0.52,1,0.13
QXO,,5402429061,,213.96,63.65,13.25,,0.52%,334502061,5.88,,,25.35%,63.72,94.99,1.07,,11.96,3.95,1.57%,1.18,198.36%,1536.50%,,-30750.43%,26.18,1,26.18
SAIC,15.75,5392394112,12.12,0.69,10.92,0.99,13.95,6.71%,7729394112,1.03,11.14,7.75,5.93%,11.77,0.72,3.42,3.67,21.35,16.88,8.49%,,1.31%,,20.64%,7.42%,1.48,0,0.37
BYD,10.38,5292364578,9.89,1.32,5.53,2.20,9.47,10.92%,8799341578,2.24,6.80,4.41,6.33%,9.51,1.35,3.35,0.85,15.23,15.81,10.52%,,1.12%,6.15%,11.63%,9.04%,0.72,6,0.18
ACIW,26.61,5346855360,22.19,3.04,14.90,3.45,18.82,3.80%,6077630360,3.81,13.70,14.82,5.65%,15.57,3.35,3.75,-3.24,29.92,17.70,6.42%,,,,,2.17%,,0,0.00
COLD,,5342770800,43.08,1.87,12.97,3.14,275.47,-1.77%,8975516800,3.37,22.82,9.12,1.24%,47.81,2.00,1.63,4.03,,80.32,2.09%,3.22,4.88%,1.14%,,1.61%,0.92,0,0.23
BMI,43.25,5361607070,38.91,5.72,34.58,5.41,30.43,2.33%,5066302070,6.13,25.50,28.31,2.81%,37.70,6.49,8.84,2.29,40.55,35.62,2.65%,12.07,0.75%,24.64%,32.15%,0.49%,1.36,10,0.34
VOYA,9.12,5365234640,6.72,0.67,3.99,0.93,7.29,11.67%,7454234640,0.93,7.29,4.49,18.04%,3.99,0.67,1.34,1.19,11.91,5.54,25.07%,2.22,3.22%,53.57%,29.17%,11.08%,1.80,6,0.45
ACT,7.97,5274462440,7.88,4.25,7.69,4.36,5.83,13.05%,5418080440,4.51,5.83,,12.67%,7.69,4.39,1.06,,7.87,7.90,13.01%,1.06,2.12%,-45.19%,16.93%,4.78%,0.74,0,0.19
GATX,18.86,5233654530,16.69,3.00,8.69,7.58,19.32,5.43%,13237554530,8.35,11.96,5.82,4.55%,8.69,3.30,2.15,0.87,46.58,21.99,11.50%,2.25,1.66%,5.38%,31.36%,1.10%,2.44,10,0.61
IDCC,16.60,5156319840,24.17,7.23,18.99,6.55,9.83,6.95%,4669883840,5.38,8.57,10.19,4.47%,24.73,5.94,6.02,1.41,13.02,22.39,4.04%,9.78,0.94%,22.58%,15.74%,-4.78%,1.90,2,0.60
NEU,11.41,5196965364,,,10.00,,9.60,8.90%,6160861364,2.21,8.12,6.96,7.50%,11.24,1.87,3.56,5.09,13.32,13.33,8.90%,7.34,2.01%,10.81%,22.81%,1.98%,11.00,6,2.75
INFA,573.00,5958888884,13.63,3.45,14.54,3.81,33.06,0.17%,6587085884,4.02,18.66,18.99,6.16%,14.68,3.63,2.58,,663.29,16.23,6.81%,,,,,-8.63%,,0,0.00
CTRE,34.59,5192607540,19.36,14.09,21.26,14.58,34.59,2.41%,5375712540,18.14,25.32,21.10,-10.81%,,17.53,1.79,1.26,42.98,,-11.19%,1.79,4.83%,6.64%,167.50%,-41.34%,1.34,5,0.34
TKC,12.33,5237204006,,,4.76,,8.05,8.13%,5902857733,1.63,3.65,3.00,12.44%,7.13,1.44,1.62,,13.87,8.04,14.02%,1.74,3.41%,134.48%,66.90%,3.41%,0.20,2,0.20
KNF,24.43,4912326396,21.01,1.57,15.24,1.71,16.42,4.11%,5357956396,1.85,11.57,10.54,3.02%,30.34,1.69,3.33,0.92,26.57,33.10,3.30%,4.27,,,,-0.31%,,0,0.00
JBTM,36.17,4981403244,16.26,1.36,21.32,1.36,43.33,1.71%,5005103244,2.92,24.43,19.90,3.94%,25.27,2.90,3.23,,58.61,25.39,3.96%,13.60,0.21%,,7.53%,-0.10%,0.20,1,0.10
NBIS,,4953960997,,0.09,,0.04,,-13.02%,2541960997,21.63,,,,,42.16,1.52,,,,,1.53,,,,20.76%,,0,0.00
SPSC,63.76,4947215568,32.99,6.39,31.43,6.09,47.44,1.56%,4718666568,7.40,33.30,37.78,2.91%,36.02,7.76,5.79,4.71,61.24,34.35,2.78%,18.06,,,,-1.02%,,0,0.00
RMBS,28.02,4968303040,18.27,7.04,21.55,6.40,22.42,3.62%,4516656040,8.11,18.50,22.28,4.43%,24.85,8.93,4.43,3.80,25.12,22.59,4.02%,6.05,,,,1.67%,,0,0.00
TGS,121.59,4083783316,,,23.19,,8.29,0.71%,4215877132,7.53,7.46,7.85,1.20%,80.67,7.29,5.14,,144.94,83.28,1.24%,2.26,,,,,,,0.03
DDS,8.48,4903755296,12.09,0.75,6.87,0.68,6.17,12.10%,4415549296,0.67,4.93,5.56,13.82%,8.04,0.74,2.73,-1.28,7.44,7.24,12.45%,2.76,0.32%,24.11%,2.72%,2.28%,1.00,10,0.25
ARW,13.26,5014530564,9.40,0.18,4.44,0.29,10.49,7.82%,7949484564,0.28,8.63,4.51,13.12%,4.81,0.18,0.87,0.88,20.28,7.62,20.80%,1.40,,,,5.68%,,,0.05
SWX,25.19,4994866008,20.65,,3.68,,18.20,3.98%,9689435008,1.90,9.98,5.32,4.45%,11.58,0.98,1.43,2.58,48.74,22.47,8.63%,1.83,3.57%,,89.86%,2.08%,2.48,0,0.62
CRL,499.75,4909114215,10.55,1.27,6.68,1.92,34.39,0.21%,7438502215,1.84,12.87,5.47,6.74%,9.79,1.21,1.42,3.96,722.40,14.83,10.22%,,,,,-0.34%,,0,0.00
SOBO,15.03,4751658724,9.95,1.59,8.98,3.38,12.49,6.65%,10070658724,6.84,9.57,4.95,4.04%,11.67,3.23,1.82,,31.87,24.74,8.57%,1.88,4.36%,,65.79%,4.31%,1.00,1,0.50
LSTR,24.77,4790815685,22.58,0.94,16.72,0.86,17.63,4.09%,4387518685,0.91,14.35,15.85,6.05%,18.06,0.99,4.93,1.61,22.39,16.54,5.54%,5.17,2.46%,3.65%,61.85%,3.54%,3.41,5,0.36
REYN,13.94,4892780880,13.77,1.31,10.01,1.75,11.90,7.19%,6534780880,1.77,9.64,7.22,5.65%,13.26,1.32,2.28,,18.56,17.71,7.54%,,3.95%,,55.09%,3.76%,0.92,0,0.23
RHI,19.70,4911683940,18.48,0.83,11.97,0.78,12.88,5.12%,4607619940,0.79,10.31,16.38,7.69%,13.87,0.85,3.56,1.37,18.31,13.01,7.21%,4.24,4.87%,10.66%,96.72%,7.74%,2.36,10,0.59
NJR,14.30,4775762180,15.76,,12.84,,14.82,6.95%,8355645180,4.60,11.29,7.60,-0.64%,,2.63,2.07,1.84,25.19,,-1.13%,2.07,3.77%,7.27%,54.11%,1.82%,1.80,10,0.45
HOMB,12.37,4935977860,11.21,4.64,10.72,4.91,10.00,8.15%,5224251860,5.39,9.47,,8.58%,11.01,5.09,1.25,3.72,12.99,11.65,9.08%,1.96,3.12%,6.25%,38.81%,4.56%,0.78,10,0.20
LANC,31.70,4967371520,25.84,2.49,20.91,2.40,23.81,3.16%,4805826520,2.53,18.51,17.44,3.86%,26.79,2.61,5.07,8.47,30.64,25.92,3.73%,6.45,2.11%,5.71%,66.78%,1.90%,3.80,62,0.95
SITE,41.44,5028648427,29.08,1.03,17.74,1.21,36.80,2.46%,5872848427,1.29,25.00,14.73,4.24%,20.21,1.11,3.20,2.52,47.51,23.60,4.95%,6.46,,,,0.11%,,0,0.00
ELP,8.89,1232184253,13.64,0.06,1.35,0.15,3.45,37.66%,2861722568,0.65,2.69,5.97,,,0.28,0.30,3.79,6.17,,,3.41,4.29%,-9.72%,197.53%,4.29%,0.30,0,0.14
ELPC,12.02,515245400,8.19,0.03,0.57,0.11,2.59,90.05%,2138884409,0.48,2.02,5.97,,,0.12,0.13,,4.61,,,3.41,4.25%,,179.63%,4.25%,0.27,1,0.13
RITM,5.76,4998335990,4.69,2.37,,18.31,32.21,16.71%,38609911990,7.65,32.21,,-5.66%,,0.99,0.64,,46.24,,-43.72%,0.82,10.45%,,59.88%,7.12%,1.00,0,0.25
RHP,18.64,4893808263,17.64,2.01,8.49,3.21,15.33,5.55%,7831093263,3.35,10.49,6.71,2.15%,29.03,2.09,29.30,1.38,28.83,46.45,3.45%,11.25,5.49%,7.14%,105.14%,5.24%,4.60,2,1.15
GGB,7.54,4625842386,6.80,,1.97,,4.89,14.65%,5750689315,0.58,3.37,3.43,28.39%,2.83,0.47,0.47,,8.49,3.52,35.29%,0.70,5.79%,-44.37%,40.02%,0.76%,0.14,0,0.02
CADE,16.16,4893589740,9.20,2.53,21.79,2.98,25.06,3.13%,5749446740,7.74,22.15,,3.32%,25.61,6.59,2.88,,37.53,30.09,3.90%,1.25,4.14%,7.33%,39.71%,7.88%,1.10,2,0.28
ZWS,31.73,4927126050,21.51,3.01,16.79,3.22,21.82,3.25%,5268026050,3.36,15.98,14.34,5.19%,18.03,3.15,3.11,1.34,32.88,19.28,5.55%,,1.23%,13.33%,39.24%,2.70%,0.36,2,0.09
BWIN,,2867154640,22.44,1.82,28.07,2.56,39.93,-0.86%,4026849640,2.90,19.20,30.64,1.52%,46.92,2.06,4.92,,,65.90,2.13%,,,,,-5.52%,0.00,0,0.00
SRPT,21.50,4881684951,5.17,1.52,,1.52,18.62,4.82%,4856489951,2.55,15.43,19.08,-7.06%,,2.57,3.20,159.25,20.64,,-7.02%,3.25,,,,-16.75%,,0,0.00
MAT,9.16,4675780240,8.32,0.85,5.84,1.07,7.70,11.59%,5900397240,1.10,6.32,5.30,10.17%,7.79,0.87,2.07,1.41,10.89,9.83,12.83%,9.16,,,,3.86%,,,0.15
KTOS,288.09,4862998350,58.70,3.74,97.85,3.71,163.24,0.34%,4815698350,4.24,59.16,66.17,-0.18%,,4.28,3.59,34.12,295.44,,-0.17%,6.63,,,,-15.72%,,0,0.00
WEX,16.85,4904439505,8.28,1.85,10.19,1.54,6.24,6.31%,4081439505,1.55,4.19,5.39,8.19%,14.68,1.87,3.29,1.52,13.18,12.22,6.81%,,,,,4.62%,,0,0.00
LOPE,22.03,4892120688,19.31,4.40,16.87,4.21,16.05,4.62%,4676015688,4.53,14.26,15.37,5.40%,19.39,4.74,6.24,1.34,20.67,18.53,5.16%,10.42,,,,2.91%,,0,0.00
LB,897.86,4804794259,37.78,25.16,71.04,26.97,169.82,0.11%,5149001259,46.83,131.37,,1.29%,72.09,43.70,11.02,,1007.63,77.25,1.39%,12.30,0.31%,,277.39%,0.31%,0.20,1,0.10
JHG,12.16,4911082860,8.32,1.81,7.07,1.19,5.45,8.33%,3232082860,1.31,5.23,7.37,21.18%,7.17,1.99,1.07,1.17,7.90,4.72,13.94%,8.64,5.09%,25.00%,60.94%,8.96%,1.56,3,0.39
PHI,8.55,4743509678,8.16,,3.20,,14.05,11.72%,10411518379,2.79,6.04,3.24,3.62%,12.59,1.27,2.35,1.36,18.72,27.63,7.94%,5.51,6.57%,-14.17%,56.85%,6.57%,1.46,0,0.59
PECO,67.47,4307332312,57.18,6.06,12.87,9.01,40.13,1.46%,6408226312,9.69,15.53,11.57,-0.88%,,6.51,1.86,,102.23,,-1.32%,2.28,3.51%,4.97%,237.63%,0.99%,1.21,4,0.10
GNTX,11.80,4715300080,10.80,1.87,9.46,1.76,9.44,8.58%,4459676485,1.93,7.87,8.38,8.00%,13.21,2.04,1.91,0.71,11.03,12.50,7.57%,2.53,2.29%,,27.20%,4.84%,0.48,0,0.12
ESGR,9.25,4944632172,,,10.24,,7.19,10.92%,5223632172,4.33,7.30,6.09,9.25%,10.24,4.10,0.81,1.76,9.67,10.81,9.77%,0.79,,,,4.82%,,,3.00
JOBY,,4730841085,,547.03,,442.68,,-12.85%,3828437085,28150.27,,,-12.46%,,34785.60,5.19,,,,-10.08%,5.69,,,,-8.01%,,0,0.00
MTDR,5.37,4780403260,4.64,1.14,2.13,1.91,5.94,18.52%,8011069260,2.29,3.45,1.99,3.50%,17.07,1.36,0.94,0.86,9.05,28.61,5.86%,0.94,2.54%,37.50%,13.48%,-0.90%,0.96,4,0.31
OS,,4573395951,281.31,7.59,74.79,6.72,,-4.73%,4047815951,8.27,,,1.45%,78.13,9.34,11.84,,,69.15,1.28%,12.24,,,,23.05%,,0,0.00
NXST,7.07,4619703064,11.42,0.90,3.70,2.15,7.63,15.63%,10998703064,2.03,4.89,2.56,10.05%,4.18,0.85,2.05,7.86,15.23,9.95,23.92%,,4.86%,20.73%,34.75%,13.40%,7.44,10,1.86
AXSM,,4631250038,,7.32,,7.13,,-6.20%,4507431038,11.69,,,-2.85%,,12.01,81.23,,,,-2.78%,,,,,-5.48%,,0,0.00
KRYS,52.38,4540805592,22.21,9.72,36.79,8.45,41.43,1.96%,3950549592,13.60,38.70,42.84,3.02%,38.10,15.63,4.80,,44.31,33.15,2.62%,4.78,,,,-7.16%,,0,0.00
AHR,,4498489030,74.41,2.03,25.55,2.82,68.16,-0.84%,6245902030,3.02,19.94,13.24,2.65%,27.17,2.17,1.99,,,37.72,3.68%,2.44,3.48%,,,-94.24%,1.00,1,0.25
VRNA,,4555419249,400.00,16.03,,15.43,,-3.81%,4384471249,103.70,,,-2.80%,,107.75,22.27,,,,-2.70%,22.39,,,,-2.86%,,0,0.00
DAR,16.50,4499253700,11.32,0.75,5.36,1.44,17.48,6.20%,8642787700,1.51,8.66,5.76,6.11%,8.52,0.79,1.03,14.47,30.99,16.37,11.74%,3.90,,,,0.30%,,0,0.00
CRUS,15.61,4565678359,12.57,2.46,9.42,2.23,10.10,6.68%,4148179359,2.25,9.00,10.71,11.04%,9.97,2.48,2.33,8.09,13.60,9.06,10.03%,3.04,,,,0.93%,,0,0.00
CLBT,,4508022750,43.60,9.13,34.11,8.24,71.55,-6.28%,4071768750,10.15,60.31,66.77,2.99%,37.08,11.24,13.42,,,33.50,2.70%,15.23,,,,-10.16%,,0,0.00
CYTK,,4520339925,,120.29,,112.64,,-13.04%,4233002925,229.13,,,-9.44%,,244.69,,,,,-8.84%,,,,,-16.01%,,0,0.00
ADMA,23.06,4438648200,25.92,8.85,37.40,8.79,31.57,4.45%,4409056200,10.34,29.85,30.19,2.50%,40.19,10.41,12.72,,22.30,39.92,2.49%,12.86,,,,-8.65%,,0,0.00
NUVL,,4438354999,,,,,,-5.88%,3320052999,,,,-5.57%,,,4.15,,,,-4.17%,4.15,,,,-14.06%,,0,0.00
ITRI,18.77,4430315400,17.69,1.75,18.60,1.84,15.60,5.40%,4646852400,1.90,12.40,13.78,4.47%,21.34,1.82,3.19,0.58,19.43,22.38,4.69%,15.00,,,,-0.77%,,0,0.00
DY,19.07,4377872637,16.21,0.82,12.54,1.00,14.48,5.33%,5341165637,1.14,8.78,8.06,2.58%,31.78,0.93,3.53,1.58,22.88,38.77,3.15%,6.35,,,,0.73%,,0,0.00
IRT,107.59,4227129930,68.22,6.20,16.27,9.56,56.46,0.93%,6517360930,10.18,19.38,12.35,7.30%,8.89,6.60,1.23,4.57,165.87,13.70,11.25%,1.26,3.51%,,376.47%,2.99%,0.64,3,0.16
BOX,22.04,4284912200,19.99,3.68,12.90,3.67,46.95,4.70%,4283412200,3.93,37.79,50.92,7.25%,13.80,3.93,,17.31,21.25,13.80,7.25%,,,,,-0.04%,,0,0.00
CALM,4.66,4626749976,6.54,1.45,4.51,1.06,2.62,21.41%,3386376976,0.89,2.45,3.47,25.47%,5.36,1.22,1.94,0.75,3.42,3.93,18.64%,1.99,4.51%,38.98%,33.24%,4.35%,4.28,0,1.49
SKY,29.05,4709232720,20.97,1.79,23.67,1.58,19.08,3.50%,4152175720,1.71,16.01,19.27,3.60%,31.53,1.94,3.08,,25.19,27.80,3.17%,4.27,,,,0.37%,,,0.62
ETSY,18.60,4688682880,16.50,1.63,6.23,2.10,14.22,6.47%,6036895880,2.15,11.33,10.70,11.74%,6.61,1.67,,1.05,19.91,8.52,15.12%,,,,,6.01%,,0,0.00
LYFT,184.00,4526779290,10.38,0.68,5.33,0.52,64.29,0.50%,3489024290,0.60,17.17,168.82,24.60%,5.27,0.78,5.90,0.25,153.13,4.06,18.96%,9.76,,,,-7.35%,,0,0.00
MAIN,8.71,4517765964,12.59,7.87,,11.42,9.91,11.25%,6561885964,12.13,9.91,,-1.33%,,8.35,1.61,2.09,12.92,,-1.93%,1.61,7.53%,5.02%,66.12%,1.62%,3.87,4,0.25
POR,13.92,4591460790,12.76,,5.90,,16.77,6.82%,9406460790,2.73,8.90,4.51,-5.21%,,1.33,1.21,1.73,30.05,,-10.67%,1.34,4.81%,5.26%,66.45%,-1.51%,2.00,10,0.50
FG,6.92,4554001634,6.26,0.75,0.76,0.74,4.92,13.66%,4461001634,0.78,3.02,4.63,133.94%,0.76,0.79,1.15,,7.17,0.75,131.20%,7.78,2.60%,4.88%,18.04%,-3.04%,0.88,2,0.22
UBSI,11.46,4532122530,10.90,3.80,10.17,2.55,6.55,8.23%,3043159530,3.01,6.41,,14.24%,10.46,4.49,0.91,1.92,8.16,7.02,9.56%,1.46,4.78%,1.37%,53.82%,4.43%,1.48,10,0.37
FMC,13.32,4531517120,10.35,1.07,6.75,1.80,17.90,7.53%,7625017120,1.80,12.66,5.58,7.91%,7.51,1.07,1.01,1.85,22.35,12.64,13.31%,8.91,6.40%,,85.56%,6.40%,2.32,0,0.58
WHR,,4457019353,8.43,0.28,5.34,0.67,233.76,-7.25%,10519019353,0.63,27.83,3.69,3.65%,11.61,0.27,1.66,1.65,,27.39,8.62%,,8.72%,,,8.90%,7.00,0,1.75
QLYS,26.29,4500983403,20.60,6.78,18.44,6.28,19.86,3.86%,4166781403,6.86,18.25,21.68,5.56%,19.42,7.41,9.43,4.40,23.99,17.98,5.15%,9.64,,,,0.66%,,0,0.00
FFIN,20.02,4482517050,17.37,7.14,14.48,6.23,14.41,4.99%,3916123050,7.29,13.73,,7.53%,15.20,8.35,2.79,2.69,17.52,13.28,6.58%,3.43,2.31%,,46.15%,2.17%,0.72,10,0.18
VFC,,4456715120,11.53,0.46,8.18,0.91,,-10.26%,8838808120,0.90,20.48,5.34,5.97%,8.44,0.45,2.65,0.14,,16.75,11.84%,,3.15%,-53.85%,,1.72%,0.36,0,0.09
OGS,19.05,4462920077,17.01,1.75,12.11,3.02,15.88,4.99%,7713239077,3.70,9.86,6.38,-4.34%,,2.14,1.44,4.19,34.61,,-7.50%,1.66,3.60%,1.53%,68.54%,1.45%,2.68,10,0.67
ABG,10.22,4332203608,8.33,0.24,6.45,0.53,11.03,9.93%,9309803608,0.54,10.13,4.02,3.90%,11.93,0.25,1.24,0.39,21.64,25.65,8.38%,,,,,4.76%,,,0.23
COLB,8.12,4341830790,7.58,2.15,6.59,3.15,8.85,12.29%,6364475790,3.49,7.33,,9.79%,6.97,2.38,0.85,2.26,11.93,10.21,14.35%,1.20,6.95%,,56.47%,0.10%,1.44,3,0.36
NSA,28.36,2551767480,40.27,3.36,7.03,7.87,22.16,3.57%,5972989480,7.75,13.00,9.20,14.98%,2.85,3.31,2.37,3.14,65.58,6.68,35.06%,7.41,6.82%,0.89%,193.22%,54.14%,2.28,10,0.57
CNX,,4254571300,13.82,2.13,5.22,3.25,214.73,-2.13%,6491767300,5.12,12.58,8.79,4.24%,15.45,3.36,1.04,0.96,,23.57,6.47%,1.16,,,,6.03%,,,0.27
VLY,11.65,4502625120,8.43,2.19,8.21,3.07,14.38,7.97%,6305131120,4.08,13.07,,8.49%,8.41,2.92,0.61,3.32,17.57,11.77,11.90%,0.88,5.58%,,63.77%,5.22%,0.44,0,0.11
AMG,10.13,4471932450,6.66,2.11,4.80,2.89,7.42,11.44%,6142132450,3.01,7.30,6.33,15.12%,4.82,2.19,1.34,0.71,12.01,6.61,20.77%,,0.03%,,0.26%,14.48%,0.04,0,0.01
URBN,11.30,4469956992,10.66,0.74,8.89,0.82,9.79,9.00%,4957884992,0.89,5.93,7.41,6.46%,13.96,0.81,1.81,1.17,12.32,15.48,7.16%,1.80,,,,-0.13%,,0,0.00
COTY,14940.15,4482044020,9.77,0.73,8.32,1.29,26.02,0.01%,7874344020,1.29,10.04,4.28,3.71%,15.36,0.74,1.18,0.16,26247.81,26.99,6.51%,,,,,5.16%,,,0.13
CHX,14.17,4466628000,12.69,1.20,7.57,1.25,9.46,7.17%,4654737000,1.28,6.31,5.85,9.89%,9.70,1.23,2.42,1.70,14.53,10.11,10.31%,5.13,1.63%,8.57%,23.03%,4.77%,0.38,3,0.10
BBU,2.54,1864355989,52.63,,0.68,,11.66,32.24%,39066355989,0.84,5.86,0.57,0.64%,7.46,0.04,0.29,-0.50,65.00,156.27,13.41%,,1.23%,,,1.67%,0.25,0,0.06
VNT,10.84,4428286000,9.49,1.45,10.36,2.05,10.95,9.53%,6269086000,2.10,8.96,6.54,5.59%,12.64,1.49,4.21,1.19,14.85,17.89,7.91%,,0.34%,,3.64%,1.74%,0.10,0,0.03
QTWO,,4445289600,34.62,5.62,32.75,5.73,,-0.87%,4537549600,6.52,105.80,977.85,2.35%,41.65,6.38,8.59,8.94,,42.52,2.40%,,,,,-3.00%,,0,0.00
NOV,7.28,4438457100,8.39,0.50,3.40,0.63,6.07,14.31%,5594457100,0.63,4.42,3.34,17.03%,4.66,0.50,0.70,0.27,8.81,5.87,21.47%,1.05,2.60%,50.00%,18.75%,2.83%,0.30,1,0.08
GTES,23.24,4388012520,11.65,1.27,11.56,1.79,13.50,4.44%,6183912520,1.81,9.16,6.16,4.99%,14.22,1.29,1.45,,31.73,20.05,7.03%,,,,,3.56%,0.00,0,0.00
GBCI,22.95,4371724200,16.85,4.78,16.94,8.00,32.33,4.35%,7317237200,9.09,27.31,,3.06%,19.50,5.43,1.36,2.10,38.48,32.65,5.13%,2.06,3.42%,,78.57%,1.30%,1.32,0,0.33
ROAD,72.76,4355660712,34.56,1.51,23.00,1.90,50.48,1.29%,5486679712,2.76,25.92,18.32,2.09%,37.93,2.19,5.37,,97.90,47.78,2.64%,55.32,,,,-3.30%,,0,0.00
ESI,17.75,4355650180,12.37,1.78,12.03,2.38,16.86,5.61%,5820250180,2.37,11.57,8.54,5.04%,14.84,1.77,1.83,,23.83,19.82,6.74%,,1.79%,,31.79%,1.32%,0.32,0,0.08
SR,18.39,4362223737,15.55,1.49,4.72,3.16,18.37,5.32%,9248923737,3.69,11.75,5.51,0.30%,155.24,1.74,1.32,2.45,39.87,329.14,0.64%,2.30,4.18%,4.41%,77.65%,-3.85%,3.14,10,0.79
CUZ,85.80,4311928800,60.68,4.52,10.77,7.76,43.93,1.07%,7400245800,8.64,13.87,8.16,-9.33%,,5.03,0.89,,161.01,,-16.01%,0.92,4.94%,,428.84%,3.45%,1.28,0,0.32
WTM,19.02,4395776416,845.51,,7.49,,14.49,5.24%,4691876416,2.09,14.78,,12.51%,7.49,1.96,0.98,9.93,20.36,8.00,13.35%,1.16,0.06%,,1.11%,-0.24%,1.00,0,1.00
MKSI,22.27,4227253260,8.65,1.09,8.01,2.12,17.81,4.49%,8262253260,2.30,10.18,4.87,4.97%,10.29,1.18,1.82,0.61,43.49,20.10,9.72%,,1.37%,,31.32%,0.17%,0.88,0,0.22
ALKS,12.33,4421725700,14.38,3.12,10.07,2.64,8.12,8.30%,3745595700,2.40,7.65,9.68,13.46%,8.77,2.84,3.02,-1057.29,10.20,7.43,11.40%,3.15,,,,0.31%,,1,0.38
ELAN,12.52,4227339870,9.83,0.93,7.81,1.77,11.18,8.00%,8080339870,1.82,5.83,4.79,5.69%,9.19,0.95,0.69,4.12,23.91,17.57,10.88%,,,,,-1.02%,,0,0.00
INSP,82.25,4283611218,65.57,4.42,32.89,3.99,66.15,1.25%,3868104218,4.82,59.49,100.48,2.36%,47.01,5.34,6.21,,72.29,42.45,2.13%,6.21,,,,-4.24%,,0,0.00
RUSHB,15.15,4207532054,14.22,0.51,,,,,,,,6.10,,,,,2.74,,,,2.52,1.27%,9.23%,19.35%,1.27%,0.72,7,0.18
FIZZ,21.95,4086277290,20.39,3.26,19.73,3.18,16.43,4.55%,3992387290,3.37,14.38,16.27,4.39%,23.29,3.45,10.21,4.02,21.49,22.76,4.29%,10.47,7.41%,,163.72%,7.41%,3.25,1,3.25
KRMN,898.97,3951359368,2965.30,43.31,194.39,48.08,89.41,0.11%,4386419802,15.63,57.54,43.75,0.08%,1112.66,14.08,20.36,,1006.20,1235.17,0.09%,,,,,-4.82%,,0,0.00
SMR,,1985899020,,184.44,,142.96,,-6.88%,1539243020,41.55,,,-7.06%,,53.61,3.21,,,,-5.47%,6.92,,,,-27.07%,,0,0.00
MOD,25.96,4067650380,17.05,1.48,20.53,1.59,17.23,3.94%,4354650380,1.71,13.35,11.35,2.25%,41.55,1.60,4.76,0.47,27.18,44.48,2.41%,8.65,,,,-1.32%,,,0.10
STRL,15.93,4028898115,19.21,1.94,8.10,1.80,10.09,6.39%,3733977115,1.76,8.52,12.09,11.42%,9.45,1.90,4.99,1.16,14.50,8.76,10.58%,17.76,,,,0.20%,,0,0.00
OZK,13.86,4300207120,6.34,2.55,12.70,2.27,8.02,7.15%,3835333120,5.02,7.57,,7.63%,14.70,5.62,1.50,,12.47,13.11,6.80%,0.91,4.41%,10.67%,27.04%,-29.65%,1.66,10,0.43
MSM,19.88,4197515661,19.34,1.08,10.31,1.22,15.17,5.08%,4745886661,1.26,11.18,9.77,6.35%,13.92,1.12,3.09,2.06,22.25,15.74,7.18%,7.75,4.50%,3.05%,89.43%,5.63%,3.40,3,0.85
ENIC,5.85,4219162600,,,5.92,,5.71,17.08%,6392682700,1.28,5.71,6.63,1.63%,40.61,0.85,0.94,,8.87,61.53,2.46%,1.10,8.23%,-28.51%,11933.21%,8.23%,0.25,0,0.04
CE,,4199715320,6.67,0.42,4.35,1.60,,-36.24%,16110715320,1.57,33.08,2.34,3.30%,7.91,0.41,0.81,4.42,,30.34,12.64%,,5.67%,-23.93%,,5.75%,2.13,0,0.03
BKH,14.96,4215258088,14.14,1.78,5.86,3.63,17.00,6.48%,8575858088,4.03,11.07,5.48,-0.29%,,1.98,1.20,2.53,31.40,,-0.59%,1.92,4.61%,4.00%,69.16%,0.55%,2.70,54,0.68
CBT,10.29,4196744100,10.06,1.02,5.90,1.26,8.43,10.08%,5211744100,1.31,6.81,5.29,8.58%,9.39,1.05,3.07,1.83,12.32,11.66,10.65%,3.55,2.22%,7.50%,22.89%,3.67%,1.72,10,0.43
HXL,31.93,4083379573,23.45,2.03,14.09,2.31,25.03,3.24%,4658679573,2.45,15.02,11.33,4.36%,20.13,2.15,2.67,1.02,35.27,22.96,4.97%,3.16,1.33%,18.10%,42.77%,4.24%,0.68,3,0.17
SANM,18.12,4029850754,11.63,0.47,14.49,0.43,11.61,5.72%,3700556754,0.48,8.37,8.58,5.03%,21.66,0.52,1.66,0.78,16.06,19.89,4.62%,1.79,,,,4.10%,0.00,0,0.00
FELE,22.78,4014941080,20.55,1.86,15.36,1.85,16.83,4.49%,3986019080,1.97,12.68,13.12,5.54%,18.18,1.99,3.17,1.67,22.11,18.05,5.50%,5.63,1.21%,9.73%,27.46%,2.17%,1.06,10,0.27
MNSO,13.47,1195850503,24.69,0.08,4.03,0.05,1.51,29.98%,705271516,0.30,,10.81,27.49%,6.17,0.51,0.85,,1.97,3.64,16.21%,3.39,3.85%,-15.78%,51.37%,5.50%,0.59,4,0.32
CSWI,33.73,4732834200,29.71,4.93,28.95,4.71,25.24,2.82%,4519080200,5.26,20.49,20.84,3.30%,31.76,5.51,4.53,2.84,33.89,30.32,3.15%,11.07,0.35%,18.42%,11.52%,-7.83%,0.96,6,0.24
CMC,69.88,4649991150,10.85,0.56,5.85,0.62,34.93,1.57%,5086358150,0.66,11.84,6.36,8.52%,10.73,0.60,1.16,12.25,69.56,11.74,9.32%,1.37,1.72%,9.09%,113.92%,4.29%,0.72,4,0.18
IBP,18.56,4677584835,15.01,1.54,13.76,1.76,13.90,5.49%,5328284835,1.81,10.29,9.49,4.77%,18.39,1.59,6.63,1.20,20.76,20.95,5.44%,2118.89,1.83%,6.12%,34.29%,2.26%,3.12,4,2.07
TXNM,18.79,4646863895,17.57,,9.14,,21.24,5.20%,10444702895,5.30,11.42,5.29,-7.05%,,2.36,1.83,3.93,43.23,,-15.84%,2.06,3.26%,-20.36%,61.05%,-1.85%,1.63,0,0.41
VRNS,,4531263000,262.47,7.16,39.33,7.43,,-2.11%,4706406000,8.54,,,2.31%,41.76,8.22,9.94,7.37,,43.37,2.39%,10.48,,,,-2.31%,,0,0.00
TIGO,19.03,4755012480,8.84,0.79,0.00,1.79,8.51,5.64%,10768012480,1.86,0.00,1.94,141779.71%,0.00,0.82,1.31,0.41,40.18,0.00,321068.71%,,6.37%,,119.65%,6.33%,1.75,3,0.75
GLOB,27.99,4613336144,16.13,1.69,18.55,1.88,21.50,3.59%,5145194144,2.13,12.80,12.30,2.63%,34.15,1.91,2.35,1.14,31.05,38.08,2.93%,54.04,,,,-2.28%,,0,0.00
PFSI,15.22,4575054300,6.71,1.91,,10.40,62.06,6.81%,24888467300,15.62,52.88,,-18.30%,,2.87,1.19,4.67,79.92,,-99.57%,1.23,1.34%,37.50%,20.55%,0.15%,1.20,1,0.30
RDN,8.08,4462552000,8.10,4.53,,6.83,7.65,13.54%,6728237000,5.21,7.02,4.79,-9.91%,,3.46,0.97,1.18,11.13,,-14.94%,1.00,3.25%,7.61%,26.02%,6.87%,1.02,5,0.26
PAM,11.67,3527456502,8.90,,6604.87,,3860.17,8.56%,3528025866,2.04,3860.17,8.95,0.00%,,2.04,1579.78,0.84,11.68,,0.00%,1.43,,,,0.20%,,,0.08
AL,12.57,4677672945,10.08,1.56,2.79,8.13,17.82,7.95%,24411553945,8.93,9.71,,-5.57%,,1.71,0.62,0.91,65.61,,-29.06%,0.62,2.15%,4.88%,26.43%,1.60%,0.88,10,0.22
WSC,164.70,4523288000,15.29,1.89,8.05,3.55,32.17,0.62%,8489640000,3.54,13.08,6.98,3.87%,13.78,1.89,4.44,1.04,301.81,25.87,7.26%,,0.29%,,46.81%,6.01%,0.07,0,0.07
MTH,5.90,4535604880,6.64,0.66,,0.76,5.20,17.33%,5219927880,0.82,5.07,4.61,-4.90%,,0.71,0.88,1.28,6.64,,-5.64%,0.89,3.06%,234.20%,18.00%,4.15%,1.93,2,0.43
KRG,1013.00,4453391120,59.11,5.18,10.63,8.78,58.10,0.09%,7546994120,8.96,14.30,9.36,3.72%,15.84,5.29,1.34,,1853.84,26.85,6.31%,1.37,5.23%,7.14%,5664.35%,5.23%,1.05,4,0.27
FSS,21.05,4512020835,19.49,2.21,19.51,2.29,16.91,4.79%,4673320835,2.51,13.68,12.92,4.08%,23.66,2.42,3.80,1.31,21.61,24.51,4.23%,8.85,0.75%,19.05%,16.00%,0.43%,0.56,2,0.14
MSGS,78.97,4514785034,176.45,4.38,30.50,5.34,43.41,1.26%,5501339034,5.15,42.36,32.12,2.67%,30.78,4.23,,,96.62,37.51,3.25%,,,,,-0.42%,,,7.00
NSIT,20.56,4297679204,13.32,0.48,6.79,0.54,12.54,5.81%,4902557204,0.56,10.02,8.40,12.23%,7.17,0.49,2.43,1.27,19.63,8.17,13.96%,9.57,,,,-2.40%,,0,0.00
INTA,,4299390870,58.59,7.84,46.10,7.35,,-0.52%,4030968870,8.67,1663.63,,2.12%,50.37,9.25,9.18,1.64,,47.23,1.99%,33.36,,,,-10.77%,,0,0.00
IONS,,4148986500,90.91,6.25,,4.91,,-10.94%,3258620500,4.62,,,-16.76%,,5.88,7.05,25.70,,,-13.17%,7.02,,,,-4.42%,,,0.11
FNB,9.29,4241639800,8.28,2.43,6.61,3.49,10.97,10.82%,6090639800,4.02,9.79,,8.26%,8.43,2.80,0.67,1.22,13.27,12.11,11.86%,1.13,4.07%,,37.80%,3.87%,0.48,0,0.12
TKR,12.07,4223833250,10.58,0.94,8.88,1.33,10.05,8.35%,5996933250,1.31,7.33,5.06,5.39%,13.06,0.92,1.49,0.92,17.00,18.55,7.65%,9.68,2.26%,3.03%,27.25%,2.84%,1.36,10,0.34
FLG,,4228070400,303.03,2.16,49.16,1.65,,-27.27%,3224070400,2.21,,,1.55%,84.56,2.90,0.52,0.47,,64.48,1.18%,0.59,0.39%,-96.43%,,-71.98%,0.04,0,0.01
BILL,459.50,4229781030,21.82,2.67,13.53,2.02,38.45,1.94%,3212447030,2.31,16.92,532.86,9.01%,14.61,3.05,1.11,0.69,39.24,11.09,6.85%,3.64,,,,1.35%,0.00,0,0.00
AMTM,,4226160204,8.11,0.29,,0.58,23.55,-0.68%,8384160204,0.85,,6.84,,,0.43,0.94,,,,,,,,,0.00%,,0,0.00
IEP,,4228934240,10.51,0.44,5.08,0.75,135.32,-10.31%,7171934240,0.72,12.72,8.01,6.96%,8.47,0.42,1.71,,,14.37,11.80%,1.66,24.81%,-40.00%,,2.70%,2.00,0,0.50
SON,25.47,4145200344,6.92,0.53,4.97,1.40,32.19,3.96%,11012946344,2.08,15.36,4.63,4.14%,9.09,0.78,1.82,0.24,67.17,24.14,11.01%,,4.94%,1.96%,126.14%,4.54%,2.08,44,0.52
BBAR,9.78,3275956123,3.22,,6.84,,6.95,4.43%,2105078333,0.92,6.46,,20.96%,7.42,1.42,1.68,,14.52,4.77,13.47%,1.67,9.06%,692.05%,255.76%,9.06%,1.43,2,0.51
VVV,15.68,4139679570,18.98,2.26,14.45,2.94,12.31,6.55%,5385879570,3.24,9.85,8.15,0.94%,81.65,2.49,18.01,1.10,19.86,106.23,1.22%,,,,,2.41%,,,0.13
ORA,33.14,4098151911,31.65,4.26,9.97,6.59,26.27,3.02%,6344209911,7.21,12.58,9.28,-1.21%,,4.66,1.69,3.17,51.27,,-1.87%,2.07,0.70%,,23.53%,-1.02%,0.48,0,0.12
GSHD,94.72,4138354191,56.73,10.88,57.84,11.13,119.76,0.74%,4233766191,13.46,101.21,57.31,1.40%,69.72,13.16,94.29,,139.15,71.33,1.43%,217.84,5.24%,,510.43%,5.43%,5.91,3,5.91
DJT,,4135423114,,,,,,-9.69%,3371896914,931.77,,,-1.96%,,1142.76,4.53,,,,-1.60%,5.41,,,,-93.86%,,0,0.00
PAGP,33.58,3454587680,11.39,0.06,1.39,0.20,16.02,2.98%,11039587680,0.22,6.44,1.73,16.70%,1.87,0.07,2.56,0.70,107.18,5.99,53.38%,,8.75%,19.23%,290.72%,7.74%,1.52,3,0.38
RRR,15.94,2422751822,20.80,1.22,4.42,2.86,13.50,6.36%,5665848822,2.92,9.34,5.42,4.40%,9.71,1.25,11.27,9.37,36.78,22.72,10.29%,,2.45%,-50.00%,39.50%,2.01%,1.00,1,0.25
RUSHA,13.98,4189115164,13.11,0.51,6.76,0.69,12.14,7.26%,5695074164,0.73,8.08,5.86,3.44%,21.38,0.54,1.96,3.16,18.72,29.07,4.68%,2.42,1.39%,9.23%,19.35%,1.98%,0.72,7,0.18
SBRA,31.42,4039728780,23.41,5.40,13.01,8.54,26.30,3.14%,6391037780,9.09,15.49,9.58,3.37%,18.75,5.74,1.47,3.15,50.44,29.67,5.33%,1.49,7.07%,,222.22%,5.73%,1.20,0,0.30
LEA,8.52,4106564020,6.11,0.18,3.67,0.26,7.23,12.34%,5815864020,0.25,4.08,2.48,9.65%,7.31,0.18,0.92,0.36,11.48,10.36,13.67%,1.49,4.03%,,34.34%,8.50%,3.08,0,0.77
PYCR,,4083507980,36.77,5.20,34.40,5.07,,-0.52%,3981703980,5.69,34.65,55.41,1.60%,64.24,5.84,3.12,1.03,,62.63,1.56%,12.23,,,,-1.14%,,0,0.00
MARA,6.52,3866199478,67.03,3.90,,5.96,9.39,14.00%,5912994478,9.01,5.60,5.02,-15.63%,,5.89,0.94,,10.92,,-23.91%,0.96,,,,-62.17%,,0,0.00
EEFT,14.36,4004719105,9.25,0.92,5.46,0.95,7.85,7.64%,4155719105,1.04,6.29,6.38,14.81%,6.51,1.00,3.26,0.59,13.58,6.75,15.37%,22.44,,,,6.82%,,0,0.00
GXO,29.71,3976363860,13.74,0.31,7.24,0.69,35.67,3.37%,8739363860,0.75,13.24,4.87,2.87%,15.84,0.34,1.32,1.22,65.22,34.82,6.31%,,,,,-0.26%,,0,0.00
BIPC,,4031139660,,,2.31,,18.98,-15.08%,15602139660,4.26,9.77,1.35,4.20%,6.15,1.10,,,,23.82,16.25%,,5.08%,5.96%,,-21.83%,1.72,5,0.43
ALGM,,3873069375,51.90,4.73,71.30,5.03,,-1.69%,4122210375,5.33,84.04,38.29,0.13%,705.73,5.01,4.15,,,751.13,0.14%,8.25,,,,5.43%,,0,0.00
EXPO,37.44,4014637800,39.05,7.39,27.78,7.06,26.04,2.72%,3837213800,6.87,24.43,31.06,3.59%,29.18,7.19,9.53,3.14,35.20,27.89,3.43%,9.73,1.52%,7.55%,56.87%,1.65%,1.20,10,0.30
CBZ,94.37,3978953811,19.56,1.63,32.17,2.35,62.48,1.03%,5759533811,3.18,41.07,22.82,1.92%,35.92,2.19,2.24,1.30,140.35,51.99,2.78%,,,,,-4.16%,,0,0.00
TFPM,,4177935270,28.85,,19.57,,,-0.55%,4140087270,15.39,60.70,19.39,3.46%,29.20,15.53,2.41,,,28.93,3.43%,2.29,1.07%,4.82%,,1.19%,0.22,3,0.06
ITGR,33.88,3826668642,18.63,2.01,18.65,2.56,24.06,3.13%,4879092642,2.84,15.11,11.92,2.04%,38.41,2.23,2.36,0.75,40.69,48.97,2.60%,,,,,-5.60%,,,3.33
GDS,8.56,4741044920,10000.00,,17.89,,13.16,9.74%,9743711815,6.89,8.23,6.94,-1.44%,,3.35,1.54,,21.10,,-2.96%,1.90,,,,-0.47%,0.00,0,0.00
RDNT,1325.00,3924210100,101.68,2.00,16.84,2.50,55.41,0.07%,4913053100,2.69,17.12,15.67,0.92%,86.99,2.14,4.35,2.32,1759.06,108.91,1.15%,35.58,,,,-15.63%,,0,0.00
BGC,32.48,3921014345,6.96,1.59,12.43,1.83,16.89,3.24%,4525281345,2.00,12.95,,5.38%,16.12,1.73,4.36,1.22,35.64,18.60,6.20%,33.43,0.99%,100.00%,31.61%,3.20%,0.08,1,0.02
AROC,21.12,3892111650,14.30,2.70,9.06,4.24,17.13,4.43%,6098482650,5.27,11.03,6.95,2.27%,28.17,3.36,2.94,1.24,35.41,44.14,3.55%,3.32,3.12%,11.20%,66.26%,-2.11%,0.70,2,0.19
JWN,13.70,3933070010,11.51,0.25,3.10,0.47,14.51,7.48%,7181070010,0.48,5.59,3.46,10.85%,5.05,0.26,3.45,0.30,24.43,9.22,19.81%,4.46,3.18%,,43.68%,-0.18%,0.76,0,0.19
AVT,12.49,3813122768,10.32,0.17,3.13,0.29,10.16,8.33%,6430277768,0.29,8.36,4.67,16.92%,3.50,0.17,0.79,2.53,20.24,5.91,28.54%,0.94,2.95%,6.56%,37.38%,6.69%,1.32,10,0.33
NOVT,63.68,4047365530,31.39,3.94,25.53,4.29,39.80,1.58%,4400443530,4.64,26.49,22.26,3.22%,28.60,4.26,5.43,2.11,68.66,31.09,3.50%,,,,,-0.26%,,0,0.00
BLCO,,3989969456,16.50,0.78,17.20,1.66,55.28,-7.94%,8457969456,1.77,14.36,6.21,-0.70%,,0.83,0.62,0.70,,,-1.48%,,,,,-0.37%,,0,0.00
PIPR,21.69,3943595568,14.60,2.20,12.59,1.98,14.65,4.59%,3547743568,2.33,13.18,,8.39%,13.24,2.58,3.21,,19.59,11.91,7.55%,4.87,2.51%,63.24%,54.20%,-0.43%,5.55,0,3.65
MC,28.53,3586281900,17.64,2.39,8.39,2.26,18.81,3.79%,3396337900,2.84,17.78,,12.23%,8.63,3.00,8.12,1.97,24.97,8.18,11.58%,8.84,5.12%,2.08%,134.94%,-0.18%,2.60,0,0.65
SPR,,3751339340,23.26,0.48,,1.11,,-57.04%,8592339340,1.36,,,-14.82%,,0.59,,1.30,,,-33.95%,,,,,-10.74%,,,0.01
FLO,15.44,3807860700,15.26,0.69,9.23,0.94,14.06,6.52%,5147488700,1.01,9.80,7.32,5.49%,13.47,0.75,2.70,14.76,20.75,18.21,7.42%,36.67,5.28%,4.35%,82.05%,5.87%,0.96,10,0.24
RYN,10.18,3793721360,44.99,5.21,14.50,6.26,11.31,9.47%,4560409360,3.61,8.39,7.17,14.12%,5.89,3.00,2.14,23.24,12.70,7.08,16.97%,2.19,4.51%,-15.86%,45.55%,4.04%,1.09,0,0.27
HWC,8.83,4015240740,8.60,2.62,6.42,2.26,6.04,11.48%,3467991740,2.49,5.63,,17.93%,6.46,2.88,0.97,,7.53,5.58,15.48%,1.24,3.60%,37.50%,34.09%,3.34%,1.80,2,0.45
TDS,,3768005000,,0.77,3.29,1.74,33.10,-2.57%,8506005000,1.71,7.09,3.58,3.07%,14.44,0.76,0.74,,,32.59,6.93%,,0.45%,-78.52%,,-0.43%,0.16,52,0.04
RELY,,4014153674,722.57,2.49,20.64,2.28,,-0.92%,3662342674,2.90,,,4.83%,22.71,3.18,6.03,,,20.72,4.40%,6.69,,,,-7.65%,,0,0.00
AGO,11.74,4027064832,10.70,4.33,85.68,6.03,9.96,9.34%,5605064832,6.43,9.96,7.32,0.84%,85.68,4.62,0.73,2.52,14.91,119.26,1.17%,0.73,1.69%,10.43%,19.80%,12.74%,1.36,10,0.34
PBH,18.90,3998195838,16.60,3.44,15.58,4.28,15.09,5.35%,4974453838,4.45,13.54,11.07,5.00%,16.08,3.58,2.24,2.65,23.25,20.00,6.22%,,,,,0.26%,,,0.48
SIM,16.14,1465476500,,,7.02,,1.03,17.23%,310380802,0.13,0.88,12.36,27.95%,16.90,0.60,0.60,-1.49,1.23,3.58,5.92%,1.49,,,,0.14%,,,0.69
CGNX,38.30,4021690650,26.93,4.07,26.98,3.89,29.25,2.64%,3845857650,4.21,23.42,27.22,3.49%,30.00,4.40,2.65,1.85,36.22,28.69,3.33%,3.86,1.37%,6.90%,51.67%,1.82%,0.32,3,0.08
TENB,,3898395085,21.26,3.91,17.93,3.75,287.01,-0.93%,3740931085,4.16,80.90,113.58,5.53%,18.85,4.33,9.75,,,18.09,5.30%,,,,,-2.93%,,0,0.00
AB,9.58,3930446800,9.78,1.05,11.54,,,10.77%,,,,,,11.54,8.51,1.93,0.63,,,8.66%,1.93,9.13%,21.19%,87.88%,7.76%,3.26,1,1.05
AMKR,11.24,3940310040,11.01,0.61,3.62,0.55,7.15,8.98%,3537284040,0.56,3.25,3.84,9.87%,11.29,0.62,0.95,1.87,9.99,10.13,8.86%,0.96,4.56%,136.86%,50.93%,4.38%,0.73,5,0.08
SNDR,33.70,3909865622,20.40,0.64,5.70,0.69,24.80,2.99%,4185865622,0.79,7.19,7.12,6.65%,14.05,0.74,1.31,4.35,35.78,15.04,7.12%,1.57,1.71%,4.11%,57.58%,2.89%,0.38,3,0.10
GHC,5.54,3945103122,17.91,0.80,9.69,0.80,3.29,18.37%,3957823122,0.83,2.75,3.32,8.19%,12.17,0.82,0.93,,5.46,12.21,8.21%,1.55,0.77%,4.45%,4.41%,6.12%,7.20,8,1.80
FRPT,84.05,3808332962,56.22,3.14,24.68,3.27,66.30,1.23%,3963790962,4.06,29.71,33.94,-0.83%,,3.91,3.61,1.70,84.47,,-0.86%,3.61,,,,-4.34%,,0,0.00
ACHR,,3813564100,,19.17,,15.34,,-14.08%,3051264100,,,,-14.77%,,,5.07,,,,-11.82%,5.08,,,,-39.32%,,0,0.00
ESE,34.46,3824707260,24.56,3.17,25.00,3.23,25.14,2.88%,3901823260,3.70,18.49,17.85,2.76%,35.51,3.62,3.09,1.96,35.41,36.23,2.82%,12.29,0.22%,,7.51%,0.28%,0.32,0,0.08
MRP,9.41,3555475891,,,,,,-6.93%,3579663891,,,,-25.62%,,,0.69,,,,-25.80%,0.74,1.67%,,,1.61%,0.38,0,0.38
TSEM,17.73,3642536059,18.87,2.26,8.12,1.62,15.58,5.71%,2605104059,1.81,6.01,8.12,0.65%,213.90,2.54,1.37,0.90,12.53,152.98,0.47%,1.39,,,,-1.01%,,,15.00
GEO,124.73,3919419840,19.43,1.43,16.18,2.00,23.73,0.82%,5506154840,2.27,15.37,8.56,2.97%,23.97,1.62,2.94,2.14,172.25,33.67,4.17%,8.29,,,,-8.38%,,,0.25
WK,,3782841525,65.52,4.24,43.13,4.21,,-1.46%,3754803525,5.08,,,2.30%,43.81,5.12,,,,43.49,2.28%,,,,,-2.32%,,0,0.00
KMPR,11.84,3720382341,9.34,0.79,9.72,0.78,8.11,8.54%,3654982341,0.79,7.25,6.89,9.08%,11.21,0.80,1.33,4.29,11.50,11.02,8.92%,3.01,2.17%,0.81%,26.07%,2.24%,1.28,0,0.32
BDC,19.27,3730557216,12.85,1.38,10.60,1.70,17.24,5.32%,4590405216,1.87,12.02,9.59,4.86%,16.73,1.52,2.88,2.14,23.13,20.59,5.98%,,0.22%,,4.17%,3.85%,0.20,0,0.05
LBTYA,2.51,3778542310,57.47,1.64,1.86,4.94,5.35,42.03%,11405142310,2.63,3.64,3.75,9.86%,3.36,0.87,0.31,1.61,7.18,10.14,29.76%,0.47,,,238.01%,9.53%,,3,10.06
DNB,,3819208650,8.07,1.53,8.74,2.87,35.46,-0.75%,7142008650,3.00,9.17,6.01,3.12%,17.13,1.60,1.16,2.86,,32.03,5.84%,,2.33%,,,1.90%,0.20,0,0.05
MGY,10.23,3747857120,9.23,2.73,4.07,2.82,8.15,9.77%,3880321120,2.95,4.36,4.13,11.13%,8.68,2.85,1.96,,10.60,8.99,11.52%,2.01,3.06%,13.68%,30.95%,4.00%,0.60,4,0.15
TNET,22.39,3792815950,18.81,0.75,13.59,0.60,10.56,4.56%,3041815950,0.60,8.13,13.49,6.61%,18.87,0.75,54.97,7.22,17.58,15.13,5.30%,,1.43%,,32.07%,13.70%,1.10,1,0.28
NNI,20.77,3784276636,17.17,2.56,5.71,7.56,47.16,4.86%,11163053636,7.95,29.92,,5.75%,5.89,2.70,1.13,-1.93,60.65,17.39,16.96%,1.20,1.07%,3.70%,22.30%,3.11%,1.12,10,0.28
MAC,,3584194915,500.00,4.05,12.65,9.57,344.82,-5.42%,8471246915,9.23,25.64,8.34,-0.65%,,3.90,1.30,-485.00,,,-1.54%,1.45,4.78%,,,1.96%,0.68,0,0.17
MWA,27.53,3712986000,19.07,2.62,16.50,2.70,18.81,3.69%,3824286000,2.81,14.47,12.84,4.48%,21.65,2.72,4.45,1.26,27.93,22.30,4.62%,8.34,1.11%,4.80%,30.81%,0.61%,0.27,10,0.07
SFBS,16.48,3743997427,12.95,6.39,14.80,5.85,12.28,6.07%,3425834427,7.45,12.07,,7.25%,15.08,8.14,2.32,,15.08,13.80,6.63%,2.34,1.96%,9.48%,32.21%,1.69%,1.34,0,0.34
AQN,70.14,3756677540,34.65,,7.80,,,-37.03%,10420608540,4.49,,4.53,6.59%,5.47,1.62,0.80,,,15.18,18.27%,1.20,6.22%,-30.09%,,-5.08%,0.30,0,0.06
CNS,24.94,3775496040,23.03,6.74,39.05,6.66,18.86,4.01%,3733637040,7.22,17.37,20.51,2.28%,44.40,7.30,7.38,4.47,24.68,43.91,2.25%,7.66,3.37%,3.91%,83.50%,0.58%,2.48,2,0.62
ALE,20.97,3767819810,16.21,,8.24,,20.83,4.76%,5534419810,3.62,10.31,8.42,1.85%,36.87,2.46,1.32,2.80,30.87,54.15,2.71%,1.40,4.52%,3.93%,94.19%,3.81%,2.92,10,0.73
SLG,604.38,3443013054,9.56,5.54,26.57,13.23,44.74,0.21%,8226130054,9.28,19.67,21.59,-1.00%,,3.88,0.87,0.95,1165.17,,-2.39%,1.03,6.15%,-4.31%,3856.53%,9.63%,3.03,0,0.26
KBH,6.28,3673457788,6.71,0.53,10.13,0.69,5.60,17.83%,4767163788,0.70,5.37,4.49,6.78%,11.36,0.54,0.90,0.63,7.28,14.74,8.80%,0.90,1.97%,33.33%,12.17%,9.61%,1.00,2,0.25
CNO,10.08,3796827960,9.76,0.96,6.05,1.60,8.18,10.64%,6319027960,1.42,8.18,3.57,9.93%,6.05,0.85,1.52,1.58,15.64,10.07,16.53%,1.52,1.73%,6.67%,17.11%,7.71%,0.64,10,0.16
IAG,4.59,3954548320,10.87,,8.14,,4.67,20.73%,4760148320,2.91,3.68,5.97,-1.53%,,2.42,1.19,31.67,5.81,,-1.84%,1.18,,,,-12.65%,,,0.13
AVAV,118.65,3884317820,27.58,3.70,,3.71,117.48,0.85%,3896502820,5.25,47.55,53.01,-0.93%,,5.23,4.51,1.72,118.07,,-0.93%,7.30,,,,0.04%,,0,0.00
BE,,4023955105,49.50,2.35,43.74,2.69,134.34,-0.73%,4601777105,3.12,37.35,52.99,0.72%,121.15,2.73,7.15,1.53,,138.54,0.83%,7.16,,,,-6.90%,,0,0.00
COMP,,3803819360,76.39,0.53,31.31,0.57,,-4.06%,4077619360,0.72,,,2.59%,35.95,0.68,9.29,,,38.54,2.78%,37.96,,,,-7.50%,,0,0.00
MP,,3710133400,24.10,11.84,277.93,12.04,,-1.76%,3773792400,,488.83,,-4.58%,,,3.52,,,,-4.66%,3.56,,,,4.64%,0.00,0,0.00
ATGE,19.25,3830635116,15.17,2.08,14.01,2.45,14.20,5.44%,4499824116,2.67,11.07,9.93,5.20%,16.38,2.27,2.66,0.99,21.61,19.24,6.10%,,,,,5.85%,,,0.18
MMS,14.54,3818828988,10.72,0.71,9.23,0.97,11.23,7.44%,5262093988,0.98,8.86,6.56,5.68%,12.78,0.71,2.32,2.07,18.53,17.62,7.82%,,1.78%,1.69%,25.80%,4.27%,1.20,2,0.30
PLMR,31.60,3776614444,20.98,1.92,14.46,1.88,24.26,3.11%,3696075444,6.67,23.48,24.52,6.90%,14.80,6.82,5.18,,31.44,14.49,6.76%,5.42,,,,-3.54%,,0,0.00
ALHC,,3794436960,,1.04,109.13,1.00,,-3.37%,3653049960,1.35,,,-0.18%,,1.40,38.00,,,,-0.17%,62.74,,,,-2.46%,,0,0.00
OR,241.61,4056067620,24.33,,25.36,,107.47,0.40%,4095654620,21.43,57.14,23.49,2.11%,46.90,21.22,3.41,,251.78,47.36,2.13%,3.41,0.85%,3.69%,212.90%,0.25%,0.19,2,0.05
FRSH,,3790256574,23.41,4.56,23.59,3.31,,-2.52%,2750412574,3.82,,,5.32%,25.91,5.26,3.33,0.82,,18.80,3.86%,4.28,,,,-2.65%,,0,0.00
BTG,,4011948800,6.79,,4.57,,,-15.70%,4119760800,2.17,,4.09,11.70%,8.32,2.11,1.34,4.71,,8.55,12.02%,1.27,4.59%,-12.50%,,-1.15%,0.14,0,0.02
LFUS,38.58,3813849157,15.96,1.64,10.37,1.72,21.01,2.63%,4004622157,1.83,12.47,9.59,7.56%,12.60,1.74,1.58,0.75,39.97,13.23,7.93%,5.43,1.83%,7.84%,70.00%,2.00%,2.80,10,0.70
LBTYB,2.10,3497301676,57.14,1.52,1.72,4.82,5.22,45.41%,11123901676,2.56,3.55,3.82,10.11%,3.11,0.81,0.28,,7.00,9.89,32.15%,0.48,,,,9.53%,,,11.28
LBTYK,2.28,3780083320,60.98,1.64,1.86,4.94,5.35,42.01%,11406683320,2.63,3.64,3.82,9.86%,3.36,0.87,0.31,,7.18,10.14,29.75%,0.48,,,238.01%,9.53%,,3,10.06
ACA,39.43,3673305498,19.38,1.25,7.32,1.76,25.76,2.55%,5174905498,2.01,13.07,8.73,6.39%,11.11,1.43,1.51,6.72,55.23,15.65,9.00%,5.04,0.27%,,10.47%,0.06%,0.20,0,0.05
RYTM,,3664761771,,19.36,,17.68,,-7.22%,3347670771,25.73,,,-3.40%,,28.16,168.66,,,,-3.11%,235.60,,,,-5.76%,,0,0.00
GRND,,3654717300,41.63,8.48,38.49,9.02,,-3.58%,3886503300,11.28,,34.12,2.31%,40.78,10.60,,,,43.37,2.45%,,,,,-0.98%,,0,0.00
VIST,7.62,3362621766,6.26,,3.51,,6.34,14.20%,4142541766,2.51,3.80,3.43,-2.26%,,2.04,2.07,,8.68,,-2.78%,2.29,,,,-1.12%,,0,0.00
CNR,7.04,3616068402,7.00,0.85,7.59,0.79,9.55,7.92%,3369572402,1.51,5.85,6.52,8.94%,12.01,1.62,2.31,0.35,11.77,11.19,8.33%,2.31,0.15%,,1.04%,5.36%,0.10,0,0.10
PCVX,,3618212200,,,,,,-12.82%,1942114200,,,,-29.44%,,,1.09,,,,-15.80%,1.09,,,,-25.57%,,0,0.00
INGM,13.12,3636274106,5.15,0.07,10.89,0.13,8.33,7.27%,6534395106,0.14,5.93,3.48,2.93%,19.02,0.08,0.97,,24.73,34.19,5.26%,1.71,0.48%,,6.29%,0.45%,0.07,0,0.07
BCO,22.88,3587884575,12.13,0.71,8.42,1.18,12.06,4.54%,5922284575,1.18,7.55,4.84,3.44%,17.63,0.72,19.40,2.83,36.36,29.10,5.67%,,1.17%,10.23%,26.69%,5.60%,0.97,4,0.24
VRN,17.97,3364993500,4.54,0.80,2.23,1.28,14.28,5.64%,5380688508,1.97,4.00,2.14,20.38%,3.07,1.23,0.70,,28.35,4.91,32.59%,0.79,6.02%,-5.50%,106.96%,-9.36%,0.33,0,0.08
CDE,36.60,3507194128,16.13,2.29,20.13,2.64,22.76,1.68%,4042165128,3.84,12.60,10.78,-0.22%,,3.33,3.12,-1.18,68.63,,-0.25%,3.13,,,,-4.35%,,,1.50
CPA,6.62,3520409937,5.37,0.95,3.18,1.17,5.66,14.60%,4351573937,1.26,4.05,3.22,12.44%,6.50,1.02,1.66,0.16,8.46,8.04,15.38%,1.54,7.52%,58.23%,44.23%,13.52%,6.44,2,1.61
GLNG,69.56,3493328580,17.79,7.84,10.98,9.49,83.21,1.46%,4229001580,16.24,40.53,25.20,-2.88%,,13.42,,0.02,83.18,,-3.49%,1.74,3.04%,,208.33%,5.51%,1.00,2,0.25
DORM,18.52,3480186080,14.92,1.64,15.06,1.89,13.55,5.46%,4009789080,2.00,11.37,9.94,4.78%,18.16,1.73,2.69,1.37,21.10,20.93,5.51%,6.07,,,,1.83%,,,1.50
THO,17.98,3607204080,13.57,0.38,5.54,0.45,12.91,5.60%,4327009080,0.46,7.09,6.07,13.23%,6.30,0.38,0.91,0.55,21.41,7.56,15.87%,2.55,2.91%,4.76%,52.74%,3.80%,2.00,0,0.50
GOLF,18.06,3647278940,17.42,1.42,14.88,1.69,13.85,5.88%,4358182940,1.77,11.76,10.53,3.91%,21.39,1.48,4.77,3.66,20.34,25.56,4.67%,165.94,1.56%,10.00%,27.89%,7.29%,0.94,8,0.24
ASAN,,3594016932,186.47,4.44,240.81,4.19,,-7.11%,3390086932,4.68,,,0.08%,1359.82,4.96,15.80,,,1282.67,0.07%,15.79,,,,-4.11%,,0,0.00
LUMN,,3628853996,20.49,0.29,0.84,1.58,17.42,-1.52%,19898853996,1.52,4.86,1.05,7.38%,2.47,0.28,7.82,54.58,,13.56,40.45%,,,,,-0.47%,,,0.25
EPR,28.42,3458657362,16.39,4.91,8.80,9.23,23.34,3.53%,6495816362,9.31,14.63,6.65,4.92%,10.82,4.95,1.49,2.93,53.28,20.33,9.24%,1.51,7.42%,3.63%,214.37%,7.18%,3.43,3,0.30
KRC,16.28,3398801490,22.41,3.04,6.28,7.13,22.34,6.21%,7959298490,7.01,11.16,5.26,0.75%,57.10,2.99,0.63,2.42,37.73,133.72,1.75%,0.65,7.43%,,122.03%,6.84%,2.16,0,0.54
SMPL,25.12,3654327440,18.34,2.42,19.76,2.55,17.43,3.98%,3849182440,2.73,15.52,14.09,4.66%,20.36,2.59,2.01,1.76,26.46,21.44,4.91%,,,,,-0.54%,0.00,0,0.00
PVH,6.34,3521934979,5.54,0.40,4.75,0.70,7.75,16.99%,6165034979,0.71,5.72,3.49,9.60%,5.95,0.41,0.69,0.45,10.30,10.42,16.80%,,0.22%,,1.42%,6.93%,0.15,0,0.04
COLM,17.19,3633254820,15.94,1.03,7.40,0.93,10.96,6.15%,3266962820,0.97,7.57,11.12,13.20%,8.43,1.08,2.04,2.66,14.63,7.58,11.87%,2.17,1.83%,,31.41%,6.58%,1.20,0,0.30
SKT,35.30,3531367585,33.67,6.55,13.55,9.26,31.35,2.79%,4992633585,9.49,16.76,12.77,1.53%,46.16,6.71,5.41,3.65,50.64,65.26,2.17%,6.43,3.53%,8.91%,125.00%,-1.53%,1.10,4,0.28
GBDC,9.77,3588218985,8.17,3.96,,9.12,14.76,8.62%,8264677985,10.59,14.76,,-2.35%,,4.60,0.89,1.51,26.72,,-5.42%,0.90,11.44%,10.37%,113.44%,-44.29%,1.56,3,0.39
IESC,16.82,3614392356,,,14.65,,11.33,6.49%,3543411356,1.18,10.03,10.11,5.59%,18.24,1.21,5.90,,15.11,17.89,5.48%,7.00,,,,0.93%,,0,0.00
UPST,,3706798795,27.55,3.66,19.89,4.22,,-3.47%,4270302795,6.71,,,4.13%,21.02,5.82,5.85,,,24.22,4.76%,6.97,,,,-6.79%,,0,0.00
CLF,,3483618645,13.44,0.17,33.18,0.51,,-21.64%,10494618645,0.55,31.61,5.02,-5.62%,,0.18,0.52,-0.22,,,-16.94%,0.93,,,,2.16%,,,0.06
BCC,9.89,3601731348,11.32,0.53,8.22,0.50,6.47,10.45%,3404695348,0.51,5.06,5.66,6.13%,17.25,0.54,1.67,1.09,9.05,16.31,5.80%,1.99,6.16%,-33.37%,60.92%,7.63%,5.83,0,0.21
OMAB,12.80,3565871343,13.62,,11.51,,9.76,8.29%,3971708262,4.66,9.06,8.42,4.03%,22.29,4.18,7.54,17.05,13.44,24.83,4.49%,,6.12%,10.12%,781.49%,6.12%,4.79,1,2.19
SNDK,,3657590470,,1.08,,1.01,,,3406590470,,,3.71,,,,0.30,,,,,0.72,,,,,,0,0.00
ANF,6.79,3557670480,6.74,0.68,5.01,0.69,4.59,15.92%,3620335480,0.73,3.78,3.93,14.57%,6.74,0.72,2.66,-24.52,6.39,6.86,14.83%,2.66,,,,-0.46%,,,0.20
SNEX,13.48,3589304202,10.38,1.86,,7.55,38.82,7.71%,14567404202,0.13,31.74,,-1.30%,,0.03,2.02,,52.63,,-5.28%,2.14,,,,-3.74%,,0,0.00
BVN,177.75,3601484539,,,15.86,,22.45,0.55%,4088274539,4.96,22.45,9.40,-0.05%,,4.37,1.20,0.27,205.91,,-0.05%,1.08,2.00%,283.86%,17.67%,1.88%,0.28,0,0.28
IBOC,8.54,3491550696,,,7.37,,7.46,11.72%,3793629696,4.73,7.14,,12.14%,7.58,4.35,1.25,,9.27,8.23,13.19%,1.39,2.44%,5.43%,20.70%,2.13%,1.36,10,0.70
GVA,29.48,3354019812,13.95,0.77,7.35,0.79,16.28,3.77%,3440136812,0.86,10.19,10.25,9.70%,10.05,0.84,3.30,5.56,27.23,10.31,9.95%,4.99,0.67%,,19.81%,0.78%,0.52,0,0.13
SGHC,29.10,3419759420,12.31,1.78,8.36,1.59,14.03,3.44%,3055435234,1.73,10.02,13.73,12.91%,8.67,1.93,5.48,,25.94,7.75,11.53%,11.18,4.25%,,124.77%,3.15%,0.29,1,0.04
FROG,,3494110500,43.98,6.83,31.50,5.83,,-1.98%,2986079500,6.97,,,3.61%,32.42,8.15,4.52,,,27.71,3.08%,10.13,,,,-6.17%,,0,0.00
SKYW,10.93,3463008450,9.15,0.88,5.00,1.38,9.92,9.33%,5421486450,1.54,5.83,3.92,6.81%,9.38,0.98,1.44,1.02,16.79,14.68,10.67%,1.42,,,,6.84%,,,0.14
HL,91.17,3456178753,19.96,3.44,15.83,3.96,34.29,1.02%,3978846753,4.28,12.98,10.81,0.10%,913.13,3.72,1.69,-3.02,112.88,1051.21,0.11%,1.67,0.69%,20.97%,66.05%,-2.10%,0.04,2,0.00
ARLP,9.51,3384077800,10.16,1.42,4.21,1.55,8.95,10.66%,3688876800,1.51,5.29,4.82,9.52%,9.63,1.38,1.85,-1.04,10.22,10.50,10.38%,1.85,10.63%,,100.97%,10.01%,2.80,0,0.70
IPAR,20.29,3360159940,19.85,2.20,17.91,2.17,13.99,4.89%,3317609940,2.28,12.21,11.01,4.98%,20.33,2.31,4.51,2.73,20.19,20.07,4.92%,7.22,3.06%,16.19%,62.50%,3.17%,3.20,4,0.80
GFF,14.26,3310946766,11.91,1.25,8.85,1.82,11.00,7.21%,4815417766,1.84,9.65,6.41,6.93%,9.93,1.27,14.54,2.36,20.18,14.44,10.07%,,1.03%,-74.12%,14.68%,8.65%,0.72,0,0.18
MDU,11.79,3299945650,16.91,1.71,6.57,2.86,13.58,8.52%,5525651650,3.14,9.10,7.02,-0.46%,,1.88,1.23,2.26,19.66,,-0.77%,1.41,2.83%,-15.74%,33.35%,2.48%,0.46,0,0.13
BANF,16.11,3448816000,16.11,5.16,13.20,,,6.27%,-19514000,,,,-1150.70%,15.36,5.54,2.13,2.08,,,6.51%,2.42,1.70%,7.10%,28.57%,1.07%,1.84,10,0.46
PAY,75.54,3304171608,46.56,3.16,51.92,2.97,57.53,1.34%,3103168608,3.56,33.43,61.47,0.87%,122.11,3.79,6.80,10.96,70.26,114.69,0.82%,12.36,,,,-2.11%,,0,0.00
TFSL,41.36,3251652420,39.28,11.23,33.24,26.33,74.30,2.50%,7621473420,25.02,62.30,,1.24%,34.29,10.68,1.70,,93.74,80.38,2.92%,1.69,9.64%,,393.50%,9.46%,1.13,0,0.28
LITE,,3769324000,18.75,1.98,40.79,2.88,,-13.87%,5480924000,3.88,,,-1.14%,,2.67,4.32,0.97,,,-1.65%,,,,,-2.53%,,0,0.00
CVCO,23.27,3783248510,18.22,1.72,23.88,1.54,15.98,4.46%,3383782510,1.76,14.67,18.26,4.12%,27.13,1.96,3.58,2.24,20.07,24.27,3.69%,4.17,,,,2.91%,,0,0.00
SEE,13.72,3620728080,8.00,0.67,4.97,1.44,11.06,7.31%,7757328080,1.44,8.23,3.47,6.55%,7.13,0.67,5.80,0.47,29.31,15.28,14.02%,,3.17%,,44.27%,2.46%,0.80,0,0.20
KAI,32.63,3648998133,31.03,3.43,23.50,3.61,22.32,3.06%,3841579133,3.65,17.33,15.87,3.53%,26.92,3.46,4.31,3.23,34.42,28.34,3.71%,41.18,0.43%,9.24%,14.35%,0.09%,1.36,10,0.34
YOU,16.35,2451513551,18.08,2.77,8.29,2.08,166.70,6.92%,1838560551,2.39,41.68,26.01,15.43%,8.64,3.18,12.36,,10.84,6.48,11.57%,29.02,2.77%,-45.45%,46.19%,-54.94%,0.72,0,0.40
ABCB,9.75,3494180474,9.80,2.93,22.66,2.26,5.67,10.27%,2697900474,2.49,5.16,,5.23%,24.79,3.22,0.93,2.45,7.52,19.14,4.03%,1.31,1.57%,16.67%,15.41%,1.64%,0.80,1,0.20
SHAK,342.54,3295149441,62.53,2.21,19.25,2.53,240.58,0.31%,3771356441,3.01,19.07,25.36,0.95%,92.42,2.63,7.01,2.55,369.49,105.77,1.08%,7.47,,,,-0.43%,,0,0.00
EGO,12.70,3673803600,9.85,,5.69,,8.38,7.87%,3744925600,2.83,5.34,5.19,1.13%,86.62,2.78,0.94,10.65,12.95,88.30,1.15%,0.92,,,,-5.23%,,,0.07
IFS,9.71,3418992520,6.69,,4.37,,8.97,10.19%,3894586785,3.08,7.14,,19.63%,4.47,2.70,1.16,,11.17,5.09,22.36%,1.42,3.38%,5.26%,33.16%,3.97%,1.00,0,1.00
VRRM,114.32,3473563410,16.44,3.68,15.53,4.71,29.10,0.91%,4452377410,5.06,17.02,10.15,3.43%,22.73,3.95,13.10,,141.58,29.14,4.40%,,,,,-4.81%,,0,0.00
VCTR,12.29,3427150783,8.58,2.88,10.08,3.58,9.74,8.43%,4264281783,4.77,9.12,7.46,7.94%,10.12,3.84,3.06,,14.76,12.59,9.88%,,3.13%,30.50%,38.58%,6.50%,1.69,6,0.47
SNRE,,3303849590,,,2.13,,24.34,-12.30%,10622678403,3.17,6.23,3.58,8.42%,3.69,0.99,0.63,,,11.88,27.07%,,7.79%,,,7.79%,3.73,0,3.73
AUB,10.55,3106822990,6.77,2.25,10.07,2.38,12.65,6.35%,3287326990,4.28,12.06,,9.16%,10.32,4.05,0.99,,16.66,10.92,9.69%,1.84,5.70%,6.45%,60.71%,-11.65%,1.36,10,0.34
DNP,,3415386130,,,,,,,,,,,,,,,,,,,1.03,8.45%,,34.19%,8.42%,0.78,0,0.07
FUN,,3240785850,14.14,0.93,8.68,2.40,34.04,-7.13%,8321126850,3.07,14.79,4.01,0.63%,61.62,1.20,1.59,3.72,,158.22,1.62%,,0.94%,,,-45.17%,0.30,0,0.30
NWE,15.18,3402403795,15.07,2.10,8.37,3.99,18.69,6.59%,6474140795,4.28,11.28,6.13,-2.20%,,2.25,1.19,2.54,28.89,,-4.19%,1.36,4.78%,1.56%,72.33%,3.16%,2.64,10,0.66
FIVE,13.30,3366821304,12.52,0.77,7.82,1.10,14.23,7.53%,4819597304,1.24,9.52,6.85,2.21%,31.57,0.87,1.86,0.88,19.00,45.19,3.17%,1.86,,,,0.84%,,0,0.00
ICUI,,3464747007,20.61,1.43,16.98,1.96,159.34,-3.40%,4739039007,1.99,17.51,10.89,2.42%,30.24,1.45,1.76,1.70,,41.36,3.31%,,,,,-1.23%,,,1.50
HRI,15.93,3358322550,8.87,0.91,2.74,2.25,15.15,6.28%,8347322550,2.34,6.15,3.86,3.76%,10.70,0.94,2.41,1.08,39.56,26.58,9.35%,21.81,2.36%,5.17%,37.84%,3.00%,2.80,4,0.70
MATX,7.32,3346484216,8.37,0.96,4.36,1.10,6.31,14.24%,3828684216,1.12,4.28,4.74,12.11%,7.22,0.98,1.26,3.31,8.04,8.26,13.85%,1.56,1.34%,5.51%,9.76%,5.54%,1.36,10,0.34
HEES,27.39,3379764492,24.77,2.13,6.82,3.18,21.45,3.64%,5050598492,3.33,7.28,12.07,3.85%,17.39,2.23,5.43,2.49,41.07,25.99,5.75%,7.93,1.18%,,32.64%,0.70%,1.10,0,0.28
W,,3351445390,50.31,0.28,10.57,0.48,,-14.68%,5790445390,0.49,,,1.43%,40.38,0.28,,23.50,,69.76,2.48%,,,,,-7.89%,,0,0.00
PRGO,,3320047470,8.25,0.72,9.15,1.38,66.45,-5.17%,6379347470,1.46,15.12,4.47,4.43%,11.75,0.76,0.77,1.14,,22.58,8.51%,,4.73%,2.10%,,3.22%,1.16,10,0.29
NHI,22.90,3343455669,22.62,9.08,16.09,12.13,22.56,4.12%,4465207669,13.32,16.58,12.58,1.25%,59.69,9.98,2.45,1.99,32.39,79.71,1.68%,2.40,5.03%,,115.02%,3.39%,3.60,0,0.90
SOUN,,3271485423,,19.95,,18.76,,-10.73%,3077595423,36.34,,,-3.56%,,38.63,17.91,,,,-3.35%,,,,,-47.63%,,0,0.00
AEIS,60.64,3270848607,17.64,1.98,25.02,1.95,42.72,1.66%,3220461607,2.17,22.39,23.82,2.30%,44.23,2.21,2.72,0.41,59.40,43.54,2.26%,4.26,0.46%,,27.88%,0.23%,0.40,0,0.10
NMAX,,6391785579,,,,,,-1.13%,6317694262,36.94,,,-0.79%,,37.38,,,,,-0.78%,,,,,,,0,0.00
AX,7.72,3270031095,7.68,2.52,8.35,0.78,1.67,13.23%,1015292095,0.86,1.59,,34.36%,9.37,2.78,1.30,,2.35,2.91,10.67%,1.37,,,,1.11%,,0,0.00
CNK,13.24,3216830320,15.32,0.96,6.90,1.68,13.51,9.63%,5615630320,1.84,9.16,5.85,5.67%,10.10,1.05,5.41,1.48,18.13,17.63,9.90%,,0.30%,,3.89%,-1.61%,0.08,0,0.08
KFY,13.31,3196881210,11.91,1.14,8.63,1.05,8.24,7.73%,2942116210,1.07,6.74,8.94,10.75%,10.11,1.17,1.78,1.36,11.91,9.30,9.90%,4.13,3.03%,55.88%,41.43%,1.01%,1.92,4,0.48
OTTR,10.80,3239160320,12.17,2.35,7.15,2.87,9.68,9.31%,3957858320,2.97,7.67,6.56,2.38%,34.43,2.43,1.94,2.04,13.12,42.07,2.90%,2.01,2.75%,8.29%,29.29%,2.67%,2.10,10,0.53
CCU,22.02,2646565238,10.37,,8.01,,11.27,5.09%,2060942244,0.71,11.27,6.91,9.96%,12.89,0.91,2.14,1.86,15.30,10.04,7.76%,2.30,2.60%,3.12%,85.81%,2.60%,0.38,0,0.13
HHH,16.27,3247096542,33.11,,8.19,,16.67,6.09%,7381518542,4.22,11.85,4.49,1.92%,22.87,1.85,1.17,5.55,37.34,52.00,4.37%,1.18,5.45%,,88.33%,4.78%,3.50,1,3.50
BRZE,,3214310154,106.83,4.58,87.63,3.97,,-3.23%,2788231154,4.70,,,0.70%,163.73,5.42,6.77,3.00,,142.02,0.61%,7.25,,,,-4.17%,,0,0.00
CWEN,36.73,5507291477,46.57,3.74,7.15,8.51,29.47,1.60%,12523291477,9.13,10.03,3.13,3.86%,11.40,4.02,2.67,1.51,142.31,25.93,8.77%,,6.11%,7.12%,225.61%,5.25%,1.68,5,0.43
ATAT,18.15,1047098041,14.35,0.11,4.44,0.06,2.61,16.68%,616214317,0.62,2.52,13.59,37.11%,4.58,1.05,2.59,,3.53,2.69,21.84%,7.82,1.95%,,35.78%,1.33%,0.45,2,0.45
KTB,13.12,3164099659,10.77,1.18,8.59,1.35,10.58,7.77%,3621193659,1.39,9.41,7.45,9.66%,9.05,1.21,7.91,,14.73,10.35,11.05%,27.05,3.63%,4.08%,47.71%,4.70%,2.08,4,0.52
OKLO,,3084809420,,,,,,-2.39%,2858019420,,,,-1.36%,,,12.30,,,,-1.26%,12.28,,,,-43.57%,,0,0.00
GBTG,,3171878190,14.63,1.22,11.66,1.58,95.30,-4.35%,4097878190,1.69,18.54,10.55,4.03%,19.22,1.31,3.02,,,24.84,5.20%,,,,,-1.01%,,0,0.00
FRO,6.13,3046595755,8.90,1.69,4.31,3.63,7.82,19.51%,6538637755,3.02,,3.09,-19.84%,,1.41,1.26,,11.00,,-42.58%,1.37,12.71%,-17.97%,79.96%,3.55%,1.78,0,0.20
IGT,8.82,3059774640,16.10,1.18,2.97,3.01,9.70,11.37%,7799774640,3.11,7.74,3.23,11.30%,3.47,1.22,1.85,,22.41,8.85,28.79%,,5.19%,,42.36%,4.72%,0.80,0,0.20
ACLX,,3029337991,,27.90,,22.98,,-3.54%,2495834991,23.12,,,-3.88%,,28.07,6.66,,,,-3.20%,6.67,,,,-11.45%,,0,0.00
IRTC,,3127767968,,4.50,922.65,4.78,,-3.62%,3320765968,5.61,,,-0.92%,,5.28,34.41,,,,-0.98%,34.74,,,,-2.19%,,0,0.00
OSIS,23.84,3118454059,18.71,1.75,,2.09,18.41,4.31%,3727581059,2.26,15.10,12.71,-2.95%,,1.89,3.78,1.46,27.72,,-3.52%,11.91,,,,1.51%,,0,0.00
PCH,139.75,3082974440,45.98,2.84,16.36,3.66,106.87,0.71%,3966075440,3.73,26.40,21.19,1.70%,45.69,2.90,1.51,4.36,181.30,58.78,2.19%,1.52,4.58%,,651.97%,5.69%,1.80,0,0.45
SITM,,3068893890,85.95,11.65,132.34,10.06,,-3.05%,2650059890,13.07,,,-0.49%,,15.14,4.39,3.38,,,-0.42%,7.01,,,,-4.19%,,0,0.00
RARE,,3019814352,,4.51,,3.66,,-18.85%,2450128352,4.37,,,-17.21%,,5.39,12.16,,,,-13.96%,91.32,,,,-23.11%,,0,0.00
BTSG,,3062041500,26.94,0.25,128.80,0.49,30.11,-0.59%,5905754500,0.52,14.74,5.64,-0.97%,,0.27,1.86,,,,-1.87%,,,,,-63.74%,,0,0.00
MGEE,26.27,3196752318,21.72,,11.51,,24.06,3.77%,3948869318,5.83,14.48,12.57,1.03%,78.24,4.72,3.23,,32.75,96.65,1.28%,2.61,2.09%,5.18%,54.06%,1.94%,1.80,50,0.45
UNF,21.74,3034990241,20.73,1.22,9.86,1.17,15.21,4.82%,2921500241,1.20,8.73,9.20,5.26%,19.76,1.24,1.42,2.88,19.98,19.02,5.06%,2.29,0.82%,6.15%,17.41%,1.37%,1.40,7,0.35
AVA,17.28,3169018671,15.83,,5.93,,18.50,5.68%,6159018671,3.18,10.15,5.46,0.02%,3169.02,1.64,1.22,2.77,34.22,6159.02,0.03%,1.25,4.88%,3.23%,85.72%,1.91%,1.96,10,0.49
HGV,75.84,3220180110,9.62,0.60,10.42,1.78,20.96,1.46%,9473180110,1.90,13.16,3.34,1.93%,17.60,0.65,1.84,,201.56,51.77,5.68%,,,,,8.79%,,0,0.00
WU,3.44,3155857575,5.12,0.74,7.77,1.08,6.26,29.60%,4622657575,1.10,5.04,3.35,5.96%,11.45,0.75,3.26,2.04,4.95,16.77,8.74%,,9.91%,,34.31%,18.27%,0.94,0,0.24
RH,48.31,3275612777,12.87,0.86,191.61,1.88,23.19,2.21%,7136953777,2.24,13.35,6.77,-2.99%,,1.03,,0.74,98.56,,-6.52%,,,,,7.45%,,0,0.00
PLXS,27.94,3259425708,17.04,0.76,6.61,0.75,19.56,3.68%,3187405708,0.81,13.22,11.96,12.55%,8.15,0.82,2.47,1.61,26.59,7.97,12.28%,2.47,,,,0.89%,,0,0.00
BRC,16.82,3222059743,13.94,2.08,14.66,2.07,12.97,6.00%,3213762743,2.26,11.37,11.28,5.80%,17.30,2.27,2.88,2.50,16.61,17.26,5.78%,9.19,1.45%,2.14%,24.03%,2.31%,0.96,41,0.24
PRIM,17.15,3059687600,12.94,0.45,6.02,0.54,11.47,5.91%,3672058600,0.58,8.83,7.37,13.10%,6.36,0.48,2.17,,20.30,7.63,15.72%,8.87,0.57%,16.67%,9.67%,-0.08%,0.32,1,0.08
CRC,7.27,3041196785,9.17,0.89,4.99,1.12,6.30,12.36%,3801196785,1.19,3.84,2.85,9.34%,8.57,0.95,0.86,1.06,10.11,10.71,11.67%,0.86,4.68%,56.96%,33.55%,-7.72%,1.55,4,0.39
BOOT,17.60,2997502140,14.54,1.38,16.09,1.55,14.69,5.77%,3386038140,1.83,9.56,10.42,1.49%,59.34,1.62,2.75,1.72,19.59,67.03,1.69%,3.61,,,,-0.81%,,0,0.00
HAE,23.02,2931860500,11.97,2.19,22.68,2.87,21.26,4.44%,3835851500,2.79,12.98,8.49,2.73%,28.02,2.13,3.23,0.93,29.49,36.66,3.57%,,,,,1.57%,,0,0.00
WFRD,5.90,2898558256,6.52,0.54,3.66,0.70,4.66,17.46%,3711558256,0.67,3.26,2.26,13.28%,5.88,0.53,2.26,0.96,7.34,7.53,17.01%,3.02,1.85%,,11.11%,0.10%,0.75,1,0.25
KC,,220475594,,0.02,2.57,0.04,,-122.19%,383554273,0.36,,49.64,22.40%,2.57,0.21,0.31,,,4.46,38.97%,,,,,-2.80%,,0,0.00
MIR,,3060400050,28.64,3.37,30.88,3.97,153.39,-1.21%,3604700050,4.19,20.73,16.22,1.40%,60.84,3.56,2.03,,,71.66,1.64%,,,,,-4.39%,,0,0.00
RNA,,2809354440,,361.80,,168.95,,-11.47%,1311863440,120.39,,,-23.47%,,257.81,1.97,,,,-10.96%,1.98,,,,-52.83%,,0,0.00
SMG,,2816162300,14.29,0.79,4.98,1.53,38.05,-0.85%,5497862300,1.54,24.55,6.10,8.96%,5.72,0.79,,0.25,,11.17,17.48%,,5.22%,,,4.29%,2.64,0,0.66
NOMD,12.89,2883976400,11.14,0.90,5.91,1.52,11.24,8.20%,4870935337,1.51,8.99,5.40,8.16%,7.25,0.89,0.97,1.38,20.59,12.25,13.79%,,3.62%,,46.92%,6.85%,0.68,1,0.17
MCY,6.14,2882422744,205.62,0.48,2.78,0.46,4.54,16.23%,2749873744,0.50,4.05,4.23,36.50%,2.87,0.53,1.48,1.19,5.88,2.74,34.82%,1.52,2.39%,,15.03%,2.39%,1.27,0,0.32
SLNO,,2756023730,,,,,,-6.38%,2517412730,,,,-2.75%,,,11.24,,,,-2.51%,11.56,,,,-143.61%,,0,0.00
MHO,5.29,2825466473,5.60,0.59,15.72,0.63,4.31,19.95%,3040442473,0.67,4.21,4.00,5.63%,16.49,0.63,0.96,0.78,5.39,17.75,6.06%,0.97,,,,0.40%,,,0.03
PRVA,208.86,2770593870,88.43,0.85,25.35,0.70,90.64,0.52%,2285034870,1.32,70.35,114.18,4.78%,25.35,1.60,4.36,,158.85,20.91,3.94%,7.21,,,,-0.74%,0.00,0,0.00
KGS,57.54,2833255712,17.87,2.05,8.64,3.96,20.03,1.76%,5460004712,4.71,10.16,4.66,0.48%,108.72,2.44,2.08,,109.43,209.51,0.92%,3.62,5.10%,,290.50%,-19.55%,1.64,2,0.41
VEON,7.97,2820927951,526.32,1.37,1.85,2.78,,-106.21%,5726927951,1.48,,1.67,17.74%,2.78,0.73,3.10,-0.63,,5.64,36.02%,,,,,0.19%,,,3.75
AVNT,16.49,2777102118,10.50,0.83,10.81,1.28,13.06,6.10%,4299602118,1.33,8.45,5.40,3.22%,20.08,0.86,1.20,1.16,25.37,31.09,4.98%,,3.54%,4.46%,58.70%,3.28%,1.08,10,0.27
ZETA,,2801559285,14.76,2.22,20.93,2.08,,-2.49%,2631690285,2.62,,,3.50%,30.42,2.79,4.14,0.61,,28.58,3.29%,13.56,,,,-18.69%,,0,0.00
PRCT,,2800413290,,8.58,,7.80,,-3.26%,2546938290,11.35,,,-4.07%,,12.47,6.96,,,,-3.70%,6.98,,,,-10.31%,,0,0.00
AKRO,,2699121390,,,,,,-9.34%,1991869390,,,,-11.55%,,,3.60,,,,-8.53%,3.61,,,,-27.71%,,0,0.00
PSMT,19.43,2793488842,24.74,0.69,13.54,0.69,13.11,5.11%,2778895842,0.55,9.35,8.79,2.89%,34.82,0.55,2.38,1.94,19.47,34.64,2.87%,2.42,1.37%,,27.76%,0.90%,1.26,0,0.63
HASI,14.03,2741351650,8.52,6.78,468.45,17.34,13.68,7.30%,7011124650,18.28,13.65,,0.08%,468.45,7.15,1.17,0.77,35.05,1198.07,0.21%,1.17,7.46%,4.06%,103.86%,-11.75%,1.68,6,0.42
CAAP,9.52,2682953950,4.89,2.02,6.62,2.50,7.06,10.54%,3325842950,1.80,4.93,4.26,11.82%,6.82,1.46,1.96,,11.77,8.46,14.65%,,,,,,,0,0.00
LIF,,2580784926,446.59,5.48,79.14,5.15,,-0.18%,2421546926,6.52,441.65,1378.14,1.13%,93.92,6.95,7.20,,,88.12,1.06%,14.62,,,,-8.06%,,0,0.00
RGTI,,2663916960,,176.13,,164.01,,-7.54%,2480622960,229.90,,,-2.49%,,246.89,21.04,,,,-2.32%,21.04,,,,-39.92%,0.00,0,0.00
MRUS,,2610239090,,76.43,,60.99,,-8.25%,2083124090,57.65,,,-9.00%,,72.24,4.03,,,,-7.18%,4.04,,,,-24.45%,,0,0.00
ALIT,,2666008345,8.20,1.11,10.58,1.81,,-5.89%,4348008345,1.86,12.64,8.75,3.01%,20.35,1.14,0.62,,,33.19,4.91%,,1.62%,,,3.39%,0.08,1,0.04
MRX,13.98,2670350759,12.17,1.58,2.19,0.24,1.43,7.67%,403350759,0.25,1.34,,299.96%,2.21,1.67,2.73,,1.97,0.33,45.31%,3.59,1.12%,,15.44%,1.10%,0.42,1,0.14
CAMT,23.73,2618036190,23.36,5.19,21.42,4.81,22.47,4.53%,2427924190,5.66,20.45,22.05,4.62%,23.35,6.10,4.77,0.98,20.49,21.65,4.28%,5.67,2.13%,,,1.10%,1.33,2,1.33
CON,13.70,2566002439,15.20,1.22,9.34,2.07,14.66,6.49%,4334113439,2.28,11.94,6.84,4.85%,12.20,1.35,9.31,,26.02,20.60,8.20%,,0.61%,,8.57%,-21.72%,0.13,1,0.06
CPRX,16.10,2558951500,14.32,4.53,10.67,3.62,9.45,6.40%,2044184500,4.16,8.04,11.00,11.70%,10.70,5.20,3.52,,12.47,8.54,9.35%,4.49,,,,-9.84%,,0,0.00
SWTX,,2550818036,322.58,7.39,,6.52,,-10.12%,2250121036,11.74,,,-8.00%,,13.31,5.30,,,,-7.06%,5.48,,,,-17.44%,,0,0.00
CXT,14.06,2566475692,10.89,1.68,11.99,2.06,11.49,7.17%,3151275692,2.12,8.73,6.70,5.35%,15.21,1.73,2.41,,17.12,18.68,6.57%,,1.51%,12.07%,21.32%,1.01%,0.68,1,0.17
BUR,18.60,2689129029,9.68,,12.41,,15.49,5.45%,4741961029,8.68,15.49,,4.56%,12.45,4.92,1.11,,32.37,21.95,8.03%,1.11,1.03%,0.34%,19.00%,0.91%,0.13,1,0.06
TGNA,4.53,2556769020,8.54,0.90,3.73,1.77,5.31,23.46%,5003427020,1.61,4.74,2.86,12.64%,4.04,0.82,0.85,0.98,8.34,7.91,24.74%,,3.15%,14.61%,14.16%,21.77%,0.50,4,0.13
ACHC,9.69,2502147090,9.18,0.73,19.29,1.31,10.04,10.22%,4510041090,1.43,7.53,3.72,-12.20%,,0.79,0.81,1.32,17.64,,-21.99%,3.39,,,,-1.22%,,0,0.00
IMVT,,2413724810,,,,,,-15.86%,2039062810,,,,-15.97%,,,6.85,,,,-13.49%,6.82,,,,-1.66%,0.00,0,0.00
PTGX,9.75,2530874689,26.39,27.42,13.74,23.00,7.60,10.87%,2122827689,4.89,7.52,9.98,8.61%,13.85,5.83,3.75,,7.71,11.61,7.22%,3.75,,,,-14.65%,0.00,0,0.00
AWR,24.11,2942819570,23.39,4.69,14.81,6.15,19.29,4.05%,3854393570,6.47,15.79,12.70,-0.86%,,4.94,3.20,6.85,32.32,,-1.13%,3.20,2.46%,8.24%,58.79%,1.08%,1.86,71,0.47
LPL,,2665000000,9.72,0.00,1.60,0.00,,-66.96%,11117964199,0.60,,0.90,3.33%,7.21,0.14,0.59,0.50,,30.06,13.88%,0.74,,,,-39.74%,,,0.22
FHB,11.58,2623277250,10.50,3.01,8.26,1.95,5.82,8.77%,1703087250,2.15,5.15,,16.95%,9.09,3.30,1.00,3.05,7.40,5.90,11.01%,1.63,4.94%,,58.10%,4.29%,1.04,0,0.26
M,5.53,3189672300,5.31,0.15,2.50,0.35,8.64,18.25%,7589672300,0.33,4.31,2.14,5.22%,8.05,0.14,0.70,0.59,13.04,19.17,12.42%,1.27,6.44%,5.02%,35.25%,5.14%,0.73,3,0.18
SWI,28.89,3201210680,16.81,3.87,17.00,5.07,20.22,3.50%,4197838680,5.27,14.89,11.60,4.01%,19.02,4.02,2.29,,37.51,24.94,5.26%,,,,,-5.99%,,0,1.00
ASB,26.31,3137202660,7.60,2.13,5.41,3.59,39.26,3.56%,5279409660,5.54,28.80,,10.14%,5.86,3.29,0.71,2.27,47.29,9.86,17.06%,0.94,4.85%,4.65%,127.78%,3.16%,0.92,10,0.23
LAZ,13.05,3143775024,10.04,0.99,4.23,1.25,10.52,8.90%,3995626024,1.31,8.28,,22.37%,3.52,1.03,4.94,1.00,14.27,4.47,28.43%,12.96,5.72%,,74.67%,-9.22%,2.00,0,0.50
MPW,,3105102000,6.67,3.31,12.65,12.54,,-77.62%,11749924000,11.80,,4.35,15.86%,1.67,3.12,0.64,1.93,,6.30,60.02%,0.73,6.19%,-47.30%,,5.90%,0.32,0,0.08
NSP,34.03,3065906970,22.93,0.44,5.90,0.34,15.43,2.97%,2376906970,0.36,12.00,20.72,20.28%,6.36,0.47,31.61,1.42,26.12,4.93,15.72%,58.96,2.90%,5.26%,100.22%,2.58%,2.40,2,0.60
ATHM,11.83,789608860,13.07,0.11,,,,32.89%,-2434524984,,,17.86,,,0.79,0.24,1.50,,,,1.12,6.74%,49.57%,94.25%,8.17%,1.72,0,1.15
OSCR,120.60,3014332956,15.28,0.26,3.08,0.10,20.58,0.84%,1162240956,0.13,13.12,33.76,81.76%,3.17,0.33,2.97,,45.70,1.22,31.53%,2.98,,,,-19.94%,,0,0.00
AMED,70.10,3017071045,18.90,1.20,13.61,1.26,26.00,1.43%,3173130045,1.35,17.39,12.79,6.78%,14.03,1.28,2.66,1.32,73.40,14.75,7.13%,,,,,-1.39%,,0,0.00
HGTY,87.50,787856125,27.09,0.57,4.45,0.42,,1.22%,583783125,0.49,13.41,28.36,26.67%,5.06,0.66,5.24,,60.87,3.75,19.76%,,,,,73.99%,,0,0.00
FTDR,12.99,2886280110,12.19,1.44,10.69,1.83,10.51,8.14%,3669280110,1.99,9.46,7.71,6.30%,12.49,1.57,12.08,,15.61,15.88,8.00%,,,,,3.58%,,0,0.00
OGN,3.43,2948368500,2.97,0.47,3.14,1.77,8.40,29.30%,11153368500,1.74,6.95,1.67,6.89%,3.84,0.46,6.25,,12.91,14.52,26.05%,,9.80%,,33.63%,8.67%,1.12,0,0.28
BNL,17.35,2813078880,21.41,6.22,10.18,10.41,19.82,5.77%,4711358880,10.91,12.10,8.07,4.60%,12.99,6.51,0.94,,29.00,21.76,7.70%,1.23,7.70%,2.65%,135.10%,7.60%,1.16,5,0.29
CPK,24.24,2944040220,20.35,3.30,12.30,4.97,19.24,4.03%,4427940220,5.62,14.21,9.34,-2.50%,,3.74,2.12,2.40,37.34,,-3.76%,3.38,2.01%,8.47%,48.67%,-20.21%,2.56,10,0.64
BLKB,,2964037300,14.05,2.60,10.01,2.86,,-9.55%,3263696300,2.82,,11.49,7.01%,12.96,2.57,20.87,0.12,,14.27,7.72%,,,,,5.88%,,,0.12
MUR,7.39,2844329880,6.69,0.96,1.65,1.51,7.59,14.32%,4486722880,1.48,3.08,1.81,18.29%,3.47,0.94,0.55,0.31,11.02,5.47,28.86%,0.56,6.51%,8.70%,48.12%,10.12%,1.30,3,0.33
BSM,11.92,2891534910,9.95,5.91,7.43,5.96,10.62,8.36%,2914015910,6.72,9.09,9.05,9.50%,10.45,6.67,3.49,1.22,12.05,10.53,9.57%,3.49,10.96%,-21.05%,130.66%,17.17%,1.50,0,0.38
WHD,12.97,2455208754,11.63,2.14,7.77,1.88,8.78,7.55%,2154081754,1.91,7.04,7.81,13.03%,8.75,2.17,2.29,,11.62,7.67,11.43%,4.06,1.44%,34.04%,18.75%,0.90%,0.52,6,0.13
FHI,11.49,3016341300,9.05,1.72,8.70,1.62,7.20,8.90%,2837266300,1.74,6.81,6.44,12.07%,8.81,1.85,2.75,1.69,10.57,8.28,11.36%,,3.35%,100.00%,38.39%,8.48%,1.24,2,0.31
UCB,11.62,2831865600,9.61,2.69,8.10,2.63,8.76,8.64%,2761144600,3.06,7.75,,11.00%,9.32,3.14,0.83,,11.29,9.09,10.73%,1.19,4.09%,3.26%,47.06%,2.26%,0.96,10,0.24
TCBI,47.52,2808532983,10.60,2.24,5.84,0.93,10.88,2.15%,1165070983,1.35,7.22,,35.73%,6.75,3.25,0.83,1.40,19.33,2.80,14.82%,0.91,,,,3.77%,,,0.41
FUL,25.43,2766087714,11.90,0.78,13.68,1.37,16.12,4.07%,4840341714,1.36,10.21,5.12,1.54%,37.22,0.78,1.56,2.23,43.02,65.14,2.69%,,1.72%,8.54%,44.66%,2.68%,0.89,56,0.22
APAM,9.57,2450906559,9.76,2.05,6.57,2.08,6.91,10.60%,2483395559,2.23,6.75,7.45,14.82%,6.66,2.20,6.30,1.38,9.56,6.75,15.02%,7.23,9.90%,25.18%,95.12%,7.61%,3.48,1,1.34
FULT,9.70,2774906000,7.99,2.65,6.66,3.34,10.14,10.04%,3493083000,3.00,8.70,,10.71%,7.42,2.38,0.87,-7.57,12.54,9.34,13.48%,1.17,4.72%,6.06%,45.86%,-6.14%,0.72,1,0.18
ABM,34.50,2723868378,11.48,0.31,22.59,0.50,19.50,2.95%,4324868378,0.51,13.21,6.54,1.38%,45.55,0.32,1.53,4.45,53.79,72.32,2.20%,,2.39%,10.11%,83.74%,3.57%,1.06,58,0.27
GMS,19.51,2711230188,10.73,0.49,6.93,0.78,14.41,5.38%,4387878188,0.78,9.49,5.42,7.75%,7.97,0.48,1.95,0.73,30.10,12.90,12.55%,,,,,4.45%,,0,0.00
BHF,10.30,2778194925,2.35,0.30,,0.10,2.13,10.29%,888194925,0.19,2.13,,-32.65%,,0.59,0.56,,3.11,,-10.44%,0.56,,,,7.55%,0.00,0,0.00
SBSW,,2752729325,8.45,,7.55,,,-74.98%,3547054399,0.57,,315.59,-21.96%,,0.44,1.10,,,,-28.29%,1.23,,,,-0.78%,,,0.11
PDCO,20.31,2725877778,12.61,0.40,,0.50,14.91,5.09%,3466517778,0.53,10.69,8.65,-25.02%,,0.42,2.75,2.10,24.98,,-31.82%,4.14,2.52%,,50.42%,6.26%,0.78,0,0.26
GNW,9.68,2717769265,14.14,,30.88,,3.82,11.00%,2187769265,0.30,3.82,3.62,4.02%,30.88,0.37,0.32,0.72,7.32,24.86,3.24%,0.33,,,,7.48%,,,0.10
DOOO,63.22,2637907027,7.42,0.33,4.98,0.60,,-5.61%,4811992869,0.89,22.09,4.02,4.67%,11.74,0.49,14.93,2.04,,21.42,8.52%,,1.68%,8.58%,,3.94%,0.61,1,0.15
WSFS,10.27,2660271768,9.95,3.67,12.10,2.60,5.44,9.91%,1889060768,1.92,4.88,,10.89%,12.94,2.70,1.03,1.96,7.16,9.19,7.73%,1.65,1.30%,,13.61%,4.24%,0.60,0,0.15
USAC,32.26,2729611025,22.03,2.69,8.00,5.17,17.76,3.01%,5243832025,5.52,9.36,4.81,2.63%,19.81,2.87,98.34,-68.32,63.93,38.05,5.05%,,9.26%,,291.67%,-4.69%,2.10,0,0.53
AI,,2584133805,,5.60,,4.03,,-10.91%,1859806805,5.07,,,-1.93%,,7.04,3.00,,,,-1.39%,3.09,,,,-8.21%,,0,0.00
EE,20.03,2870839357,18.81,3.40,11.74,3.51,24.74,1.15%,2968704357,3.49,13.44,8.53,4.42%,21.88,3.37,5.88,,90.29,22.63,4.57%,5.52,0.94%,70.00%,18.90%,77.08%,0.24,3,0.06
SAM,46.92,2660745273,24.45,1.28,10.69,1.20,28.37,2.24%,2484866273,1.23,13.68,10.70,6.95%,15.41,1.32,2.90,0.75,41.63,14.39,6.49%,3.34,,,,4.01%,,,0.08
ZI,98.00,2653173600,8.19,2.16,7.18,3.17,55.27,1.10%,3902073600,3.21,24.97,10.89,7.72%,8.81,2.18,1.57,,134.09,12.96,11.35%,,,,,11.91%,,0,0.00
NVST,,2675801520,15.19,1.04,7.95,1.23,,-41.80%,3154401520,1.26,,9.57,9.60%,8.84,1.07,0.91,,,10.42,11.32%,116.34,,,,-3.18%,,0,0.00
MRCY,,2652232528,77.32,2.90,21.26,3.34,,-3.41%,3058972528,3.46,,103.30,3.16%,27.43,3.00,1.82,2.65,,31.64,3.65%,8.94,,,,-1.98%,0.00,0,0.00
CATY,9.44,2620587410,8.64,3.30,7.96,2.30,5.74,10.91%,1822855410,2.63,5.45,,17.86%,8.05,3.79,0.92,2.08,6.37,5.60,12.42%,1.06,3.62%,,34.43%,4.31%,1.36,0,0.34
ASGN,15.30,2554306000,11.50,0.62,6.39,0.83,11.33,6.86%,3449006000,0.84,8.61,6.53,10.57%,7.00,0.62,1.44,2.02,19.69,9.46,14.28%,,,,,6.16%,,0,0.00
TAC,20.79,2530660500,15.53,,4.44,,10.96,4.86%,4967555797,2.51,5.96,3.24,7.05%,7.23,1.28,2.02,-2.34,40.41,14.19,13.84%,626.78,2.04%,2.96%,42.75%,-7.45%,0.17,1,0.05
NXE,,2495450880,,,,,,-2.16%,2480902791,,,,-4.45%,,,2.97,,,,-4.43%,3.18,,,,-4.83%,,0,0.00
WGS,,2564179547,95.75,7.08,,7.01,,-2.04%,2539162547,8.31,,,-1.34%,,8.39,10.46,,,,-1.33%,29.60,,,,-10.61%,,0,0.00
GT,37.48,2564609425,7.11,0.13,3.67,0.55,15.57,2.34%,10540609425,0.56,6.11,1.60,-4.50%,,0.14,0.54,1.67,175.68,,-18.48%,0.80,,,,-0.70%,,,0.16
RSI,367.50,2482488706,28.50,2.34,23.32,2.12,115.60,0.10%,2249732706,2.43,42.81,44.49,3.61%,30.61,2.69,31.55,,942.10,27.74,3.27%,1889.08,,,,-29.06%,,0,0.00
CRNX,,2498352225,,498.18,,238.39,,-11.94%,1195505225,1150.63,,,-19.22%,,2404.57,1.89,,,,-9.20%,1.89,,,,-39.11%,,0,0.00
SRRK,,2407631024,,,,,,-10.23%,2033072024,,,,-9.89%,,,6.53,,,,-8.35%,6.52,,,,-19.79%,,0,0.00
BATRA,,2368106971,333.33,3.26,142.39,4.10,1045.11,-1.32%,2976472971,4.49,45.32,121.78,-2.33%,,3.57,4.52,-0.96,,,-2.93%,10.91,,,,-0.67%,,,0.25
GSAT,,2423912310,,8.98,5.52,9.52,,-3.04%,2570426310,10.27,83.23,27.37,7.60%,12.41,9.68,6.75,,,13.16,8.06%,9.98,,,,-2.90%,,0,0.00
AZZ,53.60,2426434640,14.47,1.46,9.74,2.00,13.07,1.92%,3331187640,2.09,9.89,7.48,4.08%,17.87,1.52,2.36,1.24,71.66,24.53,5.60%,,0.81%,,53.11%,-1.88%,0.68,0,0.17
RIOT,19.99,2388418560,20.88,3.33,,3.46,22.17,4.58%,2485898560,6.60,7.58,7.82,-37.15%,,6.34,0.76,,22.72,,-38.67%,0.80,,,,-82.22%,0.00,,1.00
BATRK,,2372146016,322.58,3.27,291.96,3.93,,-5.00%,2848886016,4.40,,117.39,-2.63%,,3.67,4.95,,,,-3.16%,10.52,,,,-16.49%,,0,0.00
ACVA,,2451945754,60.61,3.10,37.49,2.74,,-3.25%,2165799754,3.40,,,1.44%,78.70,3.85,5.57,,,69.51,1.27%,23.19,,,,-3.06%,,0,0.00
UA,,2194445858,14.65,0.43,588.01,0.54,,-6.11%,2772706858,0.52,,6.32,-5.54%,,0.41,1.11,1.37,,,-7.00%,1.58,,,,2.48%,,0,0.00
XENE,,2283271724,,,,,,-10.26%,1665381724,,,,-11.08%,,,3.02,,,,-8.08%,3.02,,,,-16.45%,,0,0.00
HURN,22.68,2548753064,19.59,1.55,12.66,1.78,16.31,4.58%,2925450064,1.92,13.88,10.90,5.77%,15.10,1.67,4.54,1.52,25.08,17.33,6.62%,,,,,5.04%,0.00,0,0.00
SMTC,,2313968625,15.21,2.13,39.90,2.50,,-7.00%,2713752625,2.98,,21.92,1.85%,46.07,2.54,4.27,0.77,,54.03,2.17%,,,,,-11.66%,,0,0.00
CENT,19.54,2108352507,14.89,0.64,5.33,0.87,13.27,5.77%,2888021507,0.90,7.88,7.01,12.35%,5.91,0.65,1.39,2.56,23.76,8.10,16.92%,4.64,,,,2.00%,,1,10.83
INDB,12.25,2359409722,10.19,2.93,10.26,3.53,11.50,8.14%,2840893722,4.35,9.86,,7.38%,11.26,3.61,0.79,11.00,14.79,13.56,8.88%,1.18,4.38%,3.60%,52.22%,7.83%,2.36,6,0.59
AKR,97.74,2224184610,50.93,6.33,15.84,10.66,32.77,0.97%,3749667610,10.42,14.59,10.35,-0.63%,,6.18,1.08,22.04,173.19,,-1.07%,1.17,4.11%,5.56%,402.00%,-9.51%,0.76,1,0.20
HCC,9.12,2296841410,15.27,1.53,6.25,1.31,6.79,10.91%,1956124410,1.28,4.43,5.54,-6.18%,,1.51,1.10,,7.81,,-5.26%,1.10,0.73%,-59.49%,6.68%,0.16%,0.32,0,0.08
VSEC,130.74,2296979309,28.74,1.85,,2.21,45.58,0.67%,2746266309,2.54,30.85,17.41,-1.88%,,2.13,2.32,1.08,179.21,,-2.25%,7.65,0.36%,,46.95%,-26.38%,0.40,0,0.10
PAYO,20.31,2268879470,21.62,2.15,12.82,8.25,62.46,5.34%,8711279470,8.91,46.64,13.40,1.34%,19.47,2.32,3.13,,71.90,74.75,5.14%,4.16,,,,1.64%,,0,0.00
ATS,37.57,2326776408,12.07,0.81,,1.18,23.95,2.66%,3386184951,1.77,13.57,10.70,-0.73%,,1.22,1.85,,54.62,,-1.06%,,,,,1.32%,,0,0.00
WEN,13.57,2529456260,12.71,1.11,7.12,2.69,15.49,7.68%,6137029260,2.73,11.07,4.97,4.25%,9.69,1.13,9.75,1.37,31.58,23.52,10.32%,,7.76%,,105.26%,8.93%,1.00,0,0.25
DXC,,2571619996,4.21,0.20,1.89,0.43,21.14,-2.92%,5349619996,0.41,3.33,1.84,24.02%,2.00,0.20,0.86,0.28,,4.16,49.97%,3.75,,,,6.52%,,,0.21
HAYW,22.11,2581308600,16.49,2.38,12.17,3.09,16.23,4.60%,3349272600,3.18,12.77,9.51,5.62%,13.72,2.45,1.81,1.29,28.23,17.81,7.29%,,,,,-0.88%,,0,0.00
FIBK,11.20,2563100120,9.72,2.40,7.22,3.79,13.76,8.82%,4053200120,4.35,11.53,,8.19%,7.72,2.75,0.78,1.84,17.93,12.21,12.95%,1.20,7.74%,,85.84%,8.18%,1.88,0,0.47
WD,23.61,2559503870,16.38,2.08,19.79,3.09,18.26,4.23%,3804827870,3.36,8.53,,3.06%,21.99,2.26,1.46,1.25,35.18,32.69,4.55%,3.54,3.61%,3.15%,84.01%,2.55%,2.68,7,0.67
CAKE,14.16,2351047575,11.99,0.61,8.76,1.08,23.05,6.67%,4175091575,1.17,14.77,7.92,2.59%,21.78,0.66,5.30,1.00,26.63,38.67,4.59%,12.21,2.38%,,33.75%,2.52%,1.08,0,0.27
HUN,,2335159680,130.72,0.37,8.88,0.67,,-8.09%,4232159680,0.70,13.39,6.43,1.87%,29.56,0.39,0.79,1.79,,53.57,3.38%,1.18,7.47%,3.90%,,10.46%,1.00,4,0.25
WOR,38.96,2339557000,15.39,2.03,12.61,2.13,29.47,1.83%,2464959000,2.13,18.71,28.27,5.65%,16.79,2.03,2.57,0.35,57.69,17.69,5.96%,7.10,1.47%,-4.84%,56.21%,1.27%,0.68,0,0.17
HWKN,27.88,2286911830,26.09,2.25,18.72,2.36,20.64,3.58%,2403016830,2.52,15.53,14.95,3.34%,28.50,2.40,5.00,3.47,29.36,29.95,3.51%,10.90,0.67%,11.11%,18.42%,0.81%,0.72,10,0.18
CVBF,11.44,2286942840,11.51,4.67,9.16,5.81,10.48,8.78%,2843651840,5.63,9.92,,8.60%,9.35,4.53,1.05,2.22,14.17,11.62,10.70%,1.63,4.88%,,55.57%,4.65%,0.80,1,0.20
RXO,,2296388767,48.39,0.34,,0.44,,-12.63%,2925388767,0.64,,19.66,-1.95%,,0.50,1.42,5.86,,,-2.48%,,,,,-11.68%,0.00,0,0.00
TEX,6.92,2276176255,7.04,0.42,6.98,0.82,9.00,14.72%,4472176255,0.87,7.72,3.78,4.25%,11.98,0.44,1.24,1.64,13.35,23.54,8.35%,,1.99%,3.03%,13.71%,3.01%,0.68,4,0.17
SFNC,14.71,2240728605,11.00,2.53,5.26,3.06,15.77,6.81%,2702125605,3.71,12.43,,14.08%,5.89,3.07,0.63,3.72,17.70,7.10,16.98%,1.06,4.78%,4.01%,70.25%,4.17%,0.85,10,0.21
UE,28.27,2132686080,70.07,4.37,13.92,7.63,23.79,3.40%,3724384080,8.37,11.68,9.25,-3.81%,,4.79,1.67,6.59,51.33,,-6.65%,1.91,4.48%,7.69%,127.18%,1.22%,0.76,1,0.19
UAA,,2189594129,15.31,0.42,586.71,0.54,,-6.12%,2767855129,0.52,,5.98,-5.55%,,0.41,1.10,1.63,,,-7.02%,1.50,,,,2.48%,,0,0.00
NMIH,7.54,2625791787,7.07,4.21,6.67,4.78,5.97,13.71%,2986629787,4.59,5.83,5.12,12.95%,6.79,4.03,1.18,1.66,8.29,7.72,14.73%,1.18,,,,3.08%,,0,0.00
LFST,,2589944250,113.64,1.83,24.15,2.06,,-2.22%,2913311250,2.33,36.70,61.54,2.94%,30.22,2.07,1.79,,,34.00,3.31%,,,,,-3.18%,,0,0.00
NMRK,30.38,1864175342,6.97,0.60,,0.87,19.45,3.28%,2699218342,0.99,8.62,7.99,-1.54%,,0.68,1.55,,44.08,,-2.22%,,1.16%,,35.29%,0.42%,0.12,0,0.03
WSBC,12.02,2598402632,8.14,3.12,12.31,4.21,18.92,5.44%,3501646632,5.97,17.47,,5.73%,12.95,4.43,0.93,1.71,24.77,17.45,7.72%,1.71,5.47%,2.82%,65.52%,0.04%,1.48,10,0.37
DOCN,31.71,2598153316,14.54,2.88,9.19,4.29,36.13,3.25%,3859542316,4.94,16.29,11.47,2.49%,27.00,3.33,,1.87,45.68,40.10,3.70%,,,,,1.98%,,0,0.00
JJSF,30.58,2586557713,25.88,1.54,16.24,1.59,22.78,3.26%,2677638713,1.69,14.16,13.58,3.26%,29.62,1.63,2.73,5.25,31.72,30.67,3.38%,4.45,2.37%,5.85%,72.15%,1.64%,3.12,10,0.78
SG,,2572459461,,3.25,59.29,3.39,,-3.51%,2685744461,3.97,322.92,,-1.53%,,3.80,5.77,,,,-1.60%,6.66,,,,-2.16%,,0,0.00
TMDX,73.50,2502294504,51.56,4.57,51.27,4.90,53.47,1.42%,2683431504,6.08,37.52,43.64,-3.02%,,5.67,10.95,,75.67,,-3.23%,11.63,,,,-8.30%,,0,0.00
USLM,23.73,2574154752,,,20.43,,16.87,4.23%,2301162752,7.24,14.33,17.22,4.31%,25.96,8.10,5.17,,21.14,23.21,3.85%,5.16,0.27%,23.53%,6.33%,-0.06%,0.24,1,0.06
SPNT,15.44,2608706640,78.73,,34.92,,7.84,7.05%,2353206640,0.90,7.54,7.29,3.17%,34.92,1.00,1.35,,12.80,31.50,2.86%,1.63,,,,0.08%,,,0.50
XRAY,,2487400000,7.04,0.67,5.40,1.20,,-36.58%,4441400000,1.17,,4.36,6.33%,8.85,0.66,1.28,0.74,,15.81,11.30%,,5.06%,10.34%,,8.84%,0.64,6,0.16
RUM,,3333242331,,29.57,,28.58,,-10.15%,3221023984,33.73,,,-2.78%,,34.91,,,,,-2.69%,,,,,-1.32%,,0,0.00
NGD,24.25,2682507000,10.29,,6.83,,29.62,3.82%,2971207000,3.21,8.53,5.94,4.10%,22.04,2.90,2.55,-2.09,28.96,24.41,4.54%,2.42,,,,-10.88%,,0,0.00
POWI,78.96,2518326530,27.79,5.20,31.02,4.58,72.13,1.28%,2218331530,5.29,33.95,47.94,2.88%,39.41,6.01,3.36,1.70,68.82,34.72,2.54%,3.89,1.85%,5.13%,150.00%,2.70%,0.84,10,0.21
ALRM,22.12,2524296631,21.92,2.53,12.23,2.36,15.24,4.92%,2360306631,2.51,11.98,19.30,8.25%,12.97,2.69,3.47,1.54,19.02,12.13,7.71%,4.94,,,,-6.16%,,0,0.00
ASO,6.57,2524067049,5.97,0.40,4.78,0.64,6.99,16.58%,4021692049,0.68,5.56,3.89,8.52%,7.36,0.43,1.26,0.48,9.61,11.73,13.58%,4.48,1.38%,21.05%,9.08%,7.10%,0.52,3,0.13
MGRC,11.03,2554429604,17.12,2.63,6.82,3.24,8.71,9.07%,3143830604,3.45,6.71,10.05,7.11%,11.42,2.80,2.27,1.06,13.57,14.06,8.75%,3.43,1.89%,2.14%,20.57%,1.64%,1.94,10,0.49
GEF.B,10.13,2489688452,12.23,0.47,5.00,1.05,14.18,10.83%,5587988452,1.07,8.13,3.52,5.02%,8.88,0.48,1.24,,20.72,19.93,11.26%,,5.90%,3.90%,72.16%,6.32%,3.20,4,0.81
SEB,28.26,2483711071,,,4.79,,9.56,3.54%,3021711071,0.33,4.82,5.36,1.39%,59.14,0.27,0.53,,34.34,71.95,1.69%,0.55,0.35%,,9.93%,13.47%,9.00,0,2.25
VKTX,,2445883920,,,,,,-4.50%,1544344920,,,,-5.68%,,,2.78,,,,-3.59%,2.78,,,,-15.57%,,0,0.00
GRBK,6.51,2449180928,6.28,1.03,94.52,1.11,5.53,15.58%,2634433928,1.26,5.47,5.08,0.82%,113.67,1.17,1.51,0.76,6.90,122.26,0.88%,1.55,,,,2.35%,,0,0.00
DLO,21.97,2440887166,14.32,2.54,,2.02,9.67,4.93%,1940851166,2.60,8.90,16.98,-1.78%,,3.27,4.99,,16.12,,-1.41%,5.75,,,,2.49%,,0,0.00
YETI,14.18,2405746630,9.74,1.21,9.20,1.12,9.56,7.30%,2219454630,1.21,7.92,8.20,9.89%,10.96,1.31,3.25,1.66,12.63,10.11,9.13%,4.85,,,,1.89%,,0,0.00
BOH,17.38,2391184442,14.96,3.39,13.40,3.36,12.00,5.74%,2374681442,3.78,10.35,,7.11%,14.17,3.81,1.43,2.09,17.29,14.07,7.06%,1.85,4.66%,,80.92%,3.95%,2.80,0,0.70
SLVM,8.12,2379287947,8.59,0.68,5.07,0.85,6.71,12.69%,2978287947,0.79,4.94,3.92,8.33%,9.59,0.63,2.81,,9.86,12.01,10.42%,3.21,3.05%,24.14%,25.07%,4.35%,1.80,3,0.45
OUT,9.33,2361733500,16.07,1.27,7.89,3.39,14.88,10.93%,6327833500,3.46,10.97,6.22,3.49%,10.68,1.29,3.65,1.12,24.51,28.62,9.36%,,11.61%,37.50%,109.15%,5.39%,1.65,1,0.30
MAN,16.85,2362249708,12.93,0.14,7.64,0.18,10.08,6.14%,3084649708,0.17,7.86,5.49,8.37%,9.15,0.13,1.11,6.87,21.26,11.95,10.93%,60.47,6.07%,4.76%,102.33%,10.30%,3.08,10,1.54
MCW,35.07,2380176748,16.67,2.22,9.57,3.90,22.96,2.95%,4182392748,4.20,13.35,8.75,1.17%,48.81,2.39,2.38,,59.55,85.76,2.05%,,,,,-0.39%,,0,0.00
GCMG,417.33,2366228670,14.96,4.12,15.90,4.81,48.97,0.79%,2762689670,5.37,42.29,30.83,4.78%,17.92,4.60,,,147.78,20.92,5.58%,,3.53%,,1282.46%,1.85%,0.44,0,0.11
CAR,,2480339208,7.74,0.21,0.71,2.27,,-73.42%,27359339208,2.32,15.76,1.73,3.11%,2.92,0.21,,1.76,,32.19,34.27%,,,,,2.99%,,1,10.00
ALKT,,2464837630,50.83,5.71,132.54,5.49,,-1.66%,2367555630,7.09,,,0.45%,229.46,7.38,6.90,,,220.40,0.44%,13.70,,,,-5.11%,,0,0.00
SIG,,2478519324,6.14,0.36,4.19,0.45,26.70,-1.44%,3054419324,0.46,11.63,4.22,14.34%,5.66,0.37,1.34,1.25,,6.98,17.67%,2.33,2.22%,21.43%,,20.55%,1.28,3,0.32
ALVO,,2514043980,42.76,,,,42.67,-9.22%,3652851980,7.42,31.25,28.71,-6.52%,,5.11,,,,,-9.47%,,,,,-5.03%,,0,0.00
CIVI,3.14,2472399834,3.28,0.48,0.86,1.34,4.43,33.92%,6823587834,1.31,1.90,0.69,16.15%,2.24,0.47,0.37,0.23,8.14,6.19,44.58%,0.37,15.12%,-41.74%,47.52%,1.11%,4.02,0,0.50
PAGS,8.10,2641811639,5.84,0.12,,0.42,8.97,11.89%,9236696893,3.31,7.11,1.98,-10.44%,,0.95,1.07,,29.42,,-36.51%,1.27,,,,0.00%,,0,0.00
PRGS,44.83,2468831880,10.36,2.48,11.76,3.90,31.49,2.30%,3875182880,4.80,27.60,8.97,5.26%,12.12,3.06,5.72,2.28,68.29,19.02,8.25%,,0.61%,,27.61%,0.49%,0.35,0,0.18
SM,3.18,2431172880,3.12,0.69,1.36,1.47,4.66,31.68%,5159393880,1.92,2.69,1.29,-31.63%,,0.90,0.57,0.16,6.70,,-67.12%,0.57,3.77%,18.18%,11.99%,6.87%,0.80,3,0.20
JOE,32.37,2390025415,,,22.13,,21.82,3.10%,2917507415,7.24,16.20,16.89,1.99%,41.17,5.93,3.30,-2.72,39.33,50.25,2.43%,3.31,1.35%,17.39%,44.09%,1.28%,0.56,5,0.14
GEF,13.84,2474039861,11.08,0.46,7.71,1.02,12.56,8.50%,5421539861,0.98,7.25,3.34,2.98%,15.32,0.45,1.21,2.25,25.79,33.57,6.53%,,4.28%,3.88%,48.71%,3.38%,2.16,4,0.54
CCOI,,2466793260,,2.27,,4.22,,-8.27%,4575797260,4.42,28.30,20.07,-4.45%,,2.38,11.07,,,,-8.26%,,7.89%,4.21%,,8.36%,3.96,10,1.00
FA,,2378863230,14.42,1.50,84.37,2.76,,-4.64%,4365913230,5.08,52.51,28.55,-0.09%,,2.77,1.82,,,,-0.17%,,,,,-1.61%,,,1.50
DGNX,,2310876900,,,,,,-0.21%,2297926729,1768.26,,,-0.25%,,1778.23,,,,,-0.25%,,,,,,,0,0.00
APLS,,2358445640,,2.71,,2.78,,-8.39%,2415617640,3.09,,,-3.65%,,3.02,10.32,,,,-3.74%,9.91,,,,-4.40%,,0,0.00
VCYT,96.27,2326262556,51.01,4.67,30.98,4.19,81.03,1.04%,2086014556,4.68,38.52,46.31,3.06%,36.46,5.22,1.98,,86.42,32.69,2.74%,7.10,,,,-7.60%,,0,0.00
ACAD,10.43,2371739580,19.97,2.21,15.04,1.54,6.39,9.55%,1649013580,1.72,6.02,23.61,9.53%,15.09,2.48,3.24,-0.42,7.28,10.49,6.63%,3.86,,,,-1.55%,,0,0.00
ENVA,12.03,2305174032,7.63,0.73,1.50,1.76,9.93,9.09%,5578153032,3.65,9.27,,26.80%,1.54,1.51,1.93,,26.63,3.73,64.86%,2.88,,,,11.65%,,0,0.00
ODD,25.39,2321898997,21.50,2.95,16.85,2.85,17.55,4.37%,2244388997,3.47,16.30,18.53,5.78%,17.89,3.59,8.22,,22.11,17.30,5.59%,12.85,,,,-2.02%,,0,0.00
STR,31.55,1206075528,31.59,1.95,2.61,3.70,15.86,3.39%,2286263528,3.66,4.92,4.51,5.80%,9.10,1.93,0.82,,55.84,17.25,10.99%,1.60,9.15%,-26.32%,285.71%,8.89%,1.40,0,0.41
CURB,248.44,2352595885,54.80,15.91,43.36,11.67,154.58,0.44%,1726186885,14.28,32.52,30.97,2.11%,64.50,19.46,1.21,,168.21,47.33,1.55%,1.26,1.83%,,455.56%,1.91%,0.41,1,0.16
REZI,25.31,2288412050,6.48,0.30,5.15,0.48,11.85,3.98%,3579412050,0.53,8.03,3.06,10.17%,6.29,0.34,0.69,,39.33,9.83,15.91%,,,,,-0.68%,,0,0.00
WLYB,56.80,2292989605,32.77,5.22,11.04,7.05,,-8.74%,3097016605,1.65,79.52,7.82,4.25%,17.43,1.22,3.10,2.47,,23.54,5.74%,,3.35%,0.71%,187.88%,5.86%,1.41,10,0.35
PRK,15.08,2301203048,15.66,4.26,12.87,4.51,12.88,6.58%,2437225048,4.82,12.10,,6.96%,13.56,4.55,1.85,4.82,16.10,14.36,7.37%,2.10,3.38%,12.83%,50.97%,3.12%,4.75,1,1.07
AGL,,2236743775,178.57,0.37,,0.31,,-11.63%,1866050775,0.31,,,-3.81%,,0.37,4.75,,,,-3.18%,5.98,,,,-0.50%,,0,0.00
ASH,,2292617111,10.27,1.18,12.46,1.79,,-1.00%,3489617111,1.71,,6.32,1.72%,38.21,1.12,0.88,-1.36,,58.16,2.62%,3.40,3.35%,5.19%,,11.45%,1.62,10,0.41
PRKS,10.88,2268845670,8.37,1.28,4.73,2.55,9.83,10.03%,4516317670,2.62,7.25,3.51,5.13%,9.79,1.32,,,19.85,19.49,10.21%,,,,,6.95%,,,0.10
TOWN,14.31,2311693976,11.44,2.83,10.44,4.67,120.96,6.54%,3809005976,4.16,57.69,,4.72%,12.85,2.53,1.12,,25.19,21.17,7.78%,1.41,3.30%,,46.51%,2.84%,1.00,10,0.25
MANU,,2272294901,,3.28,25.70,4.49,,-7.38%,3107244735,4.01,,15.68,-7.55%,,2.93,8.92,,,,-10.32%,,,,,-3.68%,,,0.09
CXW,32.02,2169415710,28.67,1.08,8.06,1.50,19.03,3.17%,3032451710,1.55,10.55,6.83,6.98%,10.25,1.11,1.45,1.44,44.03,14.32,9.76%,1.46,,,,2.94%,,,0.44
OLN,21.58,2260230120,16.44,0.34,4.49,0.78,15.87,4.80%,5234830120,0.80,6.17,2.59,5.89%,7.34,0.35,1.12,1.82,48.20,16.99,13.63%,,4.07%,,87.91%,11.30%,0.80,0,0.20
IPGP,,2238056360,37.14,2.24,9.03,1.31,,-8.11%,1307864360,1.34,,29.48,13.61%,12.58,2.29,1.11,2.52,,7.35,7.95%,1.18,,,,6.31%,,,0.65
UTF,,2244942554,,,14.19,,,-8.74%,3194055881,,,,4.95%,14.19,,1.00,,,20.19,7.05%,0.97,8.00%,,65.52%,8.04%,1.86,0,0.16
WLY,56.85,2217792015,32.35,5.05,9.42,7.06,15.72,1.86%,3102058015,1.82,8.73,7.62,5.62%,12.72,1.30,3.24,2.48,75.05,17.79,7.86%,,3.40%,0.71%,187.88%,4.87%,1.41,10,0.35
CALX,,2176413299,45.90,2.48,31.82,2.15,,-1.37%,1883042299,2.26,,,2.67%,43.23,2.62,2.79,3.26,,37.40,2.31%,3.29,,,,4.96%,,0,0.00
GENI,,2308238625,194.52,3.78,28.20,3.57,,-2.73%,2180510625,4.27,158.88,,0.81%,131.04,4.52,4.03,,,123.79,0.76%,17.13,,,,-1.61%,,0,0.00
PAR,,2192016081,353.51,4.84,,5.40,5938.38,-0.23%,2446611081,6.99,63.85,,-1.31%,,6.26,2.51,,,,-1.46%,,,,,-23.97%,,,0.31
AMRX,,3190995611,9.92,1.07,10.81,1.90,35.28,-3.66%,5665714611,2.03,14.28,3.62,4.14%,13.59,1.14,,,,24.13,7.36%,,,,,-75.42%,,0,0.00
MLTX,,2142435808,,,,,,-5.66%,1697238019,,,,-6.90%,,,4.79,,,,-5.47%,4.79,,,,-27.99%,,0,0.00
CENTA,17.23,2104769591,13.13,0.64,5.48,0.96,12.82,7.05%,3164285591,0.96,8.15,6.39,10.78%,6.17,0.64,1.39,2.54,21.33,9.27,16.21%,4.23,,,,0.13%,,0,0.00
CSAN,,2174613443,12.05,,0.98,,48.68,-64.30%,11572924960,1.77,12.96,0.88,7.73%,2.43,0.33,1.18,,,12.93,41.14%,,7.49%,0.67%,,7.89%,0.35,2,0.35
RNW,123.88,2099631191,20.40,1.39,2.74,6.67,15.02,0.73%,10045736437,8.59,11.18,2.67,-5.13%,,1.79,1.68,,651.30,,-24.54%,2.53,,,,-0.65%,,0,0.00
IBRX,,2099467320,11.65,16.86,,21.98,,-19.70%,2738228320,185.71,,,-14.54%,,142.39,,,,,-18.96%,,,,,-37.71%,,0,0.00
BKU,9.59,2201419895,8.98,1.98,5.07,4.81,16.91,10.56%,5348856895,5.58,14.21,,10.88%,3.78,2.30,0.78,0.28,23.01,9.19,26.44%,0.81,4.22%,7.27%,40.24%,3.71%,1.24,5,0.31
YELP,18.30,2239418208,13.49,1.48,7.84,1.30,10.74,5.93%,1964661208,1.39,8.24,13.16,12.65%,9.01,1.59,3.01,0.40,14.79,7.91,11.10%,4.04,,,,4.06%,,0,0.00
HCM,62.83,2190333564,43.29,,4407.11,,30.21,1.72%,1444043564,2.29,30.21,,-1.12%,,3.48,2.88,,38.27,,-0.74%,2.92,,,,-0.42%,,0,0.00
CLVT,,2228772660,4.90,0.93,3.45,2.73,,-29.97%,6526072660,2.55,14.29,2.32,5.48%,6.23,0.87,0.43,0.17,,18.25,16.04%,,,,,-3.28%,,0,0.00
RLX,30.96,2290675200,8.87,,19.61,,276.50,3.30%,1130581824,3.00,,,10.33%,19.61,6.08,1.05,,14.96,9.68,5.10%,1.06,0.46%,,13.64%,4.29%,0.01,0,0.01
LU,,1068571898,3.79,0.18,0.90,0.48,,-44.27%,2782748670,0.78,,1.32,42.53%,0.90,0.30,0.09,,,2.35,110.74%,0.21,9.06%,,,-42.19%,0.24,0,0.24
PTON,,2047097025,33.90,0.82,12.52,1.28,,-14.20%,3196697025,1.22,4566.71,,4.73%,13.53,0.78,,,,21.13,7.39%,,,,,-6.42%,,0,0.00
VAL,5.73,2066329607,7.16,0.93,5.81,1.24,6.04,18.07%,2768529607,1.17,4.77,4.27,-3.60%,,0.87,0.92,,7.41,,-4.82%,0.93,,,,3.06%,,,0.04
FFBC,9.19,2088347675,8.28,2.33,7.97,2.55,8.52,10.96%,2286822675,2.90,7.46,,8.10%,11.27,2.65,0.86,1.71,9.99,12.34,8.87%,1.54,4.38%,3.26%,40.00%,4.01%,0.96,1,0.24
EVTC,19.27,2131495416,9.81,2.33,8.20,3.05,14.53,5.28%,2793338416,3.30,8.54,8.34,6.14%,12.42,2.52,4.51,2.14,24.80,16.27,8.05%,,0.59%,,11.56%,2.17%,0.20,0,0.05
INTR,16.48,2035084153,1.69,0.23,3.20,0.33,10.56,6.61%,2891044900,3.04,9.35,,21.54%,3.27,2.14,1.35,,21.48,4.64,30.60%,1.86,1.58%,,23.90%,-7.63%,0.08,1,0.08
LXP,57.15,2197259040,,6.36,10.40,10.65,33.21,1.73%,3682310040,10.27,11.81,8.69,2.80%,21.29,6.13,1.05,6.37,97.10,35.69,4.70%,1.16,7.30%,3.92%,415.39%,7.17%,0.54,5,0.14
PSNYW,,350318092,,0.12,,,,,,,,,,,,,,,,,,,,,,,0,0.00
WMK,19.87,2186167460,,,11.66,,13.16,5.03%,1977336460,0.41,7.49,8.90,1.65%,67.01,0.46,1.51,,17.99,60.61,1.49%,1.60,1.70%,,33.27%,1.70%,1.36,0,0.34
TR,25.83,2176537769,,,15.67,,15.73,3.99%,1996345769,2.76,13.76,16.22,6.06%,18.00,3.01,2.50,,22.99,16.51,5.55%,3.51,1.14%,2.24%,29.44%,1.95%,0.35,56,0.09
SID,,1902939127,45.45,,1.54,,6.29,-3.43%,6524057549,0.70,4.05,1.48,7.49%,3.89,0.20,0.64,-2.14,,13.35,25.68%,6.21,15.54%,-44.17%,,20.37%,0.22,0,0.08
QBTS,,2072311200,,93.50,,87.20,,-6.94%,1932708200,218.95,,,-2.33%,,234.77,33.08,,,,-2.17%,33.84,,,,-39.23%,,0,0.00
VCEL,209.50,2100694210,154.53,7.24,36.12,7.14,186.34,0.49%,2072802210,8.74,89.04,208.89,-0.28%,,8.86,7.19,,200.04,,-0.28%,7.33,,,,-8.59%,,0,0.00
POWL,13.13,2086710512,11.97,1.79,33.75,1.47,8.34,7.69%,1714678512,1.62,8.06,10.68,2.86%,42.58,1.97,4.20,0.86,10.68,34.99,2.35%,4.22,0.62%,0.95%,8.12%,0.80%,1.07,2,0.27
CHEF,39.05,2112547290,29.96,0.52,13.80,0.71,22.73,2.63%,2913720290,0.77,15.09,11.36,3.55%,20.40,0.56,3.93,3.20,52.52,28.14,4.90%,101.11,,,,-0.75%,,0,0.00
PONY,,1827247330,,,,,,-15.00%,1095488330,14.60,,,,,24.36,1.92,,,,,2.18,,,,-28.30%,,0,0.00
ALG,17.40,2019671170,15.79,1.23,9.63,1.24,12.00,5.74%,2042878170,1.25,9.15,9.28,9.19%,10.75,1.24,1.98,3.89,17.62,10.88,9.30%,3.04,0.71%,16.67%,12.46%,0.30%,1.20,10,0.30
TTAM,11.83,2072234163,21.24,2.36,8.35,2.88,10.09,8.01%,2520293163,1.54,7.21,6.18,4.47%,18.40,1.27,2.76,,15.18,22.38,5.43%,4.16,,,,,,0,0.00
SAH,9.61,2014427879,9.41,0.14,18.45,0.41,13.23,10.72%,6099327879,0.43,10.31,3.33,-0.37%,,0.14,1.90,0.74,28.24,,-1.12%,7.35,2.36%,10.17%,22.65%,4.86%,1.40,4,0.35
CORZ,,2043596501,10.47,3.42,47.64,3.99,,-64.35%,2382492501,4.67,,20.77,-2.20%,,4.00,,,,,-2.56%,,,,,32.65%,,0,0.00
CLSK,63.23,1953019640,6.99,1.95,,1.39,15.51,3.44%,1391630640,4.56,4.95,4.59,-92.80%,,6.40,0.97,,20.73,,-66.13%,1.04,,,,-61.46%,,,0.12
FOLD,,1952510200,234.25,3.03,,3.33,102.98,-2.87%,2146208200,4.06,73.03,45.93,-1.74%,,3.70,10.06,-0.18,,,-1.92%,,,,,-3.12%,,0,0.00
HNI,14.52,1961655497,12.04,0.75,8.65,0.93,11.78,7.11%,2431855497,0.96,7.74,6.43,7.15%,11.29,0.78,2.34,0.98,17.43,13.99,8.86%,9.09,3.16%,3.13%,45.83%,-3.66%,1.32,10,0.33
HAFN,2.67,2014214401,4.84,1.80,1.95,2.55,3.45,38.43%,2852895401,0.99,2.74,1.97,36.38%,1.94,0.70,0.89,,3.69,2.75,51.53%,0.87,28.87%,15.58%,77.19%,27.68%,1.16,4,0.03
LGND,,1950379466,16.79,10.55,20.10,9.20,306.27,-0.21%,1701319466,10.18,39.64,33.48,5.60%,20.48,11.67,2.35,1.53,,17.87,4.88%,4.25,,,,-3.00%,,,0.46
AGYS,91.96,1962653340,45.83,6.19,33.97,6.19,74.85,1.13%,1962792340,7.45,59.77,67.45,2.84%,35.18,7.45,7.64,-2.19,88.17,35.19,2.84%,35.40,,,,-4.95%,,,0.03
PFS,14.13,1936633311,7.13,2.52,4.54,5.40,27.76,5.97%,4152737311,6.84,20.34,,10.24%,4.56,3.19,0.74,1.84,35.95,9.77,21.95%,1.09,6.45%,,91.43%,-40.08%,0.96,0,0.24
ECG,13.82,1980810093,15.50,0.64,12.12,0.73,10.91,7.24%,2258000093,0.79,9.72,9.21,5.70%,15.38,0.70,4.69,,15.74,17.53,6.50%,7.09,,,,0.00%,,0,0.00
MIRM,,1916455220,39.68,4.36,185.61,4.44,,-4.59%,1953478220,5.80,,,0.48%,205.36,5.69,8.49,,,209.33,0.49%,,,,,-16.23%,,0,0.00
TTMI,35.53,1942485415,9.45,0.74,8.20,0.92,18.52,2.90%,2434216415,1.00,10.28,6.29,3.73%,21.40,0.80,1.24,0.52,43.24,26.82,4.67%,2.78,,,,0.27%,,0,0.00
STRA,16.90,1945956006,14.44,1.49,11.49,1.45,11.69,5.79%,1887159006,1.55,9.17,9.50,6.82%,15.11,1.60,1.17,0.90,16.75,14.66,6.62%,9.09,2.95%,,51.39%,2.18%,2.40,0,0.60
AGX,22.01,1839018797,24.32,2.04,10.97,1.46,11.82,4.65%,1313881797,1.50,11.24,20.39,11.01%,12.71,2.10,5.23,,15.37,9.08,7.87%,5.73,1.09%,22.73%,24.39%,-1.56%,1.50,3,0.38
PI,47.10,1872955503,44.72,5.23,14.60,5.59,43.63,2.18%,2001042503,5.47,33.66,181.10,5.56%,16.84,5.12,12.50,,49.00,18.00,5.94%,15.46,,,,-10.16%,,0,0.00
LION,,1876427800,8.95,0.57,,1.68,70.44,-10.53%,5550827800,1.85,49.04,7.68,-5.23%,,0.62,,,,,-15.47%,,,,,-13.93%,0.00,,0.12
CLOV,,1862254976,,0.98,53.44,0.87,,-2.31%,1640699976,1.20,,,2.03%,55.94,1.36,5.46,,,49.29,1.79%,5.48,,,,-1.63%,,0,0.00
UEC,,1873558840,20.27,,,,,-3.48%,1802838840,26.97,,,-2.72%,,28.03,2.14,,,,-2.61%,2.14,,,,-4.97%,,0,0.00
BLTE,,1862489647,,,,,,-1.94%,1717877647,,,,-1.71%,,,12.77,,,,-1.58%,12.78,,,,-14.83%,,0,0.00
TSLX,9.75,1857305562,8.94,3.94,,7.92,10.74,10.04%,3731119562,7.73,10.74,,-1.22%,,3.85,1.16,1.27,20.00,,-2.45%,1.15,10.51%,-0.48%,102.61%,2.35%,2.08,0,0.46
AIR,,1862234004,11.82,0.64,202.42,0.98,35.29,-0.67%,2851234004,1.06,20.72,8.44,-0.81%,,0.69,1.57,2.41,,,-1.24%,4.28,,,,-1.72%,,,0.08
TARS,,1835722900,,5.18,,4.56,,-6.29%,1616191900,8.83,,,-5.54%,,10.03,8.18,,,,-4.88%,8.49,,,,-27.98%,,0,0.00
DNLI,,1773075150,,44.65,,24.76,,-23.84%,983032150,,,,-36.99%,,,1.44,,,,-20.51%,1.44,,,,-19.73%,,0,0.00
MYRG,61.25,1800330368,17.46,0.52,20.67,0.55,36.15,1.68%,1916860368,0.57,16.22,16.09,1.04%,90.46,0.54,3.00,4.91,63.34,96.31,1.11%,4.39,,,,1.85%,,0,0.00
GTX,6.75,1743610050,6.42,0.50,4.27,0.88,6.19,16.17%,3088610050,0.89,5.24,3.07,10.26%,5.50,0.50,,,10.95,9.74,18.18%,,0.69%,,4.76%,-33.82%,0.06,0,0.06
MTX,10.77,1766970153,8.47,0.80,7.47,1.09,8.49,9.46%,2401070153,1.13,6.36,4.66,6.63%,11.10,0.83,1.01,2.26,14.37,15.08,9.01%,2.88,0.75%,40.00%,8.51%,1.67%,0.44,2,0.11
BHVN,,1704995825,,20.19,,14.83,,-49.64%,1251786825,,,,-46.85%,,,4.03,,,,-34.40%,4.18,,,,-28.14%,,0,0.00
OSW,24.45,1765732290,16.88,1.82,22.41,1.88,20.94,4.13%,1819838290,2.03,16.37,17.14,3.96%,24.51,1.97,3.18,,24.98,25.26,4.08%,72.17,0.72%,,17.39%,-6.55%,0.12,0,0.04
APGE,,1780335265,,,,,,-10.23%,1271513265,,,,-13.55%,,,2.48,,,,-9.68%,2.42,,,,-120.72%,,0,0.00
EFSC,9.66,1724731853,9.32,2.57,6.97,2.08,6.04,10.52%,1396052853,2.27,5.81,,17.19%,7.19,2.80,0.95,1.90,7.69,5.82,13.91%,1.25,2.36%,10.00%,22.77%,3.03%,1.10,10,0.29
FLOC,1.81,1723038981,12.42,2.04,9.61,2.83,21.05,4.66%,2395113981,4.47,11.46,8.12,3.71%,19.39,3.22,2.05,,29.85,26.95,5.16%,5.94,,,,,,0,0.00
CDLR,24.58,1706955598,9.77,3.37,16.43,4.50,27.33,3.97%,2277977133,8.79,27.33,13.13,-25.59%,,6.59,1.24,,33.61,,-34.14%,1.34,,,,,,0,0.00
QS,,2053643130,,,,,,-23.27%,1236413130,,,,-27.23%,,,1.77,,,,-16.39%,1.77,,,,-9.92%,0.00,0,0.00
VTMX,9.61,197892596,12.42,0.64,1.53,2.78,1.82,112.84%,856692596,3.40,1.82,9.78,-11.31%,,0.78,0.08,,3.84,,-48.97%,0.71,3.11%,-1.99%,277.21%,-11.83%,0.70,2,0.17
CVI,282.83,1698973900,27.17,0.23,4.21,0.36,45.36,0.41%,2630973900,0.35,7.39,4.79,6.54%,9.88,0.22,2.42,-2.16,375.85,15.30,10.12%,2.43,5.96%,-10.26%,1435.73%,5.90%,1.00,0,0.50
VICR,327.07,2073875052,30.96,4.92,40.79,4.28,172.18,0.30%,1803938052,5.02,61.98,54.72,1.51%,76.13,5.78,3.64,,294.33,66.22,1.31%,3.63,,,,-0.36%,,,0.15
PSNY,,2042818764,,0.69,,1.83,,-69.57%,5404440764,2.63,,,-37.03%,,0.99,1.12,,,,-97.97%,,,,,,,0,0.00
APPN,,2017783775,135.37,2.90,293.37,3.13,,-4.57%,2172914775,3.52,,,0.14%,655.12,3.27,,,,705.49,0.15%,,,,,0.16%,,0,0.00
DFH,6.44,2008895436,6.51,0.44,,0.66,6.79,16.95%,2973270436,0.67,6.53,4.48,-9.48%,,0.45,1.61,,8.73,,-14.04%,2.13,,,,5.40%,,0,0.00
WAFD,11.14,1974356973,9.11,2.84,5.22,4.90,13.91,8.82%,3401436973,4.62,7.64,,10.53%,5.51,2.68,0.65,1.67,19.52,9.50,18.14%,0.87,4.47%,3.96%,48.66%,-22.10%,1.08,6,0.27
LCII,13.78,1964740512,11.26,0.50,5.31,0.71,12.81,7.27%,2794837512,0.75,8.13,5.66,11.73%,5.99,0.53,1.42,1.09,19.56,8.52,16.69%,4.76,6.04%,4.76%,82.14%,5.76%,4.60,9,1.15
CXM,17.28,1947295458,18.94,2.35,25.10,1.83,31.32,6.25%,1512541458,1.90,20.12,59.17,3.91%,32.92,2.45,3.18,0.69,12.44,25.57,3.04%,3.60,,,,4.29%,0.00,0,0.00
TDC,17.97,2002338090,9.33,1.21,6.61,1.31,11.18,5.69%,2158338090,1.23,7.37,6.53,12.83%,7.23,1.14,15.06,3.35,18.93,7.79,13.83%,,,,,4.10%,,,1.50
MQ,76.70,1944159625,285.71,3.20,33.42,1.37,29.70,1.40%,834104625,1.65,17.64,,4.43%,52.60,3.83,1.79,,30.57,22.57,1.90%,2.08,,,,2.57%,,0,0.00
AAP,,1910383155,66.56,0.22,22.57,0.44,,-17.58%,3727292155,0.41,,5.99,-2.22%,,0.21,0.88,0.62,,,-4.33%,1.64,3.15%,,,2.64%,1.00,0,0.25
ENR,33.54,1912363431,7.31,0.65,5.82,1.67,21.83,3.06%,4944563431,1.70,14.18,3.37,4.63%,8.36,0.66,13.60,1.50,84.52,21.61,11.96%,,4.54%,,151.81%,3.72%,1.20,0,0.30
CEPU,7.97,1456906430,,,12.49,,3.42,12.57%,1660920369,4.28,3.02,6.49,6.47%,13.55,3.76,1.88,,9.07,15.45,7.38%,1.11,3.20%,68.29%,968.30%,3.05%,0.31,0,0.31
RIG,,1944322439,49.85,0.50,4.35,2.01,,-26.33%,7884322439,2.24,13.64,1.70,2.45%,10.07,0.55,0.19,-22.91,,40.85,9.93%,0.19,,,,-20.44%,,,0.15
FBK,16.45,1901535983,11.14,3.40,13.70,1.96,7.47,6.10%,1095860983,2.47,6.78,,12.16%,14.27,4.29,1.21,,9.44,8.22,7.01%,1.44,1.90%,12.90%,30.65%,2.29%,0.76,7,0.19
TGI,3.26,1913366098,29.64,,,,4.20,29.27%,2750230098,2.21,3.99,10.59,-1.93%,,1.54,,0.20,4.91,,-2.77%,,,,,-1.26%,,,0.04
LMND,,1901332811,,2.83,,2.38,,-10.63%,1599032811,3.04,,,-1.30%,,3.61,3.20,,,,-1.09%,3.38,,,,-1.96%,,0,0.00
SYBT,16.34,1873653914,14.86,4.79,13.11,5.31,14.40,6.11%,2078931914,6.07,13.18,,6.41%,14.06,5.47,1.99,2.00,18.15,15.60,7.11%,2.56,1.84%,3.36%,31.88%,1.58%,1.24,7,0.31
ESRT,24.50,1141071820,672.55,6.15,4.37,17.07,19.31,4.16%,3167404820,4.12,9.08,5.76,2.65%,13.59,1.49,1.11,7.63,66.77,37.73,7.36%,8.34,2.05%,,49.46%,0.77%,0.14,0,0.04
PII,17.19,1873505258,30.96,0.27,6.99,0.52,13.19,5.91%,3658105258,0.51,6.49,3.25,0.18%,288.23,0.26,1.45,1.43,33.02,562.79,0.35%,5.30,8.02%,1.53%,137.44%,9.68%,2.68,10,0.67
AGM.A,7.84,1987431259,7.35,5.13,3.62,75.06,111.32,9.03%,29076626259,80.36,111.32,,1.88%,3.63,5.49,1.34,1.00,161.94,53.16,27.52%,1.72,4.66%,21.28%,36.50%,4.24%,6.00,10,1.50
AEO,6.31,1820022700,7.23,0.34,3.82,0.54,6.69,18.10%,2907390700,0.55,4.44,2.75,8.75%,7.16,0.34,1.03,38.27,8.83,11.43,13.97%,1.22,4.72%,11.11%,29.76%,4.89%,0.50,1,0.13
CWK,14.27,1847935190,7.17,0.18,8.88,0.44,10.77,7.11%,4367735190,0.46,7.11,3.59,3.82%,11.07,0.20,1.05,0.40,33.27,26.15,9.04%,,,,,-2.60%,,0,0.00
HP,6.23,1859870499,6.62,0.46,2.78,0.45,3.76,16.33%,1799708499,0.65,2.04,2.28,11.28%,9.16,0.67,0.63,5.78,5.92,8.86,10.92%,0.66,5.43%,-32.95%,33.04%,5.79%,1.00,0,0.25
NBTB,12.96,1810293078,10.93,2.63,9.60,2.93,11.26,7.77%,2020193078,3.62,9.76,,8.75%,10.24,3.25,1.19,3.82,14.36,11.42,9.77%,1.61,3.36%,6.35%,45.79%,3.17%,1.36,10,0.34
AGM,9.98,1746514939,9.36,4.51,2.85,77.51,116.32,10.33%,30023309939,82.55,116.32,,2.02%,2.88,4.80,1.17,1.38,166.40,49.43,34.78%,1.66,3.58%,21.28%,36.50%,3.24%,6.00,10,1.50
HTH,15.89,1792849252,17.69,4.20,6.54,1.97,5.83,6.31%,841249252,0.71,5.12,,32.62%,6.53,1.51,0.82,1.14,7.43,3.07,15.31%,0.94,2.58%,6.15%,41.38%,2.47%,0.72,9,0.18
NEXT,,1746270308,,,,,14.85,-3.54%,5420978308,,14.59,,-49.13%,,,4.62,,,,-152.52%,4.62,,,,-32.86%,,0,0.00
WB,6.51,1837666992,4.24,,,,3.28,16.37%,1347958992,0.77,,3.33,,,1.05,0.53,4.85,4.48,,,0.57,10.86%,,70.69%,0.33%,0.82,0,0.82
BKE,9.09,1808474185,9.06,1.44,7.47,1.46,7.15,10.81%,1844007185,1.51,6.57,6.75,10.83%,9.05,1.49,4.27,48.30,9.43,9.23,11.04%,4.21,11.03%,,100.26%,10.38%,3.90,0,0.35
RNG,,2098407493,5.43,0.82,4.34,1.34,192.15,-2.78%,3414462493,1.42,14.20,8.84,11.80%,5.21,0.87,,0.20,,8.48,19.19%,,,,,2.95%,0.00,0,0.00
TRN,15.62,2079985908,15.65,0.79,3.62,2.87,16.32,6.65%,7542685908,2.45,9.98,2.89,-0.02%,,0.68,1.96,2.78,54.50,,-0.06%,2.84,4.72%,7.41%,73.16%,3.76%,1.20,10,0.30
SKWD,18.31,2119576943,15.13,1.58,6.95,1.56,12.83,5.61%,2081587943,1.81,12.57,12.74,14.45%,7.04,1.84,2.67,0.72,17.52,6.92,14.20%,2.98,,,,-7.99%,,0,0.00
FINV,6.51,236236074,3.67,,0.60,,,138.19%,-681490770,,,2.14,-58.04%,0.60,0.13,0.11,,,,167.43%,1.02,3.16%,8.44%,20.73%,9.08%,0.26,4,0.26
HUBG,19.55,2032554986,15.05,0.49,10.45,0.58,16.43,5.12%,2414117986,0.61,7.11,6.11,6.45%,13.05,0.52,1.24,1.07,23.21,15.50,7.66%,3.72,1.50%,,29.41%,5.96%,0.50,1,0.13
IVT,139.11,2047275729,84.19,6.72,14.96,8.84,53.12,0.67%,2696469729,9.84,16.37,13.18,-3.79%,,7.47,1.16,,197.43,,-5.00%,1.26,3.64%,5.04%,500.21%,-1.08%,0.95,6,0.24
BANC,23.03,2039990328,9.56,1.89,26.37,1.74,11.10,4.27%,1871515328,1.95,6.45,,3.87%,28.18,2.12,0.58,2.15,21.49,25.86,3.55%,0.76,3.15%,,77.47%,-173.30%,0.40,0,0.10
TBBK,10.09,2087558496,8.01,5.15,9.17,4.05,5.62,10.42%,1641131496,3.31,5.54,,13.58%,9.37,4.21,2.64,1.46,7.54,7.37,10.67%,2.62,,,,7.88%,,0,0.00
MEOH,11.12,1791027440,5.98,0.41,2.43,0.96,12.80,9.16%,4179097440,1.12,5.87,3.07,13.47%,3.18,0.48,0.86,0.98,25.48,7.42,31.44%,0.97,2.82%,,30.94%,3.17%,0.74,3,0.19
MLCO,50.34,715610264,14.10,0.14,1.14,1.36,12.50,6.08%,6898978264,1.49,6.31,2.09,5.29%,1.96,0.15,,0.21,158.44,18.90,51.02%,,,,,1.15%,,,0.17
FRME,9.95,1987555925,8.58,2.77,7.47,3.85,11.91,10.04%,2759233925,4.52,10.67,,9.65%,7.47,3.25,0.86,2.68,13.83,10.36,13.39%,1.28,4.12%,2.94%,41.06%,5.72%,1.40,10,0.35
SSRM,,2084116020,8.88,1.43,51.93,1.38,,-12.54%,2010295020,2.02,,8.97,-4.90%,,2.09,0.67,,,,-4.73%,0.65,,,,0.75%,,0,0.07
FORM,29.47,2021692988,19.44,2.54,17.20,2.12,21.23,3.44%,1694418988,2.22,14.17,26.22,4.67%,25.56,2.65,2.13,0.71,24.34,21.42,3.91%,2.74,,,,-0.36%,,0,0.00
JOYY,,99978503,,,,,,,,,,11.93,,,,,,,,,1.03,2.41%,,,2.41%,0.93,0,0.93
AIN,22.91,1962696828,18.71,1.54,8.99,1.70,16.25,4.46%,2165944828,1.76,9.73,8.60,6.38%,14.20,1.59,2.08,2.00,24.72,15.67,7.04%,2.72,1.70%,3.92%,38.57%,1.50%,1.08,7,0.27
ATKR,5.39,1931487005,8.92,0.66,4.15,0.88,4.99,19.72%,2568234005,0.84,3.84,3.05,12.46%,6.04,0.63,1.28,1.39,6.74,8.02,16.57%,2.24,2.26%,,12.28%,8.76%,1.28,1,0.32
SSL,,2003363955,7.81,0.02,1.31,0.05,,-120.03%,6469013251,0.43,,0.70,-0.54%,,0.13,0.27,0.14,,,-1.74%,0.25,,,,-0.79%,,0,0.10
KAR,40.78,1961709939,19.35,1.08,6.73,1.13,6.80,5.60%,2060909939,1.15,5.17,5.15,11.61%,8.20,1.10,1.46,1.34,18.75,8.61,12.20%,,,,,1.09%,,,0.19
BANR,11.56,1942154328,10.68,3.24,6.62,3.41,9.77,8.70%,2046780328,3.41,8.89,,13.65%,6.95,3.23,1.09,2.18,12.12,7.32,14.39%,1.39,3.40%,,39.34%,2.88%,1.92,0,0.48
BB,,1851306570,33.44,3.32,112.20,3.09,,-4.27%,1723906570,3.22,,30.72,0.78%,138.16,3.46,2.57,,,128.65,0.72%,9.74,,,,-0.24%,,0,0.00
DKL,11.96,1919418138,8.94,1.85,9.30,3.64,12.84,7.39%,3777992138,4.02,9.48,6.46,2.31%,22.02,2.04,54.03,0.77,26.62,43.34,4.54%,,12.19%,4.93%,145.99%,3.16%,4.37,10,1.11
CRGY,,1939842799,3.81,0.50,1.59,1.23,68.07,-5.91%,4804667799,1.64,4.71,1.54,12.32%,3.28,0.66,0.62,,,8.11,30.53%,0.62,6.46%,,,-10.79%,0.48,0,0.12
PK,9.00,1835953080,11.53,0.68,4.28,2.30,14.56,11.55%,6186953080,2.38,9.07,3.03,3.26%,9.09,0.71,0.50,0.55,29.18,30.63,11.00%,0.51,14.85%,-37.78%,138.61%,18.23%,1.40,0,0.25
PGNY,38.61,1873967802,34.54,1.54,10.46,1.36,19.98,2.90%,1662426802,1.42,19.25,26.61,10.45%,10.79,1.61,4.44,,30.60,9.57,9.27%,4.64,,,,5.19%,,0,0.00
NWL,,1906690940,6.21,0.26,3.84,0.90,192.05,-11.33%,6721690940,0.89,18.78,2.24,3.53%,8.05,0.25,0.69,1.42,,28.36,12.43%,,6.15%,,,5.80%,0.28,0,0.07
TRMK,8.45,1866836366,8.91,2.29,15.97,2.67,10.28,11.95%,2178782366,4.19,8.72,,4.16%,20.61,3.59,0.95,2.73,9.77,24.06,4.85%,1.15,3.09%,1.09%,26.33%,2.95%,0.96,0,0.24
LGF.A,,1711682154,6.68,0.40,4.31,1.36,,-64.43%,5815682154,1.45,6.28,4.78,6.23%,4.73,0.43,,0.45,,16.06,21.15%,,,,,-2.50%,,,0.09
SBCF,15.45,1877525985,12.50,3.21,10.44,3.38,12.72,6.44%,1981740985,3.97,12.08,,8.87%,10.68,3.76,0.86,2.19,16.38,11.27,9.37%,1.35,3.28%,,50.70%,2.41%,0.72,4,0.18
QDEL,,1739991407,10.80,0.62,20.96,1.53,,-117.93%,4291991407,1.54,,3.30,-2.61%,,0.63,0.58,7.19,,,-6.44%,,,,,-0.60%,,0,0.00
SMA,,1642831916,,,25.66,,42.98,-1.12%,2930965916,12.37,23.58,14.44,-3.33%,,6.93,5.04,,,,-5.94%,7.09,1.91%,,,2.18%,0.61,0,0.00
FIVN,,1787969416,8.86,1.53,12.49,1.73,979.65,-0.72%,2015143416,1.93,28.66,75.92,3.90%,22.76,1.72,2.87,0.73,,25.65,4.39%,9.34,,,,-3.41%,,0,0.00
WERN,51.49,1755933036,23.31,0.56,5.33,0.75,28.72,1.95%,2365181036,0.78,6.35,5.13,4.01%,18.51,0.58,1.21,2.07,69.09,24.94,5.40%,1.40,1.96%,,102.16%,3.63%,0.56,0,0.14
FSM,15.24,1914267360,8.18,,4.56,,8.36,6.73%,1876947360,1.77,4.13,3.71,11.50%,8.87,1.80,1.36,,14.58,8.70,11.27%,1.25,,,,-5.31%,,0,0.00
PINC,49.20,1756297839,14.03,1.76,3.99,2.50,148.77,-0.27%,2490617839,2.11,17.95,5.08,14.80%,4.77,1.49,1.02,1.63,,6.76,20.98%,2.94,4.27%,,,25.33%,0.84,0,0.21
PBF,,1718529280,16.67,0.06,39.60,0.12,,-31.06%,3485129280,0.11,,,-26.52%,,0.05,0.31,2.51,,,-53.78%,0.31,7.36%,16.67%,,17.64%,1.10,2,0.28
FIHL,15.91,1823025246,6.25,0.64,2.95,0.46,7.79,6.21%,1325325246,0.55,8.48,10.32,46.30%,2.97,0.75,0.74,,11.70,2.16,33.66%,0.71,2.56%,,40.82%,1.42%,0.40,1,0.10
SUPN,23.36,1722993615,14.99,2.69,10.02,2.03,13.25,4.29%,1296763615,1.96,7.27,12.14,13.20%,10.06,2.60,1.66,1.47,17.56,7.57,9.94%,4.34,,,,-0.81%,,0,0.00
SYNA,10.86,1826879292,11.33,1.59,29.14,1.80,,9.25%,2063279292,2.04,33.77,31.74,1.56%,56.74,1.81,1.33,0.48,12.22,64.08,1.76%,5.81,,,,-1.53%,,0,0.00
PLTK,11.13,1837196295,7.25,0.64,3.75,1.32,9.62,8.83%,3766696295,1.48,6.76,2.96,10.53%,4.63,0.72,,,23.22,9.49,21.60%,,8.02%,,91.69%,6.82%,0.40,1,0.10
LIVN,29.58,1869973679,9.21,1.41,10.22,1.37,11.99,3.38%,1814150679,1.45,8.96,8.98,7.49%,13.76,1.49,1.42,1.52,28.69,13.35,7.27%,5.60,,,,-0.67%,,0,0.00
AMBA,,1842207534,1452.91,5.36,54.45,4.65,,-6.36%,1597200534,5.61,,,1.47%,78.54,6.47,3.28,4.97,,68.10,1.27%,8.78,,,,-3.57%,,0,0.00
VAC,9.42,1825984422,7.57,0.35,8.91,1.27,13.91,11.94%,6522984422,1.31,10.61,2.77,1.50%,18.63,0.37,0.75,1.48,29.92,66.56,5.37%,,5.98%,4.73%,56.13%,7.69%,3.16,4,0.79
KWR,15.93,1832118912,12.93,0.98,8.96,1.27,11.45,6.37%,2370434912,1.29,8.14,6.46,6.87%,11.25,1.00,1.35,2.67,20.32,14.56,8.89%,241.87,1.87%,6.11%,29.80%,3.02%,1.94,10,0.49
CCS,5.70,1818252912,5.54,0.37,14.47,0.63,7.14,18.36%,3141463912,0.71,6.77,3.90,2.01%,28.78,0.41,0.69,0.45,9.41,49.72,3.48%,0.72,1.95%,12.63%,11.15%,2.25%,1.16,4,0.29
LMAT,41.21,1794311044,35.67,7.31,40.67,6.84,29.44,2.45%,1680274044,7.64,25.17,28.98,2.21%,48.28,8.16,5.32,2.05,38.16,45.21,2.07%,7.62,0.98%,17.24%,41.45%,-0.63%,0.80,10,0.20
WRBY,,1833428239,43.28,2.04,18.57,2.00,,-1.11%,1804622239,2.34,92.75,106.17,1.92%,52.82,2.38,5.39,,,51.99,1.89%,5.39,,,,-2.55%,,0,0.00
ESBA,23.93,1817242742,,,6.97,,19.94,4.19%,3843575742,5.01,10.18,5.62,2.18%,21.65,2.37,1.02,,50.47,45.79,4.62%,1.94,2.06%,,50.00%,0.78%,0.14,0,0.04
ENOV,,1845898977,9.94,0.81,16.26,1.40,,-44.72%,3179692977,1.51,,5.44,-2.11%,,0.88,0.72,1.90,,,-3.64%,,,,,-2.35%,,,16.67
STC,25.04,1845518685,13.59,0.66,13.61,0.79,18.38,3.97%,2193896685,0.91,12.12,9.40,4.34%,19.40,0.76,1.32,3.04,29.93,23.06,5.16%,25.94,3.00%,5.33%,76.63%,0.79%,2.00,4,0.50
ADUS,24.06,1849456033,16.90,1.28,15.88,1.40,18.90,3.98%,2023671033,1.75,16.78,13.72,5.46%,16.75,1.60,1.91,1.06,27.50,18.33,5.97%,,,,,-6.55%,,0,0.00
UTZ,66.95,1094706096,14.91,0.76,10.31,1.26,18.32,1.46%,1824429096,1.29,10.70,13.84,1.37%,43.88,0.78,1.56,,114.21,73.13,2.28%,,2.20%,23.04%,148.95%,-3.14%,0.28,5,0.07
EVCM,,1810966375,16.13,2.63,16.00,3.20,8742.56,-2.27%,2203126375,3.15,24.73,15.18,4.28%,19.21,2.59,2.41,0.52,,23.37,5.20%,,,,,2.14%,,0,0.00
VC,6.85,1820892820,7.67,0.47,4.26,0.42,5.35,15.05%,1620892820,0.42,4.06,4.51,17.89%,6.28,0.47,1.48,1.21,5.92,5.59,15.93%,1.69,,,,0.69%,,,43.40
RXRX,,1629672000,,21.15,,14.80,,-28.45%,1140769000,19.39,,,-32.69%,,27.70,1.57,,,,-22.88%,3.02,,,,-31.92%,0.00,0,0.00
ROOT,65.53,1816171881,5.60,1.43,9.28,1.12,19.37,1.61%,1415971881,1.20,16.09,21.55,12.99%,9.88,1.54,8.92,,48.49,7.70,10.13%,10.63,,,,-17.36%,0.00,0,0.00
PPBI,11.35,1807244372,14.03,3.42,7.98,2.78,6.91,8.79%,1469117372,2.39,6.24,,15.17%,8.11,2.94,0.61,2.98,9.25,6.59,12.33%,0.89,7.12%,,80.06%,6.65%,1.32,0,0.33
LGF.B,,1735630266,5.98,0.41,,1.41,,-16.36%,6036130266,1.56,3.36,4.68,-7.17%,,0.45,,0.40,,,-24.94%,,,,,-2.17%,,,0.09
HG,4.82,1801634786,6.31,,2.37,,1.97,22.23%,850727786,0.37,1.90,2.70,89.25%,2.37,0.77,0.77,,2.12,1.12,42.15%,0.80,,,,12.95%,0.00,0,0.00
RNST,8.46,2626710568,9.93,2.70,20.30,2.13,8.46,7.44%,2073310568,2.93,7.48,,5.60%,22.62,3.72,0.98,1.80,10.61,17.85,4.42%,1.05,3.22%,,26.91%,-10.10%,0.88,0,0.22
NVCR,,1767433200,909.09,2.85,,2.39,,-9.54%,1480664200,2.45,,,-4.68%,,2.92,4.91,-0.47,,,-3.92%,4.91,,,,-1.36%,,0,0.00
GB,27.10,1466053785,20.96,2.63,8.58,3.54,10.24,4.51%,1973016905,3.89,7.84,11.60,8.32%,8.93,2.89,10.25,,29.82,12.02,11.19%,,,,,-4.85%,,0,0.00
ENLT,40.28,1726341000,8.03,,8.94,,26.48,2.56%,4510424000,11.31,16.15,6.56,-15.66%,,4.33,1.46,,102.03,,-40.91%,1.97,,,,0.44%,,0,0.00
COCO,32.48,1739788533,27.50,2.98,40.56,2.69,22.23,3.22%,1573750533,3.05,21.69,23.33,2.66%,41.50,3.37,6.72,,28.13,37.54,2.41%,6.93,,,,-0.92%,,0,0.00
NATL,19.37,1748565115,6.04,0.39,5.08,0.94,9.32,5.20%,4165565115,0.96,5.68,2.09,4.92%,8.53,0.41,6.73,,45.78,20.32,11.72%,,,,,-5.10%,,,0.14
SJW,18.03,1766781302,17.51,2.31,9.04,4.69,20.57,5.32%,3585343302,4.79,12.39,5.95,-4.03%,,2.36,1.29,3.83,38.16,,-8.18%,2.54,3.23%,5.19%,58.54%,-0.30%,1.68,57,0.42
LBRT,5.71,1735371840,17.66,0.42,2.09,0.55,5.16,18.21%,2248993840,0.52,2.39,1.95,9.00%,8.58,0.40,0.88,,7.12,11.12,11.66%,0.88,2.99%,25.00%,17.11%,6.90%,0.32,2,0.08
TDW,9.99,1746898588,7.95,1.21,6.38,1.42,6.77,10.34%,2057044588,1.53,4.47,3.91,11.97%,7.09,1.30,1.57,-0.04,11.39,8.35,14.10%,1.57,,,,-0.25%,,,0.01
ARDT,7.62,1726561492,6.64,0.27,5.48,0.53,10.04,12.18%,3405584492,0.57,7.01,3.11,3.74%,13.54,0.29,1.53,,16.19,26.71,7.39%,8.50,,,,-5.26%,,0,0.00
CPRI,,1725023300,15.73,0.41,3.55,1.07,,-58.49%,4486023300,0.97,,5.04,7.47%,5.15,0.37,1.62,0.83,,13.39,19.42%,,,,,-0.32%,,0,0.00
UPWK,8.33,1710859800,11.41,2.23,11.14,1.90,16.10,12.60%,1456253800,1.89,13.47,19.30,9.55%,12.30,2.22,2.97,0.81,6.75,10.47,8.13%,3.89,,,,0.86%,,0,0.00
BBUC,,1698573000,,,,,,-52.28%,9013573000,1.10,15.65,2.04,-4.52%,,0.21,,,,,-23.96%,,1.06%,,,1.02%,0.25,0,0.06
KEN,2.86,1693536025,,,6.39,,2.41,35.29%,1815471025,2.42,2.14,12.11,-4.16%,,2.25,1.05,,3.04,,-4.46%,1.11,14.40%,26.32%,42.33%,16.69%,4.80,1,4.80
PRDO,11.85,1708498656,10.56,2.03,10.57,1.40,5.82,8.64%,1174966656,1.72,5.42,8.85,13.36%,10.88,2.51,1.78,0.69,7.96,7.49,9.19%,2.82,2.02%,,23.74%,2.87%,0.52,2,0.13
CERT,,1692299180,21.60,3.93,21.03,4.23,419.67,-0.71%,1819707180,4.72,25.14,16.84,3.27%,28.48,4.39,1.60,,,30.62,3.51%,,,,,-0.92%,0.00,0,0.00
ZGN,21.25,1677131200,17.18,,5.37,,14.12,4.79%,2667441761,1.32,5.89,6.23,6.44%,9.76,0.83,1.64,,33.22,15.52,10.24%,5.37,1.96%,18.26%,41.50%,-0.52%,0.13,3,0.13
HSAI,,1319926668,0.94,1.07,152.03,0.79,,-1.06%,977601287,3.44,88.54,,-2.74%,,4.64,2.46,,,,-2.03%,3.30,,,,-3.53%,,0,0.00
HRMY,11.27,1629782280,8.58,1.89,7.41,1.56,6.41,8.93%,1341862280,1.88,5.75,7.55,16.30%,7.45,2.28,2.47,,9.22,6.14,13.42%,2.97,,,,4.15%,,0,0.00
SXI,31.04,1687567014,16.76,1.97,21.22,2.49,26.97,3.23%,2134631014,2.97,19.61,12.28,2.54%,31.17,2.35,2.57,0.95,39.21,39.43,3.21%,,0.86%,6.90%,28.09%,-0.42%,1.28,10,0.32
NWN,19.83,1619800818,14.07,1.26,7.02,2.47,13.32,4.87%,3178992818,2.76,8.19,4.52,-3.87%,,1.40,1.22,2.15,40.31,,-7.60%,1.35,4.81%,0.51%,96.55%,-2.28%,1.96,70,0.49
NAMS,,1640680920,,383.57,,188.65,,-14.73%,806938920,17.00,,,-19.73%,,34.57,2.17,,,,-9.71%,2.16,,,,5.10%,,0,0.00
ASTH,36.21,1638412993,24.19,0.58,31.39,0.65,16.98,2.63%,1819418993,0.89,12.96,13.93,2.43%,37.10,0.81,2.30,,42.17,41.19,2.70%,9.32,,,,3.48%,,0,0.00
MTRN,273.79,1591860232,13.88,0.92,18.13,1.21,42.13,0.37%,2092185232,1.24,17.68,7.85,0.39%,193.85,0.94,1.83,2.35,355.33,254.77,0.52%,3.21,0.71%,3.85%,192.86%,0.63%,0.54,10,0.14
ARQT,,1566021600,,5.09,,4.71,,-8.94%,1448034600,7.37,,,-7.76%,,7.97,9.94,,,,-7.17%,10.64,,,,-74.53%,,0,0.00
KLG,22.70,1619640878,12.36,0.59,16.20,0.81,19.21,4.45%,2209640878,0.82,11.45,5.38,-1.31%,,0.60,5.11,0.29,30.69,,-1.79%,7.85,3.52%,,80.49%,2.92%,0.66,2,0.17
OII,11.33,1649478720,9.46,0.58,8.12,0.66,7.12,8.94%,1872296720,0.70,5.11,4.70,5.14%,17.13,0.62,2.31,68.34,12.70,19.44,5.84%,2.60,,,,-0.21%,,,0.15
PLYA,23.87,1708421220,27.09,1.83,15.10,2.77,15.13,4.32%,2588686220,2.76,10.37,7.07,0.63%,105.15,1.82,3.55,,35.07,159.32,0.95%,3.92,,,,12.50%,,0,0.00
SHO,57.82,1628705905,36.01,1.62,9.56,2.30,24.94,1.72%,2301494905,2.54,10.68,8.01,-9.40%,,1.80,0.77,1.21,82.10,,-13.28%,0.89,4.42%,12.50%,261.61%,5.95%,0.36,3,0.09
HE,,1634380650,8.21,,3.35,,,-87.25%,3722830650,1.16,,3.27,3.85%,11.41,0.51,1.10,6.32,,25.99,8.76%,1.11,,,,-15.35%,,,0.36
BHC,,1672044063,0.99,0.17,1.05,2.20,13.97,-2.75%,22087044063,2.29,7.76,0.53,5.69%,1.33,0.17,,0.63,,17.57,75.18%,,,,,-0.85%,0.00,,1.00
IQ,16.45,237300600,6.92,0.01,0.82,0.05,6.04,44.11%,1559621059,0.39,1.19,1.27,16.98%,0.90,0.06,0.13,0.49,14.90,5.89,111.60%,5.25,,,,0.35%,,0,0.00
TRIP,288.13,1617899335,7.97,0.82,11.24,0.73,10.86,0.31%,1443899335,0.79,6.62,10.86,4.85%,23.11,0.88,1.72,0.09,288.78,20.63,4.33%,,,,,,,,3.50
MSDL,6.72,1604499380,8.71,,,,12.64,14.89%,3026398380,11.26,,,,,5.97,0.87,,12.67,,,,11.03%,,,11.03%,2.00,2,0.50
CHCO,13.81,1602937629,14.04,5.25,12.15,6.07,12.82,7.31%,1853203629,6.35,12.46,,6.98%,12.40,5.49,2.19,1.88,15.83,14.33,8.07%,2.83,2.88%,10.38%,40.05%,3.99%,3.16,10,0.79
DESP,237.75,1589838054,44.44,1.97,22.16,1.74,12.27,2.12%,1408122054,1.86,8.80,9.41,2.31%,48.97,2.10,,,41.82,43.37,2.04%,,,,,13.57%,,0,0.00
AESI,24.53,1675720121,9.70,1.30,6.53,1.66,18.65,3.58%,2134111121,2.02,9.32,6.75,-5.51%,,1.59,1.62,,35.60,,-7.01%,1.93,6.96%,3.30%,170.91%,-46.58%,0.94,2,0.25
GDRX,107.13,1643765979,10.36,1.95,8.94,2.07,20.61,1.00%,1738806979,2.19,11.00,16.51,6.53%,14.48,2.07,2.27,,106.09,15.31,6.91%,12.00,,,,4.42%,,0,0.00
TWFG,155.34,439894512,44.90,1.82,10.87,1.02,37.89,0.62%,244875512,1.20,12.54,42.47,15.22%,11.80,2.16,5.95,,89.21,6.57,8.47%,1826.79,,,,-2271.57%,,0,0.00
CMBT,1.80,1555679147,5.89,1.47,3.39,3.43,3.49,55.98%,3636491147,2.24,3.01,3.06,29.09%,1.47,0.96,1.30,-3.43,4.18,3.44,68.01%,1.39,70.93%,,128.83%,73.83%,5.72,2,1.15
HMN,16.11,1636734603,10.31,0.93,3.62,1.23,13.15,6.28%,2145634603,1.35,11.32,8.63,21.07%,3.62,1.03,1.27,2.52,20.87,4.75,27.62%,1.34,3.47%,3.01%,56.45%,3.23%,1.40,10,0.35
REVG,17.43,1609165728,12.30,0.66,14.63,0.71,11.99,5.79%,1748965728,0.75,10.24,10.94,5.29%,17.40,0.69,3.75,0.95,18.79,18.91,5.75%,8.21,0.76%,-93.12%,13.58%,13.15%,0.24,1,0.06
DIOD,37.01,1638679470,22.82,1.14,13.72,0.96,23.52,2.69%,1368579470,1.04,7.01,8.64,3.45%,34.70,1.25,0.91,0.88,31.09,28.98,2.88%,1.05,,,,-0.21%,,0,0.00
RAMP,2489.00,1636783823,12.46,2.04,13.75,1.56,54.73,0.00%,1251918823,1.72,31.22,65.42,9.30%,14.05,2.25,1.71,0.59,15648.99,10.75,7.12%,3.78,,,,0.38%,,,0.06
ROCK,12.06,1583425984,10.77,1.09,9.09,0.93,8.04,8.67%,1349070984,1.03,6.92,8.65,11.44%,10.26,1.21,1.51,1.02,9.82,8.74,9.75%,3.74,,,,0.05%,,,0.05
CNMD,12.41,1634611888,11.94,1.18,9.79,1.82,12.56,8.10%,2515933888,1.92,11.60,7.10,6.12%,10.62,1.25,1.70,5.29,19.00,16.35,9.41%,,1.55%,,18.82%,1.09%,0.80,0,0.20
CC,18.68,1591546650,5.55,0.26,,0.85,13.12,5.40%,5130546650,0.89,7.41,2.15,-19.35%,,0.28,2.64,1.67,59.66,,-62.39%,2.87,9.25%,,175.44%,8.78%,1.00,0,0.25
SPB,15.00,1602648080,10.63,0.53,16.96,0.68,9.02,7.44%,2060548080,0.69,6.26,5.29,2.57%,30.24,0.54,0.79,2.02,17.27,38.88,3.31%,7.68,3.04%,30.95%,45.63%,20.64%,1.88,1,0.47
CSGS,19.29,1681511652,12.30,1.35,12.39,1.69,14.67,5.17%,2094306652,1.75,9.73,8.76,5.41%,14.84,1.40,5.95,1.19,24.11,18.49,6.74%,,2.13%,7.02%,42.24%,6.94%,1.28,10,0.32
CASH,9.64,1576664460,8.62,1.84,4.45,1.18,5.02,10.92%,1012648460,1.41,3.90,,14.11%,11.04,2.19,2.03,,5.88,7.09,9.06%,3.40,0.30%,,2.91%,7.48%,0.20,0,0.05
GNL,,1602787935,,2.12,5.35,7.85,29.75,-10.94%,5945011935,7.39,10.79,2.68,17.78%,1.52,1.99,0.73,,,5.62,65.96%,0.75,14.62%,-26.61%,,-46.85%,1.01,0,0.19
EVT,,1555335522,,,13.24,,,-13.55%,2002335522,,,,5.87%,13.24,,0.88,,,17.04,7.55%,0.79,9.23%,9.65%,29.81%,9.02%,1.98,1,0.16
JANX,,1588156724,,958.16,,353.06,,-4.34%,585192724,55.27,,,-7.55%,,150.00,1.55,,,,-2.78%,1.50,,,,-22.12%,,0,0.00
DHT,8.83,1587115830,8.82,3.59,5.31,4.34,9.03,11.43%,1918396830,3.36,5.92,5.59,10.51%,7.87,2.78,1.53,3.77,10.58,9.51,12.70%,1.53,9.65%,-4.04%,84.82%,10.19%,0.95,0,0.17
KLIC,270.91,1596157680,19.26,2.02,27.87,1.39,47.33,0.21%,1095406680,1.56,24.39,33.19,3.23%,45.12,2.28,1.64,1.31,327.67,30.97,2.22%,1.85,2.76%,3.85%,1346.60%,7.48%,0.82,7,0.21
MNR,6.90,1557282283,5.13,1.50,3.08,2.14,7.65,11.89%,2217673283,2.29,3.95,2.76,14.66%,4.79,1.61,1.30,,11.98,6.82,20.87%,1.29,21.02%,,144.93%,17.76%,2.75,1,0.50
ATRC,,1546550544,,2.90,126.72,2.81,,-2.89%,1500359544,3.22,,,0.05%,2008.51,3.32,3.36,,,1948.52,0.05%,9.11,,,,-1.42%,,0,0.00
SBLK,4.70,1542575760,8.64,1.58,3.27,2.62,6.46,19.75%,2562337760,2.02,4.43,3.09,28.07%,2.14,1.22,0.62,1.95,8.41,3.56,46.63%,0.63,16.25%,50.70%,76.43%,6.37%,2.14,1,0.09
PAX,23.18,1520460168,7.24,3.59,9.54,,,4.18%,,,,8.46,,10.20,4.63,,,,,9.80%,,6.14%,-27.91%,125.55%,3.74%,0.60,0,0.15
IHS,,1533828370,16.05,0.89,1.98,2.82,9.25,-106.40%,4856365370,2.84,9.25,1.98,11.07%,2.85,0.90,,,,9.04,35.04%,,,,,-0.01%,0.00,0,0.00
DBD,,1523586225,9.96,0.40,10.21,0.59,11.04,-1.08%,2242486225,0.60,6.69,3.59,4.91%,13.84,0.41,1.64,,,20.37,7.23%,,,,,,,,0.10
EXTR,,1516725875,13.00,1.27,,1.32,,-8.03%,1578008875,1.55,,,-2.20%,,1.49,29.62,0.63,,,-2.29%,,,,,-1.97%,,0,0.00
VNET,349.49,250860216,37.17,0.05,0.91,0.53,21.86,10.00%,2445925634,2.16,7.40,5.05,-16.31%,,0.22,0.29,-5.38,97.46,,-159.04%,2.67,,,,-93.35%,,0,0.00
INSW,3.65,1504367810,6.38,1.85,2.75,2.53,4.42,27.70%,2058600810,2.16,3.35,2.83,16.46%,4.44,1.58,0.81,,4.94,6.08,22.52%,0.81,16.80%,-8.20%,61.46%,16.32%,5.15,0,0.70
MBC,12.25,1501152593,7.71,0.51,5.14,0.84,10.16,8.39%,2462852593,0.91,7.71,4.26,8.57%,7.11,0.56,1.16,,19.56,11.67,14.06%,,,,,-0.77%,,0,0.00
CNTA,,1494757985,,,,,,-15.77%,1129806985,,,,-12.58%,,,3.72,,,,-9.51%,3.74,,,,-19.02%,,0,0.00
VITL,27.78,1455186600,28.72,2.01,22.45,1.81,19.16,3.67%,1313603600,2.17,15.30,18.93,2.75%,40.22,2.40,5.40,,24.60,36.31,2.49%,5.58,,,,-4.19%,,0,0.00
UTI,27.38,1484891127,31.54,1.77,15.15,1.90,21.07,3.43%,1593299127,2.10,12.46,14.35,4.66%,20.01,1.96,5.30,2.27,31.30,21.47,5.00%,6.31,,,,-47.99%,,,0.02
BTDR,,1449522417,108.42,2.51,,2.15,,-41.33%,1242156417,3.55,,,-59.58%,,4.14,5.24,,,,-51.06%,9.12,,,,-24.37%,,0,0.00
MAG,18.83,1464852000,18.10,,,,15.75,5.31%,1304747000,,15.63,,-2.51%,,,2.48,,16.78,,-2.23%,2.47,1.27%,,24.00%,0.26%,0.18,0,0.18
PRM,,1453237731,11.65,2.72,7.71,3.63,,-0.41%,1944108731,3.47,30.19,23.46,8.89%,8.41,2.59,1.26,,,11.25,11.89%,,,,,12.46%,,,0.07
MSGE,11.80,1474964420,16.65,1.47,16.11,2.47,19.81,8.56%,2483713420,2.59,14.30,7.96,2.55%,23.27,1.54,142.81,,19.67,39.19,4.30%,,,,,-0.66%,,0,0.00
PACS,15.48,1468755038,5.57,0.33,,0.92,,6.28%,4068096038,1.14,,5.88,,,0.41,2.57,1.46,44.08,,,2.89,,,,-16.11%,,0,0.00
BEAM,,1452172800,,20.76,,10.79,,-25.94%,754713800,11.88,,,-47.20%,,22.86,1.98,,,,-24.53%,1.93,,,,-6.69%,,0,0.00
PHR,,1418471874,90.91,2.95,43.81,2.81,,-4.13%,1352054874,3.22,,,0.61%,171.07,3.38,5.36,,,163.06,0.58%,13.14,,,,-5.55%,,0,0.00
LUNR,,911913347,,2.82,,2.29,,-31.18%,739644347,3.24,,,-9.15%,,4.00,,,,,-7.42%,,,,,-140.22%,,0,0.00
SILA,34.11,1410568172,27.56,7.10,10.62,9.73,30.28,3.02%,1934138172,10.35,13.95,10.05,-0.87%,,7.55,1.01,,45.34,,-1.19%,1.12,4.75%,,159.97%,5.68%,1.20,1,0.40
MGNI,60.88,1392342740,10.24,2.02,5.92,2.21,28.36,1.64%,1517936740,2.27,14.15,14.27,12.39%,7.40,2.08,1.81,,66.62,8.07,13.51%,,,,,-7.46%,,0,0.00
IDYA,,1365583440,4.65,146.77,,76.06,,-20.10%,707630440,101.09,,,-35.53%,,195.08,1.29,,,,-18.41%,1.29,,,,-42.00%,,0,0.00
UMH,556.67,1380346352,82.67,5.26,16.92,7.22,38.90,0.18%,1895348352,7.88,17.39,13.35,-2.84%,,5.74,1.51,-14.50,766.73,,-3.90%,2.32,5.39%,4.82%,3000.00%,-12.23%,0.90,4,0.23
GRDN,,1355927339,26.93,1.00,23.39,1.01,,-8.12%,1381400339,1.12,,,3.01%,32.60,1.10,9.50,,,33.21,3.07%,23.19,,,,,,0,0.00
AFYA,17.15,1587394741,11.12,0.42,6.54,0.52,10.41,5.90%,1970651837,4.02,8.02,8.08,11.14%,7.23,3.24,2.19,,21.03,8.98,13.83%,,1.33%,,20.71%,1.33%,0.23,0,0.23
GLPG,20.19,1552535652,166.67,10.97,,,,4.97%,-1925959586,,,,29.04%,,5.41,0.48,,,,-36.02%,0.56,,,,-0.09%,,0,0.00
PSEC,,1570713620,6.29,2.25,2.82,5.12,18.10,-5.81%,3569209620,4.48,18.10,,15.63%,2.82,1.97,0.46,1.59,,6.40,35.51%,0.45,18.00%,-12.50%,,11.71%,0.63,0,0.05
ZIM,0.71,1518373090,4.43,0.22,0.40,0.80,2.03,141.45%,5433273090,0.64,1.42,0.59,65.47%,0.43,0.18,0.38,,2.53,1.53,234.28%,0.39,63.33%,,44.78%,63.25%,7.98,0,3.17
JBGS,,1236469388,,2.28,9.56,6.70,,-11.61%,3623303388,6.62,17.56,7.06,-2.45%,,2.26,0.68,,,,-7.17%,0.82,4.73%,,,20.68%,0.70,1,0.18
NWBI,13.82,1391188650,10.05,2.75,10.90,3.14,12.27,7.21%,1589555650,3.19,10.53,,7.89%,11.10,2.79,0.87,1.87,15.85,12.68,9.01%,1.15,7.24%,,101.51%,6.72%,0.80,0,0.20
LZB,13.24,1590444576,12.11,0.73,8.93,0.81,10.51,7.79%,1764051576,0.84,5.96,7.69,6.29%,14.33,0.76,1.56,2.01,14.23,15.89,6.98%,2.12,2.30%,10.09%,30.20%,4.83%,0.88,4,0.22
GLP,19.00,1556658524,22.33,0.06,49.26,0.14,14.03,5.32%,3504183524,0.20,9.00,4.06,-6.80%,,0.09,2.17,-0.62,42.33,,-15.30%,7.74,6.33%,6.81%,120.33%,5.46%,2.90,0,0.74
VSH,,1551890646,22.98,0.51,8.93,0.64,83.16,-2.01%,1970612646,0.67,8.41,4.92,-7.28%,,0.53,0.76,0.75,,,-9.24%,0.88,3.49%,,,5.84%,0.40,0,0.10
AVDX,189.75,1552731294,24.55,3.24,21.59,2.59,60.74,0.52%,1238835294,2.82,21.86,45.59,5.64%,22.22,3.54,2.31,,152.10,17.73,4.50%,3.57,,,,-3.60%,,0,0.00
SHOO,8.74,1487123117,8.57,0.58,7.51,0.56,6.41,11.39%,1436703117,0.63,5.89,5.51,11.98%,8.64,0.65,1.75,1.83,8.48,8.34,11.58%,2.70,3.97%,,35.74%,7.53%,0.84,0,0.21
PLUS,14.81,1541089560,12.81,0.70,6.26,0.52,7.77,6.80%,1139257560,0.54,6.55,9.25,21.35%,6.34,0.73,1.60,1.43,10.87,4.68,15.78%,2.27,,,,0.29%,,,0.63
CTRI,,1513454939,25.63,0.56,9.56,0.91,28.34,-0.44%,2473090939,0.94,10.17,6.52,2.78%,21.98,0.57,2.72,1.16,,35.92,4.55%,,,,,-16.21%,,0,0.00
CABO,75.04,1448498084,7.82,0.92,2.18,3.10,27.49,1.00%,4885115084,3.09,9.40,1.82,7.67%,3.87,0.92,0.81,5.11,337.37,13.04,25.86%,,4.58%,0.85%,458.10%,4.88%,11.80,10,2.95
DRH,38.33,1440547500,16.17,1.25,6.42,2.17,21.65,2.65%,2492287500,2.21,10.62,5.22,4.51%,12.83,1.27,0.91,-2.54,65.19,22.20,7.79%,0.91,5.36%,208.33%,205.56%,5.86%,0.37,2,0.08
UNFI,,1436236893,19.86,0.04,3.12,0.16,86.63,-5.71%,5111236893,0.16,13.21,2.83,3.01%,9.33,0.05,0.88,3.74,,33.19,10.72%,1.44,,,,-1.35%,,0,0.00
NTCT,,1425048342,9.29,1.71,8.40,1.34,,-29.33%,1115908342,1.36,,10.60,14.71%,8.68,1.74,0.94,1.57,,6.80,11.52%,8.31,,,,-2.10%,,0,0.00
ARR,,1120983427,3.67,4.70,4.29,49.03,,-2.35%,11688630427,297.75,,,2.24%,4.29,28.56,0.82,-1.31,,44.71,23.32%,1.03,20.35%,-30.77%,,-0.49%,2.88,0,0.24
KMT,14.99,1409891468,15.21,0.70,4.87,0.96,11.90,6.82%,1930936468,0.95,6.47,4.53,10.17%,7.18,0.70,1.16,0.56,20.07,9.84,13.92%,1.62,4.42%,,65.49%,6.46%,0.80,0,0.20
EXPI,,1393931700,52.89,0.29,7.28,0.25,,-1.53%,1225343700,0.27,,46.12,14.99%,7.59,0.31,6.80,,,6.67,13.17%,7.69,2.08%,2.56%,,4.05%,0.20,4,0.05
AAT,18.93,1088871342,38.42,2.27,5.26,5.58,20.36,5.22%,2673727342,5.84,10.41,5.46,5.12%,7.95,2.38,0.93,21.85,47.07,19.53,12.57%,1.19,7.76%,1.51%,144.46%,7.53%,1.36,4,0.34
VSCO,8.58,1387650474,7.16,0.22,3.27,0.60,12.73,11.89%,3858650474,0.62,6.88,2.37,7.05%,5.10,0.22,2.17,,23.39,14.19,19.60%,,,,,-1.53%,,0,0.00
BTE,7.90,1230008100,2.86,0.33,0.90,0.75,6.21,13.36%,2848321589,1.23,1.97,0.92,14.89%,2.90,0.53,0.41,-0.98,17.34,6.71,34.49%,0.48,4.05%,28.66%,31.94%,-10.54%,0.06,1,0.02
GO,35.48,1381508601,18.18,0.28,12.34,0.61,37.99,2.86%,2975306601,0.68,15.95,6.55,-2.51%,,0.32,1.15,,75.39,,-5.40%,4.11,,,,1.21%,,0,0.00
IIPR,8.81,1377492116,9.45,4.61,5.33,5.15,8.58,11.60%,1539342116,4.99,6.15,5.66,12.07%,7.41,4.46,0.71,,9.63,8.29,13.49%,0.72,15.67%,4.97%,137.56%,14.74%,7.60,8,1.90
DNOW,20.64,1670433050,16.57,0.66,5.61,0.57,12.77,4.85%,1443433050,0.61,9.82,9.72,20.02%,5.78,0.70,1.49,,17.82,4.99,17.30%,1.95,,,,0.93%,,0,0.00
OFG,8.25,1585866470,8.50,2.46,6.28,2.20,5.59,12.50%,1417291470,2.25,5.16,,16.31%,6.86,2.52,1.26,0.93,7.15,6.13,14.58%,1.37,3.48%,15.38%,28.37%,4.85%,1.20,4,0.30
NFE,,1601566200,67.93,0.68,2.73,4.32,79.31,-16.87%,10134347200,4.29,34.91,2.00,-19.50%,,0.68,0.85,26.53,,,-123.39%,1.71,3.44%,-88.24%,,-2.41%,0.20,0,0.10
OI,,1597730770,7.46,0.24,3.27,0.88,16.43,-6.63%,5832730770,0.89,6.94,1.64,-2.19%,,0.24,1.48,0.83,,,-8.01%,,,,,0.05%,,,0.05
UFPT,26.70,1558689729,23.17,2.62,23.41,2.94,21.60,3.78%,1751272729,3.47,18.28,15.67,3.07%,29.00,3.09,4.55,,29.69,32.58,3.45%,175.62,,,,-1.09%,,0,0.00
CRTO,15.47,1595756207,7.39,1.33,6.18,1.15,9.35,6.99%,1385589207,0.72,9.35,5.99,13.10%,8.79,0.83,1.52,0.89,12.42,7.63,11.38%,4.25,,,,2.70%,,0,0.00
HBI,,1502478795,7.77,0.42,5.69,1.09,,-21.33%,3839038795,1.09,,2.95,6.22%,6.29,0.43,44.18,0.19,,16.08,15.89%,,,,,-0.70%,0.00,,0.15
AMBP,,1551031500,15.37,0.31,3.45,0.96,21.72,0.84%,4843031500,0.99,21.72,2.54,6.01%,5.33,0.32,,,372.54,16.64,18.76%,,15.35%,,,15.51%,0.40,0,0.10
GEL,,1553560560,9.66,,3.96,,25.02,-9.75%,5631161560,1.90,10.46,2.73,-3.47%,,0.52,5.37,11.35,,,-12.57%,,5.18%,5.00%,,5.12%,0.66,1,0.17
CNXN,18.35,1567089093,17.85,0.52,9.01,0.37,9.58,5.56%,1126028093,0.40,8.63,14.14,14.77%,9.42,0.56,1.72,1.75,12.93,6.77,10.61%,1.87,0.76%,32.35%,13.68%,0.46%,0.45,1,0.15
NN,,1536673880,,392.61,,390.39,,-6.63%,1527993880,269.53,,,-2.51%,,271.07,30.66,,,,-2.50%,65.21,,,,-12.53%,,0,0.00
HCI,15.94,1525426056,9.33,1.70,4.60,1.36,7.21,7.21%,1219680056,1.63,7.03,8.04,26.87%,4.65,2.03,3.36,1.70,11.09,3.72,21.49%,3.40,1.12%,,18.00%,-21.58%,1.60,0,0.40
SOC,,1558475562,19.69,,,,,-39.61%,2056245562,,,,-11.44%,,,4.06,,,,-15.10%,4.06,,,,-404.18%,,0,0.00
AAPG,,1561151221,,,,,,-3.55%,1616833223,12.04,,,,,11.62,53360.00,,,,,69.38,,,,,,0,0.00
PHIN,21.52,1551731551,8.63,0.45,5.04,0.60,7.19,5.09%,2055731551,0.60,7.19,3.23,9.87%,7.64,0.46,0.99,,26.02,10.13,13.08%,2.12,2.84%,,61.36%,7.52%,1.08,2,0.27
DAN,,1562161280,7.49,0.16,3.47,0.41,16.38,-3.65%,3981161280,0.39,5.99,2.10,2.03%,19.29,0.15,1.17,6.85,,49.15,5.19%,1.68,3.72%,,,3.35%,0.40,0,0.10
NIC,12.52,1538087040,11.86,4.93,11.50,3.73,7.50,8.07%,1163427040,3.36,6.76,,10.08%,13.12,4.44,1.31,,9.38,9.92,7.62%,1.96,1.11%,12.00%,13.91%,-1.18%,1.12,2,0.28
STNG,2.53,1661720285,8.96,1.74,2.01,2.14,2.63,40.25%,2043667285,1.64,2.12,2.06,59.29%,1.37,1.34,0.58,-0.22,3.06,1.69,72.91%,0.54,4.81%,28.00%,12.17%,11.48%,1.60,2,0.40
VRE,,1387809192,,4.97,26.52,10.87,46.61,-1.67%,3035812192,11.20,20.53,12.08,3.85%,11.88,5.12,1.26,,,26.00,8.41%,1.39,1.92%,87.10%,,1.31%,0.29,1,0.08
LTC,16.44,1539309606,16.88,8.96,12.30,12.89,16.86,5.87%,2214495606,10.55,13.20,9.50,6.78%,10.26,7.34,1.60,5.41,24.51,14.76,9.75%,1.59,6.77%,,111.76%,-0.18%,2.28,0,0.19
VVX,45.03,1536148755,18.61,0.34,6.04,0.54,16.42,2.26%,2409125755,0.56,9.21,5.67,10.06%,6.34,0.36,1.50,,69.46,9.94,15.78%,,,,,-2.84%,,0,0.00
GTY,22.00,1514362304,20.32,6.97,11.60,11.13,21.93,4.69%,2419649304,11.86,14.64,9.22,-6.80%,,7.42,1.57,,34.05,,-10.87%,1.82,6.78%,4.55%,150.40%,-1.78%,1.88,10,0.47
NTB,7.60,1680591620,,2.91,6.33,,,12.87%,-126233380,,,,-193.60%,6.88,2.90,1.65,1.96,,,14.54%,1.65,4.99%,,37.37%,13.00%,1.76,0,0.44
ICFI,14.11,1514156893,10.55,0.72,8.83,0.99,12.51,7.28%,2097611893,1.04,9.49,6.79,7.16%,10.09,0.75,1.54,1.88,19.04,13.97,9.91%,,0.68%,,9.62%,1.06%,0.56,0,0.14
FBNC,19.78,1500634740,10.79,3.38,8.59,2.45,11.06,5.08%,1085003740,3.25,9.49,,15.99%,8.65,4.50,1.04,1.54,14.24,6.25,11.56%,1.59,2.30%,,47.72%,1.91%,0.88,0,0.22
HLMN,84.22,1496732880,13.06,0.96,8.16,1.44,26.17,1.15%,2245247880,1.52,10.40,6.65,4.37%,15.25,1.02,1.27,,130.12,22.88,6.56%,,,,,-2.15%,,0,0.00
TRMD,2.40,1490027434,4.56,1.29,1.39,2.10,3.22,45.72%,2425127434,1.49,2.41,1.87,24.30%,2.53,0.91,0.72,,3.56,4.12,39.54%,0.72,33.42%,18.01%,80.09%,22.07%,5.09,0,0.60
ARCO,9.56,1431455418,14.51,0.42,5.36,0.87,9.85,10.39%,3013149418,0.67,6.24,2.84,-1.74%,,0.32,2.82,2.15,20.26,,-3.67%,3.24,3.40%,,33.99%,2.38%,0.24,6,0.06
TRUP,,1532214642,722.29,1.09,31.73,0.93,270.47,-0.63%,1314482642,1.02,61.64,123.37,2.93%,39.72,1.19,4.74,,,34.08,2.52%,5.62,,,,-1.74%,,0,0.00
MBIN,5.22,1509507930,5.93,2.12,,7.62,12.82,18.79%,5419019930,8.38,12.73,,-15.75%,,2.34,0.67,,19.10,,-56.55%,0.96,1.25%,12.12%,6.35%,-2.68%,0.40,8,0.10
HI,,1501362928,8.18,0.56,8.94,1.24,,-14.77%,3331062928,1.07,29.40,3.05,5.18%,8.69,0.48,1.09,0.74,,19.29,11.50%,,4.29%,1.13%,,4.09%,0.90,10,0.23
ATSG,56.20,1481218440,20.53,0.70,2.78,1.44,24.18,1.85%,3023258440,1.54,5.59,2.84,8.22%,5.96,0.75,1.00,56.16,110.20,12.16,16.78%,1.45,,,,10.92%,,0,0.00
ARCB,8.75,1483471224,10.03,0.34,5.19,0.40,7.62,11.73%,1739744224,0.42,4.61,4.85,3.52%,24.23,0.35,1.13,3.00,10.00,28.42,4.13%,1.61,0.76%,,6.57%,4.07%,0.48,0,0.12
PBI,15.16,1484373300,6.74,0.74,6.48,1.25,,-13.72%,2510089300,1.24,,4.38,6.25%,9.47,0.73,,0.43,,16.01,10.56%,,3.00%,5.00%,,-0.08%,0.24,0,0.06
FDP,10.31,1463377658,11.19,0.33,8.02,0.42,9.71,9.72%,1842077658,0.43,6.87,6.21,11.14%,7.13,0.34,0.74,1.73,12.95,8.98,14.02%,0.94,3.95%,23.53%,40.54%,3.81%,1.20,5,0.30
RPD,56.93,1456571853,12.70,1.67,8.48,2.23,37.26,1.75%,1953034853,2.31,20.07,18.10,7.89%,9.45,1.73,82.24,0.34,76.51,12.68,10.58%,,,,,-4.00%,,0,0.00
ACLS,7.46,1474908567,19.36,1.85,10.47,1.19,4.02,13.63%,947239567,0.93,3.77,6.72,13.58%,11.47,1.45,1.46,1.23,4.71,7.36,8.72%,1.46,,,,1.39%,,0,0.00
KYMR,,1369671069,,27.99,,19.68,,-16.34%,962894069,20.46,,,-21.53%,,29.10,1.64,,,,-15.14%,1.64,,,,-28.58%,0.00,0,0.00
OMCL,115.72,1463628282,17.19,1.27,7.80,1.27,4350.95,0.86%,1466271282,1.32,16.28,23.26,9.20%,10.85,1.32,1.18,2.28,117.01,10.87,9.22%,5.58,,,,-2.31%,,0,0.00
AGIO,2.17,1450166822,2.47,28.85,,12.20,0.85,46.46%,613444822,16.81,0.83,,-63.82%,,39.73,0.94,,0.91,,-27.00%,0.94,,,,-4.02%,,0,0.00
AMR,7.85,1464251886,3.92,,2.52,,4.61,12.81%,988457886,0.33,2.59,3.46,38.66%,3.83,0.50,0.89,,5.27,2.59,26.10%,0.92,,,,10.30%,,0,0.50
FCF,10.22,1446805360,10.03,2.87,11.18,3.29,9.30,9.85%,1656520360,3.69,9.01,,6.88%,12.70,3.22,1.03,3.17,11.62,14.54,7.87%,1.40,3.51%,4.00%,37.41%,3.13%,0.52,10,0.13
ARIS,30.14,757878355,16.84,1.60,4.24,2.48,16.04,3.54%,1177592355,2.70,7.72,7.55,6.74%,9.54,1.74,2.17,,43.85,14.83,10.48%,12.01,2.28%,26.39%,69.49%,-0.54%,0.56,1,0.14
SPNS,20.10,1449155096,29.59,2.56,17.62,2.29,15.13,4.98%,1296712096,2.39,12.26,14.52,5.58%,20.01,2.67,3.02,5.92,17.97,17.91,5.00%,8.18,3.66%,75.93%,73.64%,2.88%,0.95,1,0.66
JAMF,,1440768774,12.56,2.03,46.19,2.23,,-4.75%,1585602774,2.53,,,1.40%,64.95,2.30,2.01,,,71.48,1.54%,,,,,-2.47%,,0,0.00
RVLV,29.10,1430299585,26.66,1.14,53.59,0.97,18.62,3.46%,1214430585,1.07,17.25,24.33,1.48%,79.44,1.27,3.26,1.03,24.51,67.45,1.26%,3.30,,,,2.59%,,0,0.00
IBTA,17.77,1268208163,23.95,3.21,10.94,2.32,60.90,5.42%,918518163,2.50,39.66,45.84,11.51%,12.00,3.45,2.77,,13.36,8.69,8.34%,3.20,,,,0.23%,,0,0.00
EPC,15.91,1411654049,8.95,0.62,7.50,1.19,14.33,6.50%,2703954049,1.21,9.80,4.28,4.49%,11.62,0.63,0.94,2.39,29.49,22.25,8.61%,,2.04%,,32.31%,4.83%,0.60,0,0.15
NHC,14.02,1406405328,,,13.11,,9.62,7.25%,1350187328,1.03,7.40,11.55,6.06%,17.19,1.08,1.43,,13.25,16.51,5.82%,1.79,2.67%,3.39%,37.37%,1.23%,2.44,10,0.61
EDN,18.48,1224366954,,,18.44,,2.64,4.79%,1227388165,1.42,2.25,7.28,-3.66%,,1.41,3.00,2.94,20.92,,-3.67%,0.97,,,,,,0,0.00
MTSR,,1386662904,,,,,,-15.08%,1044017904,,,,-9.59%,,,,,,,-7.22%,,,,,,,0,0.00
ATEC,,1216672000,,1.63,,2.26,,-13.33%,1687768000,2.76,,,-7.58%,,1.99,,,,,-10.51%,,,,,-17.90%,,0,0.00
DBRG,104.00,1263762000,17.84,3.04,21.02,3.02,13.95,0.94%,1253826000,2.07,10.14,8.20,4.51%,22.35,2.08,0.65,,105.53,22.18,4.47%,2.17,0.55%,,58.61%,1.08%,0.04,0,0.01
BKV,,1370581491,14.35,1.62,11.56,1.79,,-10.42%,1520713491,2.62,18.50,21.67,1.16%,77.78,2.36,0.88,,,86.30,1.29%,0.89,,,,-20.78%,,0,0.00
BTU,4.23,1392549985,8.02,0.35,2.30,0.28,2.14,26.63%,1126949985,0.27,1.30,1.96,18.21%,6.79,0.33,0.38,,3.04,5.49,14.74%,0.38,2.69%,,11.11%,9.96%,0.30,1,0.08
STGW,262.75,1401317649,5.86,0.49,9.81,1.03,27.18,0.16%,2929194649,1.03,8.76,4.51,3.03%,15.77,0.49,4.22,,1296.68,32.97,6.34%,,,,,5.25%,0.00,,0.21
KNSA,,1364258752,39.57,2.29,53.11,1.90,,-3.17%,1130486752,2.67,,,2.25%,53.63,3.22,3.11,,,44.44,1.86%,3.24,,,,0.69%,,0,0.00
CENX,4.44,1339175783,6.11,0.54,,0.73,4.77,23.81%,1827475783,0.82,3.93,6.59,-5.72%,,0.60,1.93,-1.36,5.73,,-7.81%,1.93,,,,-6.49%,,,0.05
CGON,,1267486382,,1553.29,,644.27,,-6.95%,525726382,461.57,,,-15.02%,,1112.81,1.73,,,,-6.23%,1.73,,,,-1343.03%,,0,0.00
TNC,16.33,1345207486,11.95,1.06,15.00,1.16,13.00,6.22%,1481207486,1.15,8.76,7.57,4.67%,19.47,1.05,2.17,2.01,17.70,21.44,5.14%,3.57,1.67%,5.50%,26.94%,-0.02%,1.18,53,0.30
SIMO,25.03,337237020,12.36,0.41,2.26,,,15.68%,-26720980,,,11.28,-374.23%,3.37,0.53,0.46,-4.43,,,29.65%,1.74,4.95%,33.50%,74.63%,4.76%,2.00,1,0.50
ANIP,,1417180512,10.96,1.86,22.14,2.48,,-1.42%,1890071512,3.08,29.24,15.92,3.24%,23.12,2.31,3.51,1.06,,30.84,4.33%,,,,,-6.18%,,0,0.00
OPRA,16.61,661389495,,1.15,6.30,0.94,5.50,12.21%,544178495,1.13,4.75,12.25,13.67%,8.89,1.38,0.70,,6.74,7.32,11.24%,3.20,5.38%,,173.33%,5.99%,0.80,0,0.39
DRD,14.17,1319525596,9.35,,26.40,,32.42,2.89%,1315317857,7.93,26.84,9.91,-0.17%,,7.95,74.41,,34.52,,-0.17%,3.24,1.80%,-39.09%,26.33%,2.18%,0.28,0,0.16
BAK,,1252351694,9.78,,3.04,,,-146.26%,10896230921,0.87,,2.99,-1.97%,,0.10,,-1.31,,,-17.17%,,,,,,,,0.63
WKC,21.13,1355175672,9.51,0.03,5.21,0.04,9.40,4.97%,1853075672,0.04,5.46,4.11,10.34%,7.07,0.03,0.70,,27.49,9.67,14.15%,3.25,2.89%,15.25%,60.18%,6.46%,0.68,6,0.17
MCRI,19.30,1367982330,14.61,2.52,9.72,2.44,14.31,5.32%,1323286330,2.53,9.20,7.94,7.06%,14.65,2.62,2.64,1.89,18.18,14.17,6.83%,2.78,1.62%,,31.25%,4.92%,1.20,0,0.30
GOGL,6.19,1382859805,11.75,1.98,3.79,3.77,7.93,16.14%,2630976805,2.72,5.56,3.19,13.57%,3.87,1.43,0.73,131.35,11.79,7.37,25.82%,0.73,15.33%,75.00%,94.04%,15.01%,1.05,1,0.15
LKFN,15.14,1430636337,14.52,5.38,13.96,4.75,11.30,6.53%,1262431337,5.33,10.73,,7.43%,15.24,6.04,2.09,2.04,13.51,13.45,6.56%,2.11,3.60%,4.30%,55.10%,3.42%,2.00,10,0.50
DVAX,54.85,1363132200,31.86,4.09,20.49,2.70,23.89,2.00%,899540200,3.24,19.68,246.61,6.69%,22.66,4.92,2.28,,32.94,14.95,4.41%,2.29,,,,-3.58%,,0,0.00
IART,,1343608860,7.07,0.79,10.38,1.79,58.30,-0.52%,3054604860,1.90,15.74,4.17,0.82%,53.82,0.83,0.87,0.97,,122.36,1.86%,,,,,4.14%,,,6.37
CRI,7.17,1320876144,9.22,0.46,4.42,0.72,7.78,14.04%,2038144144,0.72,6.37,3.85,11.90%,5.44,0.46,1.55,1.81,10.99,8.40,18.37%,3.71,8.68%,4.92%,62.52%,10.85%,3.20,1,0.80
LGIH,6.75,1310471571,7.05,0.52,,1.09,10.57,14.96%,2737992571,1.24,10.45,5.98,-4.39%,,0.59,0.64,0.69,13.96,,-9.18%,0.65,,,,0.16%,,0,0.00
STEL,11.60,1303008831,13.25,2.94,9.83,1.04,3.19,8.83%,461897831,1.06,2.61,,29.36%,9.61,3.00,0.81,,4.02,3.41,10.41%,1.30,2.24%,3.85%,26.05%,1.97%,0.56,1,0.14
ELME,,1304594226,,,13.70,,80.66,-1.00%,1994938226,8.25,16.53,10.91,2.58%,25.33,5.39,1.21,,,38.73,3.95%,1.20,4.85%,,,4.51%,0.72,0,0.18
SUPV,16.31,929792336,,,6.34,,10.68,6.87%,856182111,1.51,7.79,,14.96%,7.26,1.64,2.93,0.29,13.41,6.69,13.77%,2.16,1.44%,,61.54%,3.99%,0.17,1,0.17
MESO,,1319708520,454.55,,,,,-7.83%,1407790520,248.29,,,-3.03%,,232.75,2.86,,,,-3.24%,,,,,-40.23%,,0,0.00
RUN,,1340294250,85.47,0.59,,5.88,,-212.35%,13386554250,6.57,,27.92,-25.90%,,0.66,0.52,0.45,,,-258.69%,0.52,,,,-2.57%,,0,0.00
SRCE,9.99,1318885881,9.30,3.15,6.80,3.68,9.01,10.06%,1541177881,4.11,8.40,,12.13%,7.06,3.52,1.19,2.03,11.62,8.25,14.17%,1.32,2.69%,7.58%,26.87%,2.33%,1.44,38,0.36
LSPD,,1350760420,15.75,1.09,,0.57,,-9.16%,708352420,0.67,,,-10.41%,,1.28,0.58,,,,-5.46%,1.70,,,,-0.06%,,0,0.00
LNN,17.45,1326025620,19.72,1.95,11.28,1.87,13.63,5.80%,1271502620,1.96,11.10,12.43,6.95%,15.00,2.05,2.57,1.17,16.54,14.39,6.67%,3.26,1.17%,2.86%,20.49%,2.68%,1.44,10,0.36
BCRX,,1318537600,,2.29,,3.20,159.05,-6.74%,1838895600,4.08,143.57,769.88,-2.89%,,2.93,,,,,-4.03%,,,,,-7.54%,,0,0.00
CWH,,808973009,17.19,0.12,3.30,0.65,22.87,-4.78%,4243011009,0.70,13.12,5.18,4.88%,3.91,0.13,2.48,1.70,,20.51,25.58%,,3.89%,-50.00%,,3.11%,0.50,0,0.13
SVV,48.68,1313307624,20.24,0.80,9.78,1.49,22.01,2.21%,2462051624,1.60,7.85,6.43,1.15%,46.24,0.85,3.11,,84.81,86.70,2.16%,,,,,-6.76%,,0,0.00
FORTY,16.89,1318458701,,,,,8.83,6.04%,1399471701,0.51,,4.14,,,0.48,1.94,,17.57,,,,1.52%,105.14%,25.73%,0.62%,1.31,1,0.69
NYAX,,1283638481,180.93,3.04,29.92,2.81,182.06,-0.44%,1185786481,3.78,42.53,77.63,3.36%,32.24,4.09,7.77,,,29.78,3.10%,12.46,,,,-1.12%,,0,0.00
HDL,50.88,1370841690,,,,,31.50,1.59%,1328748690,1.71,,11.84,,,1.76,3.81,,60.95,,,3.63,,,,-4.35%,,0,0.00
JBLU,,1307514600,56.18,0.13,9.08,0.67,,-60.80%,6612514600,0.71,53.76,2.66,-21.85%,,0.14,0.50,6.80,,,-110.52%,0.58,,,,-4.08%,,0,0.00
BWLP,3.26,1305508485,5.53,1.81,1.74,3.05,5.59,27.14%,2196354485,0.62,3.69,2.58,6.70%,8.87,0.37,0.67,,6.20,14.93,11.27%,0.72,27.76%,-30.60%,91.48%,28.03%,2.42,0,0.42
SPRY,167.50,1314805320,,11.22,97.05,9.13,129.16,0.61%,1070208320,12.00,127.94,,1.21%,101.26,14.75,5.12,,133.81,82.42,0.99%,5.28,,,,-7.54%,,0,0.00
LZMH,,1318383000,,,,,,-0.08%,1322332826,1.60,1099.49,1190.13,-0.09%,,1.59,163.55,,,,-0.09%,170.01,,,,-2.90%,,0,0.00
UVV,10.87,1306490757,,,,,10.73,9.32%,2430424757,0.86,8.54,4.50,-4.16%,,0.46,0.92,,19.96,,-7.75%,1.15,6.17%,1.25%,66.69%,5.25%,3.24,55,0.81
DAC,2.70,1311891711,,1.22,2.11,1.48,3.00,38.50%,1593290711,1.57,2.34,1.94,-1.72%,,1.29,0.38,0.52,3.15,,-2.09%,0.38,4.93%,6.45%,13.05%,7.39%,3.40,4,0.85
IMCR,,1301686360,,3.46,49.95,2.43,,-3.92%,914032360,2.95,,,2.29%,62.19,4.20,3.61,,,43.67,1.61%,3.61,,,,-2.25%,,0,0.00
BTX,36.71,1267227655,,,,,,,,,,,,,,,,,,,,5.84%,,,5.89%,0.34,0,0.08
ADEA,20.68,1278566550,8.51,3.07,6.02,3.97,12.36,5.05%,1653110550,4.40,8.01,5.89,12.74%,6.07,3.40,3.22,,25.58,7.85,16.47%,,1.70%,25.00%,35.09%,1.48%,0.20,1,0.05
NTST,,1234878874,42.44,6.89,13.70,11.66,113.37,-0.97%,2090019874,12.84,21.93,9.89,-20.54%,,7.59,0.93,,,,-34.76%,1.06,5.58%,2.45%,,-12.75%,0.84,2,0.21
HTZ,,1204322700,11.78,0.13,0.54,2.00,,-237.64%,18479322700,2.04,10.02,,-3.81%,,0.13,7.87,,,,-58.46%,,,,,6.13%,,0,0.00
NBHC,11.03,1284533052,10.36,2.82,8.27,2.81,8.81,9.25%,1280091052,3.20,7.55,,9.43%,10.64,3.21,0.98,2.90,10.77,10.61,9.39%,1.36,3.42%,7.55%,37.66%,2.45%,1.16,10,0.29
DMLP,12.81,1301844500,,,9.81,,13.63,6.85%,1260376500,7.80,9.32,9.56,11.69%,8.83,8.06,3.60,,14.13,8.55,11.32%,3.55,11.77%,-8.53%,150.89%,3.73%,3.22,1,0.74
BHE,20.69,1282476668,15.01,0.46,6.78,0.48,11.92,4.94%,1320640668,0.50,8.41,8.19,11.96%,8.12,0.48,1.15,1.91,20.85,8.36,12.32%,1.46,1.94%,2.27%,39.53%,-0.25%,0.68,1,0.17
LZ,0.00,1332120850,12.71,1.84,9.82,1.66,27.52,2.25%,1197935850,1.76,14.86,27.18,8.34%,13.33,1.95,14.28,,39.98,11.99,7.50%,,,,,5.94%,,0,0.00
KN,58.00,1257031850,13.07,2.14,9.66,2.28,,-18.92%,1339131850,2.42,,12.05,9.24%,10.16,2.27,1.66,1.12,,10.83,9.84%,3.82,,,,1.64%,,0,0.00
KRP,,2328049878,15.56,6.48,9.28,7.05,66.26,-0.38%,2534199743,8.19,14.59,5.43,9.89%,9.29,7.53,5.01,,,10.11,10.77%,2.74,14.60%,2.38%,,0.17%,1.72,1,0.40
GBX,6.48,1269577212,9.03,0.37,4.18,0.78,6.86,15.97%,2724577212,0.78,5.26,2.57,2.72%,17.11,0.36,0.87,1.93,13.44,36.72,5.84%,0.98,3.15%,1.67%,20.44%,1.13%,1.28,2,0.32
MLNK,,1253718320,33.58,3.70,16.11,4.81,170.46,-2.37%,1629553320,5.15,24.03,24.98,4.32%,17.82,3.96,2.93,,,23.17,5.61%,,,,,5.08%,,0,0.00
STBA,9.72,1271588428,10.48,3.14,7.33,3.15,7.75,10.32%,1277082428,3.33,7.27,,13.35%,7.46,3.31,0.92,3.54,9.73,7.49,13.40%,1.29,3.83%,3.08%,39.88%,3.76%,1.36,10,0.34
AMC,,1261294000,,0.25,,1.74,156.22,-27.96%,8857394000,1.91,23.54,4.06,-3.35%,,0.27,,,,,-23.49%,,,,,-98.59%,,,0.26
LUCK,,1276960058,34.48,0.98,8.41,3.26,26.14,-0.04%,4243512058,3.59,12.07,4.29,-0.45%,,1.08,,,,,-1.51%,,2.53%,,3536.41%,0.41%,0.22,1,0.06
KLC,,1317536990,14.51,0.46,11.37,1.27,39.45,-7.05%,3641676990,1.37,17.35,9.12,-0.37%,,0.49,1.52,,,,-1.03%,,,,,-6.58%,,0,0.00
SEMR,147.42,1300652279,23.73,2.82,27.68,2.34,50.67,0.63%,1077355279,2.86,30.01,80.39,3.28%,36.81,3.45,5.07,,130.81,30.49,2.72%,7.72,,,,-1.91%,,0,0.00
GABC,12.00,1270616095,10.51,3.55,13.27,3.61,12.41,6.60%,1291955095,5.16,11.40,,7.02%,14.01,5.07,1.78,2.43,15.42,14.24,7.14%,2.39,3.39%,7.84%,41.05%,2.88%,1.16,10,0.29
DOLE,10.17,1276751960,9.93,0.15,4.47,0.26,8.20,9.83%,2242062960,0.26,6.02,3.72,9.05%,6.29,0.15,0.99,,17.86,11.05,15.89%,2.40,2.37%,,24.29%,2.00%,0.32,0,0.08
BLX,7.59,1211972056,,,1.46,,24.70,13.71%,4104840056,15.42,24.25,,20.24%,1.46,4.55,1.01,1.58,24.70,4.94,68.56%,0.95,7.26%,120.00%,44.61%,6.77%,2.50,1,0.63
LADR,11.60,1267882350,8.79,4.28,9.47,10.37,27.46,8.54%,3067410350,11.30,21.25,,7.49%,5.52,4.67,0.83,1.89,28.34,13.35,18.12%,0.85,9.21%,,106.98%,8.50%,0.92,0,0.23
TDOC,,1257385280,357.14,0.49,4.28,0.60,,-79.63%,1533334280,0.60,,40.00,11.06%,7.41,0.49,0.84,-1.01,,9.04,13.49%,,,,,-3.64%,,0,0.00
ANDE,11.36,1288880060,11.69,0.11,3.89,0.13,9.12,8.85%,1603325060,0.14,5.28,4.00,11.37%,7.07,0.11,0.94,2.93,14.06,8.79,14.15%,1.10,2.09%,2.67%,23.49%,2.18%,0.78,0,0.20
CGAU,18.04,1327457205,15.34,,4.45,,3.82,6.06%,720074205,0.59,2.25,3.21,19.03%,9.69,1.09,0.80,,8.96,5.25,10.32%,0.76,3.19%,-2.62%,56.90%,5.08%,0.20,0,0.05
DSL,,1280939670,,,2.93,,,-35.96%,1790669533,,,,24.39%,2.93,,1.04,,,4.10,34.10%,,11.71%,,,11.54%,1.32,0,0.11
TALO,,1223507700,81.97,0.63,1.27,1.16,19.35,-6.24%,2249800700,1.14,1.79,0.99,20.22%,2.69,0.62,0.44,,,4.95,37.18%,0.44,,,,-45.43%,,0,0.00
CODI,,1224465900,6.76,0.49,,1.18,17.44,1.05%,2939028900,1.34,13.84,3.04,-4.23%,,0.56,0.94,2.71,229.47,,-10.15%,,6.06%,,,1.12%,1.00,0,0.25
SEZL,16.69,1243953729,3.71,3.45,30.41,3.07,13.64,6.31%,1106171680,4.08,13.48,9.00,3.57%,31.54,4.59,14.16,,14.09,28.05,3.17%,14.48,,,,-5.34%,,0,0.00
IREN,,1227331164,3.97,1.43,,1.27,,-4.18%,1091666164,6.35,,14.56,-116.08%,,7.14,0.95,4.05,,,-103.25%,0.96,,,,-195.54%,,0,0.00
CDRE,33.58,1227173760,25.29,2.06,38.62,2.24,21.54,2.94%,1336178760,2.35,17.03,12.95,1.96%,46.90,2.16,3.94,,36.98,51.07,2.13%,21.99,1.26%,9.16%,42.22%,-5.09%,0.38,1,0.10
HUT,3.45,1218230880,435.47,4.41,,5.28,3.07,27.24%,1460168880,8.99,2.77,2.42,-15.57%,,7.50,1.25,,4.40,,-18.66%,1.38,,,,-82.82%,,0,0.00
IRON,,1211297760,,,,,,-9.03%,751416760,,,,-12.57%,,,2.73,,,,-7.80%,2.75,,,,-23.71%,,0,0.00
AHCO,14.70,1209756990,10.94,0.36,2.23,0.97,12.50,7.47%,3230345990,0.99,4.84,1.80,7.46%,5.02,0.37,0.77,,35.73,13.40,19.93%,,,,,-0.83%,,0,0.00
TVTX,,1197530233,,3.04,,3.12,,-26.85%,1228413233,5.27,,,-22.28%,,5.14,20.27,,,,-22.85%,,,,,-6.22%,,0,0.00
CCB,24.24,1193396400,16.48,1.64,4.59,1.09,13.86,3.79%,794165400,2.62,12.84,,31.47%,4.78,3.93,2.72,,17.56,3.18,20.94%,2.70,,,,-1.74%,,0,0.00
EXOD,11.85,1192561620,31.94,9.14,,8.61,8.59,9.47%,1124176620,9.67,8.25,38.51,-1.10%,,10.26,4.63,,9.95,,-1.03%,22.55,,,,-2.89%,,0,0.00
WINA,30.08,1159475223,26.56,13.22,27.50,13.80,22.38,3.45%,1210181023,14.89,21.92,21.58,3.47%,27.63,14.26,,,30.29,28.84,3.62%,,3.35%,-11.90%,101.93%,2.67%,11.10,0,0.90
IMAX,47.18,1198874901,17.66,2.89,16.92,3.29,34.86,2.17%,1364539901,3.87,13.04,13.46,2.17%,40.47,3.40,4.00,0.89,52.36,46.07,2.47%,5.68,,,,2.32%,,0,0.00
MMI,,1188229680,,1.43,54.72,1.09,,-1.04%,911821680,1.31,31.06,,1.52%,85.85,1.71,1.88,,,65.88,1.16%,2.03,1.63%,,,1.58%,0.50,0,0.25
GSBD,18.20,1167691635,5.75,2.87,475.25,7.46,16.69,5.38%,3035268635,6.99,16.69,,0.08%,475.25,2.69,0.74,2.15,48.28,1235.36,0.21%,0.75,18.85%,1.67%,350.22%,12.96%,1.92,0,0.48
PRA,22.47,1184024136,25.50,1.10,,1.46,18.40,4.45%,1571406136,1.37,15.23,12.02,-1.26%,,1.03,0.99,1.02,29.79,,-1.67%,1.04,,,,2.88%,,,0.05
WABC,8.40,1167458610,9.81,4.32,8.25,2.54,3.63,11.88%,686286610,2.34,3.44,,20.37%,8.35,3.98,1.31,8.32,4.95,4.91,11.98%,1.52,3.79%,1.15%,33.88%,3.86%,1.76,10,0.44
FL,95.12,1178384104,8.94,0.14,3.42,0.42,67.20,1.02%,3561384104,0.45,13.97,2.97,2.95%,11.22,0.15,0.41,-71.36,296.78,33.92,8.91%,0.66,,,,-1.38%,0.00,2,0.40
UPBD,9.57,1219103028,4.95,0.26,11.64,0.59,9.51,10.13%,2740842028,0.63,1.60,2.80,1.77%,25.16,0.28,1.94,,22.20,56.58,3.97%,14.53,7.27%,7.04%,70.59%,6.23%,1.56,3,0.39
BV,71.72,1232905000,14.35,0.43,5.14,0.70,12.33,2.97%,2015305000,0.74,6.49,3.98,6.57%,9.31,0.45,0.97,4.04,55.06,15.22,10.74%,,,,,-1.50%,,0,0.00
TNK,3.06,1221942748,4.33,1.25,2.59,0.75,1.79,33.03%,737530748,0.60,1.46,2.92,65.81%,2.52,0.99,0.70,31.59,1.83,1.52,39.72%,0.70,2.80%,50.00%,8.60%,2.46%,1.00,2,0.25
DXPE,18.96,1257083016,16.48,0.64,12.30,0.91,11.99,5.60%,1785031016,0.99,9.79,6.96,4.32%,16.30,0.70,2.97,2.10,25.36,23.14,6.14%,,,,,5.70%,,0,0.00
DSGR,,1190045484,16.58,0.58,21.08,0.94,35.51,-0.62%,1939407484,1.08,15.04,7.29,2.17%,28.30,0.66,1.86,3.19,,46.13,3.53%,,,,,0.02%,,,0.06
NEOG,,1215971120,11.40,1.27,17.76,2.07,,-39.91%,1981372120,2.19,,7.55,-1.99%,,1.34,0.46,0.66,,,-3.24%,,,,,-0.20%,,0,0.00
CET,4.24,1239894745,,,77.82,,5.19,4.55%,1160621924,20.23,5.18,79.57,1.27%,84.17,21.61,0.94,,20.59,78.79,1.19%,0.79,5.33%,21.62%,22.61%,3.81%,2.25,1,2.05
IMKT.A,,,,,,,,,,,,4.62,,,,,,,,,0.78,1.02%,,15.92%,1.02%,0.66,0,0.17
IMKTA,15.42,1184365778,9.03,,5.82,,11.79,6.65%,1473274818,0.27,5.79,4.63,1.74%,46.13,0.22,0.76,0.89,18.71,57.39,2.17%,0.78,1.04%,,15.92%,1.03%,0.66,0,0.17
TCBK,10.55,1203254712,10.69,2.86,10.97,3.03,8.22,9.55%,1274536712,3.27,7.45,,8.25%,11.44,3.09,0.99,1.91,11.10,12.12,8.74%,1.32,3.49%,7.32%,38.15%,4.27%,1.32,10,0.33
AZTA,,1196767764,41.47,1.95,21.96,1.28,,-13.52%,785583764,1.21,,52.73,2.60%,58.57,1.84,0.70,,,38.45,1.71%,1.28,,,,19.54%,,,0.10
IDT,15.19,1206307893,,,20.52,,12.57,6.62%,931007893,0.76,9.83,12.58,4.15%,31.21,0.99,4.44,,11.65,24.09,3.20%,5.03,0.50%,320.00%,7.63%,0.48%,0.24,1,0.06
TUYA,202.00,1089824324,,,13.56,,33.47,0.46%,239068324,0.80,,,33.61%,13.56,3.65,1.08,,47.84,2.98,7.37%,1.20,5.46%,,1250.57%,2.11%,0.11,1,0.05
NRP,8.05,1199771292,6.17,,4.83,,7.56,12.91%,1311395292,4.89,6.94,6.25,18.95%,4.83,4.48,2.18,,8.47,5.28,20.71%,2.27,4.68%,-22.61%,37.10%,1.39%,4.21,4,1.21
RBCAA,11.61,1049180902,10.58,3.13,7.04,3.43,9.02,9.66%,1152468902,3.49,8.10,,12.42%,7.33,3.18,1.06,1.75,11.37,8.05,13.65%,1.24,2.87%,9.35%,35.12%,2.52%,1.80,10,0.45
SDRL,2.94,1161088050,13.48,0.82,,0.89,3.21,38.41%,1266088050,0.91,,3.15,,,0.84,0.40,,2.84,,,0.40,,,,18.16%,,0,0.00
DFIN,13.30,1162601575,10.79,1.42,6.79,1.52,9.03,7.95%,1246701575,1.59,6.01,8.32,9.43%,9.89,1.49,2.67,4.88,13.49,10.60,10.12%,,,,,1.31%,,0,0.00
SCS,10.64,1161100916,8.91,0.35,5.66,0.41,7.61,9.85%,1354000916,0.43,5.23,4.65,16.66%,5.15,0.37,1.25,0.94,11.84,6.00,19.43%,1.93,3.93%,,39.22%,4.01%,0.40,1,0.10
EIG,10.10,1158915576,12.67,1.29,15.17,1.22,7.46,10.23%,1094615576,1.24,7.28,7.71,6.53%,16.21,1.32,1.08,2.05,9.23,15.31,6.17%,1.16,2.52%,7.14%,25.48%,6.44%,1.20,1,0.30
INOD,41.38,1152767951,46.83,4.67,32.92,4.52,45.94,2.49%,1117269951,6.55,37.10,43.29,2.44%,42.27,6.76,18.14,,38.98,40.96,2.37%,23.96,,,,-14.38%,,0,0.00
DNN,,1106243840,,,,,,-5.72%,1015994436,363.67,,,-3.36%,,395.97,2.75,,,,-3.09%,2.95,,,,-4.48%,,,0.21
SEI,34.26,1157042835,30.95,2.31,19.49,2.65,37.23,1.28%,1326051835,4.24,16.01,12.17,-9.35%,,3.70,3.25,,89.79,,-10.71%,6.38,2.79%,4.35%,96.00%,-34.13%,0.48,2,0.12
ADPT,,1147795950,,5.35,,5.33,,-13.90%,1145270950,6.40,,,-8.63%,,6.41,5.66,,,,-8.61%,14.29,,,,-1.88%,,0,0.00
VBTX,10.72,1138955154,9.25,2.44,8.35,1.10,3.70,9.42%,514491154,1.27,3.24,,24.07%,9.20,2.81,0.71,2.55,4.80,4.15,10.87%,0.97,3.81%,,41.03%,3.42%,0.80,0,0.20
APLD,,1161327079,27.03,3.86,,5.49,,-23.33%,1653158079,7.81,,66.24,-25.73%,,5.49,2.67,,,,-36.63%,2.67,,,,-91.09%,,0,0.00
NEO,,1118895310,222.22,1.50,159.32,1.79,,-7.04%,1337385310,2.02,180.36,1313.26,-2.55%,,1.69,1.24,3.02,,,-3.04%,28.05,,,,-0.92%,,,0.40
IRS,,86601540,,,0.90,,,-36.92%,299111054,0.83,,7.58,41.31%,0.70,0.24,0.09,,,2.42,142.70%,1.07,13.37%,6.80%,,3.18%,1.63,2,0.98
EVH,,1153084990,21.03,0.55,61.45,0.81,,-8.10%,1703259990,0.67,21.28,12.10,-0.36%,,0.45,1.15,-1.37,,,-0.53%,,,,,-3.08%,,0,0.00
VYX,1.23,1110369585,9.96,0.47,,0.72,1.55,84.93%,1701369585,0.60,1.22,4.81,-20.51%,,0.39,1.19,,1.80,,-31.43%,,,,,-2.92%,,,16.00
GDYN,277.80,1164515376,30.40,2.70,38.56,1.95,76.21,0.35%,842485376,2.40,28.28,66.31,2.19%,63.18,3.32,2.25,,208.48,45.71,1.58%,3.08,,,,-6.36%,,0,0.00
ENVX,,1117996530,,31.54,,29.27,,-19.88%,1037688530,44.97,,,-17.81%,,48.45,4.53,,,,-16.53%,5.67,,,,-9.69%,,0,0.00
PLAB,7.57,1125677707,8.44,1.25,3.77,0.54,2.26,13.09%,486129707,0.56,1.63,3.78,36.12%,6.41,1.30,1.00,4.27,3.30,2.77,15.60%,1.00,,,,-0.61%,,0,0.00
EVRI,79.06,1161722688,26.62,1.45,3.65,2.14,19.20,1.29%,1711980688,2.26,6.87,3.96,9.48%,7.16,1.53,4.54,-0.74,114.01,10.55,13.97%,,,,,4.17%,,0,0.00
NAVI,9.39,1140377400,10.22,1.97,2.48,81.92,272.16,11.49%,47355377400,45.58,272.16,,0.97%,2.48,1.10,0.14,0.14,361.49,103.17,40.25%,0.51,5.77%,,54.24%,15.34%,0.64,0,0.16
FLNG,9.82,1160183310,11.10,3.23,6.35,7.06,11.34,10.14%,2533217310,7.11,8.48,4.39,7.22%,6.35,3.26,1.44,,21.53,13.86,15.76%,1.43,14.05%,-4.00%,137.61%,13.43%,3.00,0,0.75
TFIN,91.19,1153215572,46.81,2.48,19.69,2.08,47.15,1.12%,965112572,2.43,17.93,,-2.66%,,2.90,1.29,,74.91,,-2.23%,2.09,,,,-0.41%,,,17.81
BRDG,63.54,1036582617,10.05,2.81,7.14,3.75,38.18,0.77%,1384258617,3.30,24.42,18.07,10.48%,7.14,2.47,12.43,,172.92,9.54,14.00%,,5.46%,-17.86%,352.86%,-19.61%,0.46,0,0.11
ARI,,1136659135,9.67,5.92,5.68,37.58,,-11.60%,7209466135,23.74,,,0.43%,36.96,3.74,0.61,33.37,,234.45,2.71%,0.61,12.17%,-21.43%,,13.30%,1.00,0,0.25
NABL,41.50,1233419840,17.51,2.40,15.53,2.96,18.00,2.51%,1517416840,3.26,13.79,12.83,4.08%,19.94,2.65,1.62,,49.02,24.53,5.02%,,,,,-1.32%,,0,0.00
SPH,18.33,1253114515,8.59,,6.88,,18.40,5.52%,2689404515,2.02,12.57,5.02,4.20%,11.10,0.94,2.30,1.24,38.90,23.83,9.01%,,6.74%,,122.55%,6.15%,1.30,0,0.33
KARO,24.74,1206121730,1.30,0.24,15.28,0.24,18.74,4.04%,1188495012,4.84,,12.25,1.73%,58.74,4.91,8.06,,24.36,57.88,1.70%,8.29,2.77%,27.06%,68.33%,2.94%,1.08,3,1.08
KMTS,,1200799080,,,,,,-8.40%,1235675080,44.43,,,-6.84%,,43.17,,,,,-7.03%,,,,,,,0,0.00
BOW,29.61,1247714376,23.40,2.42,4.24,1.99,20.01,3.07%,1025656376,2.41,18.26,22.19,28.39%,4.29,2.93,3.37,,26.82,3.52,23.34%,3.37,,,,-23.65%,,0,0.00
TIGR,18.76,1140372399,21.60,,,,,5.33%,-1624948794,,,,,,3.45,1.74,,,,,1.81,,,,-4.40%,,0,0.00
WS,8.31,1201847711,7.37,0.39,5.92,0.43,6.94,11.93%,1336847711,0.41,5.20,5.30,5.94%,15.14,0.37,1.19,,9.32,16.84,6.61%,1.36,2.73%,,29.84%,0.10%,0.64,1,0.16
BKD,,1167101870,47.62,0.36,7.02,1.97,139.56,-17.30%,6419379870,2.05,15.52,2.77,-0.62%,,0.37,5.49,-0.75,,,-3.43%,6.30,,,,-1.03%,,,0.25
AMPL,,1159520696,115.01,3.46,62.66,2.74,,-8.13%,919314696,3.07,,,1.28%,98.87,3.87,3.91,,,78.39,1.01%,4.56,,,,-5.95%,,0,0.00
ALEX,19.39,1169199312,25.44,5.66,11.93,7.80,19.92,5.18%,1610364312,6.81,13.74,9.89,4.11%,17.67,4.94,1.17,4.48,26.61,24.34,5.66%,1.21,5.63%,1.13%,108.13%,5.56%,0.90,4,0.23
ACMR,12.04,1162849166,8.37,1.28,7.63,0.99,6.32,8.91%,902648166,1.15,5.76,7.22,7.75%,16.62,1.49,1.29,,8.71,12.90,6.02%,1.29,,,,-2.11%,,0,0.00
PX,64.75,1152014139,11.04,3.80,11.41,4.70,26.92,1.62%,1424273139,4.80,17.92,9.32,6.76%,11.97,3.89,3.32,,76.16,14.80,8.35%,,1.34%,7.69%,85.69%,-2.32%,0.14,3,0.04
ATEN,23.39,1158097716,18.13,4.04,12.80,3.36,16.57,4.33%,962539716,3.68,13.87,21.16,8.13%,14.80,4.43,5.00,-10.86,19.20,12.30,6.75%,5.03,1.53%,,35.82%,1.86%,0.24,0,0.06
AIV,,1064760000,714.29,4.76,22.66,9.33,,-9.62%,2084826000,9.99,48.62,13.56,3.51%,14.55,5.10,8.66,839.32,,28.50,6.87%,10.48,8.03%,,,11.60%,0.60,0,0.60
MODG,,1118715600,156.25,0.27,2.93,0.86,,-129.41%,3622715600,0.85,,2.34,2.41%,12.83,0.26,0.46,0.67,,41.54,7.79%,2.70,,,,8.65%,,,0.01
SPT,,1146731466,28.53,2.51,43.57,2.41,,-5.40%,1099839466,2.71,,,2.12%,49.07,2.83,6.88,0.44,,47.06,2.04%,49.04,,,,-2.28%,,0,0.00
MD,,1163677164,8.55,0.61,5.63,0.77,,-8.51%,1477484164,0.73,,5.28,12.49%,6.31,0.58,1.52,0.88,,8.01,15.86%,,,,,-1.37%,,0,0.00
NGVT,,1125609977,6.83,0.81,8.75,1.80,,-38.23%,2512309977,1.79,,3.01,2.03%,22.07,0.80,5.77,2.05,,49.26,4.53%,,,,,-0.33%,,0,0.00
CSTM,20.76,1120914630,8.16,0.13,3.72,0.35,11.97,5.00%,2897914630,0.40,5.31,1.96,-3.45%,,0.15,1.59,0.06,51.75,,-8.92%,2.01,,,,-1.30%,,0,0.00
CRAI,24.23,1109197579,20.35,1.51,22.30,1.61,16.69,4.21%,1179188579,1.72,12.10,13.49,2.81%,33.50,1.61,5.23,1.26,25.28,35.61,2.99%,9.98,1.19%,16.67%,29.08%,4.14%,1.96,9,0.49
TNDM,,1132705015,,1.10,46.76,1.14,,-8.48%,1167941015,1.24,,,0.43%,226.81,1.20,4.31,,,233.87,0.44%,4.32,,,,-0.74%,,0,0.00
SAFT,16.11,1146740432,60.39,,8.91,,12.54,6.17%,1133499432,1.01,11.27,11.49,10.97%,9.22,1.02,1.38,1.31,16.02,9.12,10.84%,1.43,4.78%,,75.31%,4.69%,3.60,0,0.90
TIC,39.28,1120637467,,,,,,,1794082467,,,12.88,,,,0.97,,,,,,,,,,,0,0.00
ARHS,16.31,1123242446,16.41,0.80,7.64,1.01,16.20,6.10%,1421812446,1.12,8.60,8.99,3.35%,23.61,0.88,3.27,,20.74,29.89,4.24%,3.38,,,,-0.42%,,1,0.50
MLKN,39.07,1122578730,7.67,0.29,5.18,0.71,115.90,2.68%,2746778730,0.76,15.36,4.58,4.84%,8.44,0.31,0.90,0.70,91.26,20.65,11.85%,,4.53%,,176.19%,10.79%,0.75,0,0.19
BST,,1115272368,,,16.01,,,-58.71%,1115360452,,,,6.25%,16.01,,1.16,,,16.01,6.25%,,9.29%,,,9.34%,3.00,0,0.25
BFS,19.76,772973552,22.78,2.67,6.38,7.92,22.00,5.10%,2295290552,8.54,14.82,6.58,-2.94%,,2.88,2.30,,58.17,,-8.73%,7.33,7.30%,,144.79%,6.20%,2.36,0,0.59
TPC,,1112681531,13.25,0.22,2.21,0.21,,-14.71%,1042645531,0.24,,,45.16%,2.36,0.26,0.98,1.24,,2.21,42.32%,1.28,,,,-0.92%,,,1.00
INDV,472.75,1179596345,,,32.77,,22.86,0.17%,1234596345,1.04,14.87,3.44,0.57%,168.51,0.99,,,617.30,176.37,0.59%,,,,,2.92%,,,0.48
NVEE,37.58,1078213881,12.72,1.03,18.81,1.23,29.95,2.53%,1280655881,1.36,10.50,9.18,3.21%,26.24,1.15,1.29,0.83,46.90,31.17,3.81%,22.91,,,,-1.59%,,0,0.00
AMPH,7.65,1116918344,6.74,1.46,5.23,2.02,7.03,14.28%,1543387344,2.11,5.58,4.31,11.17%,6.48,1.53,1.53,2.77,9.68,8.96,15.43%,7.87,,,,1.78%,,0,0.00
IAS,29.65,1118309500,20.72,1.87,9.49,1.83,18.07,3.38%,1091081500,2.06,8.77,10.79,7.09%,14.46,2.11,1.11,,28.87,14.11,6.92%,7.96,,,,-2.31%,,0,0.00
LX,7.65,558182121,2.35,,,,0.45,27.01%,83447963,0.04,,3.67,,,0.29,0.38,,0.55,,,0.89,2.36%,-12.09%,18.02%,8.07%,0.16,2,0.09
OCSL,20.04,1120592213,7.01,3.17,6.92,7.28,14.15,4.87%,2572315213,6.95,14.15,,6.29%,6.92,3.03,0.77,0.93,47.10,15.89,14.45%,0.77,13.88%,-6.61%,280.64%,8.39%,1.88,0,0.47
TWO,4.46,1100043225,6.12,,5.47,,23.87,22.88%,9369891225,18.35,23.87,,2.15%,5.47,2.15,0.52,3.59,37.23,46.62,18.27%,0.72,16.79%,,75.93%,8.64%,1.80,0,0.45
CTS,19.60,1105990105,16.09,2.04,11.14,2.08,14.96,5.25%,1128748105,2.19,10.61,10.29,7.14%,13.71,2.14,2.08,2.05,19.42,14.00,7.29%,6.66,0.44%,,8.47%,3.16%,0.16,0,0.04
MSEX,24.88,1099097438,24.79,5.40,18.71,7.28,22.68,4.03%,1480836438,7.72,15.87,12.73,-1.07%,,5.73,2.47,10.95,33.47,,-1.45%,2.47,2.21%,4.31%,55.11%,1.68%,1.36,52,0.34
BUSE,9.71,1726527565,7.46,2.31,9.69,2.00,9.77,6.58%,1498056565,3.30,8.62,,11.62%,9.92,3.81,1.25,3.05,13.18,8.61,10.08%,1.08,5.17%,1.04%,50.51%,2.12%,1.00,0,0.25
SA,,1118455200,,,,,,-1.94%,1481858799,,,,-5.81%,,,1.86,,,,-7.70%,1.90,,,,-6.94%,,0,0.00
TASK,25.37,1142059379,8.95,1.02,8.22,1.12,13.11,4.02%,1255092379,1.26,8.05,6.80,7.95%,11.45,1.15,2.30,,27.36,12.58,8.74%,10.61,,,,4.02%,,0,0.00
HOPE,11.07,1160492850,9.22,2.15,9.94,2.02,8.23,8.59%,1094936850,2.39,5.90,,9.76%,10.86,2.54,0.54,1.34,10.99,10.24,9.21%,0.66,6.06%,,68.29%,5.54%,0.56,0,0.14
AGRO,12.35,1106597240,19.19,0.71,3.37,1.27,9.77,8.34%,1970842240,1.30,3.90,2.60,4.66%,12.06,0.73,0.81,0.06,21.34,21.47,8.29%,0.83,3.15%,4.78%,38.95%,8.61%,0.35,3,0.18
SII,22.99,1132499663,20.08,,16.38,,15.06,4.35%,1085440663,6.08,14.61,15.60,6.20%,16.83,6.34,3.50,,22.02,16.13,5.94%,8.10,2.70%,10.00%,62.83%,1.82%,1.20,1,0.30
BLBD,10.19,1054528524,9.41,0.70,7.68,0.68,6.73,10.25%,1012679524,0.75,6.12,7.12,11.88%,8.76,0.78,5.87,1.13,9.37,8.41,11.41%,8.97,,,,-2.87%,,0,0.00
DAVE,19.69,1080396089,28.81,2.57,8.63,2.53,15.57,5.36%,1064003089,3.07,14.00,30.53,11.05%,9.19,3.11,5.90,,18.39,9.05,10.88%,6.38,,,,-15.82%,,0,0.00
FNA,,1092439534,,3.71,,3.97,,-5.00%,1168545534,4.56,,,-3.57%,,4.26,8.37,,,,-3.82%,12.88,,,,-1.49%,,0,0.00
THS,42.41,1085901705,12.09,0.32,4.09,0.68,24.08,2.48%,2324101705,0.69,9.54,3.54,5.49%,8.52,0.32,0.70,0.61,86.40,18.23,11.74%,,,,,6.74%,,0,0.00
PLUG,,1078562580,,1.28,,1.33,,-195.14%,1116489580,1.78,,,-95.15%,,1.72,0.62,,,,-98.50%,0.65,,,,-31.83%,,0,0.00
EWTX,,1201235925,,,,,,-11.14%,735802925,,,,-15.00%,,,2.62,,,,-9.19%,2.37,,,,-45.02%,0.00,0,0.00
TILE,12.72,1103002560,12.37,0.80,7.43,1.01,10.14,7.88%,1386921560,1.05,7.65,6.18,8.34%,9.53,0.84,2.25,0.76,15.95,11.99,10.49%,3.22,0.21%,,2.70%,-0.71%,0.04,0,0.01
PCRX,,1079160984,7.05,1.42,5.70,1.62,,-9.23%,1233398984,1.76,38.25,6.12,14.49%,6.04,1.54,1.39,-3.83,,6.90,16.56%,3.07,,,,11.03%,,0,0.00
PMT,9.21,1095317210,7.85,2.89,,33.91,90.06,10.88%,12846179210,38.44,90.06,,-21.04%,,3.28,0.57,2.12,107.80,,-246.77%,0.78,12.73%,,116.97%,35.01%,1.60,0,0.40
GIII,5.90,1087864528,5.98,0.34,3.44,0.37,4.10,17.79%,1184108528,0.37,3.16,3.31,23.13%,3.97,0.34,0.65,0.98,6.12,4.32,25.17%,1.04,,,,1.88%,,0,0.00
MRTN,40.17,1079404625,32.76,1.09,8.01,1.07,29.23,2.49%,1062419625,1.10,6.86,7.36,-1.63%,,1.12,1.41,3.20,39.46,,-1.60%,1.41,1.81%,,72.73%,1.64%,0.24,0,0.06
LOB,13.73,1060618779,9.79,1.95,1.98,1.04,6.32,7.30%,564388779,1.40,5.01,,94.23%,1.99,2.63,1.06,,7.28,1.06,50.14%,1.06,0.51%,,7.10%,-1.08%,0.12,0,0.03
QCRH,9.63,1092155544,9.36,3.93,2.46,5.04,11.42,10.42%,1399363544,4.24,10.46,,28.59%,2.73,3.31,1.10,1.77,12.29,3.50,36.63%,1.29,0.36%,,3.58%,-0.20%,0.24,0,0.06
SAFE,10.20,1083967090,9.23,2.79,28.63,13.85,49.30,9.76%,5384288090,14.72,45.19,3.37,0.85%,23.74,2.96,0.46,0.65,50.91,117.90,4.21%,0.51,4.71%,,47.84%,-2.43%,0.71,0,0.18
HIMX,13.28,521720032,9.84,0.61,4.37,0.97,10.27,15.29%,835346032,0.92,8.06,12.40,12.71%,4.91,0.58,0.59,2.81,10.47,7.87,20.35%,1.24,4.72%,-39.58%,63.56%,4.59%,0.29,0,0.29
LILAK,,1038112364,26.06,0.22,1.21,1.80,13.34,-0.52%,8328312364,1.85,5.06,0.72,3.33%,3.74,0.23,0.60,0.83,,30.03,26.71%,,,,,5.29%,,0,0.00
SCL,21.63,1073162142,14.89,0.47,6.62,0.72,22.20,4.69%,1656328142,0.76,8.87,5.86,2.37%,27.32,0.49,0.92,4.34,32.88,42.17,3.66%,1.04,3.27%,2.70%,70.00%,3.34%,1.54,57,0.39
CMPR,7.18,1065916373,23.52,0.63,3.39,1.49,10.65,14.97%,2512784373,0.75,6.62,3.47,8.28%,5.12,0.32,,-9.11,15.75,12.08,19.52%,,,,,4.68%,,0,0.00
INVA,47.50,1071751050,14.84,4.07,5.68,4.21,18.58,2.18%,1107599050,3.09,11.14,5.18,16.66%,5.81,2.99,1.55,0.24,47.35,6.00,17.22%,2.31,,,,14.61%,,,0.25
NGVC,30.06,1080747456,,,18.07,,28.71,3.34%,1421563456,1.12,17.56,12.75,1.72%,44.19,0.85,5.94,6.47,39.36,58.13,2.26%,6.41,1.03%,-68.57%,30.77%,0.21%,0.48,0,0.12
FWRG,56.73,1035543535,54.85,0.86,8.95,1.50,44.55,1.83%,1811762535,1.78,14.50,10.18,-0.68%,,1.02,1.74,,95.73,,-1.19%,35.50,,,,-1.90%,,0,0.00
PCT,,1069295520,142.86,7.29,,9.80,,-27.04%,1438265520,,,,-13.93%,,,5.93,,,,-18.74%,5.95,,,,-0.83%,,0,0.00
LQDA,,1056848415,,20.63,,19.57,,-12.34%,1002759415,71.65,,,-9.81%,,75.51,13.68,,,,-9.31%,15.05,,,,-21.10%,,0,0.00
CMPO,,1036420560,10.64,2.31,8.00,2.58,,-5.18%,1160599560,2.76,,8.86,10.43%,8.56,2.46,,,,9.58,11.69%,,2.41%,,,-22.27%,0.25,1,0.25
LC,20.42,1041998960,11.62,1.08,,0.07,0.99,4.93%,64602960,0.08,0.52,8.36,-4161.54%,,1.32,0.78,-18.14,1.26,,-258.01%,0.87,,,,-4.29%,,0,0.00
USPH,37.38,1044885126,24.90,1.37,13.94,1.70,24.03,3.01%,1298755126,1.93,17.86,11.78,5.06%,15.89,1.56,2.14,2.75,41.33,19.75,6.29%,,2.58%,2.31%,97.79%,-3.59%,1.80,4,0.45
ERO,,1028469960,4.31,1.21,7.07,1.88,,-6.66%,1598141960,3.40,56.33,5.35,-12.02%,,2.19,1.75,,,,-18.68%,1.75,,,,-8.65%,,0,0.00
ROG,40.64,1053355032,23.87,1.30,8.29,1.13,26.16,2.48%,918155032,1.11,10.87,10.72,7.89%,14.55,1.27,0.84,0.77,35.18,12.68,6.87%,1.34,,,,-0.24%,0.00,,0.01
OCUL,,976395080,,13.81,,9.32,,-19.82%,658462080,10.33,,,-20.65%,,15.32,3.10,,,,-13.93%,3.10,,,,-84.90%,,0,0.00
EVEX,,1023895360,,,,,,-13.49%,852528360,,,,-16.56%,,,8.26,,,,-13.79%,8.26,,,,-4.63%,,0,0.00
PL,,1038232274,,3.72,,2.98,,-11.87%,831172274,3.40,,,-8.27%,,4.25,2.35,,,,-6.62%,4.00,,,,-4.48%,,0,0.00
ARDX,,1005862320,,2.64,,2.39,,-3.89%,909200320,2.73,,,-5.04%,,3.02,5.80,,,,-4.56%,5.78,,,,-7.25%,,0,0.00
LEU,13.67,986501932,22.25,2.20,26.66,1.92,11.36,7.42%,859701932,1.95,9.94,13.88,3.83%,29.98,2.23,6.11,,11.74,26.13,3.34%,7.77,,,,-5.63%,,,37.91
MDXG,24.66,1016088570,22.57,2.64,15.35,2.42,15.85,4.17%,930502570,2.67,14.08,15.57,6.93%,15.75,2.91,5.26,2.97,21.94,14.42,6.35%,6.28,,,,-2.11%,,0,0.00
EXK,,978494752,19.99,2.76,51.20,2.80,,-3.22%,991226752,4.55,92.77,25.45,-17.78%,,4.50,2.02,,,,-18.01%,2.08,,,,-22.46%,,,0.11
AUPH,183.38,1008068260,14.89,3.78,22.71,2.73,59.35,0.57%,728961260,3.10,22.98,31.52,6.05%,22.86,4.29,2.67,,126.73,16.53,4.38%,2.70,,,,-2.07%,,0,0.00
TPB,26.43,1004550848,15.93,2.46,14.98,2.97,17.20,3.96%,1216545848,3.37,16.32,10.68,5.13%,16.09,2.79,5.34,,30.56,19.48,6.22%,,0.53%,7.55%,,5.93%,0.30,8,0.08
IOVA,,968876535,,2.11,,1.52,,-38.41%,696997535,4.25,,,-52.23%,,5.91,1.36,,,,-37.57%,2.26,,,,-23.28%,,0,0.00
HPK,12.62,1061484140,7.24,1.01,1.54,1.93,6.76,8.96%,2024608140,1.89,2.53,1.27,3.44%,15.26,0.99,0.66,,21.30,29.11,6.55%,0.67,1.87%,39.13%,24.03%,-3.17%,0.16,1,0.04
CRCT,16.71,1025154771,18.76,1.41,3.87,0.97,7.89,6.13%,703449771,0.99,5.72,12.22,35.06%,4.16,1.44,2.20,,11.20,2.85,24.06%,2.21,12.37%,,206.90%,13.83%,0.60,0,0.10
ALX,23.18,1021253708,,,18.88,,15.20,4.25%,1615436708,7.14,11.21,8.59,2.12%,29.76,4.51,5.77,,37.18,47.07,3.36%,5.66,8.97%,,212.77%,9.02%,18.00,0,4.50
BFH,8.09,2179211636,6.24,0.55,1.17,1.02,10.71,12.71%,4057211636,1.66,8.65,,44.93%,1.20,0.89,0.71,1.45,14.65,2.23,83.65%,0.95,1.88%,,15.27%,1.08%,0.84,0,0.21
CLBK,,1396050900,31.21,6.48,41.90,10.37,,-0.83%,2232880900,13.50,,,1.21%,51.53,8.44,1.29,,,82.42,1.94%,1.46,,,,1.03%,,0,0.00
PWP,,1394931985,12.29,1.36,6.25,1.22,,-4.64%,1249509985,1.42,,,16.57%,6.74,1.59,,,,6.04,14.84%,,1.60%,,,40.30%,0.28,0,0.07
LOMA,84.10,214372389,9.92,,2.71,,4.11,5.95%,348701594,0.67,3.04,6.49,13.27%,4.63,0.41,0.78,,27.36,7.54,21.58%,1.40,,,,0.29%,,,0.46
BHLB,16.07,1065789420,8.90,2.15,8.51,0.76,4.72,5.72%,375474420,0.94,4.12,,32.13%,8.83,2.66,0.91,1.74,6.16,3.11,11.32%,0.91,3.13%,,50.35%,4.88%,0.72,0,0.18
RDFN,,1047853400,,0.94,,1.59,,-15.83%,1765352400,1.69,,,-2.46%,,1.00,,,,,-4.15%,,,,,-7.53%,,0,0.00
BY,8.43,1041800466,8.65,2.39,5.95,2.87,7.78,11.59%,1253314466,3.30,7.55,,13.71%,6.06,2.74,0.95,,10.38,7.30,16.49%,1.16,1.73%,2.78%,14.55%,0.09%,0.40,0,0.10
VSTS,100.13,1056595854,10.55,0.37,2.49,0.83,17.69,0.90%,2399990854,0.87,8.63,3.61,14.71%,2.99,0.38,1.17,,251.68,6.80,33.41%,,1.75%,,193.14%,1.34%,0.14,2,0.04
CMRE,3.55,1041861285,,0.59,1.94,1.50,5.85,27.90%,2651126285,1.27,4.30,1.66,16.86%,2.33,0.50,0.41,-0.80,9.12,5.93,42.90%,0.41,5.25%,,18.88%,6.06%,0.46,0,0.12
MFIC,8.69,1033927808,6.87,2.89,,7.58,12.62,9.56%,2711191808,8.98,12.62,,-0.35%,,3.43,0.74,,27.44,,-0.92%,0.74,13.84%,13.16%,119.91%,-29.94%,1.52,2,0.38
VRTS,8.76,1023038291,5.25,1.20,582.93,3.64,8.59,11.90%,3096842291,3.41,7.21,4.17,-0.12%,,1.13,1.14,0.62,25.44,,-0.37%,8.44,6.01%,17.69%,53.29%,8.25%,9.00,7,2.25
ATUS,,1028315025,31.85,0.12,0.69,2.99,15.75,-10.01%,26084095025,2.91,7.91,0.31,0.19%,21.09,0.11,,0.17,,534.94,4.74%,,,,,-1.07%,,,2.04
PEB,,1017819930,24.57,0.72,3.70,2.39,40.79,-4.59%,3367701930,2.32,10.79,3.28,4.34%,6.96,0.70,0.38,0.48,,23.03,14.37%,0.38,0.47%,,,2.14%,0.04,0,0.01
RLJ,25.17,1030842270,46.72,0.73,3.61,2.09,16.23,4.16%,2936700270,2.14,8.03,3.06,5.74%,6.12,0.75,0.45,1.41,68.44,17.43,16.34%,0.54,8.89%,44.74%,222.22%,10.86%,0.60,3,0.15
OMF,10.00,5044491680,6.83,1.16,1.87,5.85,37.99,10.09%,25340491680,10.29,26.84,,10.65%,1.87,2.05,1.58,0.61,49.78,9.39,53.50%,3.54,9.67%,4.00%,98.11%,10.28%,4.16,2,1.04
BPMC,,4982111760,,6.74,,6.53,,-1.35%,4824105760,9.48,,,-4.09%,,9.79,16.68,,,,-3.96%,16.70,,,,-3.80%,,0,0.00
CHRD,5.33,5085757355,6.39,1.07,2.42,1.25,5.09,16.69%,5944226355,1.13,2.61,2.21,15.45%,5.54,0.97,0.58,,7.00,6.47,18.05%,0.62,9.65%,-20.62%,51.17%,-12.04%,8.20,0,1.30
TX,,499799328,4.88,0.03,0.19,,,132.69%,-1238234253,,,2.66,-62.92%,0.64,0.03,0.04,4.03,,,155.88%,0.46,10.45%,-18.18%,,10.22%,2.70,2,1.80
DINO,29.57,5070032370,14.55,0.18,4.57,0.26,19.38,3.49%,7286032370,0.25,6.03,5.98,8.78%,7.92,0.18,0.55,8.47,41.16,11.38,12.62%,0.85,7.44%,8.11%,219.78%,6.36%,2.00,3,0.50
VIAV,,2200266985,19.02,1.87,21.18,1.98,75.30,-1.77%,2326766985,2.31,33.48,27.46,3.75%,25.23,2.18,3.22,2.41,,26.68,3.96%,10.88,,,,-0.58%,,,4.69
TWST,,2110455918,,5.29,,4.86,,-9.35%,1937244918,5.87,,,-3.53%,,6.39,4.63,,,,-3.24%,5.92,,,,-2.90%,0.00,0,0.00
IOSP,60.50,2151610773,14.06,1.11,11.66,0.98,59.79,1.65%,1907310773,1.03,25.30,28.47,6.43%,17.54,1.17,1.78,-2.95,53.58,15.54,5.70%,2.83,1.81%,9.93%,109.15%,1.34%,1.55,10,0.79
ABR,8.72,1958534175,9.40,6.03,4.24,34.72,40.52,11.40%,11269544175,18.11,31.65,,4.19%,4.15,3.15,0.65,1.20,50.47,23.87,24.11%,0.92,16.48%,0.58%,145.75%,22.91%,1.72,10,0.43
TGLS,19.81,3152196528,15.91,3.18,18.48,3.15,13.43,5.12%,3123976528,3.51,12.06,12.74,2.91%,34.65,3.54,4.99,0.42,19.37,34.34,2.89%,5.29,0.88%,36.84%,17.49%,1.96%,0.60,4,0.15
ENS,10.03,3194891355,7.80,0.84,12.20,1.06,9.94,10.27%,4034385355,1.14,8.00,5.92,3.57%,22.19,0.90,1.73,0.43,12.30,28.02,4.51%,4.29,1.19%,11.18%,11.92%,3.93%,0.96,2,0.24
PTCT,,3177648126,14.88,4.08,,3.12,,-11.43%,2427248126,3.01,,,2.63%,49.75,3.94,,0.81,,38.01,2.01%,,,,,-2.68%,,0,0.00
SXT,24.79,3090306032,22.34,1.91,19.66,2.29,19.30,4.03%,3697051032,2.37,14.68,11.98,2.66%,31.44,1.98,2.91,1.67,29.66,37.62,3.18%,4.85,2.26%,,55.78%,1.90%,1.64,0,0.41
NPO,42.64,3095654904,19.61,2.82,19.00,3.18,25.86,2.35%,3499454904,3.34,14.85,12.24,3.71%,23.81,2.95,2.17,1.74,48.00,26.92,4.20%,,0.85%,3.42%,35.94%,0.44%,1.24,10,0.31
TBBB,231.41,2990150147,4.75,0.04,16.31,0.04,33.34,0.54%,3219643057,1.17,18.85,30.92,2.00%,46.51,1.08,15.16,,200.64,50.08,2.15%,15.74,,,,-1063.39%,,0,0.00
CNXC,12.13,3085253633,4.03,0.31,4.31,0.78,12.01,8.73%,7679145633,0.80,5.81,2.14,6.28%,6.39,0.32,0.76,0.44,28.51,15.92,15.64%,,2.79%,10.00%,33.29%,5.39%,1.33,4,0.33
ELF,30.97,2934419158,14.85,2.06,84.43,2.22,24.79,3.35%,3163001158,2.43,17.85,17.63,0.78%,119.19,2.25,3.82,2.03,32.16,128.48,0.84%,13.66,,,,-0.56%,,0,0.00
BXMT,,2996048700,15.24,6.65,8.18,40.85,,-6.81%,18397484700,36.90,,,1.99%,8.19,6.01,0.79,254.80,,50.29,12.21%,0.82,10.79%,-18.15%,,10.14%,1.88,0,0.47
STNE,,3011791282,7.58,0.19,,0.07,2.53,-7.46%,1141750979,0.58,1.86,2.91,-72.57%,,1.53,1.51,,,,-27.51%,2.93,,,,,,0,0.00
UGP,6.16,3136605037,9.03,0.02,4.85,,,15.97%,,,,3.68,,5.60,0.12,,2.13,,,17.85%,1.71,3.86%,-15.20%,32.77%,3.78%,0.11,1,0.07
SHC,66.19,3001979070,14.02,2.64,13.39,4.45,18.21,1.48%,5073747070,4.61,11.47,5.98,0.89%,66.57,2.73,7.41,1.68,114.28,112.51,1.50%,,,,,-0.59%,0.00,0,0.00
WDFC,33.92,2881276740,36.09,4.42,41.13,4.52,29.70,2.96%,2950284740,4.83,26.76,26.56,2.25%,43.35,4.72,11.90,2.35,34.55,44.39,2.31%,20.11,1.71%,6.43%,59.97%,1.87%,3.76,10,0.94
NE,6.20,2908721360,10.39,0.84,4.44,1.33,7.91,15.41%,4641604360,1.52,4.57,2.74,1.73%,36.29,0.95,0.63,,10.35,57.90,2.76%,0.63,10.67%,,67.57%,6.63%,2.00,2,0.50
ORLA,35.89,3192076800,13.72,,18.28,,16.54,2.79%,3029309800,8.81,13.51,14.86,4.79%,21.99,9.28,6.29,,34.04,20.86,4.55%,5.88,,,,-7.19%,,0,0.00
AVAL,14.44,2786180772,,,1.98,,28.69,6.85%,13811065215,4.52,18.37,,11.00%,1.83,0.91,0.71,,72.39,9.09,54.53%,,4.45%,-35.60%,1100.77%,-2.12%,0.11,0,0.01
CRSP,,2952804306,23.36,51.78,,22.11,,-12.40%,1261152306,33.80,,,-11.47%,,79.13,1.53,-0.21,,,-4.90%,1.48,,,,-6.49%,,0,0.00
AKO.B,13.67,2844998169,9.82,0.00,7.85,0.00,8.31,8.23%,3681514590,1.13,8.31,5.56,1.85%,41.88,0.88,2.87,,15.73,54.20,2.39%,21.04,,,,,,0,0.18
AKO.A,10.92,2791189371,7.52,0.00,7.50,0.00,10.72,6.99%,3508328193,1.18,10.72,5.56,5.04%,15.79,0.94,3.10,,17.99,19.85,6.33%,21.04,3.79%,-16.33%,247.16%,3.94%,0.61,0,0.21
AVPT,,2903126940,56.84,7.32,32.66,6.61,,-1.00%,2622133940,7.93,,231.69,3.23%,34.30,8.78,10.79,,,30.98,2.92%,11.99,,,,-0.80%,,0,0.00
BC,22.60,2879819474,10.22,0.53,6.68,0.93,16.35,4.52%,5078819474,0.97,8.47,3.97,5.49%,10.32,0.55,1.52,0.27,39.04,18.20,9.69%,363.83,3.89%,4.32%,89.34%,8.33%,1.72,10,0.43
ST,23.07,2932714720,5.96,0.78,5.32,1.48,38.47,4.38%,5538540720,1.41,12.12,3.84,7.10%,7.46,0.75,1.01,0.25,43.11,14.09,13.40%,,2.49%,,56.47%,3.62%,0.48,3,0.12
HIW,27.22,2768226960,40.91,3.34,6.86,7.27,24.17,3.60%,6028108960,7.30,10.99,6.01,5.23%,8.77,3.35,1.21,5.09,60.42,19.10,11.40%,1.22,7.72%,,212.84%,7.28%,2.00,0,0.50
CDP,19.96,2784823610,18.79,3.84,8.41,7.15,23.43,4.99%,5187534610,6.89,13.75,7.61,0.96%,55.66,3.70,1.87,,37.34,103.69,1.80%,1.90,4.87%,3.48%,99.44%,4.74%,1.22,2,0.31
CWT,14.92,2885187400,20.97,2.91,9.92,4.21,14.67,6.61%,4171493400,4.02,9.97,7.02,-4.31%,,2.78,1.76,2.70,21.86,,-6.24%,1.83,2.79%,11.32%,41.85%,-0.13%,1.36,58,0.34
HTGC,10.29,2863117925,8.27,5.37,,8.51,13.11,9.18%,4533845925,9.19,13.09,6.88,-2.62%,,5.80,1.44,0.52,17.24,,-4.15%,1.42,11.18%,,116.77%,-0.25%,1.88,1,0.47
GPOR,,2871578783,6.49,1.99,4.42,2.50,,-9.25%,3597946783,3.76,52.72,6.18,5.45%,14.64,3.00,1.68,,,18.34,6.83%,1.68,,,,4.51%,,0,0.00
LAUR,9.96,2876223875,12.93,1.81,12.36,2.02,7.39,10.31%,3205783875,2.05,5.95,6.52,5.58%,16.09,1.84,3.00,1.15,10.81,17.93,6.22%,11.61,,,,4.25%,,0,0.70
SLAB,,2814759640,132.17,3.52,,3.04,,-6.79%,2432598640,4.16,,,-1.05%,,4.82,2.61,3.03,,,-0.91%,4.23,,,,-1.22%,,0,0.00
FBP,9.71,2884878535,9.55,3.15,7.14,2.50,5.85,10.35%,2287163535,2.60,5.50,,17.29%,7.29,3.28,1.73,0.86,7.66,5.78,13.71%,1.76,4.09%,13.79%,39.78%,9.03%,0.72,7,0.18
IAC,,2721454965,192.14,0.76,7.68,0.80,,-19.84%,2890131965,0.76,,10.47,10.44%,9.02,0.71,0.49,13.62,,9.57,11.09%,1.43,,,,-0.49%,,,0.07
AG,,2906960450,19.42,,19.13,,1800.76,-3.50%,2892016450,5.16,22.75,22.31,1.27%,78.89,5.19,2.15,,,78.48,1.27%,2.12,0.31%,-6.93%,,-4.37%,0.02,0,0.01
EBC,21.58,3039172500,9.48,3.61,10.71,2.53,13.65,3.93%,2126192500,3.20,10.96,,13.42%,10.65,4.58,0.84,,17.78,7.45,9.39%,1.11,3.36%,9.52%,72.73%,-18.51%,0.48,4,0.12
BL,31.28,2861785342,21.65,3.96,15.00,4.00,22.80,5.63%,2892472342,4.43,15.77,59.17,5.67%,17.45,4.38,6.41,5.49,17.95,17.64,5.73%,,,,,-2.02%,,0,0.00
EQX,8.63,2968970130,7.51,1.22,7.98,1.67,5.60,11.43%,4059129130,2.68,4.28,6.45,-0.98%,,1.96,0.87,,11.96,,-1.34%,0.84,,,,-49.71%,,0,0.00
WNS,22.41,2800751082,13.97,2.10,12.65,2.21,16.33,4.71%,2943320082,2.24,,11.80,5.97%,15.93,2.13,3.67,1.40,22.32,16.74,6.28%,9.36,,,,7.89%,,0,0.00
WRD,,850253090,,,,,,-40.47%,-29559611,,,,312.90%,,17.19,0.88,,,,-10.88%,2.97,,,,,,0,0.00
ATMU,15.14,2779161159,12.99,1.60,26.37,1.84,11.57,6.68%,3187361159,1.91,10.62,9.72,1.78%,48.93,1.66,12.22,,17.17,56.12,2.04%,19.48,0.42%,,6.76%,0.18%,0.15,1,0.05
CARG,132.70,2771195571,13.63,2.86,10.85,2.74,107.79,0.76%,2657710571,2.97,53.14,16.58,6.08%,17.15,3.10,5.12,1.03,126.73,16.45,5.83%,5.73,,,,6.94%,0.00,0,0.00
TNL,7.11,2764561594,6.36,0.68,5.96,1.98,10.10,14.87%,8026561594,2.08,8.71,3.18,4.78%,7.20,0.72,,,19.53,20.90,13.89%,,5.39%,11.35%,38.51%,10.89%,2.24,3,0.56
NCNO,,2737157250,29.00,4.44,49.59,4.63,,-1.38%,2853053250,5.28,294.77,88.87,1.87%,51.27,5.06,2.51,,,53.44,1.95%,,,,,-2.21%,,0,0.00
HBM,33.33,2632668622,10.60,,3.95,,10.20,2.91%,3370568622,1.67,4.44,3.18,9.47%,8.25,1.30,1.03,2.09,43.94,10.56,12.12%,1.10,0.22%,-2.98%,7.17%,-21.12%,0.01,1,0.01
CBU,14.96,2719499802,12.67,3.30,11.22,4.27,14.88,6.71%,3521360802,4.87,13.27,,6.46%,11.96,3.76,1.54,2.17,19.30,15.49,8.36%,3.15,3.50%,2.23%,53.49%,5.05%,1.84,34,0.46
APLE,12.74,2707455430,14.25,1.83,6.68,2.89,14.62,7.91%,4280239430,2.99,8.86,5.82,7.59%,8.33,1.89,0.83,,20.00,13.17,12.00%,0.83,8.94%,,113.83%,3.71%,1.01,0,0.08
PATK,19.63,2687771520,15.17,0.67,8.22,1.04,16.19,5.15%,4176867520,1.12,9.84,6.39,6.07%,10.60,0.72,2.38,1.88,30.18,16.47,9.43%,,2.44%,12.75%,46.63%,0.44%,1.92,6,0.40
DEI,102.42,2229543490,9.00,2.24,5.46,7.31,28.83,1.05%,7293764490,7.39,11.60,4.62,2.32%,13.17,2.26,1.08,9.09,310.15,43.08,7.59%,1.32,5.71%,,574.60%,5.25%,0.76,0,0.19
HOG,6.08,2602810846,6.63,0.64,2.45,1.44,10.49,17.49%,5853847846,1.13,10.49,4.07,14.82%,3.00,0.50,0.82,0.91,12.86,6.75,33.32%,0.84,3.35%,4.49%,20.93%,12.02%,0.72,4,0.18
FCPT,24.36,2605241550,22.66,9.11,18.08,13.08,24.93,3.86%,3739049550,13.95,18.28,12.73,-3.45%,,9.72,1.80,,37.21,,-4.94%,1.95,5.38%,2.19%,132.71%,-0.60%,1.42,3,0.36
TPH,6.05,2680385664,8.96,0.70,3.85,0.71,4.43,17.09%,2731942664,0.61,4.22,4.38,24.65%,3.98,0.60,0.80,0.74,5.96,4.06,25.13%,0.84,,,,4.80%,,0,0.00
ZLAB,,266636649,,1.06,,,,-96.42%,-463792351,,,,47.54%,,0.67,0.32,,,,-82.70%,3.39,,,,-2.39%,,0,0.00
SGRY,,2656902660,20.06,0.78,8.85,1.77,35.97,-6.33%,6049802660,1.94,16.82,4.19,3.51%,12.51,0.85,1.48,1.66,,28.50,7.99%,,,,,-0.41%,,0,0.00
DRVN,,2591901340,13.18,1.18,10.73,2.91,,-11.28%,6418166340,2.74,231.64,6.03,-0.73%,,1.11,4.27,,,,-1.82%,,,,,0.99%,,0,0.00
IRDM,26.10,2667220490,23.41,3.01,7.09,4.92,20.19,4.23%,4364579490,5.25,10.41,6.56,7.01%,8.71,3.21,4.63,1.42,38.70,14.26,11.48%,6.88,2.32%,7.69%,59.57%,8.14%,0.56,2,0.14
PENN,,2293440265,62.23,0.32,6.38,1.81,97.99,-13.58%,12836040265,1.95,14.57,3.69,-1.38%,,0.35,0.80,0.78,,,-7.73%,,,,,,,,0.62
PTEN,,2181171550,8.38,0.44,1.86,0.65,,-44.38%,3239093550,0.60,11.35,1.81,16.15%,4.17,0.41,0.63,0.78,,6.19,23.98%,1.06,5.73%,,,-36.15%,0.32,0,0.08
NOG,4.30,2188430496,4.69,0.95,1.55,1.98,5.42,23.78%,4548791496,2.04,2.88,1.38,-6.23%,,0.98,0.94,0.56,8.74,,-12.94%,0.94,7.80%,9.03%,32.88%,-2.32%,1.69,4,0.45
SAND,152.00,2230410000,41.42,,16.48,,40.63,0.64%,2573892000,14.60,20.48,15.98,5.31%,16.31,12.65,1.56,,180.08,18.82,6.13%,1.49,0.75%,-12.31%,118.14%,0.79%,0.06,1,0.01
EPAC,22.95,2097953271,19.76,3.23,23.11,3.34,17.05,4.42%,2170530271,3.62,15.42,14.11,3.27%,29.55,3.50,5.17,0.34,23.38,30.57,3.38%,25.57,0.10%,,2.36%,-0.13%,0.04,0,0.04
SEM,9.83,2092440900,12.53,0.38,4.04,0.86,12.23,10.23%,4737089900,0.91,8.01,5.12,6.24%,7.08,0.40,1.24,1.37,22.13,16.02,14.13%,,2.31%,-24.03%,22.36%,1.37%,0.38,0,0.06
DV,39.56,2101711920,28.22,2.77,13.16,2.48,20.94,2.68%,1882755920,2.87,13.23,17.84,7.04%,15.86,3.20,1.94,0.95,33.48,14.21,6.31%,3.85,,,,-0.95%,,0,0.00
MNKD,46.20,1399256880,24.48,4.24,32.92,4.52,21.76,1.97%,1490260880,5.22,19.22,18.44,2.20%,42.64,4.90,,-0.23,54.02,45.41,2.35%,,,,,-6.30%,,0,0.00
SDGR,,1296066213,,4.83,,3.90,,-14.44%,1046440213,5.04,,,-15.74%,,6.24,3.08,,,,-12.71%,3.12,,,,3.09%,,0,0.00
ARWR,,1525591870,111.11,5.88,,5.78,,-41.93%,1497926870,599.17,,,-38.16%,,610.24,29.01,-1.32,,,-37.47%,31.52,,,,-16.23%,,0,0.00
PD,,1383573555,16.69,2.64,11.74,2.44,,-3.94%,1276399555,2.73,,,8.49%,12.76,2.96,10.66,,,11.77,7.84%,,,,,0.37%,,0,0.00
ENFN,359.83,1024336366,37.52,4.25,29.54,4.11,157.24,0.28%,990168366,4.91,38.93,109.57,2.40%,43.06,5.08,13.99,,350.75,41.62,2.32%,19.02,,,,-0.09%,,0,0.00
VERA,,1402339683,,,,,,-10.85%,816125683,,,,-16.62%,,,2.43,,,,-9.67%,2.46,,,,-29.55%,,,0.02
CUBI,8.77,1404853144,7.14,1.92,9.68,,,11.85%,-971148856,,,,-10.13%,14.28,2.19,0.76,,,,7.00%,0.83,,,,0.21%,,,1.95
ZD,22.81,1395228419,4.40,0.92,3.57,1.16,14.81,4.52%,1753630419,1.25,5.14,3.38,16.18%,4.92,1.00,0.77,0.84,27.81,6.18,20.33%,,,,,4.19%,,,0.40
WT,24.23,1177119240,11.07,2.53,10.37,3.06,12.45,5.67%,1423402240,3.33,12.13,8.27,7.80%,10.61,2.75,2.94,,21.34,12.83,9.43%,,1.51%,,35.88%,8.26%,0.12,0,0.03
HLIT,26.36,1021872690,14.66,1.59,16.50,1.66,16.37,3.84%,1068398690,1.57,13.80,9.68,4.94%,19.38,1.51,2.20,-0.21,27.24,20.26,5.16%,4.46,,,,-0.10%,,0,0.00
VET,,886026400,4.21,0.40,1.28,0.68,27.26,-3.66%,1519496588,1.15,2.54,1.64,16.21%,3.60,0.67,0.44,3.58,,6.17,27.80%,0.52,6.10%,11.68%,,9.57%,0.35,2,0.09
APOG,10.11,994708554,10.90,0.72,5.85,0.93,9.74,9.88%,1291999554,0.94,6.92,5.06,10.05%,7.66,0.72,1.91,1.57,13.14,9.95,13.06%,6.77,2.25%,4.12%,23.28%,2.73%,1.04,10,0.26
RES,10.84,1006806980,16.11,0.74,2.88,0.52,6.29,9.08%,713744980,0.50,2.90,4.55,20.71%,6.81,0.71,0.93,-2.73,7.81,4.83,14.68%,1.00,3.43%,,37.62%,4.04%,0.16,0,0.04
PFBC,7.90,1019720178,7.69,3.58,6.15,,,14.26%,-61783822,,,,-263.52%,6.26,2.50,1.46,1.83,,,15.97%,1.32,3.92%,16.00%,31.12%,9.85%,3.00,4,0.75
NMFC,9.11,1010563870,7.10,2.83,24.06,7.76,10.96,11.23%,2766953870,7.44,10.96,,1.52%,24.06,2.72,0.75,,24.39,65.88,4.16%,0.75,14.26%,-13.07%,129.31%,12.63%,1.33,0,0.32
VECO,14.67,1041698270,12.46,1.49,16.32,1.44,12.62,7.08%,1007676270,1.40,9.59,10.55,4.74%,21.82,1.45,1.35,0.53,13.67,21.11,4.58%,1.91,,,,-14.56%,,0,0.00
VSAT,,1073632800,,0.23,1.28,1.50,,-39.97%,6971652800,1.54,5.24,0.80,-4.57%,,0.24,0.23,,,,-29.68%,2.50,,,,-3.07%,,0,0.00
PZZA,12.41,1032796148,14.84,0.49,9.69,0.93,12.60,8.07%,1965969148,0.95,8.72,3.89,1.74%,30.24,0.50,,1.62,23.60,57.57,3.31%,,5.67%,2.22%,72.44%,6.87%,1.84,4,0.46
COUR,,1046838120,17.20,1.42,10.98,0.44,,-7.60%,323777120,0.47,,,18.30%,17.66,1.51,1.75,,,5.46,5.66%,1.81,,,,-4.25%,,0,0.00
CLDX,,1084711276,,307.23,,102.88,,-14.55%,363243276,51.74,,,-43.96%,,154.52,1.45,,,,-14.72%,1.51,,,,-32.91%,,0,0.00
CNNE,,1049294424,74.07,2.34,,2.77,,-29.03%,1241694424,2.74,,,-7.27%,,2.32,0.57,,,,-8.61%,0.59,2.86%,,,15.03%,0.48,1,0.12
EFC,8.39,1036001863,6.96,5.85,,84.87,102.62,11.37%,15031497863,49.18,102.62,,-2.86%,,3.39,0.66,0.86,127.57,,-41.56%,0.85,13.51%,-11.36%,114.99%,-19.12%,1.56,0,0.13
IGIC,8.08,1085545679,7.84,1.49,5.18,1.28,7.03,12.45%,930300679,1.73,6.70,7.14,21.81%,5.35,2.01,1.66,,6.88,4.59,18.69%,1.62,3.97%,75.93%,31.88%,8.55%,0.95,1,0.88
DCOM,44.18,1060867530,8.46,2.53,10.71,1.80,14.71,2.05%,756614530,2.72,13.24,,14.81%,9.47,3.82,0.76,13.64,34.71,6.75,10.56%,0.95,4.12%,,181.82%,3.05%,1.00,2,0.25
KBDC,7.43,1056295186,8.73,,,,,,,,,,,,,,,,,,,10.12%,,,10.00%,1.50,1,0.10
XMTR,,1021439920,69.90,1.55,,1.63,,-4.93%,1076740920,1.97,,,-3.10%,,1.87,3.25,,,,-3.27%,53.28,,,,-2.44%,,0,0.00
DAVA,159.60,1066017392,10.21,1.26,21.01,1.44,153.16,0.65%,1215728207,1.28,,16.84,4.17%,21.01,1.12,1.26,0.42,176.61,23.96,4.76%,29.40,,,,-2.09%,,0,0.00
PLSE,,1040052948,,,,,,-5.15%,930912948,,,,-3.92%,,,9.05,,,,-3.51%,9.38,,,,-17.41%,0.00,0,0.00
EVO,,2186973527,59.88,2.48,,2.79,,,2453431792,,,58.85,,,,2.02,,,,,1.39,,,,-0.23%,,0,0.00
LILA,,1033543817,26.20,0.22,1.37,1.81,,-63.57%,8356043817,1.87,8.94,0.70,2.58%,4.79,0.23,0.92,3.61,,38.70,20.89%,,,,,3.53%,,0,0.00
FLYW,427.50,1040088855,50.05,1.85,11.37,0.76,178.90,0.28%,428998855,0.87,21.71,159.38,19.87%,12.20,2.11,1.28,,147.93,5.03,8.19%,1.99,,,,-12.64%,,0,0.00
UNIT,11.04,1023319510,10.28,0.40,2.79,2.61,11.45,8.92%,6720763510,5.76,7.45,1.16,0.21%,71.77,0.88,,0.29,73.61,471.37,1.39%,,3.52%,,39.47%,3.13%,0.15,0,0.15
PRG,5.64,1035417300,7.59,0.40,7.47,0.62,8.18,19.05%,1594821300,0.65,0.87,2.51,8.17%,7.94,0.42,1.59,,8.09,12.24,12.59%,3.98,2.05%,308.33%,11.48%,8.48%,0.52,7,0.13
XHR,65.00,989001000,53.14,0.90,6.04,2.04,24.07,1.63%,2245503000,2.16,10.12,4.79,1.03%,42.69,0.95,0.80,,139.10,96.93,2.34%,0.83,5.74%,19.05%,373.34%,11.41%,0.56,2,0.14
SPHR,,976105144,28.41,0.87,14.06,1.72,,-33.30%,1923814144,1.70,65.75,,-0.72%,,0.86,0.44,,,,-1.41%,0.55,,,,-2.11%,0.00,,32.60
CDNA,19.74,1006257215,31.32,2.68,26.45,2.05,18.67,5.22%,767282215,2.30,12.61,,4.11%,31.88,3.01,2.66,-0.12,14.60,24.31,3.14%,3.39,,,,-5.31%,,0,0.00
BBSI,19.89,1017565809,17.63,0.82,100.88,0.55,9.65,5.21%,685008809,0.60,8.05,16.03,-0.59%,,0.89,4.60,1.27,12.93,,-0.40%,5.86,0.81%,5.00%,16.16%,3.32%,0.32,1,0.08
OLO,,1012699040,20.68,3.02,25.52,1.99,3827.29,-0.09%,665948040,2.34,39.48,,4.05%,37.52,3.55,1.48,,,24.67,2.67%,2.19,,,,0.24%,,0,0.00
DX,7.43,1065438257,10.29,11.72,74.03,77.07,61.52,9.97%,7007019257,46.59,42.87,,0.21%,74.03,7.08,0.90,-1.31,65.98,486.87,1.35%,0.93,16.26%,16.03%,121.48%,-13.71%,1.81,1,0.17
SKE,,1188481140,,,,,,-8.88%,1124535500,,,,-8.83%,,,18.35,,,,-8.36%,15.92,,,,-17.52%,,0,0.00
CSR,,952078072,769.23,3.49,9.69,6.93,72.99,-2.06%,1894334072,7.26,14.18,7.65,2.20%,22.89,3.65,1.46,,,45.54,4.37%,1.54,5.37%,2.72%,,14.80%,3.08,1,0.77